1	-1.36781e-11
2	-1.75931e-10
3	2.35223e-09
4	2.29787e-08
5	1.12978e-07
6	3.97817e-07
7	1.13504e-06
8	2.7894e-06
9	6.12811e-06
10	1.23302e-05
11	2.31112e-05
12	4.02813e-05
13	6.54295e-05
14	0.000100688
15	0.000148376
16	0.000210988
17	0.000291531
18	0.000393369
19	0.000520132
20	0.00067551
21	0.000864333
22	0.0010918
23	0.00136013
24	0.00167422
25	0.00204173
26	0.00246538
27	0.0029526
28	0.00351283
29	0.00415018
30	0.00488068
31	0.00571407
32	0.00664061
33	0.00767704
34	0.00881896
35	0.0100802
36	0.0114611
37	0.0129778
38	0.0146203
39	0.0164078
40	0.0183423
41	0.0204297
42	0.0226684
43	0.0250974
44	0.0276633
45	0.0304348
46	0.033381
47	0.0365297
48	0.039911
49	0.0434458
50	0.0472287
51	0.0512359
52	0.0554684
53	0.0599347
54	0.0646888
55	0.0696479
56	0.0749191
57	0.0804626
58	0.0863024
59	0.0924484
60	0.0989315
61	0.105614
62	0.112883
63	0.120262
64	0.127914
65	0.135968
66	0.144466
67	0.153051
68	0.162123
69	0.171787
70	0.181436
71	0.191486
72	0.202132
73	0.213174
74	0.224384
75	0.236056
76	0.248161
77	0.260904
78	0.273745
79	0.286962
80	0.300814
81	0.315449
82	0.329831
83	0.345059
84	0.360561
85	0.37694
86	0.393539
87	0.410333
88	0.427807
89	0.445784
90	0.465027
91	0.483934
92	0.503334
93	0.523092
94	0.543766
95	0.565151
96	0.587165
97	0.609323
98	0.632178
99	0.655402
100	0.679695
101	0.704436
102	0.72953
103	0.754814
104	0.781534
105	0.80829
106	0.836507
107	0.864874
108	0.893805
109	0.922967
110	0.953049
111	0.983764
112	1.01609
113	1.04856
114	1.08095
115	1.11419
116	1.14841
117	1.18329
118	1.21895
119	1.25612
120	1.29303
121	1.33052
122	1.36904
123	1.40844
124	1.44855
125	1.48966
126	1.53126
127	1.57354
128	1.6165
129	1.66066
130	1.70447
131	1.75012
132	1.79682
133	1.84551
134	1.89258
135	1.94133
136	1.99025
137	2.04087
138	2.09247
139	2.14376
140	2.19764
141	2.2521
142	2.30737
143	2.36229
144	2.41919
145	2.47563
146	2.53297
147	2.59292
148	2.65247
149	2.71646
150	2.77827
151	2.84025
152	2.90456
153	2.96837
154	3.03318
155	3.10086
156	3.16818
157	3.2371
158	3.30857
159	3.37873
160	3.45097
161	3.52247
162	3.59519
163	3.66906
164	3.74417
165	3.82347
166	3.90155
167	3.98233
168	4.06166
169	4.14133
170	4.22229
171	4.30446
172	4.38804
173	4.47339
174	4.55937
175	4.64664
176	4.73527
177	4.82738
178	4.91762
179	5.00843
180	5.10092
181	5.19478
182	5.28947
183	5.38522
184	5.4824
185	5.58092
186	5.68137
187	5.78562
188	5.8883
189	5.99114
190	6.09495
191	6.19678
192	6.30294
193	6.41035
194	6.51936
195	6.62995
196	6.74306
197	6.85814
198	6.97204
199	7.0872
200	7.20274
201	7.31949
202	7.43792
203	7.55412
204	7.67618
205	7.79954
206	7.92417
207	8.04573
208	8.17364
209	8.30645
210	8.43571
211	8.56146
212	8.69301
213	8.82607
214	8.95595
215	9.09107
216	9.22774
217	9.36136
218	9.50124
219	9.64341
220	9.78852
221	9.93317
222	10.0783
223	10.2191
224	10.3654
225	10.5133
226	10.6579
227	10.8091
228	10.9622
229	11.1125
230	11.2689
231	11.4273
232	11.5813
233	11.7481
234	11.9043
235	12.0653
236	12.2231
237	12.3882
238	12.5541
239	12.7158
240	12.8845
241	13.0489
242	13.2211
243	13.3888
244	13.5655
245	13.7379
246	13.9242
247	14.1032
248	14.276
249	14.456
250	14.6316
251	14.815
252	14.9942
253	15.1818
254	15.3636
255	15.5539
256	15.7385
257	15.9329
258	16.1213
259	16.3271
260	16.5186
261	16.7152
262	16.9065
263	17.1058
264	17.2997
265	17.4951
266	17.6993
267	17.8985
268	18.1069
269	18.3085
270	18.5205
271	18.7255
272	18.9437
273	19.159
274	19.3688
275	19.584
276	19.7931
277	20.0113
278	20.2233
279	20.4451
280	20.6606
281	20.877
282	21.1039
283	21.3233
284	21.5547
285	21.7783
286	22.0033
287	22.2504
288	22.4773
289	22.7106
290	22.937
291	23.1647
292	23.4024
293	23.6326
294	23.8641
295	24.1067
296	24.3412
297	24.5878
298	24.8256
299	25.065
300	25.3193
301	25.5641
302	25.8178
303	26.0716
304	26.3146
305	26.5589
306	26.8143
307	27.0616
308	27.3207
309	27.5711
310	27.8229
311	28.0878
312	28.3431
313	28.6
314	28.8724
315	29.1341
316	29.3987
317	29.687
318	29.9477
319	30.2098
320	30.484
321	30.7492
322	31.0158
323	31.2838
324	31.5653
325	31.8367
326	32.1097
327	32.3976
328	32.6744
329	32.9531
330	33.2503
331	33.5354
332	33.8319
333	34.1271
334	34.4089
335	34.6922
336	34.9769
337	35.2753
338	35.5633
339	35.8527
340	36.1573
341	36.4503
342	36.745
343	37.0415
344	37.3559
345	37.6571
346	37.9608
347	38.3001
348	38.6046
349	38.9061
350	39.2092
351	39.5265
352	39.8328
353	40.1406
354	40.464
355	40.7753
356	41.0882
357	41.4029
358	41.7354
359	42.0543
360	42.3752
361	42.6984
362	43.0469
363	43.3896
364	43.7159
365	44.0389
366	44.3769
367	44.7032
368	45.031
369	45.3752
370	45.7065
371	46.0395
372	46.3742
373	46.7275
374	47.0663
375	47.4071
376	47.75
377	48.1171
378	48.4682
379	48.8349
380	49.183
381	49.5417
382	49.888
383	50.2359
384	50.5853
385	50.9521
386	51.3051
387	51.6598
388	52.0163
389	52.3925
390	52.7532
391	53.1159
392	53.4809
393	53.8484
394	54.2454
395	54.6362
396	55.0062
397	55.3721
398	55.7548
399	56.1242
400	56.4951
401	56.8677
402	57.2589
403	57.6353
404	58.0134
405	58.3933
406	58.7948
407	59.1793
408	59.5662
409	59.9557
410	60.3764
411	60.7909
412	61.1825
413	61.5697
414	61.9585
415	62.3651
416	62.7574
417	63.1513
418	63.5469
419	63.9623
420	64.3617
421	64.7631
422	65.1663
423	65.5929
424	66.0014
425	66.4125
426	66.827
427	67.2464
428	67.707
429	68.1153
430	68.5251
431	68.9365
432	69.3663
433	69.7812
434	70.1978
435	70.6162
436	71.0362
437	71.4775
438	71.9018
439	72.3281
440	72.7566
441	73.2118
442	73.6476
443	74.0885
444	74.5503
445	74.985
446	75.431
447	75.8629
448	76.2964
449	76.7316
450	77.1859
451	77.6247
452	78.0652
453	78.5076
454	78.9517
455	79.4188
456	79.8679
457	80.3193
458	80.7735
459	81.262
460	81.7455
461	82.2002
462	82.6504
463	83.102
464	83.5713
465	84.0263
466	84.483
467	84.9413
468	85.4193
469	85.8815
470	86.3455
471	86.8114
472	87.3008
473	87.772
474	88.246
475	88.7235
476	89.2064
477	89.7317
478	90.2013
479	90.6723
480	91.1448
481	91.6344
482	92.1103
483	92.5878
484	93.0669
485	93.5654
486	94.0485
487	94.5334
488	95.0203
489	95.531
490	96.0238
491	96.5202
492	97.0218
493	97.5645
494	98.0526
495	98.5422
496	99.0333
497	99.5403
498	100.035
499	100.53
500	101.028
501	101.543
502	102.045
503	102.548
504	103.072
505	103.58
506	104.09
507	104.604
508	105.172
509	105.681
510	106.187
511	106.707
512	107.216
513	107.727
514	108.252
515	108.766
516	109.281
517	109.798
518	110.332
519	110.852
520	111.375
521	111.92
522	112.449
523	112.983
524	113.553
525	114.075
526	114.598
527	115.133
528	115.659
529	116.186
530	116.727
531	117.257
532	117.802
533	118.336
534	118.887
535	119.425
536	119.966
537	120.531
538	121.097
539	121.644
540	122.182
541	122.728
542	123.268
543	123.809
544	124.361
545	124.905
546	125.46
547	126.008
548	126.568
549	127.132
550	127.687
551	128.278
552	128.835
553	129.385
554	129.941
555	130.493
556	131.053
557	131.614
558	132.17
559	132.735
560	133.303
561	133.873
562	134.438
563	135.03
564	135.595
565	136.159
566	136.724
567	137.291
568	137.859
569	138.429
570	139.001
571	139.575
572	140.152
573	140.746
574	141.316
575	141.887
576	142.461
577	143.037
578	143.612
579	144.191
580	144.775
581	145.36
582	145.936
583	146.515
584	147.094
585	147.679
586	148.258
587	148.837
588	149.417
589	149.998
590	150.58
591	151.163
592	151.748
593	152.333
594	152.919
595	153.506
596	154.094
597	154.682
598	155.272
599	155.863
600	156.455
601	157.048
602	157.641
603	158.236
604	158.832
605	159.428
606	160.026
607	160.624
608	161.223
609	161.824
610	162.425
611	163.027
612	163.63
613	164.234
614	164.839
615	165.445
616	166.052
617	166.66
618	167.269
619	167.878
620	168.489
621	169.1
622	169.712
623	170.326
624	170.94
625	171.555
626	172.171
627	172.788
628	173.406
629	174.025
630	174.644
631	175.265
632	175.886
633	176.509
634	177.132
635	177.756
636	178.381
637	179.007
638	179.634
639	180.261
640	180.89
641	181.519
642	182.15
643	182.781
644	183.413
645	184.046
646	184.68
647	185.314
648	185.95
649	186.586
650	187.223
651	187.862
652	188.501
653	189.14
654	189.781
655	190.423
656	191.065
657	191.708
658	192.353
659	192.998
660	193.643
661	194.29
662	194.938
663	195.586
664	196.235
665	196.885
666	197.536
667	198.188
668	198.84
669	199.494
670	200.148
671	200.803
672	201.459
673	202.115
674	202.773
675	203.431
676	204.09
677	204.75
678	205.411
679	206.072
680	206.735
681	207.398
682	208.062
683	208.726
684	209.392
685	210.058
686	210.726
687	211.393
688	212.062
689	212.732
690	213.402
691	214.073
692	214.745
693	215.418
694	216.091
695	216.765
696	217.44
697	218.116
698	218.793
699	219.47
700	220.148
701	220.827
702	221.507
703	222.187
704	222.868
705	223.55
706	224.233
707	224.916
708	225.6
709	226.285
710	226.971
711	227.657
712	228.345
713	229.033
714	229.721
715	230.411
716	231.101
717	231.792
718	232.483
719	233.176
720	233.869
721	234.563
722	235.257
723	235.952
724	236.648
725	237.345
726	238.042
727	238.741
728	239.439
729	240.139
730	240.839
731	241.54
732	242.242
733	242.944
734	243.648
735	244.351
736	245.056
737	245.761
738	246.467
739	247.174
740	247.881
741	248.589
742	249.298
743	250.007
744	250.717
745	251.428
746	252.139
747	252.851
748	253.564
749	254.278
750	254.992
751	255.706
752	256.422
753	257.138
754	257.855
755	258.572
756	259.29
757	260.009
758	260.729
759	261.449
760	262.17
761	262.891
762	263.613
763	264.336
764	265.059
765	265.783
766	266.508
767	267.233
768	267.959
769	268.685
770	269.413
771	270.14
772	270.869
773	271.598
774	272.328
775	273.058
776	273.789
777	274.521
778	275.253
779	275.986
780	276.719
781	277.453
782	278.188
783	278.923
784	279.659
785	280.395
786	281.132
787	281.87
788	282.608
789	283.347
790	284.087
791	284.827
792	285.568
793	286.309
794	287.051
795	287.793
796	288.536
797	289.28
798	290.024
799	290.769
800	291.514
801	292.26
802	293.007
803	293.754
804	294.501
805	295.249
806	295.998
807	296.748
808	297.497
809	298.248
810	298.999
811	299.751
812	300.503
813	301.255
814	302.009
815	302.762
816	303.517
817	304.272
818	305.027
819	305.783
820	306.54
821	307.297
822	308.054
823	308.812
824	309.571
825	310.33
826	311.09
827	311.85
828	312.611
829	313.372
830	314.134
831	314.896
832	315.659
833	316.423
834	317.187
835	317.951
836	318.716
837	319.481
838	320.247
839	321.014
840	321.781
841	322.548
842	323.316
843	324.084
844	324.853
845	325.623
846	326.393
847	327.163
848	327.934
849	328.705
850	329.477
851	330.25
852	331.022
853	331.796
854	332.57
855	333.344
856	334.119
857	334.894
858	335.669
859	336.446
860	337.222
861	337.999
862	338.777
863	339.555
864	340.333
865	341.112
866	341.892
867	342.671
868	343.452
869	344.232
870	345.014
871	345.795
872	346.577
873	347.36
874	348.143
875	348.926
876	349.71
877	350.494
878	351.279
879	352.064
880	352.849
881	353.635
882	354.422
883	355.209
884	355.996
885	356.784
886	357.572
887	358.36
888	359.149
889	359.939
890	360.728
891	361.518
892	362.309
893	363.1
894	363.891
895	364.683
896	365.475
897	366.268
898	367.061
899	367.854
900	368.648
901	369.442
902	370.237
903	371.032
904	371.827
905	372.623
906	373.419
907	374.216
908	375.012
909	375.81
910	376.607
911	377.405
912	378.204
913	379.002
914	379.802
915	380.601
916	381.401
917	382.201
918	383.002
919	383.803
920	384.604
921	385.406
922	386.208
923	387.01
924	387.813
925	388.616
926	389.419
927	390.223
928	391.027
929	391.832
930	392.636
931	393.442
932	394.247
933	395.053
934	395.859
935	396.665
936	397.472
937	398.279
938	399.087
939	399.895
940	400.703
941	401.511
942	402.32
943	403.129
944	403.939
945	404.748
946	405.558
947	406.369
948	407.179
949	407.99
950	408.802
951	409.613
952	410.425
953	411.237
954	412.05
955	412.863
956	413.676
957	414.489
958	415.303
959	416.117
960	416.931
961	417.746
962	418.56
963	419.376
964	420.191
965	421.007
966	421.823
967	422.639
968	423.455
969	424.272
970	425.089
971	425.907
972	426.724
973	427.542
974	428.36
975	429.179
976	429.998
977	430.817
978	431.636
979	432.455
980	433.275
981	434.095
982	434.915
983	435.736
984	436.557
985	437.378
986	438.199
987	439.02
988	439.842
989	440.664
990	441.486
991	442.309
992	443.132
993	443.954
994	444.778
995	445.601
996	446.425
997	447.249
998	448.073
999	448.897
1000	449.722
1001	450.546
1002	451.371
1003	452.197
1004	453.022
1005	453.848
1006	454.674
1007	455.5
1008	456.326
1009	457.153
1010	457.979
1011	458.806
1012	459.634
1013	460.461
1014	461.289
1015	462.116
1016	462.944
1017	463.772
1018	464.601
1019	465.429
1020	466.258
1021	467.087
1022	467.916
1023	468.746
1024	469.575
1025	470.405
1026	471.235
1027	472.065
1028	472.895
1029	473.725
1030	474.556
1031	475.387
1032	476.218
1033	477.049
1034	477.88
1035	478.712
1036	479.543
1037	480.375
1038	481.207
1039	482.039
1040	482.872
1041	483.704
1042	484.537
1043	485.37
1044	486.203
1045	487.036
1046	487.869
1047	488.702
1048	489.536
1049	490.37
1050	491.204
1051	492.038
1052	492.872
1053	493.706
1054	494.541
1055	495.375
1056	496.21
1057	497.045
1058	497.88
1059	498.715
1060	499.55
1061	500.386
1062	501.221
1063	502.057
1064	502.893
1065	503.729
1066	504.565
1067	505.401
1068	506.237
1069	507.073
1070	507.91
1071	508.747
1072	509.583
1073	510.42
1074	511.257
1075	512.094
1076	512.932
1077	513.769
1078	514.606
1079	515.444
1080	516.282
1081	517.119
1082	517.957
1083	518.795
1084	519.633
1085	520.471
1086	521.31
1087	522.148
1088	522.986
1089	523.825
1090	524.663
1091	525.502
1092	526.341
1093	527.18
1094	528.019
1095	528.858
1096	529.697
1097	530.536
1098	531.375
1099	532.215
1100	533.054
1101	533.894
1102	534.733
1103	535.573
1104	536.413
1105	537.252
1106	538.092
1107	538.932
1108	539.772
1109	540.612
1110	541.452
1111	542.293
1112	543.133
1113	543.973
1114	544.814
1115	545.654
1116	546.494
1117	547.335
1118	548.175
1119	549.016
1120	549.857
1121	550.697
1122	551.538
1123	552.379
1124	553.22
1125	554.061
1126	554.902
1127	555.743
1128	556.584
1129	557.425
1130	558.266
1131	559.107
1132	559.948
1133	560.789
1134	561.63
1135	562.472
1136	563.313
1137	564.154
1138	564.996
1139	565.837
1140	566.678
1141	567.52
1142	568.361
1143	569.202
1144	570.044
1145	570.885
1146	571.727
1147	572.568
1148	573.41
1149	574.251
1150	575.093
1151	575.934
1152	576.776
1153	577.617
1154	578.459
1155	579.3
1156	580.142
1157	580.983
1158	581.825
1159	582.666
1160	583.508
1161	584.349
1162	585.191
1163	586.032
1164	586.874
1165	587.715
1166	588.557
1167	589.398
1168	590.24
1169	591.081
1170	591.922
1171	592.764
1172	593.605
1173	594.447
1174	595.288
1175	596.129
1176	596.97
1177	597.812
1178	598.653
1179	599.494
1180	600.335
1181	601.176
1182	602.017
1183	602.859
1184	603.7
1185	604.541
1186	605.382
1187	606.222
1188	607.063
1189	607.904
1190	608.745
1191	609.586
1192	610.426
1193	611.267
1194	612.108
1195	612.948
1196	613.789
1197	614.629
1198	615.47
1199	616.31
1200	617.15
1201	617.991
1202	618.831
1203	619.671
1204	620.511
1205	621.351
1206	622.191
1207	623.031
1208	623.871
1209	624.711
1210	625.55
1211	626.39
1212	627.23
1213	628.069
1214	628.908
1215	629.748
1216	630.587
1217	631.426
1218	632.265
1219	633.105
1220	633.944
1221	634.782
1222	635.621
1223	636.46
1224	637.299
1225	638.137
1226	638.976
1227	639.814
1228	640.652
1229	641.491
1230	642.329
1231	643.167
1232	644.005
1233	644.843
1234	645.681
1235	646.518
1236	647.356
1237	648.193
1238	649.031
1239	649.868
1240	650.705
1241	651.542
1242	652.379
1243	653.216
1244	654.053
1245	654.89
1246	655.726
1247	656.563
1248	657.399
1249	658.235
1250	659.071
1251	659.907
1252	660.743
1253	661.579
1254	662.415
1255	663.25
1256	664.086
1257	664.921
1258	665.756
1259	666.591
1260	667.426
1261	668.261
1262	669.096
1263	669.93
1264	670.765
1265	671.599
1266	672.433
1267	673.268
1268	674.101
1269	674.935
1270	675.769
1271	676.602
1272	677.436
1273	678.269
1274	679.102
1275	679.935
1276	680.768
1277	681.601
1278	682.433
1279	683.266
1280	684.098
1281	684.93
1282	685.762
1283	686.594
1284	687.426
1285	688.257
1286	689.089
1287	689.92
1288	690.751
1289	691.582
1290	692.413
1291	693.243
1292	694.074
1293	694.904
1294	695.734
1295	696.564
1296	697.394
1297	698.224
1298	699.053
1299	699.883
1300	700.712
1301	701.541
1302	702.37
1303	703.199
1304	704.027
1305	704.855
1306	705.684
1307	706.512
1308	707.339
1309	708.167
1310	708.995
1311	709.822
1312	710.649
1313	711.476
1314	712.303
1315	713.129
1316	713.956
1317	714.782
1318	715.608
1319	716.434
1320	717.26
1321	718.085
1322	718.911
1323	719.736
1324	720.561
1325	721.385
1326	722.21
1327	723.034
1328	723.858
1329	724.682
1330	725.506
1331	726.33
1332	727.153
1333	727.976
1334	728.8
1335	729.622
1336	730.445
1337	731.267
1338	732.09
1339	732.912
1340	733.733
1341	734.555
1342	735.376
1343	736.198
1344	737.019
1345	737.839
1346	738.66
1347	739.48
1348	740.3
1349	741.12
1350	741.94
1351	742.76
1352	743.579
1353	744.398
1354	745.217
1355	746.035
1356	746.854
1357	747.672
1358	748.49
1359	749.308
1360	750.125
1361	750.943
1362	751.76
1363	752.577
1364	753.393
1365	754.21
1366	755.026
1367	755.842
1368	756.658
1369	757.473
1370	758.288
1371	759.104
1372	759.918
1373	760.733
1374	761.547
1375	762.361
1376	763.175
1377	763.989
1378	764.802
1379	765.616
1380	766.428
1381	767.241
1382	768.054
1383	768.866
1384	769.678
1385	770.489
1386	771.301
1387	772.112
1388	772.923
1389	773.734
1390	774.544
1391	775.355
1392	776.165
1393	776.974
1394	777.784
1395	778.593
1396	779.402
1397	780.211
1398	781.019
1399	781.827
1400	782.635
1401	783.443
1402	784.251
1403	785.058
1404	785.865
1405	786.671
1406	787.478
1407	788.284
1408	789.09
1409	789.895
1410	790.701
1411	791.506
1412	792.311
1413	793.115
1414	793.919
1415	794.723
1416	795.527
1417	796.331
1418	797.134
1419	797.937
1420	798.739
1421	799.542
1422	800.344
1423	801.146
1424	801.947
1425	802.749
1426	803.55
1427	804.35
1428	805.151
1429	805.951
1430	806.751
1431	807.55
1432	808.35
1433	809.149
1434	809.948
1435	810.746
1436	811.544
1437	812.342
1438	813.14
1439	813.937
1440	814.734
1441	815.531
1442	816.327
1443	817.124
1444	817.919
1445	818.715
1446	819.51
1447	820.305
1448	821.1
1449	821.894
1450	822.688
1451	823.482
1452	824.276
1453	825.069
1454	825.862
1455	826.655
1456	827.447
1457	828.239
1458	829.031
1459	829.822
1460	830.613
1461	831.404
1462	832.194
1463	832.985
1464	833.775
1465	834.564
1466	835.353
1467	836.142
1468	836.931
1469	837.719
1470	838.507
1471	839.295
1472	840.083
1473	840.87
1474	841.656
1475	842.443
1476	843.229
1477	844.015
1478	844.8
1479	845.586
1480	846.371
1481	847.155
1482	847.939
1483	848.723
1484	849.507
1485	850.29
1486	851.073
1487	851.856
1488	852.638
1489	853.42
1490	854.202
1491	854.983
1492	855.764
1493	856.545
1494	857.325
1495	858.105
1496	858.885
1497	859.664
1498	860.443
1499	861.222
1500	862
1501	862.779
1502	863.556
1503	864.334
1504	865.111
1505	865.887
1506	866.664
1507	867.44
1508	868.216
1509	868.991
1510	869.766
1511	870.541
1512	871.315
1513	872.089
1514	872.863
1515	873.636
1516	874.409
1517	875.182
1518	875.954
1519	876.726
1520	877.498
1521	878.269
1522	879.04
1523	879.81
1524	880.581
1525	881.35
1526	882.12
1527	882.889
1528	883.658
1529	884.426
1530	885.195
1531	885.962
1532	886.73
1533	887.497
1534	888.264
1535	889.03
1536	889.796
1537	890.562
1538	891.327
1539	892.092
1540	892.856
1541	893.621
1542	894.384
1543	895.148
1544	895.911
1545	896.674
1546	897.436
1547	898.198
1548	898.96
1549	899.721
1550	900.482
1551	901.243
1552	902.003
1553	902.763
1554	903.523
1555	904.282
1556	905.041
1557	905.799
1558	906.557
1559	907.315
1560	908.072
1561	908.829
1562	909.586
1563	910.342
1564	911.098
1565	911.853
1566	912.608
1567	913.363
1568	914.117
1569	914.871
1570	915.625
1571	916.378
1572	917.131
1573	917.883
1574	918.635
1575	919.387
1576	920.138
1577	920.889
1578	921.64
1579	922.39
1580	923.14
1581	923.889
1582	924.638
1583	925.387
1584	926.135
1585	926.883
1586	927.63
1587	928.378
1588	929.124
1589	929.871
1590	930.617
1591	931.362
1592	932.107
1593	932.852
1594	933.597
1595	934.341
1596	935.084
1597	935.827
1598	936.57
1599	937.313
1600	938.055
1601	938.796
1602	939.538
1603	940.279
1604	941.019
1605	941.759
1606	942.499
1607	943.238
1608	943.977
1609	944.716
1610	945.454
1611	946.191
1612	946.929
1613	947.666
1614	948.402
1615	949.138
1616	949.874
1617	950.609
1618	951.344
1619	952.079
1620	952.813
1621	953.547
1622	954.28
1623	955.013
1624	955.745
1625	956.477
1626	957.209
1627	957.94
1628	958.671
1629	959.402
1630	960.132
1631	960.861
1632	961.591
1633	962.32
1634	963.048
1635	963.776
1636	964.504
1637	965.231
1638	965.958
1639	966.684
1640	967.41
1641	968.136
1642	968.861
1643	969.585
1644	970.31
1645	971.034
1646	971.757
1647	972.48
1648	973.203
1649	973.925
1650	974.647
1651	975.368
1652	976.089
1653	976.81
1654	977.53
1655	978.25
1656	978.969
1657	979.688
1658	980.406
1659	981.124
1660	981.842
1661	982.559
1662	983.276
1663	983.992
1664	984.708
1665	985.424
1666	986.139
1667	986.854
1668	987.568
1669	988.282
1670	988.995
1671	989.708
1672	990.42
1673	991.133
1674	991.844
1675	992.555
1676	993.266
1677	993.977
1678	994.687
1679	995.396
1680	996.105
1681	996.814
1682	997.522
1683	998.23
1684	998.937
1685	999.644
1686	1000.35
1687	1001.06
1688	1001.76
1689	1002.47
1690	1003.17
1691	1003.88
1692	1004.58
1693	1005.28
1694	1005.99
1695	1006.69
1696	1007.39
1697	1008.09
1698	1008.79
1699	1009.5
1700	1010.2
1701	1010.9
1702	1011.6
1703	1012.29
1704	1012.99
1705	1013.69
1706	1014.39
1707	1015.09
1708	1015.78
1709	1016.48
1710	1017.18
1711	1017.87
1712	1018.57
1713	1019.26
1714	1019.96
1715	1020.65
1716	1021.34
1717	1022.04
1718	1022.73
1719	1023.42
1720	1024.11
1721	1024.8
1722	1025.49
1723	1026.18
1724	1026.87
1725	1027.56
1726	1028.25
1727	1028.94
1728	1029.63
1729	1030.32
1730	1031
1731	1031.69
1732	1032.38
1733	1033.06
1734	1033.75
1735	1034.43
1736	1035.12
1737	1035.8
1738	1036.48
1739	1037.17
1740	1037.85
1741	1038.53
1742	1039.21
1743	1039.89
1744	1040.57
1745	1041.25
1746	1041.93
1747	1042.61
1748	1043.29
1749	1043.97
1750	1044.65
1751	1045.33
1752	1046
1753	1046.68
1754	1047.36
1755	1048.03
1756	1048.71
1757	1049.38
1758	1050.06
1759	1050.73
1760	1051.4
1761	1052.08
1762	1052.75
1763	1053.42
1764	1054.09
1765	1054.76
1766	1055.43
1767	1056.1
1768	1056.77
1769	1057.44
1770	1058.11
1771	1058.78
1772	1059.45
1773	1060.11
1774	1060.78
1775	1061.45
1776	1062.11
1777	1062.78
1778	1063.44
1779	1064.11
1780	1064.77
1781	1065.44
1782	1066.1
1783	1066.76
1784	1067.42
1785	1068.09
1786	1068.75
1787	1069.41
1788	1070.07
1789	1070.73
1790	1071.39
1791	1072.05
1792	1072.71
1793	1073.36
1794	1074.02
1795	1074.68
1796	1075.33
1797	1075.99
1798	1076.65
1799	1077.3
1800	1077.96
1801	1078.61
1802	1079.26
1803	1079.92
1804	1080.57
1805	1081.22
1806	1081.87
1807	1082.53
1808	1083.18
1809	1083.83
1810	1084.48
1811	1085.13
1812	1085.77
1813	1086.42
1814	1087.07
1815	1087.72
1816	1088.37
1817	1089.01
1818	1089.66
1819	1090.3
1820	1090.95
1821	1091.59
1822	1092.24
1823	1092.88
1824	1093.52
1825	1094.17
1826	1094.81
1827	1095.45
1828	1096.09
1829	1096.73
1830	1097.37
1831	1098.01
1832	1098.65
1833	1099.29
1834	1099.93
1835	1100.57
1836	1101.21
1837	1101.84
1838	1102.48
1839	1103.11
1840	1103.75
1841	1104.38
1842	1105.02
1843	1105.65
1844	1106.29
1845	1106.92
1846	1107.55
1847	1108.18
1848	1108.82
1849	1109.45
1850	1110.08
1851	1110.71
1852	1111.34
1853	1111.97
1854	1112.6
1855	1113.22
1856	1113.85
1857	1114.48
1858	1115.11
1859	1115.73
1860	1116.36
1861	1116.98
1862	1117.61
1863	1118.23
1864	1118.85
1865	1119.48
1866	1120.1
1867	1120.72
1868	1121.34
1869	1121.97
1870	1122.59
1871	1123.21
1872	1123.83
1873	1124.45
1874	1125.07
1875	1125.68
1876	1126.3
1877	1126.92
1878	1127.54
1879	1128.15
1880	1128.77
1881	1129.38
1882	1130
1883	1130.61
1884	1131.23
1885	1131.84
1886	1132.45
1887	1133.06
1888	1133.68
1889	1134.29
1890	1134.9
1891	1135.51
1892	1136.12
1893	1136.73
1894	1137.34
1895	1137.95
1896	1138.55
1897	1139.16
1898	1139.77
1899	1140.37
1900	1140.98
1901	1141.59
1902	1142.19
1903	1142.8
1904	1143.4
1905	1144
1906	1144.61
1907	1145.21
1908	1145.81
1909	1146.41
1910	1147.01
1911	1147.61
1912	1148.21
1913	1148.81
1914	1149.41
1915	1150.01
1916	1150.61
1917	1151.2
1918	1151.8
1919	1152.4
1920	1152.99
1921	1153.59
1922	1154.18
1923	1154.78
1924	1155.37
1925	1155.97
1926	1156.56
1927	1157.15
1928	1157.74
1929	1158.33
1930	1158.92
1931	1159.51
1932	1160.1
1933	1160.69
1934	1161.28
1935	1161.87
1936	1162.46
1937	1163.05
1938	1163.63
1939	1164.22
1940	1164.81
1941	1165.39
1942	1165.98
1943	1166.56
1944	1167.14
1945	1167.73
1946	1168.31
1947	1168.89
1948	1169.47
1949	1170.05
1950	1170.64
1951	1171.22
1952	1171.79
1953	1172.37
1954	1172.95
1955	1173.53
1956	1174.11
1957	1174.69
1958	1175.26
1959	1175.84
1960	1176.41
1961	1176.99
1962	1177.56
1963	1178.14
1964	1178.71
1965	1179.28
1966	1179.86
1967	1180.43
1968	1181
1969	1181.57
1970	1182.14
1971	1182.71
1972	1183.28
1973	1183.85
1974	1184.42
1975	1184.99
1976	1185.55
1977	1186.12
1978	1186.69
1979	1187.25
1980	1187.82
1981	1188.38
1982	1188.95
1983	1189.51
1984	1190.08
1985	1190.64
1986	1191.2
1987	1191.76
1988	1192.32
1989	1192.88
1990	1193.44
1991	1194
1992	1194.56
1993	1195.12
1994	1195.68
1995	1196.24
1996	1196.8
1997	1197.35
1998	1197.91
1999	1198.46
2000	1199.02
2001	1199.57
2002	1200.13
2003	1200.68
2004	1201.23
2005	1201.79
2006	1202.34
2007	1202.89
2008	1203.44
2009	1203.99
2010	1204.54
2011	1205.09
2012	1205.64
2013	1206.19
2014	1206.74
2015	1207.28
2016	1207.83
2017	1208.38
2018	1208.92
2019	1209.47
2020	1210.01
2021	1210.56
2022	1211.1
2023	1211.64
2024	1212.19
2025	1212.73
2026	1213.27
2027	1213.81
2028	1214.35
2029	1214.89
2030	1215.43
2031	1215.97
2032	1216.51
2033	1217.05
2034	1217.58
2035	1218.12
2036	1218.66
2037	1219.19
2038	1219.73
2039	1220.26
2040	1220.8
2041	1221.33
2042	1221.87
2043	1222.4
2044	1222.93
2045	1223.46
2046	1223.99
2047	1224.52
2048	1225.05
2049	1225.58
2050	1226.11
2051	1226.64
2052	1227.17
2053	1227.7
2054	1228.23
2055	1228.75
2056	1229.28
2057	1229.8
2058	1230.33
2059	1230.85
2060	1231.38
2061	1231.9
2062	1232.42
2063	1232.95
2064	1233.47
2065	1233.99
2066	1234.51
2067	1235.03
2068	1235.55
2069	1236.07
2070	1236.59
2071	1237.11
2072	1237.62
2073	1238.14
2074	1238.66
2075	1239.17
2076	1239.69
2077	1240.2
2078	1240.72
2079	1241.23
2080	1241.75
2081	1242.26
2082	1242.77
2083	1243.28
2084	1243.79
2085	1244.31
2086	1244.82
2087	1245.33
2088	1245.84
2089	1246.34
2090	1246.85
2091	1247.36
2092	1247.87
2093	1248.37
2094	1248.88
2095	1249.39
2096	1249.89
2097	1250.4
2098	1250.9
2099	1251.4
2100	1251.91
2101	1252.41
2102	1252.91
2103	1253.41
2104	1253.91
2105	1254.41
2106	1254.91
2107	1255.41
2108	1255.91
2109	1256.41
2110	1256.91
2111	1257.41
2112	1257.9
2113	1258.4
2114	1258.89
2115	1259.39
2116	1259.88
2117	1260.38
2118	1260.87
2119	1261.36
2120	1261.86
2121	1262.35
2122	1262.84
2123	1263.33
2124	1263.82
2125	1264.31
2126	1264.8
2127	1265.29
2128	1265.78
2129	1266.27
2130	1266.75
2131	1267.24
2132	1267.73
2133	1268.21
2134	1268.7
2135	1269.18
2136	1269.67
2137	1270.15
2138	1270.63
2139	1271.11
2140	1271.6
2141	1272.08
2142	1272.56
2143	1273.04
2144	1273.52
2145	1274
2146	1274.48
2147	1274.96
2148	1275.43
2149	1275.91
2150	1276.39
2151	1276.86
2152	1277.34
2153	1277.82
2154	1278.29
2155	1278.76
2156	1279.24
2157	1279.71
2158	1280.18
2159	1280.66
2160	1281.13
2161	1281.6
2162	1282.07
2163	1282.54
2164	1283.01
2165	1283.48
2166	1283.94
2167	1284.41
2168	1284.88
2169	1285.35
2170	1285.81
2171	1286.28
2172	1286.74
2173	1287.21
2174	1287.67
2175	1288.14
2176	1288.6
2177	1289.06
2178	1289.52
2179	1289.98
2180	1290.45
2181	1290.91
2182	1291.37
2183	1291.83
2184	1292.28
2185	1292.74
2186	1293.2
2187	1293.66
2188	1294.11
2189	1294.57
2190	1295.03
2191	1295.48
2192	1295.94
2193	1296.39
2194	1296.84
2195	1297.3
2196	1297.75
2197	1298.2
2198	1298.65
2199	1299.1
2200	1299.55
2201	1300
2202	1300.45
2203	1300.9
2204	1301.35
2205	1301.8
2206	1302.25
2207	1302.69
2208	1303.14
2209	1303.58
2210	1304.03
2211	1304.47
2212	1304.92
2213	1305.36
2214	1305.8
2215	1306.25
2216	1306.69
2217	1307.13
2218	1307.57
2219	1308.01
2220	1308.45
2221	1308.89
2222	1309.33
2223	1309.77
2224	1310.21
2225	1310.64
2226	1311.08
2227	1311.52
2228	1311.95
2229	1312.39
2230	1312.82
2231	1313.26
2232	1313.69
2233	1314.12
2234	1314.55
2235	1314.99
2236	1315.42
2237	1315.85
2238	1316.28
2239	1316.71
2240	1317.14
2241	1317.57
2242	1318
2243	1318.42
2244	1318.85
2245	1319.28
2246	1319.7
2247	1320.13
2248	1320.55
2249	1320.98
2250	1321.4
2251	1321.83
2252	1322.25
2253	1322.67
2254	1323.09
2255	1323.52
2256	1323.94
2257	1324.36
2258	1324.78
2259	1325.2
2260	1325.61
2261	1326.03
2262	1326.45
2263	1326.87
2264	1327.28
2265	1327.7
2266	1328.12
2267	1328.53
2268	1328.95
2269	1329.36
2270	1329.77
2271	1330.19
2272	1330.6
2273	1331.01
2274	1331.42
2275	1331.83
2276	1332.24
2277	1332.65
2278	1333.06
2279	1333.47
2280	1333.88
2281	1334.29
2282	1334.7
2283	1335.1
2284	1335.51
2285	1335.91
2286	1336.32
2287	1336.72
2288	1337.13
2289	1337.53
2290	1337.93
2291	1338.34
2292	1338.74
2293	1339.14
2294	1339.54
2295	1339.94
2296	1340.34
2297	1340.74
2298	1341.14
2299	1341.54
2300	1341.94
2301	1342.33
2302	1342.73
2303	1343.13
2304	1343.52
2305	1343.92
2306	1344.31
2307	1344.71
2308	1345.1
2309	1345.49
2310	1345.89
2311	1346.28
2312	1346.67
2313	1347.06
2314	1347.45
2315	1347.84
2316	1348.23
2317	1348.62
2318	1349.01
2319	1349.4
2320	1349.78
2321	1350.17
2322	1350.56
2323	1350.94
2324	1351.33
2325	1351.71
2326	1352.1
2327	1352.48
2328	1352.86
2329	1353.25
2330	1353.63
2331	1354.01
2332	1354.39
2333	1354.77
2334	1355.15
2335	1355.53
2336	1355.91
2337	1356.29
2338	1356.67
2339	1357.04
2340	1357.42
2341	1357.8
2342	1358.17
2343	1358.55
2344	1358.92
2345	1359.3
2346	1359.67
2347	1360.04
2348	1360.42
2349	1360.79
2350	1361.16
2351	1361.53
2352	1361.9
2353	1362.27
2354	1362.64
2355	1363.01
2356	1363.38
2357	1363.75
2358	1364.12
2359	1364.48
2360	1364.85
2361	1365.22
2362	1365.58
2363	1365.95
2364	1366.31
2365	1366.67
2366	1367.04
2367	1367.4
2368	1367.76
2369	1368.12
2370	1368.49
2371	1368.85
2372	1369.21
2373	1369.57
2374	1369.93
2375	1370.28
2376	1370.64
2377	1371
2378	1371.36
2379	1371.71
2380	1372.07
2381	1372.43
2382	1372.78
2383	1373.14
2384	1373.49
2385	1373.84
2386	1374.2
2387	1374.55
2388	1374.9
2389	1375.25
2390	1375.6
2391	1375.95
2392	1376.3
2393	1376.65
2394	1377
2395	1377.35
2396	1377.7
2397	1378.04
2398	1378.39
2399	1378.74
2400	1379.08
2401	1379.43
2402	1379.77
2403	1380.12
2404	1380.46
2405	1380.8
2406	1381.15
2407	1381.49
2408	1381.83
2409	1382.17
2410	1382.51
2411	1382.85
2412	1383.19
2413	1383.53
2414	1383.87
2415	1384.21
2416	1384.55
2417	1384.88
2418	1385.22
2419	1385.56
2420	1385.89
2421	1386.23
2422	1386.56
2423	1386.89
2424	1387.23
2425	1387.56
2426	1387.89
2427	1388.22
2428	1388.56
2429	1388.89
2430	1389.22
2431	1389.55
2432	1389.88
2433	1390.2
2434	1390.53
2435	1390.86
2436	1391.19
2437	1391.51
2438	1391.84
2439	1392.17
2440	1392.49
2441	1392.82
2442	1393.14
2443	1393.46
2444	1393.79
2445	1394.11
2446	1394.43
2447	1394.75
2448	1395.08
2449	1395.4
2450	1395.72
2451	1396.04
2452	1396.35
2453	1396.67
2454	1396.99
2455	1397.31
2456	1397.63
2457	1397.94
2458	1398.26
2459	1398.57
2460	1398.89
2461	1399.2
2462	1399.52
2463	1399.83
2464	1400.14
2465	1400.46
2466	1400.77
2467	1401.08
2468	1401.39
2469	1401.7
2470	1402.01
2471	1402.32
2472	1402.63
2473	1402.94
2474	1403.24
2475	1403.55
2476	1403.86
2477	1404.17
2478	1404.47
2479	1404.78
2480	1405.08
2481	1405.39
2482	1405.69
2483	1405.99
2484	1406.3
2485	1406.6
2486	1406.9
2487	1407.2
2488	1407.5
2489	1407.8
2490	1408.1
2491	1408.4
2492	1408.7
2493	1409
2494	1409.29
2495	1409.59
2496	1409.89
2497	1410.19
2498	1410.48
2499	1410.78
2500	1411.07
2501	1411.36
2502	1411.66
2503	1411.95
2504	1412.24
2505	1412.54
2506	1412.83
2507	1413.12
2508	1413.41
2509	1413.7
2510	1413.99
2511	1414.28
2512	1414.57
2513	1414.86
2514	1415.14
2515	1415.43
2516	1415.72
2517	1416
2518	1416.29
2519	1416.57
2520	1416.86
2521	1417.14
2522	1417.43
2523	1417.71
2524	1417.99
2525	1418.27
2526	1418.56
2527	1418.84
2528	1419.12
2529	1419.4
2530	1419.68
2531	1419.96
2532	1420.23
2533	1420.51
2534	1420.79
2535	1421.07
2536	1421.34
2537	1421.62
2538	1421.9
2539	1422.17
2540	1422.44
2541	1422.72
2542	1422.99
2543	1423.27
2544	1423.54
2545	1423.81
2546	1424.08
2547	1424.35
2548	1424.62
2549	1424.89
2550	1425.16
2551	1425.43
2552	1425.7
2553	1425.97
2554	1426.24
2555	1426.5
2556	1426.77
2557	1427.04
2558	1427.3
2559	1427.57
2560	1427.83
2561	1428.1
2562	1428.36
2563	1428.62
2564	1428.89
2565	1429.15
2566	1429.41
2567	1429.67
2568	1429.93
2569	1430.19
2570	1430.45
2571	1430.71
2572	1430.97
2573	1431.23
2574	1431.48
2575	1431.74
2576	1432
2577	1432.25
2578	1432.51
2579	1432.77
2580	1433.02
2581	1433.27
2582	1433.53
2583	1433.78
2584	1434.03
2585	1434.29
2586	1434.54
2587	1434.79
2588	1435.04
2589	1435.29
2590	1435.54
2591	1435.79
2592	1436.04
2593	1436.29
2594	1436.53
2595	1436.78
2596	1437.03
2597	1437.28
2598	1437.52
2599	1437.77
2600	1438.01
2601	1438.26
2602	1438.5
2603	1438.74
2604	1438.99
2605	1439.23
2606	1439.47
2607	1439.71
2608	1439.95
2609	1440.19
2610	1440.43
2611	1440.67
2612	1440.91
2613	1441.15
2614	1441.39
2615	1441.63
2616	1441.86
2617	1442.1
2618	1442.34
2619	1442.57
2620	1442.81
2621	1443.04
2622	1443.28
2623	1443.51
2624	1443.74
2625	1443.97
2626	1444.21
2627	1444.44
2628	1444.67
2629	1444.9
2630	1445.13
2631	1445.36
2632	1445.59
2633	1445.82
2634	1446.05
2635	1446.27
2636	1446.5
2637	1446.73
2638	1446.96
2639	1447.18
2640	1447.41
2641	1447.63
2642	1447.86
2643	1448.08
2644	1448.3
2645	1448.53
2646	1448.75
2647	1448.97
2648	1449.19
2649	1449.41
2650	1449.63
2651	1449.85
2652	1450.07
2653	1450.29
2654	1450.51
2655	1450.73
2656	1450.95
2657	1451.16
2658	1451.38
2659	1451.6
2660	1451.81
2661	1452.03
2662	1452.24
2663	1452.46
2664	1452.67
2665	1452.89
2666	1453.1
2667	1453.31
2668	1453.52
2669	1453.73
2670	1453.94
2671	1454.16
2672	1454.37
2673	1454.57
2674	1454.78
2675	1454.99
2676	1455.2
2677	1455.41
2678	1455.62
2679	1455.82
2680	1456.03
2681	1456.23
2682	1456.44
2683	1456.64
2684	1456.85
2685	1457.05
2686	1457.26
2687	1457.46
2688	1457.66
2689	1457.86
2690	1458.06
2691	1458.27
2692	1458.47
2693	1458.67
2694	1458.87
2695	1459.06
2696	1459.26
2697	1459.46
2698	1459.66
2699	1459.86
2700	1460.05
2701	1460.25
2702	1460.44
2703	1460.64
2704	1460.83
2705	1461.03
2706	1461.22
2707	1461.42
2708	1461.61
2709	1461.8
2710	1461.99
2711	1462.19
2712	1462.38
2713	1462.57
2714	1462.76
2715	1462.95
2716	1463.14
2717	1463.32
2718	1463.51
2719	1463.7
2720	1463.89
2721	1464.07
2722	1464.26
2723	1464.45
2724	1464.63
2725	1464.82
2726	1465
2727	1465.19
2728	1465.37
2729	1465.55
2730	1465.73
2731	1465.92
2732	1466.1
2733	1466.28
2734	1466.46
2735	1466.64
2736	1466.82
2737	1467
2738	1467.18
2739	1467.36
2740	1467.53
2741	1467.71
2742	1467.89
2743	1468.07
2744	1468.24
2745	1468.42
2746	1468.59
2747	1468.77
2748	1468.94
2749	1469.12
2750	1469.29
2751	1469.46
2752	1469.63
2753	1469.81
2754	1469.98
2755	1470.15
2756	1470.32
2757	1470.49
2758	1470.66
2759	1470.83
2760	1471
2761	1471.16
2762	1471.33
2763	1471.5
2764	1471.67
2765	1471.83
2766	1472
2767	1472.16
2768	1472.33
2769	1472.49
2770	1472.66
2771	1472.82
2772	1472.98
2773	1473.15
2774	1473.31
2775	1473.47
2776	1473.63
2777	1473.79
2778	1473.95
2779	1474.11
2780	1474.27
2781	1474.43
2782	1474.59
2783	1474.75
2784	1474.91
2785	1475.06
2786	1475.22
2787	1475.38
2788	1475.53
2789	1475.69
2790	1475.84
2791	1476
2792	1476.15
2793	1476.3
2794	1476.46
2795	1476.61
2796	1476.76
2797	1476.91
2798	1477.06
2799	1477.22
2800	1477.37
2801	1477.52
2802	1477.67
2803	1477.81
2804	1477.96
2805	1478.11
2806	1478.26
2807	1478.41
2808	1478.55
2809	1478.7
2810	1478.84
2811	1478.99
2812	1479.13
2813	1479.28
2814	1479.42
2815	1479.57
2816	1479.71
2817	1479.85
2818	1479.99
2819	1480.14
2820	1480.28
2821	1480.42
2822	1480.56
2823	1480.7
2824	1480.84
2825	1480.98
2826	1481.12
2827	1481.25
2828	1481.39
2829	1481.53
2830	1481.67
2831	1481.8
2832	1481.94
2833	1482.07
2834	1482.21
2835	1482.34
2836	1482.48
2837	1482.61
2838	1482.74
2839	1482.88
2840	1483.01
2841	1483.14
2842	1483.27
2843	1483.4
2844	1483.54
2845	1483.67
2846	1483.8
2847	1483.92
2848	1484.05
2849	1484.18
2850	1484.31
2851	1484.44
2852	1484.56
2853	1484.69
2854	1484.82
2855	1484.94
2856	1485.07
2857	1485.19
2858	1485.32
2859	1485.44
2860	1485.56
2861	1485.69
2862	1485.81
2863	1485.93
2864	1486.05
2865	1486.18
2866	1486.3
2867	1486.42
2868	1486.54
2869	1486.66
2870	1486.78
2871	1486.89
2872	1487.01
2873	1487.13
2874	1487.25
2875	1487.36
2876	1487.48
2877	1487.6
2878	1487.71
2879	1487.83
2880	1487.94
2881	1488.06
2882	1488.17
2883	1488.28
2884	1488.4
2885	1488.51
2886	1488.62
2887	1488.73
2888	1488.84
2889	1488.95
2890	1489.07
2891	1489.18
2892	1489.28
2893	1489.39
2894	1489.5
2895	1489.61
2896	1489.72
2897	1489.83
2898	1489.93
2899	1490.04
2900	1490.14
2901	1490.25
2902	1490.36
2903	1490.46
2904	1490.56
2905	1490.67
2906	1490.77
2907	1490.87
2908	1490.98
2909	1491.08
2910	1491.18
2911	1491.28
2912	1491.38
2913	1491.48
2914	1491.58
2915	1491.68
2916	1491.78
2917	1491.88
2918	1491.98
2919	1492.08
2920	1492.17
2921	1492.27
2922	1492.37
2923	1492.46
2924	1492.56
2925	1492.66
2926	1492.75
2927	1492.84
2928	1492.94
2929	1493.03
2930	1493.13
2931	1493.22
2932	1493.31
2933	1493.4
2934	1493.49
2935	1493.58
2936	1493.68
2937	1493.77
2938	1493.86
2939	1493.94
2940	1494.03
2941	1494.12
2942	1494.21
2943	1494.3
2944	1494.38
2945	1494.47
2946	1494.56
2947	1494.64
2948	1494.73
2949	1494.81
2950	1494.9
2951	1494.98
2952	1495.07
2953	1495.15
2954	1495.23
2955	1495.32
2956	1495.4
2957	1495.48
2958	1495.56
2959	1495.64
2960	1495.72
2961	1495.8
2962	1495.88
2963	1495.96
2964	1496.04
2965	1496.12
2966	1496.2
2967	1496.27
2968	1496.35
2969	1496.43
2970	1496.5
2971	1496.58
2972	1496.66
2973	1496.73
2974	1496.8
2975	1496.88
2976	1496.95
2977	1497.03
2978	1497.1
2979	1497.17
2980	1497.24
2981	1497.32
2982	1497.39
2983	1497.46
2984	1497.53
2985	1497.6
2986	1497.67
2987	1497.74
2988	1497.81
2989	1497.87
2990	1497.94
2991	1498.01
2992	1498.08
2993	1498.14
2994	1498.21
2995	1498.28
2996	1498.34
2997	1498.41
2998	1498.47
2999	1498.54
3000	1498.6
3001	1498.66
3002	1498.73
3003	1498.79
3004	1498.85
3005	1498.91
3006	1498.97
3007	1499.03
3008	1499.1
3009	1499.16
3010	1499.22
3011	1499.27
3012	1499.33
3013	1499.39
3014	1499.45
3015	1499.51
3016	1499.57
3017	1499.62
3018	1499.68
3019	1499.73
3020	1499.79
3021	1499.85
3022	1499.9
3023	1499.96
3024	1500.01
3025	1500.06
3026	1500.12
3027	1500.17
3028	1500.22
3029	1500.27
3030	1500.33
3031	1500.38
3032	1500.43
3033	1500.48
3034	1500.53
3035	1500.58
3036	1500.63
3037	1500.68
3038	1500.72
3039	1500.77
3040	1500.82
3041	1500.87
3042	1500.91
3043	1500.96
3044	1501.01
3045	1501.05
3046	1501.1
3047	1501.14
3048	1501.19
3049	1501.23
3050	1501.27
3051	1501.32
3052	1501.36
3053	1501.4
3054	1501.44
3055	1501.49
3056	1501.53
3057	1501.57
3058	1501.61
3059	1501.65
3060	1501.69
3061	1501.73
3062	1501.77
3063	1501.8
3064	1501.84
3065	1501.88
3066	1501.92
3067	1501.95
3068	1501.99
3069	1502.03
3070	1502.06
3071	1502.1
3072	1502.13
3073	1502.17
3074	1502.2
3075	1502.24
3076	1502.27
3077	1502.3
3078	1502.33
3079	1502.37
3080	1502.4
3081	1502.43
3082	1502.46
3083	1502.49
3084	1502.52
3085	1502.55
3086	1502.58
3087	1502.61
3088	1502.64
3089	1502.67
3090	1502.69
3091	1502.72
3092	1502.75
3093	1502.78
3094	1502.8
3095	1502.83
3096	1502.85
3097	1502.88
3098	1502.9
3099	1502.93
3100	1502.95
3101	1502.97
3102	1503
3103	1503.02
3104	1503.04
3105	1503.07
3106	1503.09
3107	1503.11
3108	1503.13
3109	1503.15
3110	1503.17
3111	1503.19
3112	1503.21
3113	1503.23
3114	1503.25
3115	1503.26
3116	1503.28
3117	1503.3
3118	1503.32
3119	1503.33
3120	1503.35
3121	1503.37
3122	1503.38
3123	1503.4
3124	1503.41
3125	1503.43
3126	1503.44
3127	1503.45
3128	1503.47
3129	1503.48
3130	1503.49
3131	1503.5
3132	1503.51
3133	1503.53
3134	1503.54
3135	1503.55
3136	1503.56
3137	1503.57
3138	1503.58
3139	1503.59
3140	1503.59
3141	1503.6
3142	1503.61
3143	1503.62
3144	1503.63
3145	1503.63
3146	1503.64
3147	1503.64
3148	1503.65
3149	1503.66
3150	1503.66
3151	1503.67
3152	1503.67
3153	1503.67
3154	1503.68
3155	1503.68
3156	1503.68
3157	1503.68
3158	1503.69
3159	1503.69
3160	1503.69
3161	1503.69
3162	1503.69
3163	1503.69
3164	1503.69
3165	1503.69
3166	1503.69
3167	1503.69
3168	1503.68
3169	1503.68
3170	1503.68
3171	1503.68
3172	1503.67
3173	1503.67
3174	1503.67
3175	1503.66
3176	1503.66
3177	1503.65
3178	1503.65
3179	1503.64
3180	1503.63
3181	1503.63
3182	1503.62
3183	1503.61
3184	1503.61
3185	1503.6
3186	1503.59
3187	1503.58
3188	1503.57
3189	1503.56
3190	1503.55
3191	1503.54
3192	1503.53
3193	1503.52
3194	1503.51
3195	1503.5
3196	1503.48
3197	1503.47
3198	1503.46
3199	1503.45
3200	1503.43
3201	1503.42
3202	1503.4
3203	1503.39
3204	1503.37
3205	1503.36
3206	1503.34
3207	1503.33
3208	1503.31
3209	1503.29
3210	1503.28
3211	1503.26
3212	1503.24
3213	1503.22
3214	1503.2
3215	1503.18
3216	1503.17
3217	1503.15
3218	1503.13
3219	1503.1
3220	1503.08
3221	1503.06
3222	1503.04
3223	1503.02
3224	1503
3225	1502.97
3226	1502.95
3227	1502.93
3228	1502.9
3229	1502.88
3230	1502.86
3231	1502.83
3232	1502.81
3233	1502.78
3234	1502.76
3235	1502.73
3236	1502.7
3237	1502.68
3238	1502.65
3239	1502.62
3240	1502.59
3241	1502.56
3242	1502.54
3243	1502.51
3244	1502.48
3245	1502.45
3246	1502.42
3247	1502.39
3248	1502.36
3249	1502.33
3250	1502.29
3251	1502.26
3252	1502.23
3253	1502.2
3254	1502.16
3255	1502.13
3256	1502.1
3257	1502.06
3258	1502.03
3259	1502
3260	1501.96
3261	1501.93
3262	1501.89
3263	1501.85
3264	1501.82
3265	1501.78
3266	1501.74
3267	1501.71
3268	1501.67
3269	1501.63
3270	1501.59
3271	1501.55
3272	1501.51
3273	1501.47
3274	1501.43
3275	1501.39
3276	1501.35
3277	1501.31
3278	1501.27
3279	1501.23
3280	1501.19
3281	1501.15
3282	1501.1
3283	1501.06
3284	1501.02
3285	1500.97
3286	1500.93
3287	1500.89
3288	1500.84
3289	1500.8
3290	1500.75
3291	1500.7
3292	1500.66
3293	1500.61
3294	1500.57
3295	1500.52
3296	1500.47
3297	1500.42
3298	1500.38
3299	1500.33
3300	1500.28
3301	1500.23
3302	1500.18
3303	1500.13
3304	1500.08
3305	1500.03
3306	1499.98
3307	1499.93
3308	1499.88
3309	1499.82
3310	1499.77
3311	1499.72
3312	1499.67
3313	1499.61
3314	1499.56
3315	1499.51
3316	1499.45
3317	1499.4
3318	1499.34
3319	1499.29
3320	1499.23
3321	1499.18
3322	1499.12
3323	1499.06
3324	1499.01
3325	1498.95
3326	1498.89
3327	1498.83
3328	1498.78
3329	1498.72
3330	1498.66
3331	1498.6
3332	1498.54
3333	1498.48
3334	1498.42
3335	1498.36
3336	1498.3
3337	1498.24
3338	1498.18
3339	1498.11
3340	1498.05
3341	1497.99
3342	1497.93
3343	1497.86
3344	1497.8
3345	1497.74
3346	1497.67
3347	1497.61
3348	1497.54
3349	1497.48
3350	1497.41
3351	1497.35
3352	1497.28
3353	1497.22
3354	1497.15
3355	1497.08
3356	1497.01
3357	1496.95
3358	1496.88
3359	1496.81
3360	1496.74
3361	1496.67
3362	1496.6
3363	1496.53
3364	1496.46
3365	1496.39
3366	1496.32
3367	1496.25
3368	1496.18
3369	1496.11
3370	1496.04
3371	1495.96
3372	1495.89
3373	1495.82
3374	1495.75
3375	1495.67
3376	1495.6
3377	1495.52
3378	1495.45
3379	1495.37
3380	1495.3
3381	1495.22
3382	1495.15
3383	1495.07
3384	1495
3385	1494.92
3386	1494.84
3387	1494.76
3388	1494.69
3389	1494.61
3390	1494.53
3391	1494.45
3392	1494.37
3393	1494.29
3394	1494.21
3395	1494.13
3396	1494.05
3397	1493.97
3398	1493.89
3399	1493.81
3400	1493.73
3401	1493.65
3402	1493.57
3403	1493.48
3404	1493.4
3405	1493.32
3406	1493.23
3407	1493.15
3408	1493.07
3409	1492.98
3410	1492.9
3411	1492.81
3412	1492.73
3413	1492.64
3414	1492.56
3415	1492.47
3416	1492.38
3417	1492.3
3418	1492.21
3419	1492.12
3420	1492.03
3421	1491.95
3422	1491.86
3423	1491.77
3424	1491.68
3425	1491.59
3426	1491.5
3427	1491.41
3428	1491.32
3429	1491.23
3430	1491.14
3431	1491.05
3432	1490.96
3433	1490.87
3434	1490.77
3435	1490.68
3436	1490.59
3437	1490.5
3438	1490.4
3439	1490.31
3440	1490.21
3441	1490.12
3442	1490.03
3443	1489.93
3444	1489.84
3445	1489.74
3446	1489.64
3447	1489.55
3448	1489.45
3449	1489.36
3450	1489.26
3451	1489.16
3452	1489.06
3453	1488.97
3454	1488.87
3455	1488.77
3456	1488.67
3457	1488.57
3458	1488.47
3459	1488.37
3460	1488.27
3461	1488.17
3462	1488.07
3463	1487.97
3464	1487.87
3465	1487.77
3466	1487.67
3467	1487.56
3468	1487.46
3469	1487.36
3470	1487.26
3471	1487.15
3472	1487.05
3473	1486.94
3474	1486.84
3475	1486.74
3476	1486.63
3477	1486.53
3478	1486.42
3479	1486.32
3480	1486.21
3481	1486.1
3482	1486
3483	1485.89
3484	1485.78
3485	1485.68
3486	1485.57
3487	1485.46
3488	1485.35
3489	1485.24
3490	1485.13
3491	1485.02
3492	1484.91
3493	1484.81
3494	1484.7
3495	1484.58
3496	1484.47
3497	1484.36
3498	1484.25
3499	1484.14
3500	1484.03
3501	1483.92
3502	1483.8
3503	1483.69
3504	1483.58
3505	1483.46
3506	1483.35
3507	1483.24
3508	1483.12
3509	1483.01
3510	1482.89
3511	1482.78
3512	1482.66
3513	1482.55
3514	1482.43
3515	1482.32
3516	1482.2
3517	1482.08
3518	1481.97
3519	1481.85
3520	1481.73
3521	1481.61
3522	1481.49
3523	1481.38
3524	1481.26
3525	1481.14
3526	1481.02
3527	1480.9
3528	1480.78
3529	1480.66
3530	1480.54
3531	1480.42
3532	1480.3
3533	1480.18
3534	1480.05
3535	1479.93
3536	1479.81
3537	1479.69
3538	1479.56
3539	1479.44
3540	1479.32
3541	1479.19
3542	1479.07
3543	1478.95
3544	1478.82
3545	1478.7
3546	1478.57
3547	1478.45
3548	1478.32
3549	1478.2
3550	1478.07
3551	1477.94
3552	1477.82
3553	1477.69
3554	1477.56
3555	1477.44
3556	1477.31
3557	1477.18
3558	1477.05
3559	1476.92
3560	1476.79
3561	1476.66
3562	1476.53
3563	1476.41
3564	1476.28
3565	1476.14
3566	1476.01
3567	1475.88
3568	1475.75
3569	1475.62
3570	1475.49
3571	1475.36
3572	1475.23
3573	1475.09
3574	1474.96
3575	1474.83
3576	1474.69
3577	1474.56
3578	1474.43
3579	1474.29
3580	1474.16
3581	1474.02
3582	1473.89
3583	1473.75
3584	1473.62
3585	1473.48
3586	1473.35
3587	1473.21
3588	1473.07
3589	1472.94
3590	1472.8
3591	1472.66
3592	1472.52
3593	1472.39
3594	1472.25
3595	1472.11
3596	1471.97
3597	1471.83
3598	1471.69
3599	1471.55
3600	1471.41
3601	1471.27
3602	1471.13
3603	1470.99
3604	1470.85
3605	1470.71
3606	1470.57
3607	1470.43
3608	1470.28
3609	1470.14
3610	1470
3611	1469.86
3612	1469.71
3613	1469.57
3614	1469.43
3615	1469.28
3616	1469.14
3617	1469
3618	1468.85
3619	1468.71
3620	1468.56
3621	1468.42
3622	1468.27
3623	1468.12
3624	1467.98
3625	1467.83
3626	1467.68
3627	1467.54
3628	1467.39
3629	1467.24
3630	1467.1
3631	1466.95
3632	1466.8
3633	1466.65
3634	1466.5
3635	1466.35
3636	1466.2
3637	1466.05
3638	1465.9
3639	1465.75
3640	1465.6
3641	1465.45
3642	1465.3
3643	1465.15
3644	1465
3645	1464.85
3646	1464.7
3647	1464.54
3648	1464.39
3649	1464.24
3650	1464.09
3651	1463.93
3652	1463.78
3653	1463.63
3654	1463.47
3655	1463.32
3656	1463.16
3657	1463.01
3658	1462.85
3659	1462.7
3660	1462.54
3661	1462.39
3662	1462.23
3663	1462.08
3664	1461.92
3665	1461.76
3666	1461.61
3667	1461.45
3668	1461.29
3669	1461.13
3670	1460.97
3671	1460.82
3672	1460.66
3673	1460.5
3674	1460.34
3675	1460.18
3676	1460.02
3677	1459.86
3678	1459.7
3679	1459.54
3680	1459.38
3681	1459.22
3682	1459.06
3683	1458.9
3684	1458.74
3685	1458.58
3686	1458.41
3687	1458.25
3688	1458.09
3689	1457.93
3690	1457.76
3691	1457.6
3692	1457.44
3693	1457.27
3694	1457.11
3695	1456.94
3696	1456.78
3697	1456.62
3698	1456.45
3699	1456.28
3700	1456.12
3701	1455.95
3702	1455.79
3703	1455.62
3704	1455.46
3705	1455.29
3706	1455.12
3707	1454.95
3708	1454.79
3709	1454.62
3710	1454.45
3711	1454.28
3712	1454.12
3713	1453.95
3714	1453.78
3715	1453.61
3716	1453.44
3717	1453.27
3718	1453.1
3719	1452.93
3720	1452.76
3721	1452.59
3722	1452.42
3723	1452.25
3724	1452.08
3725	1451.91
3726	1451.73
3727	1451.56
3728	1451.39
3729	1451.22
3730	1451.04
3731	1450.87
3732	1450.7
3733	1450.52
3734	1450.35
3735	1450.18
3736	1450
3737	1449.83
3738	1449.65
3739	1449.48
3740	1449.3
3741	1449.13
3742	1448.95
3743	1448.78
3744	1448.6
3745	1448.43
3746	1448.25
3747	1448.07
3748	1447.9
3749	1447.72
3750	1447.54
3751	1447.36
3752	1447.19
3753	1447.01
3754	1446.83
3755	1446.65
3756	1446.47
3757	1446.29
3758	1446.11
3759	1445.93
3760	1445.76
3761	1445.58
3762	1445.39
3763	1445.21
3764	1445.03
3765	1444.85
3766	1444.67
3767	1444.49
3768	1444.31
3769	1444.13
3770	1443.95
3771	1443.76
3772	1443.58
3773	1443.4
3774	1443.22
3775	1443.03
3776	1442.85
3777	1442.67
3778	1442.48
3779	1442.3
3780	1442.11
3781	1441.93
3782	1441.74
3783	1441.56
3784	1441.37
3785	1441.19
3786	1441
3787	1440.82
3788	1440.63
3789	1440.44
3790	1440.26
3791	1440.07
3792	1439.88
3793	1439.7
3794	1439.51
3795	1439.32
3796	1439.13
3797	1438.95
3798	1438.76
3799	1438.57
3800	1438.38
3801	1438.19
3802	1438
3803	1437.81
3804	1437.62
3805	1437.43
3806	1437.24
3807	1437.05
3808	1436.86
3809	1436.67
3810	1436.48
3811	1436.29
3812	1436.1
3813	1435.91
3814	1435.71
3815	1435.52
3816	1435.33
3817	1435.14
3818	1434.95
3819	1434.75
3820	1434.56
3821	1434.37
3822	1434.17
3823	1433.98
3824	1433.78
3825	1433.59
3826	1433.4
3827	1433.2
3828	1433.01
3829	1432.81
3830	1432.62
3831	1432.42
3832	1432.22
3833	1432.03
3834	1431.83
3835	1431.64
3836	1431.44
3837	1431.24
3838	1431.05
3839	1430.85
3840	1430.65
3841	1430.45
3842	1430.26
3843	1430.06
3844	1429.86
3845	1429.66
3846	1429.46
3847	1429.26
3848	1429.06
3849	1428.86
3850	1428.66
3851	1428.46
3852	1428.26
3853	1428.06
3854	1427.86
3855	1427.66
3856	1427.46
3857	1427.26
3858	1427.06
3859	1426.86
3860	1426.66
3861	1426.46
3862	1426.25
3863	1426.05
3864	1425.85
3865	1425.65
3866	1425.44
3867	1425.24
3868	1425.04
3869	1424.83
3870	1424.63
3871	1424.43
3872	1424.22
3873	1424.02
3874	1423.81
3875	1423.61
3876	1423.4
3877	1423.2
3878	1422.99
3879	1422.79
3880	1422.58
3881	1422.37
3882	1422.17
3883	1421.96
3884	1421.76
3885	1421.55
3886	1421.34
3887	1421.13
3888	1420.93
3889	1420.72
3890	1420.51
3891	1420.3
3892	1420.09
3893	1419.89
3894	1419.68
3895	1419.47
3896	1419.26
3897	1419.05
3898	1418.84
3899	1418.63
3900	1418.42
3901	1418.21
3902	1418
3903	1417.79
3904	1417.58
3905	1417.37
3906	1417.16
3907	1416.95
3908	1416.74
3909	1416.52
3910	1416.31
3911	1416.1
3912	1415.89
3913	1415.68
3914	1415.46
3915	1415.25
3916	1415.04
3917	1414.82
3918	1414.61
3919	1414.4
3920	1414.18
3921	1413.97
3922	1413.75
3923	1413.54
3924	1413.33
3925	1413.11
3926	1412.9
3927	1412.68
3928	1412.47
3929	1412.25
3930	1412.03
3931	1411.82
3932	1411.6
3933	1411.39
3934	1411.17
3935	1410.95
3936	1410.74
3937	1410.52
3938	1410.3
3939	1410.08
3940	1409.87
3941	1409.65
3942	1409.43
3943	1409.21
3944	1408.99
3945	1408.77
3946	1408.56
3947	1408.34
3948	1408.12
3949	1407.9
3950	1407.68
3951	1407.46
3952	1407.24
3953	1407.02
3954	1406.8
3955	1406.58
3956	1406.36
3957	1406.14
3958	1405.92
3959	1405.69
3960	1405.47
3961	1405.25
3962	1405.03
3963	1404.81
3964	1404.58
3965	1404.36
3966	1404.14
3967	1403.92
3968	1403.69
3969	1403.47
3970	1403.25
3971	1403.02
3972	1402.8
3973	1402.58
3974	1402.35
3975	1402.13
3976	1401.9
3977	1401.68
3978	1401.45
3979	1401.23
3980	1401
3981	1400.78
3982	1400.55
3983	1400.33
3984	1400.1
3985	1399.88
3986	1399.65
3987	1399.42
3988	1399.2
3989	1398.97
3990	1398.74
3991	1398.52
3992	1398.29
3993	1398.06
3994	1397.83
3995	1397.6
3996	1397.38
3997	1397.15
3998	1396.92
3999	1396.69
4000	1396.46
4001	1396.23
4002	1396
4003	1395.78
4004	1395.55
4005	1395.32
4006	1395.09
4007	1394.86
4008	1394.63
4009	1394.4
4010	1394.16
4011	1393.93
4012	1393.7
4013	1393.47
4014	1393.24
4015	1393.01
4016	1392.78
4017	1392.55
4018	1392.31
4019	1392.08
4020	1391.85
4021	1391.62
4022	1391.38
4023	1391.15
4024	1390.92
4025	1390.69
4026	1390.45
4027	1390.22
4028	1389.98
4029	1389.75
4030	1389.52
4031	1389.28
4032	1389.05
4033	1388.81
4034	1388.58
4035	1388.34
4036	1388.11
4037	1387.87
4038	1387.64
4039	1387.4
4040	1387.17
4041	1386.93
4042	1386.69
4043	1386.46
4044	1386.22
4045	1385.98
4046	1385.75
4047	1385.51
4048	1385.27
4049	1385.04
4050	1384.8
4051	1384.56
4052	1384.32
4053	1384.09
4054	1383.85
4055	1383.61
4056	1383.37
4057	1383.13
4058	1382.89
4059	1382.65
4060	1382.42
4061	1382.18
4062	1381.94
4063	1381.7
4064	1381.46
4065	1381.22
4066	1380.98
4067	1380.74
4068	1380.5
4069	1380.26
4070	1380.01
4071	1379.77
4072	1379.53
4073	1379.29
4074	1379.05
4075	1378.81
4076	1378.57
4077	1378.32
4078	1378.08
4079	1377.84
4080	1377.6
4081	1377.35
4082	1377.11
4083	1376.87
4084	1376.63
4085	1376.38
4086	1376.14
4087	1375.9
4088	1375.65
4089	1375.41
4090	1375.16
4091	1374.92
4092	1374.68
4093	1374.43
4094	1374.19
4095	1373.94
4096	1373.7
4097	1373.45
4098	1373.21
4099	1372.96
4100	1372.71
4101	1372.47
4102	1372.22
4103	1371.98
4104	1371.73
4105	1371.48
4106	1371.24
4107	1370.99
4108	1370.74
4109	1370.5
4110	1370.25
4111	1370
4112	1369.75
4113	1369.51
4114	1369.26
4115	1369.01
4116	1368.76
4117	1368.51
4118	1368.27
4119	1368.02
4120	1367.77
4121	1367.52
4122	1367.27
4123	1367.02
4124	1366.77
4125	1366.52
4126	1366.27
4127	1366.02
4128	1365.77
4129	1365.52
4130	1365.27
4131	1365.02
4132	1364.77
4133	1364.52
4134	1364.27
4135	1364.02
4136	1363.77
4137	1363.51
4138	1363.26
4139	1363.01
4140	1362.76
4141	1362.51
4142	1362.26
4143	1362
4144	1361.75
4145	1361.5
4146	1361.25
4147	1360.99
4148	1360.74
4149	1360.49
4150	1360.23
4151	1359.98
4152	1359.73
4153	1359.47
4154	1359.22
4155	1358.96
4156	1358.71
4157	1358.46
4158	1358.2
4159	1357.95
4160	1357.69
4161	1357.44
4162	1357.18
4163	1356.93
4164	1356.67
4165	1356.41
4166	1356.16
4167	1355.9
4168	1355.65
4169	1355.39
4170	1355.13
4171	1354.88
4172	1354.62
4173	1354.37
4174	1354.11
4175	1353.85
4176	1353.59
4177	1353.34
4178	1353.08
4179	1352.82
4180	1352.56
4181	1352.31
4182	1352.05
4183	1351.79
4184	1351.53
4185	1351.27
4186	1351.01
4187	1350.76
4188	1350.5
4189	1350.24
4190	1349.98
4191	1349.72
4192	1349.46
4193	1349.2
4194	1348.94
4195	1348.68
4196	1348.42
4197	1348.16
4198	1347.9
4199	1347.64
4200	1347.38
4201	1347.12
4202	1346.86
4203	1346.6
4204	1346.34
4205	1346.07
4206	1345.81
4207	1345.55
4208	1345.29
4209	1345.03
4210	1344.77
4211	1344.5
4212	1344.24
4213	1343.98
4214	1343.72
4215	1343.45
4216	1343.19
4217	1342.93
4218	1342.67
4219	1342.4
4220	1342.14
4221	1341.88
4222	1341.61
4223	1341.35
4224	1341.09
4225	1340.82
4226	1340.56
4227	1340.29
4228	1340.03
4229	1339.76
4230	1339.5
4231	1339.23
4232	1338.97
4233	1338.7
4234	1338.44
4235	1338.17
4236	1337.91
4237	1337.64
4238	1337.38
4239	1337.11
4240	1336.85
4241	1336.58
4242	1336.31
4243	1336.05
4244	1335.78
4245	1335.51
4246	1335.25
4247	1334.98
4248	1334.71
4249	1334.45
4250	1334.18
4251	1333.91
4252	1333.64
4253	1333.38
4254	1333.11
4255	1332.84
4256	1332.57
4257	1332.3
4258	1332.04
4259	1331.77
4260	1331.5
4261	1331.23
4262	1330.96
4263	1330.69
4264	1330.42
4265	1330.15
4266	1329.88
4267	1329.62
4268	1329.35
4269	1329.08
4270	1328.81
4271	1328.54
4272	1328.27
4273	1328
4274	1327.73
4275	1327.46
4276	1327.18
4277	1326.91
4278	1326.64
4279	1326.37
4280	1326.1
4281	1325.83
4282	1325.56
4283	1325.29
4284	1325.02
4285	1324.74
4286	1324.47
4287	1324.2
4288	1323.93
4289	1323.66
4290	1323.38
4291	1323.11
4292	1322.84
4293	1322.57
4294	1322.29
4295	1322.02
4296	1321.75
4297	1321.47
4298	1321.2
4299	1320.93
4300	1320.65
4301	1320.38
4302	1320.11
4303	1319.83
4304	1319.56
4305	1319.28
4306	1319.01
4307	1318.74
4308	1318.46
4309	1318.19
4310	1317.91
4311	1317.64
4312	1317.36
4313	1317.09
4314	1316.81
4315	1316.54
4316	1316.26
4317	1315.99
4318	1315.71
4319	1315.43
4320	1315.16
4321	1314.88
4322	1314.61
4323	1314.33
4324	1314.05
4325	1313.78
4326	1313.5
4327	1313.22
4328	1312.95
4329	1312.67
4330	1312.39
4331	1312.11
4332	1311.84
4333	1311.56
4334	1311.28
4335	1311
4336	1310.73
4337	1310.45
4338	1310.17
4339	1309.89
4340	1309.61
4341	1309.34
4342	1309.06
4343	1308.78
4344	1308.5
4345	1308.22
4346	1307.94
4347	1307.66
4348	1307.39
4349	1307.11
4350	1306.83
4351	1306.55
4352	1306.27
4353	1305.99
4354	1305.71
4355	1305.43
4356	1305.15
4357	1304.87
4358	1304.59
4359	1304.31
4360	1304.03
4361	1303.75
4362	1303.47
4363	1303.18
4364	1302.9
4365	1302.62
4366	1302.34
4367	1302.06
4368	1301.78
4369	1301.5
4370	1301.22
4371	1300.93
4372	1300.65
4373	1300.37
4374	1300.09
4375	1299.81
4376	1299.52
4377	1299.24
4378	1298.96
4379	1298.68
4380	1298.39
4381	1298.11
4382	1297.83
4383	1297.55
4384	1297.26
4385	1296.98
4386	1296.7
4387	1296.41
4388	1296.13
4389	1295.85
4390	1295.56
4391	1295.28
4392	1295
4393	1294.71
4394	1294.43
4395	1294.14
4396	1293.86
4397	1293.57
4398	1293.29
4399	1293
4400	1292.72
4401	1292.44
4402	1292.15
4403	1291.87
4404	1291.58
4405	1291.29
4406	1291.01
4407	1290.72
4408	1290.44
4409	1290.15
4410	1289.87
4411	1289.58
4412	1289.3
4413	1289.01
4414	1288.72
4415	1288.44
4416	1288.15
4417	1287.86
4418	1287.58
4419	1287.29
4420	1287
4421	1286.72
4422	1286.43
4423	1286.14
4424	1285.86
4425	1285.57
4426	1285.28
4427	1284.99
4428	1284.71
4429	1284.42
4430	1284.13
4431	1283.84
4432	1283.56
4433	1283.27
4434	1282.98
4435	1282.69
4436	1282.4
4437	1282.11
4438	1281.83
4439	1281.54
4440	1281.25
4441	1280.96
4442	1280.67
4443	1280.38
4444	1280.09
4445	1279.8
4446	1279.51
4447	1279.22
4448	1278.94
4449	1278.65
4450	1278.36
4451	1278.07
4452	1277.78
4453	1277.49
4454	1277.2
4455	1276.91
4456	1276.62
4457	1276.33
4458	1276.04
4459	1275.74
4460	1275.45
4461	1275.16
4462	1274.87
4463	1274.58
4464	1274.29
4465	1274
4466	1273.71
4467	1273.42
4468	1273.13
4469	1272.83
4470	1272.54
4471	1272.25
4472	1271.96
4473	1271.67
4474	1271.38
4475	1271.08
4476	1270.79
4477	1270.5
4478	1270.21
4479	1269.91
4480	1269.62
4481	1269.33
4482	1269.04
4483	1268.74
4484	1268.45
4485	1268.16
4486	1267.87
4487	1267.57
4488	1267.28
4489	1266.99
4490	1266.69
4491	1266.4
4492	1266.11
4493	1265.81
4494	1265.52
4495	1265.23
4496	1264.93
4497	1264.64
4498	1264.34
4499	1264.05
4500	1263.75
4501	1263.46
4502	1263.17
4503	1262.87
4504	1262.58
4505	1262.28
4506	1261.99
4507	1261.69
4508	1261.4
4509	1261.1
4510	1260.81
4511	1260.51
4512	1260.22
4513	1259.92
4514	1259.63
4515	1259.33
4516	1259.04
4517	1258.74
4518	1258.44
4519	1258.15
4520	1257.85
4521	1257.56
4522	1257.26
4523	1256.96
4524	1256.67
4525	1256.37
4526	1256.08
4527	1255.78
4528	1255.48
4529	1255.19
4530	1254.89
4531	1254.59
4532	1254.3
4533	1254
4534	1253.7
4535	1253.4
4536	1253.11
4537	1252.81
4538	1252.51
4539	1252.21
4540	1251.92
4541	1251.62
4542	1251.32
4543	1251.02
4544	1250.73
4545	1250.43
4546	1250.13
4547	1249.83
4548	1249.53
4549	1249.24
4550	1248.94
4551	1248.64
4552	1248.34
4553	1248.04
4554	1247.74
4555	1247.44
4556	1247.15
4557	1246.85
4558	1246.55
4559	1246.25
4560	1245.95
4561	1245.65
4562	1245.35
4563	1245.05
4564	1244.75
4565	1244.45
4566	1244.15
4567	1243.85
4568	1243.55
4569	1243.25
4570	1242.95
4571	1242.65
4572	1242.35
4573	1242.05
4574	1241.75
4575	1241.45
4576	1241.15
4577	1240.85
4578	1240.55
4579	1240.25
4580	1239.95
4581	1239.65
4582	1239.35
4583	1239.05
4584	1238.75
4585	1238.45
4586	1238.15
4587	1237.84
4588	1237.54
4589	1237.24
4590	1236.94
4591	1236.64
4592	1236.34
4593	1236.04
4594	1235.73
4595	1235.43
4596	1235.13
4597	1234.83
4598	1234.53
4599	1234.23
4600	1233.92
4601	1233.62
4602	1233.32
4603	1233.02
4604	1232.71
4605	1232.41
4606	1232.11
4607	1231.81
4608	1231.5
4609	1231.2
4610	1230.9
4611	1230.6
4612	1230.29
4613	1229.99
4614	1229.69
4615	1229.38
4616	1229.08
4617	1228.78
4618	1228.47
4619	1228.17
4620	1227.87
4621	1227.56
4622	1227.26
4623	1226.96
4624	1226.65
4625	1226.35
4626	1226.04
4627	1225.74
4628	1225.44
4629	1225.13
4630	1224.83
4631	1224.52
4632	1224.22
4633	1223.92
4634	1223.61
4635	1223.31
4636	1223
4637	1222.7
4638	1222.39
4639	1222.09
4640	1221.78
4641	1221.48
4642	1221.17
4643	1220.87
4644	1220.56
4645	1220.26
4646	1219.95
4647	1219.65
4648	1219.34
4649	1219.04
4650	1218.73
4651	1218.43
4652	1218.12
4653	1217.81
4654	1217.51
4655	1217.2
4656	1216.9
4657	1216.59
4658	1216.29
4659	1215.98
4660	1215.67
4661	1215.37
4662	1215.06
4663	1214.76
4664	1214.45
4665	1214.14
4666	1213.84
4667	1213.53
4668	1213.22
4669	1212.92
4670	1212.61
4671	1212.3
4672	1212
4673	1211.69
4674	1211.38
4675	1211.08
4676	1210.77
4677	1210.46
4678	1210.15
4679	1209.85
4680	1209.54
4681	1209.23
4682	1208.92
4683	1208.62
4684	1208.31
4685	1208
4686	1207.69
4687	1207.39
4688	1207.08
4689	1206.77
4690	1206.46
4691	1206.16
4692	1205.85
4693	1205.54
4694	1205.23
4695	1204.92
4696	1204.61
4697	1204.31
4698	1204
4699	1203.69
4700	1203.38
4701	1203.07
4702	1202.76
4703	1202.46
4704	1202.15
4705	1201.84
4706	1201.53
4707	1201.22
4708	1200.91
4709	1200.6
4710	1200.29
4711	1199.98
4712	1199.68
4713	1199.37
4714	1199.06
4715	1198.75
4716	1198.44
4717	1198.13
4718	1197.82
4719	1197.51
4720	1197.2
4721	1196.89
4722	1196.58
4723	1196.27
4724	1195.96
4725	1195.65
4726	1195.34
4727	1195.03
4728	1194.72
4729	1194.41
4730	1194.1
4731	1193.79
4732	1193.48
4733	1193.17
4734	1192.86
4735	1192.55
4736	1192.24
4737	1191.93
4738	1191.62
4739	1191.31
4740	1191
4741	1190.69
4742	1190.38
4743	1190.07
4744	1189.76
4745	1189.44
4746	1189.13
4747	1188.82
4748	1188.51
4749	1188.2
4750	1187.89
4751	1187.58
4752	1187.27
4753	1186.96
4754	1186.64
4755	1186.33
4756	1186.02
4757	1185.71
4758	1185.4
4759	1185.09
4760	1184.78
4761	1184.46
4762	1184.15
4763	1183.84
4764	1183.53
4765	1183.22
4766	1182.91
4767	1182.59
4768	1182.28
4769	1181.97
4770	1181.66
4771	1181.35
4772	1181.03
4773	1180.72
4774	1180.41
4775	1180.1
4776	1179.78
4777	1179.47
4778	1179.16
4779	1178.85
4780	1178.53
4781	1178.22
4782	1177.91
4783	1177.6
4784	1177.28
4785	1176.97
4786	1176.66
4787	1176.35
4788	1176.03
4789	1175.72
4790	1175.41
4791	1175.09
4792	1174.78
4793	1174.47
4794	1174.15
4795	1173.84
4796	1173.53
4797	1173.21
4798	1172.9
4799	1172.59
4800	1172.27
4801	1171.96
4802	1171.65
4803	1171.33
4804	1171.02
4805	1170.71
4806	1170.39
4807	1170.08
4808	1169.77
4809	1169.45
4810	1169.14
4811	1168.82
4812	1168.51
4813	1168.2
4814	1167.88
4815	1167.57
4816	1167.25
4817	1166.94
4818	1166.63
4819	1166.31
4820	1166
4821	1165.68
4822	1165.37
4823	1165.05
4824	1164.74
4825	1164.43
4826	1164.11
4827	1163.8
4828	1163.48
4829	1163.17
4830	1162.85
4831	1162.54
4832	1162.22
4833	1161.91
4834	1161.59
4835	1161.28
4836	1160.96
4837	1160.65
4838	1160.33
4839	1160.02
4840	1159.7
4841	1159.39
4842	1159.07
4843	1158.76
4844	1158.44
4845	1158.13
4846	1157.81
4847	1157.5
4848	1157.18
4849	1156.87
4850	1156.55
4851	1156.24
4852	1155.92
4853	1155.61
4854	1155.29
4855	1154.97
4856	1154.66
4857	1154.34
4858	1154.03
4859	1153.71
4860	1153.4
4861	1153.08
4862	1152.76
4863	1152.45
4864	1152.13
4865	1151.82
4866	1151.5
4867	1151.18
4868	1150.87
4869	1150.55
4870	1150.24
4871	1149.92
4872	1149.6
4873	1149.29
4874	1148.97
4875	1148.66
4876	1148.34
4877	1148.02
4878	1147.71
4879	1147.39
4880	1147.07
4881	1146.76
4882	1146.44
4883	1146.12
4884	1145.81
4885	1145.49
4886	1145.17
4887	1144.86
4888	1144.54
4889	1144.22
4890	1143.91
4891	1143.59
4892	1143.27
4893	1142.96
4894	1142.64
4895	1142.32
4896	1142.01
4897	1141.69
4898	1141.37
4899	1141.06
4900	1140.74
4901	1140.42
4902	1140.1
4903	1139.79
4904	1139.47
4905	1139.15
4906	1138.84
4907	1138.52
4908	1138.2
4909	1137.88
4910	1137.57
4911	1137.25
4912	1136.93
4913	1136.61
4914	1136.3
4915	1135.98
4916	1135.66
4917	1135.34
4918	1135.03
4919	1134.71
4920	1134.39
4921	1134.07
4922	1133.76
4923	1133.44
4924	1133.12
4925	1132.8
4926	1132.49
4927	1132.17
4928	1131.85
4929	1131.53
4930	1131.21
4931	1130.9
4932	1130.58
4933	1130.26
4934	1129.94
4935	1129.62
4936	1129.31
4937	1128.99
4938	1128.67
4939	1128.35
4940	1128.03
4941	1127.72
4942	1127.4
4943	1127.08
4944	1126.76
4945	1126.44
4946	1126.12
4947	1125.81
4948	1125.49
4949	1125.17
4950	1124.85
4951	1124.53
4952	1124.21
4953	1123.89
4954	1123.58
4955	1123.26
4956	1122.94
4957	1122.62
4958	1122.3
4959	1121.98
4960	1121.66
4961	1121.35
4962	1121.03
4963	1120.71
4964	1120.39
4965	1120.07
4966	1119.75
4967	1119.43
4968	1119.11
4969	1118.8
4970	1118.48
4971	1118.16
4972	1117.84
4973	1117.52
4974	1117.2
4975	1116.88
4976	1116.56
4977	1116.24
4978	1115.93
4979	1115.61
4980	1115.29
4981	1114.97
4982	1114.65
4983	1114.33
4984	1114.01
4985	1113.69
4986	1113.37
4987	1113.05
4988	1112.73
4989	1112.41
4990	1112.1
4991	1111.78
4992	1111.46
4993	1111.14
4994	1110.82
4995	1110.5
4996	1110.18
4997	1109.86
4998	1109.54
4999	1109.22
5000	1108.9
5001	1108.58
5002	1108.26
5003	1107.94
5004	1107.62
5005	1107.3
5006	1106.98
5007	1106.66
5008	1106.35
5009	1106.03
5010	1105.71
5011	1105.39
5012	1105.07
5013	1104.75
5014	1104.43
5015	1104.11
5016	1103.79
5017	1103.47
5018	1103.15
5019	1102.83
5020	1102.51
5021	1102.19
5022	1101.87
5023	1101.55
5024	1101.23
5025	1100.91
5026	1100.59
5027	1100.27
5028	1099.95
5029	1099.63
5030	1099.31
5031	1098.99
5032	1098.67
5033	1098.35
5034	1098.03
5035	1097.71
5036	1097.39
5037	1097.07
5038	1096.75
5039	1096.43
5040	1096.11
5041	1095.79
5042	1095.47
5043	1095.15
5044	1094.83
5045	1094.51
5046	1094.19
5047	1093.87
5048	1093.55
5049	1093.23
5050	1092.91
5051	1092.59
5052	1092.27
5053	1091.95
5054	1091.63
5055	1091.31
5056	1090.99
5057	1090.66
5058	1090.34
5059	1090.02
5060	1089.7
5061	1089.38
5062	1089.06
5063	1088.74
5064	1088.42
5065	1088.1
5066	1087.78
5067	1087.46
5068	1087.14
5069	1086.82
5070	1086.5
5071	1086.18
5072	1085.86
5073	1085.54
5074	1085.22
5075	1084.9
5076	1084.58
5077	1084.26
5078	1083.94
5079	1083.61
5080	1083.29
5081	1082.97
5082	1082.65
5083	1082.33
5084	1082.01
5085	1081.69
5086	1081.37
5087	1081.05
5088	1080.73
5089	1080.41
5090	1080.09
5091	1079.77
5092	1079.45
5093	1079.13
5094	1078.8
5095	1078.48
5096	1078.16
5097	1077.84
5098	1077.52
5099	1077.2
5100	1076.88
5101	1076.56
5102	1076.24
5103	1075.92
5104	1075.6
5105	1075.28
5106	1074.96
5107	1074.63
5108	1074.31
5109	1073.99
5110	1073.67
5111	1073.35
5112	1073.03
5113	1072.71
5114	1072.39
5115	1072.07
5116	1071.75
5117	1071.43
5118	1071.11
5119	1070.78
5120	1070.46
5121	1070.14
5122	1069.82
5123	1069.5
5124	1069.18
5125	1068.86
5126	1068.54
5127	1068.22
5128	1067.9
5129	1067.58
5130	1067.25
5131	1066.93
5132	1066.61
5133	1066.29
5134	1065.97
5135	1065.65
5136	1065.33
5137	1065.01
5138	1064.69
5139	1064.37
5140	1064.04
5141	1063.72
5142	1063.4
5143	1063.08
5144	1062.76
5145	1062.44
5146	1062.12
5147	1061.8
5148	1061.48
5149	1061.16
5150	1060.83
5151	1060.51
5152	1060.19
5153	1059.87
5154	1059.55
5155	1059.23
5156	1058.91
5157	1058.59
5158	1058.27
5159	1057.95
5160	1057.62
5161	1057.3
5162	1056.98
5163	1056.66
5164	1056.34
5165	1056.02
5166	1055.7
5167	1055.38
5168	1055.06
5169	1054.74
5170	1054.41
5171	1054.09
5172	1053.77
5173	1053.45
5174	1053.13
5175	1052.81
5176	1052.49
5177	1052.17
5178	1051.85
5179	1051.52
5180	1051.2
5181	1050.88
5182	1050.56
5183	1050.24
5184	1049.92
5185	1049.6
5186	1049.28
5187	1048.96
5188	1048.64
5189	1048.31
5190	1047.99
5191	1047.67
5192	1047.35
5193	1047.03
5194	1046.71
5195	1046.39
5196	1046.07
5197	1045.75
5198	1045.43
5199	1045.1
5200	1044.78
5201	1044.46
5202	1044.14
5203	1043.82
5204	1043.5
5205	1043.18
5206	1042.86
5207	1042.54
5208	1042.22
5209	1041.89
5210	1041.57
5211	1041.25
5212	1040.93
5213	1040.61
5214	1040.29
5215	1039.97
5216	1039.65
5217	1039.33
5218	1039.01
5219	1038.68
5220	1038.36
5221	1038.04
5222	1037.72
5223	1037.4
5224	1037.08
5225	1036.76
5226	1036.44
5227	1036.12
5228	1035.8
5229	1035.48
5230	1035.15
5231	1034.83
5232	1034.51
5233	1034.19
5234	1033.87
5235	1033.55
5236	1033.23
5237	1032.91
5238	1032.59
5239	1032.27
5240	1031.95
5241	1031.62
5242	1031.3
5243	1030.98
5244	1030.66
5245	1030.34
5246	1030.02
5247	1029.7
5248	1029.38
5249	1029.06
5250	1028.74
5251	1028.42
5252	1028.1
5253	1027.78
5254	1027.45
5255	1027.13
5256	1026.81
5257	1026.49
5258	1026.17
5259	1025.85
5260	1025.53
5261	1025.21
5262	1024.89
5263	1024.57
5264	1024.25
5265	1023.93
5266	1023.61
5267	1023.29
5268	1022.96
5269	1022.64
5270	1022.32
5271	1022
5272	1021.68
5273	1021.36
5274	1021.04
5275	1020.72
5276	1020.4
5277	1020.08
5278	1019.76
5279	1019.44
5280	1019.12
5281	1018.8
5282	1018.48
5283	1018.16
5284	1017.84
5285	1017.52
5286	1017.2
5287	1016.87
5288	1016.55
5289	1016.23
5290	1015.91
5291	1015.59
5292	1015.27
5293	1014.95
5294	1014.63
5295	1014.31
5296	1013.99
5297	1013.67
5298	1013.35
5299	1013.03
5300	1012.71
5301	1012.39
5302	1012.07
5303	1011.75
5304	1011.43
5305	1011.11
5306	1010.79
5307	1010.47
5308	1010.15
5309	1009.83
5310	1009.51
5311	1009.19
5312	1008.87
5313	1008.55
5314	1008.23
5315	1007.91
5316	1007.59
5317	1007.27
5318	1006.95
5319	1006.63
5320	1006.31
5321	1005.99
5322	1005.67
5323	1005.35
5324	1005.03
5325	1004.71
5326	1004.39
5327	1004.07
5328	1003.75
5329	1003.43
5330	1003.11
5331	1002.79
5332	1002.47
5333	1002.15
5334	1001.83
5335	1001.51
5336	1001.19
5337	1000.87
5338	1000.55
5339	1000.23
5340	999.908
5341	999.588
5342	999.268
5343	998.948
5344	998.629
5345	998.309
5346	997.989
5347	997.67
5348	997.35
5349	997.03
5350	996.711
5351	996.391
5352	996.072
5353	995.752
5354	995.432
5355	995.113
5356	994.793
5357	994.474
5358	994.154
5359	993.835
5360	993.515
5361	993.196
5362	992.876
5363	992.557
5364	992.238
5365	991.918
5366	991.599
5367	991.28
5368	990.96
5369	990.641
5370	990.322
5371	990.002
5372	989.683
5373	989.364
5374	989.045
5375	988.725
5376	988.406
5377	988.087
5378	987.768
5379	987.449
5380	987.13
5381	986.811
5382	986.491
5383	986.172
5384	985.853
5385	985.534
5386	985.215
5387	984.896
5388	984.577
5389	984.258
5390	983.939
5391	983.621
5392	983.302
5393	982.983
5394	982.664
5395	982.345
5396	982.026
5397	981.707
5398	981.389
5399	981.07
5400	980.751
5401	980.432
5402	980.114
5403	979.795
5404	979.476
5405	979.158
5406	978.839
5407	978.521
5408	978.202
5409	977.883
5410	977.565
5411	977.246
5412	976.928
5413	976.609
5414	976.291
5415	975.973
5416	975.654
5417	975.336
5418	975.017
5419	974.699
5420	974.381
5421	974.062
5422	973.744
5423	973.426
5424	973.108
5425	972.789
5426	972.471
5427	972.153
5428	971.835
5429	971.517
5430	971.199
5431	970.881
5432	970.562
5433	970.244
5434	969.926
5435	969.608
5436	969.29
5437	968.973
5438	968.655
5439	968.337
5440	968.019
5441	967.701
5442	967.383
5443	967.065
5444	966.747
5445	966.43
5446	966.112
5447	965.794
5448	965.477
5449	965.159
5450	964.841
5451	964.524
5452	964.206
5453	963.888
5454	963.571
5455	963.253
5456	962.936
5457	962.618
5458	962.301
5459	961.983
5460	961.666
5461	961.349
5462	961.031
5463	960.714
5464	960.397
5465	960.079
5466	959.762
5467	959.445
5468	959.128
5469	958.81
5470	958.493
5471	958.176
5472	957.859
5473	957.542
5474	957.225
5475	956.908
5476	956.591
5477	956.274
5478	955.957
5479	955.64
5480	955.323
5481	955.006
5482	954.689
5483	954.373
5484	954.056
5485	953.739
5486	953.422
5487	953.105
5488	952.789
5489	952.472
5490	952.155
5491	951.839
5492	951.522
5493	951.206
5494	950.889
5495	950.573
5496	950.256
5497	949.94
5498	949.623
5499	949.307
5500	948.991
5501	948.674
5502	948.358
5503	948.042
5504	947.725
5505	947.409
5506	947.093
5507	946.777
5508	946.461
5509	946.144
5510	945.828
5511	945.512
5512	945.196
5513	944.88
5514	944.564
5515	944.248
5516	943.932
5517	943.616
5518	943.301
5519	942.985
5520	942.669
5521	942.353
5522	942.037
5523	941.722
5524	941.406
5525	941.09
5526	940.775
5527	940.459
5528	940.143
5529	939.828
5530	939.512
5531	939.197
5532	938.881
5533	938.566
5534	938.251
5535	937.935
5536	937.62
5537	937.305
5538	936.989
5539	936.674
5540	936.359
5541	936.044
5542	935.728
5543	935.413
5544	935.098
5545	934.783
5546	934.468
5547	934.153
5548	933.838
5549	933.523
5550	933.208
5551	932.893
5552	932.578
5553	932.264
5554	931.949
5555	931.634
5556	931.319
5557	931.005
5558	930.69
5559	930.375
5560	930.061
5561	929.746
5562	929.432
5563	929.117
5564	928.803
5565	928.488
5566	928.174
5567	927.859
5568	927.545
5569	927.231
5570	926.916
5571	926.602
5572	926.288
5573	925.974
5574	925.66
5575	925.345
5576	925.031
5577	924.717
5578	924.403
5579	924.089
5580	923.775
5581	923.461
5582	923.147
5583	922.834
5584	922.52
5585	922.206
5586	921.892
5587	921.578
5588	921.265
5589	920.951
5590	920.637
5591	920.324
5592	920.01
5593	919.697
5594	919.383
5595	919.07
5596	918.756
5597	918.443
5598	918.13
5599	917.816
5600	917.503
5601	917.19
5602	916.876
5603	916.563
5604	916.25
5605	915.937
5606	915.624
5607	915.311
5608	914.998
5609	914.685
5610	914.372
5611	914.059
5612	913.746
5613	913.433
5614	913.12
5615	912.808
5616	912.495
5617	912.182
5618	911.87
5619	911.557
5620	911.244
5621	910.932
5622	910.619
5623	910.307
5624	909.994
5625	909.682
5626	909.369
5627	909.057
5628	908.745
5629	908.432
5630	908.12
5631	907.808
5632	907.496
5633	907.184
5634	906.872
5635	906.56
5636	906.248
5637	905.936
5638	905.624
5639	905.312
5640	905
5641	904.688
5642	904.376
5643	904.064
5644	903.753
5645	903.441
5646	903.129
5647	902.818
5648	902.506
5649	902.195
5650	901.883
5651	901.572
5652	901.26
5653	900.949
5654	900.637
5655	900.326
5656	900.015
5657	899.704
5658	899.392
5659	899.081
5660	898.77
5661	898.459
5662	898.148
5663	897.837
5664	897.526
5665	897.215
5666	896.904
5667	896.593
5668	896.282
5669	895.971
5670	895.661
5671	895.35
5672	895.039
5673	894.729
5674	894.418
5675	894.108
5676	893.797
5677	893.487
5678	893.176
5679	892.866
5680	892.555
5681	892.245
5682	891.935
5683	891.624
5684	891.314
5685	891.004
5686	890.694
5687	890.384
5688	890.074
5689	889.764
5690	889.454
5691	889.144
5692	888.834
5693	888.524
5694	888.214
5695	887.905
5696	887.595
5697	887.285
5698	886.975
5699	886.666
5700	886.356
5701	886.047
5702	885.737
5703	885.428
5704	885.118
5705	884.809
5706	884.5
5707	884.19
5708	883.881
5709	883.572
5710	883.263
5711	882.954
5712	882.645
5713	882.336
5714	882.027
5715	881.718
5716	881.409
5717	881.1
5718	880.791
5719	880.482
5720	880.173
5721	879.865
5722	879.556
5723	879.247
5724	878.939
5725	878.63
5726	878.322
5727	878.013
5728	877.705
5729	877.396
5730	877.088
5731	876.78
5732	876.471
5733	876.163
5734	875.855
5735	875.547
5736	875.239
5737	874.931
5738	874.623
5739	874.315
5740	874.007
5741	873.699
5742	873.391
5743	873.083
5744	872.776
5745	872.468
5746	872.16
5747	871.853
5748	871.545
5749	871.238
5750	870.93
5751	870.623
5752	870.315
5753	870.008
5754	869.701
5755	869.393
5756	869.086
5757	868.779
5758	868.472
5759	868.165
5760	867.858
5761	867.551
5762	867.244
5763	866.937
5764	866.63
5765	866.323
5766	866.016
5767	865.709
5768	865.403
5769	865.096
5770	864.789
5771	864.483
5772	864.176
5773	863.87
5774	863.563
5775	863.257
5776	862.951
5777	862.644
5778	862.338
5779	862.032
5780	861.726
5781	861.419
5782	861.113
5783	860.807
5784	860.501
5785	860.195
5786	859.889
5787	859.584
5788	859.278
5789	858.972
5790	858.666
5791	858.361
5792	858.055
5793	857.749
5794	857.444
5795	857.138
5796	856.833
5797	856.527
5798	856.222
5799	855.917
5800	855.611
5801	855.306
5802	855.001
5803	854.696
5804	854.391
5805	854.086
5806	853.781
5807	853.476
5808	853.171
5809	852.866
5810	852.561
5811	852.256
5812	851.952
5813	851.647
5814	851.342
5815	851.038
5816	850.733
5817	850.429
5818	850.124
5819	849.82
5820	849.515
5821	849.211
5822	848.907
5823	848.603
5824	848.299
5825	847.994
5826	847.69
5827	847.386
5828	847.082
5829	846.778
5830	846.474
5831	846.171
5832	845.867
5833	845.563
5834	845.259
5835	844.956
5836	844.652
5837	844.349
5838	844.045
5839	843.742
5840	843.438
5841	843.135
5842	842.832
5843	842.528
5844	842.225
5845	841.922
5846	841.619
5847	841.316
5848	841.013
5849	840.71
5850	840.407
5851	840.104
5852	839.801
5853	839.498
5854	839.195
5855	838.893
5856	838.59
5857	838.288
5858	837.985
5859	837.682
5860	837.38
5861	837.078
5862	836.775
5863	836.473
5864	836.171
5865	835.869
5866	835.566
5867	835.264
5868	834.962
5869	834.66
5870	834.358
5871	834.056
5872	833.754
5873	833.453
5874	833.151
5875	832.849
5876	832.547
5877	832.246
5878	831.944
5879	831.643
5880	831.341
5881	831.04
5882	830.738
5883	830.437
5884	830.136
5885	829.835
5886	829.533
5887	829.232
5888	828.931
5889	828.63
5890	828.329
5891	828.028
5892	827.727
5893	827.427
5894	827.126
5895	826.825
5896	826.524
5897	826.224
5898	825.923
5899	825.623
5900	825.322
5901	825.022
5902	824.722
5903	824.421
5904	824.121
5905	823.821
5906	823.521
5907	823.22
5908	822.92
5909	822.62
5910	822.32
5911	822.02
5912	821.721
5913	821.421
5914	821.121
5915	820.821
5916	820.522
5917	820.222
5918	819.922
5919	819.623
5920	819.323
5921	819.024
5922	818.725
5923	818.425
5924	818.126
5925	817.827
5926	817.528
5927	817.229
5928	816.93
5929	816.631
5930	816.332
5931	816.033
5932	815.734
5933	815.435
5934	815.137
5935	814.838
5936	814.539
5937	814.241
5938	813.942
5939	813.644
5940	813.345
5941	813.047
5942	812.749
5943	812.45
5944	812.152
5945	811.854
5946	811.556
5947	811.258
5948	810.96
5949	810.662
5950	810.364
5951	810.066
5952	809.768
5953	809.471
5954	809.173
5955	808.875
5956	808.578
5957	808.28
5958	807.983
5959	807.685
5960	807.388
5961	807.09
5962	806.793
5963	806.496
5964	806.199
5965	805.902
5966	805.605
5967	805.308
5968	805.011
5969	804.714
5970	804.417
5971	804.12
5972	803.824
5973	803.527
5974	803.23
5975	802.934
5976	802.637
5977	802.341
5978	802.044
5979	801.748
5980	801.452
5981	801.155
5982	800.859
5983	800.563
5984	800.267
5985	799.971
5986	799.675
5987	799.379
5988	799.083
5989	798.787
5990	798.492
5991	798.196
5992	797.9
5993	797.605
5994	797.309
5995	797.014
5996	796.718
5997	796.423
5998	796.127
5999	795.832
6000	795.537
6001	795.242
6002	794.947
6003	794.652
6004	794.357
6005	794.062
6006	793.767
6007	793.472
6008	793.177
6009	792.882
6010	792.588
6011	792.293
6012	791.999
6013	791.704
6014	791.41
6015	791.115
6016	790.821
6017	790.527
6018	790.232
6019	789.938
6020	789.644
6021	789.35
6022	789.056
6023	788.762
6024	788.468
6025	788.174
6026	787.88
6027	787.587
6028	787.293
6029	786.999
6030	786.706
6031	786.412
6032	786.119
6033	785.826
6034	785.532
6035	785.239
6036	784.946
6037	784.653
6038	784.359
6039	784.066
6040	783.773
6041	783.48
6042	783.188
6043	782.895
6044	782.602
6045	782.309
6046	782.017
6047	781.724
6048	781.431
6049	781.139
6050	780.846
6051	780.554
6052	780.262
6053	779.969
6054	779.677
6055	779.385
6056	779.093
6057	778.801
6058	778.509
6059	778.217
6060	777.925
6061	777.633
6062	777.342
6063	777.05
6064	776.758
6065	776.467
6066	776.175
6067	775.884
6068	775.592
6069	775.301
6070	775.009
6071	774.718
6072	774.427
6073	774.136
6074	773.845
6075	773.554
6076	773.263
6077	772.972
6078	772.681
6079	772.39
6080	772.1
6081	771.809
6082	771.518
6083	771.228
6084	770.937
6085	770.647
6086	770.356
6087	770.066
6088	769.776
6089	769.486
6090	769.195
6091	768.905
6092	768.615
6093	768.325
6094	768.035
6095	767.746
6096	767.456
6097	767.166
6098	766.876
6099	766.587
6100	766.297
6101	766.008
6102	765.718
6103	765.429
6104	765.139
6105	764.85
6106	764.561
6107	764.272
6108	763.983
6109	763.694
6110	763.405
6111	763.116
6112	762.827
6113	762.538
6114	762.249
6115	761.961
6116	761.672
6117	761.383
6118	761.095
6119	760.806
6120	760.518
6121	760.23
6122	759.941
6123	759.653
6124	759.365
6125	759.077
6126	758.789
6127	758.501
6128	758.213
6129	757.925
6130	757.637
6131	757.349
6132	757.062
6133	756.774
6134	756.486
6135	756.199
6136	755.912
6137	755.624
6138	755.337
6139	755.049
6140	754.762
6141	754.475
6142	754.188
6143	753.901
6144	753.614
6145	753.327
6146	753.04
6147	752.753
6148	752.467
6149	752.18
6150	751.893
6151	751.607
6152	751.32
6153	751.034
6154	750.747
6155	750.461
6156	750.175
6157	749.889
6158	749.603
6159	749.316
6160	749.03
6161	748.745
6162	748.459
6163	748.173
6164	747.887
6165	747.601
6166	747.316
6167	747.03
6168	746.744
6169	746.459
6170	746.174
6171	745.888
6172	745.603
6173	745.318
6174	745.033
6175	744.747
6176	744.462
6177	744.177
6178	743.892
6179	743.608
6180	743.323
6181	743.038
6182	742.753
6183	742.469
6184	742.184
6185	741.9
6186	741.615
6187	741.331
6188	741.046
6189	740.762
6190	740.478
6191	740.194
6192	739.91
6193	739.626
6194	739.342
6195	739.058
6196	738.774
6197	738.49
6198	738.207
6199	737.923
6200	737.639
6201	737.356
6202	737.072
6203	736.789
6204	736.506
6205	736.222
6206	735.939
6207	735.656
6208	735.373
6209	735.09
6210	734.807
6211	734.524
6212	734.241
6213	733.958
6214	733.675
6215	733.393
6216	733.11
6217	732.828
6218	732.545
6219	732.263
6220	731.98
6221	731.698
6222	731.416
6223	731.134
6224	730.852
6225	730.57
6226	730.288
6227	730.006
6228	729.724
6229	729.442
6230	729.16
6231	728.879
6232	728.597
6233	728.315
6234	728.034
6235	727.752
6236	727.471
6237	727.19
6238	726.909
6239	726.627
6240	726.346
6241	726.065
6242	725.784
6243	725.503
6244	725.222
6245	724.942
6246	724.661
6247	724.38
6248	724.1
6249	723.819
6250	723.539
6251	723.258
6252	722.978
6253	722.697
6254	722.417
6255	722.137
6256	721.857
6257	721.577
6258	721.297
6259	721.017
6260	720.737
6261	720.457
6262	720.178
6263	719.898
6264	719.618
6265	719.339
6266	719.059
6267	718.78
6268	718.501
6269	718.221
6270	717.942
6271	717.663
6272	717.384
6273	717.105
6274	716.826
6275	716.547
6276	716.268
6277	715.989
6278	715.71
6279	715.432
6280	715.153
6281	714.875
6282	714.596
6283	714.318
6284	714.039
6285	713.761
6286	713.483
6287	713.205
6288	712.927
6289	712.649
6290	712.371
6291	712.093
6292	711.815
6293	711.537
6294	711.26
6295	710.982
6296	710.704
6297	710.427
6298	710.149
6299	709.872
6300	709.595
6301	709.317
6302	709.04
6303	708.763
6304	708.486
6305	708.209
6306	707.932
6307	707.655
6308	707.378
6309	707.102
6310	706.825
6311	706.548
6312	706.272
6313	705.995
6314	705.719
6315	705.443
6316	705.166
6317	704.89
6318	704.614
6319	704.338
6320	704.062
6321	703.786
6322	703.51
6323	703.234
6324	702.958
6325	702.683
6326	702.407
6327	702.131
6328	701.856
6329	701.58
6330	701.305
6331	701.03
6332	700.754
6333	700.479
6334	700.204
6335	699.929
6336	699.654
6337	699.379
6338	699.104
6339	698.829
6340	698.555
6341	698.28
6342	698.005
6343	697.731
6344	697.456
6345	697.182
6346	696.907
6347	696.633
6348	696.359
6349	696.085
6350	695.811
6351	695.537
6352	695.263
6353	694.989
6354	694.715
6355	694.441
6356	694.168
6357	693.894
6358	693.62
6359	693.347
6360	693.073
6361	692.8
6362	692.527
6363	692.253
6364	691.98
6365	691.707
6366	691.434
6367	691.161
6368	690.888
6369	690.615
6370	690.343
6371	690.07
6372	689.797
6373	689.525
6374	689.252
6375	688.98
6376	688.707
6377	688.435
6378	688.163
6379	687.89
6380	687.618
6381	687.346
6382	687.074
6383	686.802
6384	686.53
6385	686.259
6386	685.987
6387	685.715
6388	685.444
6389	685.172
6390	684.901
6391	684.629
6392	684.358
6393	684.087
6394	683.815
6395	683.544
6396	683.273
6397	683.002
6398	682.731
6399	682.46
6400	682.19
6401	681.919
6402	681.648
6403	681.378
6404	681.107
6405	680.837
6406	680.566
6407	680.296
6408	680.025
6409	679.755
6410	679.485
6411	679.215
6412	678.945
6413	678.675
6414	678.405
6415	678.135
6416	677.866
6417	677.596
6418	677.326
6419	677.057
6420	676.787
6421	676.518
6422	676.249
6423	675.979
6424	675.71
6425	675.441
6426	675.172
6427	674.903
6428	674.634
6429	674.365
6430	674.096
6431	673.827
6432	673.559
6433	673.29
6434	673.022
6435	672.753
6436	672.485
6437	672.216
6438	671.948
6439	671.68
6440	671.412
6441	671.144
6442	670.876
6443	670.608
6444	670.34
6445	670.072
6446	669.804
6447	669.537
6448	669.269
6449	669.001
6450	668.734
6451	668.466
6452	668.199
6453	667.932
6454	667.665
6455	667.397
6456	667.13
6457	666.863
6458	666.596
6459	666.33
6460	666.063
6461	665.796
6462	665.529
6463	665.263
6464	664.996
6465	664.73
6466	664.463
6467	664.197
6468	663.931
6469	663.665
6470	663.398
6471	663.132
6472	662.866
6473	662.6
6474	662.335
6475	662.069
6476	661.803
6477	661.537
6478	661.272
6479	661.006
6480	660.741
6481	660.475
6482	660.21
6483	659.945
6484	659.68
6485	659.415
6486	659.15
6487	658.885
6488	658.62
6489	658.355
6490	658.09
6491	657.825
6492	657.561
6493	657.296
6494	657.032
6495	656.767
6496	656.503
6497	656.238
6498	655.974
6499	655.71
6500	655.446
6501	655.182
6502	654.918
6503	654.654
6504	654.39
6505	654.126
6506	653.863
6507	653.599
6508	653.336
6509	653.072
6510	652.809
6511	652.545
6512	652.282
6513	652.019
6514	651.756
6515	651.493
6516	651.23
6517	650.967
6518	650.704
6519	650.441
6520	650.178
6521	649.916
6522	649.653
6523	649.39
6524	649.128
6525	648.866
6526	648.603
6527	648.341
6528	648.079
6529	647.817
6530	647.555
6531	647.293
6532	647.031
6533	646.769
6534	646.507
6535	646.245
6536	645.984
6537	645.722
6538	645.461
6539	645.199
6540	644.938
6541	644.676
6542	644.415
6543	644.154
6544	643.893
6545	643.632
6546	643.371
6547	643.11
6548	642.849
6549	642.589
6550	642.328
6551	642.067
6552	641.807
6553	641.546
6554	641.286
6555	641.025
6556	640.765
6557	640.505
6558	640.245
6559	639.985
6560	639.725
6561	639.465
6562	639.205
6563	638.945
6564	638.685
6565	638.426
6566	638.166
6567	637.907
6568	637.647
6569	637.388
6570	637.129
6571	636.869
6572	636.61
6573	636.351
6574	636.092
6575	635.833
6576	635.574
6577	635.315
6578	635.057
6579	634.798
6580	634.539
6581	634.281
6582	634.022
6583	633.764
6584	633.505
6585	633.247
6586	632.989
6587	632.731
6588	632.473
6589	632.215
6590	631.957
6591	631.699
6592	631.441
6593	631.184
6594	630.926
6595	630.668
6596	630.411
6597	630.153
6598	629.896
6599	629.639
6600	629.381
6601	629.124
6602	628.867
6603	628.61
6604	628.353
6605	628.096
6606	627.839
6607	627.583
6608	627.326
6609	627.069
6610	626.813
6611	626.556
6612	626.3
6613	626.044
6614	625.787
6615	625.531
6616	625.275
6617	625.019
6618	624.763
6619	624.507
6620	624.251
6621	623.996
6622	623.74
6623	623.484
6624	623.229
6625	622.973
6626	622.718
6627	622.462
6628	622.207
6629	621.952
6630	621.697
6631	621.442
6632	621.187
6633	620.932
6634	620.677
6635	620.422
6636	620.167
6637	619.913
6638	619.658
6639	619.403
6640	619.149
6641	618.895
6642	618.64
6643	618.386
6644	618.132
6645	617.878
6646	617.624
6647	617.37
6648	617.116
6649	616.862
6650	616.608
6651	616.355
6652	616.101
6653	615.847
6654	615.594
6655	615.341
6656	615.087
6657	614.834
6658	614.581
6659	614.328
6660	614.075
6661	613.822
6662	613.569
6663	613.316
6664	613.063
6665	612.81
6666	612.558
6667	612.305
6668	612.053
6669	611.8
6670	611.548
6671	611.296
6672	611.043
6673	610.791
6674	610.539
6675	610.287
6676	610.035
6677	609.783
6678	609.532
6679	609.28
6680	609.028
6681	608.777
6682	608.525
6683	608.274
6684	608.022
6685	607.771
6686	607.52
6687	607.269
6688	607.018
6689	606.767
6690	606.516
6691	606.265
6692	606.014
6693	605.763
6694	605.513
6695	605.262
6696	605.011
6697	604.761
6698	604.511
6699	604.26
6700	604.01
6701	603.76
6702	603.51
6703	603.26
6704	603.01
6705	602.76
6706	602.51
6707	602.26
6708	602.011
6709	601.761
6710	601.511
6711	601.262
6712	601.012
6713	600.763
6714	600.514
6715	600.265
6716	600.016
6717	599.767
6718	599.518
6719	599.269
6720	599.02
6721	598.771
6722	598.522
6723	598.274
6724	598.025
6725	597.777
6726	597.528
6727	597.28
6728	597.032
6729	596.783
6730	596.535
6731	596.287
6732	596.039
6733	595.791
6734	595.543
6735	595.296
6736	595.048
6737	594.8
6738	594.553
6739	594.305
6740	594.058
6741	593.81
6742	593.563
6743	593.316
6744	593.069
6745	592.822
6746	592.575
6747	592.328
6748	592.081
6749	591.834
6750	591.587
6751	591.341
6752	591.094
6753	590.848
6754	590.601
6755	590.355
6756	590.109
6757	589.862
6758	589.616
6759	589.37
6760	589.124
6761	588.878
6762	588.632
6763	588.387
6764	588.141
6765	587.895
6766	587.65
6767	587.404
6768	587.159
6769	586.913
6770	586.668
6771	586.423
6772	586.178
6773	585.932
6774	585.687
6775	585.443
6776	585.198
6777	584.953
6778	584.708
6779	584.463
6780	584.219
6781	583.974
6782	583.73
6783	583.485
6784	583.241
6785	582.997
6786	582.753
6787	582.509
6788	582.265
6789	582.021
6790	581.777
6791	581.533
6792	581.289
6793	581.046
6794	580.802
6795	580.558
6796	580.315
6797	580.072
6798	579.828
6799	579.585
6800	579.342
6801	579.099
6802	578.856
6803	578.613
6804	578.37
6805	578.127
6806	577.884
6807	577.642
6808	577.399
6809	577.157
6810	576.914
6811	576.672
6812	576.429
6813	576.187
6814	575.945
6815	575.703
6816	575.461
6817	575.219
6818	574.977
6819	574.735
6820	574.493
6821	574.252
6822	574.01
6823	573.769
6824	573.527
6825	573.286
6826	573.044
6827	572.803
6828	572.562
6829	572.321
6830	572.08
6831	571.839
6832	571.598
6833	571.357
6834	571.116
6835	570.876
6836	570.635
6837	570.394
6838	570.154
6839	569.914
6840	569.673
6841	569.433
6842	569.193
6843	568.953
6844	568.713
6845	568.473
6846	568.233
6847	567.993
6848	567.753
6849	567.514
6850	567.274
6851	567.034
6852	566.795
6853	566.556
6854	566.316
6855	566.077
6856	565.838
6857	565.599
6858	565.36
6859	565.121
6860	564.882
6861	564.643
6862	564.404
6863	564.165
6864	563.927
6865	563.688
6866	563.45
6867	563.211
6868	562.973
6869	562.735
6870	562.497
6871	562.259
6872	562.021
6873	561.783
6874	561.545
6875	561.307
6876	561.069
6877	560.831
6878	560.594
6879	560.356
6880	560.119
6881	559.881
6882	559.644
6883	559.407
6884	559.17
6885	558.932
6886	558.695
6887	558.458
6888	558.222
6889	557.985
6890	557.748
6891	557.511
6892	557.275
6893	557.038
6894	556.802
6895	556.565
6896	556.329
6897	556.093
6898	555.856
6899	555.62
6900	555.384
6901	555.148
6902	554.912
6903	554.677
6904	554.441
6905	554.205
6906	553.97
6907	553.734
6908	553.499
6909	553.263
6910	553.028
6911	552.793
6912	552.557
6913	552.322
6914	552.087
6915	551.852
6916	551.617
6917	551.382
6918	551.148
6919	550.913
6920	550.678
6921	550.444
6922	550.209
6923	549.975
6924	549.741
6925	549.506
6926	549.272
6927	549.038
6928	548.804
6929	548.57
6930	548.336
6931	548.102
6932	547.869
6933	547.635
6934	547.401
6935	547.168
6936	546.934
6937	546.701
6938	546.468
6939	546.234
6940	546.001
6941	545.768
6942	545.535
6943	545.302
6944	545.069
6945	544.836
6946	544.604
6947	544.371
6948	544.138
6949	543.906
6950	543.673
6951	543.441
6952	543.209
6953	542.976
6954	542.744
6955	542.512
6956	542.28
6957	542.048
6958	541.816
6959	541.584
6960	541.353
6961	541.121
6962	540.889
6963	540.658
6964	540.426
6965	540.195
6966	539.964
6967	539.732
6968	539.501
6969	539.27
6970	539.039
6971	538.808
6972	538.577
6973	538.346
6974	538.116
6975	537.885
6976	537.654
6977	537.424
6978	537.193
6979	536.963
6980	536.733
6981	536.502
6982	536.272
6983	536.042
6984	535.812
6985	535.582
6986	535.352
6987	535.122
6988	534.893
6989	534.663
6990	534.433
6991	534.204
6992	533.974
6993	533.745
6994	533.516
6995	533.286
6996	533.057
6997	532.828
6998	532.599
6999	532.37
7000	532.141
7001	531.913
7002	531.684
7003	531.455
7004	531.227
7005	530.998
7006	530.77
7007	530.541
7008	530.313
7009	530.085
7010	529.856
7011	529.628
7012	529.4
7013	529.172
7014	528.944
7015	528.717
7016	528.489
7017	528.261
7018	528.034
7019	527.806
7020	527.579
7021	527.351
7022	527.124
7023	526.897
7024	526.67
7025	526.442
7026	526.215
7027	525.989
7028	525.762
7029	525.535
7030	525.308
7031	525.081
7032	524.855
7033	524.628
7034	524.402
7035	524.175
7036	523.949
7037	523.723
7038	523.497
7039	523.271
7040	523.045
7041	522.819
7042	522.593
7043	522.367
7044	522.141
7045	521.916
7046	521.69
7047	521.465
7048	521.239
7049	521.014
7050	520.788
7051	520.563
7052	520.338
7053	520.113
7054	519.888
7055	519.663
7056	519.438
7057	519.213
7058	518.989
7059	518.764
7060	518.539
7061	518.315
7062	518.09
7063	517.866
7064	517.642
7065	517.417
7066	517.193
7067	516.969
7068	516.745
7069	516.521
7070	516.297
7071	516.074
7072	515.85
7073	515.626
7074	515.403
7075	515.179
7076	514.956
7077	514.732
7078	514.509
7079	514.286
7080	514.063
7081	513.839
7082	513.616
7083	513.394
7084	513.171
7085	512.948
7086	512.725
7087	512.502
7088	512.28
7089	512.057
7090	511.835
7091	511.613
7092	511.39
7093	511.168
7094	510.946
7095	510.724
7096	510.502
7097	510.28
7098	510.058
7099	509.836
7100	509.614
7101	509.393
7102	509.171
7103	508.95
7104	508.728
7105	508.507
7106	508.286
7107	508.064
7108	507.843
7109	507.622
7110	507.401
7111	507.18
7112	506.959
7113	506.739
7114	506.518
7115	506.297
7116	506.077
7117	505.856
7118	505.636
7119	505.415
7120	505.195
7121	504.975
7122	504.755
7123	504.535
7124	504.315
7125	504.095
7126	503.875
7127	503.655
7128	503.435
7129	503.216
7130	502.996
7131	502.776
7132	502.557
7133	502.338
7134	502.118
7135	501.899
7136	501.68
7137	501.461
7138	501.242
7139	501.023
7140	500.804
7141	500.585
7142	500.367
7143	500.148
7144	499.929
7145	499.711
7146	499.492
7147	499.274
7148	499.056
7149	498.838
7150	498.619
7151	498.401
7152	498.183
7153	497.965
7154	497.747
7155	497.53
7156	497.312
7157	497.094
7158	496.877
7159	496.659
7160	496.442
7161	496.224
7162	496.007
7163	495.79
7164	495.573
7165	495.356
7166	495.139
7167	494.922
7168	494.705
7169	494.488
7170	494.271
7171	494.055
7172	493.838
7173	493.622
7174	493.405
7175	493.189
7176	492.972
7177	492.756
7178	492.54
7179	492.324
7180	492.108
7181	491.892
7182	491.676
7183	491.46
7184	491.245
7185	491.029
7186	490.813
7187	490.598
7188	490.382
7189	490.167
7190	489.952
7191	489.737
7192	489.521
7193	489.306
7194	489.091
7195	488.876
7196	488.662
7197	488.447
7198	488.232
7199	488.017
7200	487.803
7201	487.588
7202	487.374
7203	487.159
7204	486.945
7205	486.731
7206	486.517
7207	486.303
7208	486.089
7209	485.875
7210	485.661
7211	485.447
7212	485.233
7213	485.02
7214	484.806
7215	484.592
7216	484.379
7217	484.166
7218	483.952
7219	483.739
7220	483.526
7221	483.313
7222	483.1
7223	482.887
7224	482.674
7225	482.461
7226	482.248
7227	482.036
7228	481.823
7229	481.611
7230	481.398
7231	481.186
7232	480.974
7233	480.761
7234	480.549
7235	480.337
7236	480.125
7237	479.913
7238	479.701
7239	479.489
7240	479.278
7241	479.066
7242	478.854
7243	478.643
7244	478.431
7245	478.22
7246	478.009
7247	477.797
7248	477.586
7249	477.375
7250	477.164
7251	476.953
7252	476.742
7253	476.531
7254	476.321
7255	476.11
7256	475.899
7257	475.689
7258	475.478
7259	475.268
7260	475.058
7261	474.847
7262	474.637
7263	474.427
7264	474.217
7265	474.007
7266	473.797
7267	473.587
7268	473.378
7269	473.168
7270	472.958
7271	472.749
7272	472.539
7273	472.33
7274	472.121
7275	471.911
7276	471.702
7277	471.493
7278	471.284
7279	471.075
7280	470.866
7281	470.657
7282	470.449
7283	470.24
7284	470.031
7285	469.823
7286	469.614
7287	469.406
7288	469.197
7289	468.989
7290	468.781
7291	468.573
7292	468.365
7293	468.157
7294	467.949
7295	467.741
7296	467.533
7297	467.326
7298	467.118
7299	466.91
7300	466.703
7301	466.495
7302	466.288
7303	466.081
7304	465.874
7305	465.666
7306	465.459
7307	465.252
7308	465.046
7309	464.839
7310	464.632
7311	464.425
7312	464.219
7313	464.012
7314	463.805
7315	463.599
7316	463.393
7317	463.186
7318	462.98
7319	462.774
7320	462.568
7321	462.362
7322	462.156
7323	461.95
7324	461.744
7325	461.539
7326	461.333
7327	461.127
7328	460.922
7329	460.716
7330	460.511
7331	460.306
7332	460.1
7333	459.895
7334	459.69
7335	459.485
7336	459.28
7337	459.075
7338	458.871
7339	458.666
7340	458.461
7341	458.257
7342	458.052
7343	457.848
7344	457.643
7345	457.439
7346	457.235
7347	457.03
7348	456.826
7349	456.622
7350	456.418
7351	456.214
7352	456.011
7353	455.807
7354	455.603
7355	455.4
7356	455.196
7357	454.993
7358	454.789
7359	454.586
7360	454.383
7361	454.179
7362	453.976
7363	453.773
7364	453.57
7365	453.367
7366	453.165
7367	452.962
7368	452.759
7369	452.556
7370	452.354
7371	452.151
7372	451.949
7373	451.747
7374	451.544
7375	451.342
7376	451.14
7377	450.938
7378	450.736
7379	450.534
7380	450.332
7381	450.13
7382	449.929
7383	449.727
7384	449.525
7385	449.324
7386	449.122
7387	448.921
7388	448.72
7389	448.519
7390	448.317
7391	448.116
7392	447.915
7393	447.714
7394	447.514
7395	447.313
7396	447.112
7397	446.911
7398	446.711
7399	446.51
7400	446.31
7401	446.109
7402	445.909
7403	445.709
7404	445.509
7405	445.309
7406	445.108
7407	444.909
7408	444.709
7409	444.509
7410	444.309
7411	444.109
7412	443.91
7413	443.71
7414	443.511
7415	443.311
7416	443.112
7417	442.913
7418	442.714
7419	442.514
7420	442.315
7421	442.116
7422	441.917
7423	441.719
7424	441.52
7425	441.321
7426	441.122
7427	440.924
7428	440.725
7429	440.527
7430	440.329
7431	440.13
7432	439.932
7433	439.734
7434	439.536
7435	439.338
7436	439.14
7437	438.942
7438	438.744
7439	438.547
7440	438.349
7441	438.151
7442	437.954
7443	437.756
7444	437.559
7445	437.362
7446	437.164
7447	436.967
7448	436.77
7449	436.573
7450	436.376
7451	436.179
7452	435.982
7453	435.786
7454	435.589
7455	435.392
7456	435.196
7457	434.999
7458	434.803
7459	434.607
7460	434.41
7461	434.214
7462	434.018
7463	433.822
7464	433.626
7465	433.43
7466	433.234
7467	433.038
7468	432.843
7469	432.647
7470	432.451
7471	432.256
7472	432.06
7473	431.865
7474	431.67
7475	431.475
7476	431.279
7477	431.084
7478	430.889
7479	430.694
7480	430.499
7481	430.305
7482	430.11
7483	429.915
7484	429.721
7485	429.526
7486	429.332
7487	429.137
7488	428.943
7489	428.749
7490	428.554
7491	428.36
7492	428.166
7493	427.972
7494	427.778
7495	427.585
7496	427.391
7497	427.197
7498	427.003
7499	426.81
7500	426.616
7501	426.423
7502	426.23
7503	426.036
7504	425.843
7505	425.65
7506	425.457
7507	425.264
7508	425.071
7509	424.878
7510	424.685
7511	424.492
7512	424.3
7513	424.107
7514	423.915
7515	423.722
7516	423.53
7517	423.337
7518	423.145
7519	422.953
7520	422.761
7521	422.569
7522	422.377
7523	422.185
7524	421.993
7525	421.801
7526	421.61
7527	421.418
7528	421.226
7529	421.035
7530	420.844
7531	420.652
7532	420.461
7533	420.27
7534	420.079
7535	419.887
7536	419.696
7537	419.506
7538	419.315
7539	419.124
7540	418.933
7541	418.742
7542	418.552
7543	418.361
7544	418.171
7545	417.98
7546	417.79
7547	417.6
7548	417.41
7549	417.22
7550	417.029
7551	416.839
7552	416.65
7553	416.46
7554	416.27
7555	416.08
7556	415.891
7557	415.701
7558	415.512
7559	415.322
7560	415.133
7561	414.943
7562	414.754
7563	414.565
7564	414.376
7565	414.187
7566	413.998
7567	413.809
7568	413.62
7569	413.432
7570	413.243
7571	413.054
7572	412.866
7573	412.677
7574	412.489
7575	412.3
7576	412.112
7577	411.924
7578	411.736
7579	411.548
7580	411.36
7581	411.172
7582	410.984
7583	410.796
7584	410.608
7585	410.421
7586	410.233
7587	410.046
7588	409.858
7589	409.671
7590	409.484
7591	409.296
7592	409.109
7593	408.922
7594	408.735
7595	408.548
7596	408.361
7597	408.174
7598	407.988
7599	407.801
7600	407.614
7601	407.428
7602	407.241
7603	407.055
7604	406.868
7605	406.682
7606	406.496
7607	406.31
7608	406.124
7609	405.938
7610	405.752
7611	405.566
7612	405.38
7613	405.194
7614	405.009
7615	404.823
7616	404.637
7617	404.452
7618	404.266
7619	404.081
7620	403.896
7621	403.711
7622	403.526
7623	403.34
7624	403.155
7625	402.971
7626	402.786
7627	402.601
7628	402.416
7629	402.231
7630	402.047
7631	401.862
7632	401.678
7633	401.494
7634	401.309
7635	401.125
7636	400.941
7637	400.757
7638	400.573
7639	400.389
7640	400.205
7641	400.021
7642	399.837
7643	399.653
7644	399.47
7645	399.286
7646	399.103
7647	398.919
7648	398.736
7649	398.553
7650	398.369
7651	398.186
7652	398.003
7653	397.82
7654	397.637
7655	397.454
7656	397.271
7657	397.088
7658	396.906
7659	396.723
7660	396.541
7661	396.358
7662	396.176
7663	395.993
7664	395.811
7665	395.629
7666	395.447
7667	395.265
7668	395.083
7669	394.901
7670	394.719
7671	394.537
7672	394.355
7673	394.173
7674	393.992
7675	393.81
7676	393.629
7677	393.447
7678	393.266
7679	393.085
7680	392.903
7681	392.722
7682	392.541
7683	392.36
7684	392.179
7685	391.998
7686	391.818
7687	391.637
7688	391.456
7689	391.276
7690	391.095
7691	390.915
7692	390.734
7693	390.554
7694	390.374
7695	390.193
7696	390.013
7697	389.833
7698	389.653
7699	389.473
7700	389.293
7701	389.113
7702	388.934
7703	388.754
7704	388.574
7705	388.395
7706	388.215
7707	388.036
7708	387.857
7709	387.677
7710	387.498
7711	387.319
7712	387.14
7713	386.961
7714	386.782
7715	386.603
7716	386.424
7717	386.246
7718	386.067
7719	385.888
7720	385.71
7721	385.531
7722	385.353
7723	385.175
7724	384.996
7725	384.818
7726	384.64
7727	384.462
7728	384.284
7729	384.106
7730	383.928
7731	383.75
7732	383.573
7733	383.395
7734	383.217
7735	383.04
7736	382.862
7737	382.685
7738	382.508
7739	382.33
7740	382.153
7741	381.976
7742	381.799
7743	381.622
7744	381.445
7745	381.268
7746	381.091
7747	380.915
7748	380.738
7749	380.561
7750	380.385
7751	380.208
7752	380.032
7753	379.856
7754	379.679
7755	379.503
7756	379.327
7757	379.151
7758	378.975
7759	378.799
7760	378.623
7761	378.447
7762	378.272
7763	378.096
7764	377.92
7765	377.745
7766	377.569
7767	377.394
7768	377.219
7769	377.043
7770	376.868
7771	376.693
7772	376.518
7773	376.343
7774	376.168
7775	375.993
7776	375.818
7777	375.643
7778	375.469
7779	375.294
7780	375.12
7781	374.945
7782	374.771
7783	374.596
7784	374.422
7785	374.248
7786	374.074
7787	373.9
7788	373.726
7789	373.552
7790	373.378
7791	373.204
7792	373.03
7793	372.856
7794	372.683
7795	372.509
7796	372.336
7797	372.162
7798	371.989
7799	371.816
7800	371.643
7801	371.469
7802	371.296
7803	371.123
7804	370.95
7805	370.777
7806	370.605
7807	370.432
7808	370.259
7809	370.086
7810	369.914
7811	369.741
7812	369.569
7813	369.396
7814	369.224
7815	369.052
7816	368.88
7817	368.708
7818	368.536
7819	368.364
7820	368.192
7821	368.02
7822	367.848
7823	367.676
7824	367.505
7825	367.333
7826	367.162
7827	366.99
7828	366.819
7829	366.647
7830	366.476
7831	366.305
7832	366.134
7833	365.963
7834	365.792
7835	365.621
7836	365.45
7837	365.279
7838	365.108
7839	364.938
7840	364.767
7841	364.597
7842	364.426
7843	364.256
7844	364.085
7845	363.915
7846	363.745
7847	363.575
7848	363.405
7849	363.235
7850	363.065
7851	362.895
7852	362.725
7853	362.555
7854	362.385
7855	362.216
7856	362.046
7857	361.877
7858	361.707
7859	361.538
7860	361.369
7861	361.199
7862	361.03
7863	360.861
7864	360.692
7865	360.523
7866	360.354
7867	360.185
7868	360.017
7869	359.848
7870	359.679
7871	359.511
7872	359.342
7873	359.174
7874	359.005
7875	358.837
7876	358.669
7877	358.5
7878	358.332
7879	358.164
7880	357.996
7881	357.828
7882	357.66
7883	357.493
7884	357.325
7885	357.157
7886	356.989
7887	356.822
7888	356.654
7889	356.487
7890	356.32
7891	356.152
7892	355.985
7893	355.818
7894	355.651
7895	355.484
7896	355.317
7897	355.15
7898	354.983
7899	354.816
7900	354.65
7901	354.483
7902	354.316
7903	354.15
7904	353.983
7905	353.817
7906	353.651
7907	353.484
7908	353.318
7909	353.152
7910	352.986
7911	352.82
7912	352.654
7913	352.488
7914	352.322
7915	352.157
7916	351.991
7917	351.825
7918	351.66
7919	351.494
7920	351.329
7921	351.163
7922	350.998
7923	350.833
7924	350.668
7925	350.503
7926	350.338
7927	350.173
7928	350.008
7929	349.843
7930	349.678
7931	349.513
7932	349.349
7933	349.184
7934	349.02
7935	348.855
7936	348.691
7937	348.526
7938	348.362
7939	348.198
7940	348.034
7941	347.87
7942	347.706
7943	347.542
7944	347.378
7945	347.214
7946	347.05
7947	346.886
7948	346.723
7949	346.559
7950	346.396
7951	346.232
7952	346.069
7953	345.906
7954	345.742
7955	345.579
7956	345.416
7957	345.253
7958	345.09
7959	344.927
7960	344.764
7961	344.601
7962	344.439
7963	344.276
7964	344.113
7965	343.951
7966	343.788
7967	343.626
7968	343.464
7969	343.301
7970	343.139
7971	342.977
7972	342.815
7973	342.653
7974	342.491
7975	342.329
7976	342.167
7977	342.005
7978	341.843
7979	341.682
7980	341.52
7981	341.359
7982	341.197
7983	341.036
7984	340.874
7985	340.713
7986	340.552
7987	340.391
7988	340.23
7989	340.069
7990	339.908
7991	339.747
7992	339.586
7993	339.425
7994	339.264
7995	339.104
7996	338.943
7997	338.783
7998	338.622
7999	338.462
8000	338.301
8001	338.141
8002	337.981
8003	337.821
8004	337.661
8005	337.501
8006	337.341
8007	337.181
8008	337.021
8009	336.861
8010	336.702
8011	336.542
8012	336.382
8013	336.223
8014	336.063
8015	335.904
8016	335.745
8017	335.585
8018	335.426
8019	335.267
8020	335.108
8021	334.949
8022	334.79
8023	334.631
8024	334.472
8025	334.313
8026	334.155
8027	333.996
8028	333.838
8029	333.679
8030	333.521
8031	333.362
8032	333.204
8033	333.046
8034	332.887
8035	332.729
8036	332.571
8037	332.413
8038	332.255
8039	332.097
8040	331.94
8041	331.782
8042	331.624
8043	331.466
8044	331.309
8045	331.151
8046	330.994
8047	330.837
8048	330.679
8049	330.522
8050	330.365
8051	330.208
8052	330.051
8053	329.894
8054	329.737
8055	329.58
8056	329.423
8057	329.266
8058	329.109
8059	328.953
8060	328.796
8061	328.64
8062	328.483
8063	328.327
8064	328.171
8065	328.014
8066	327.858
8067	327.702
8068	327.546
8069	327.39
8070	327.234
8071	327.078
8072	326.922
8073	326.766
8074	326.611
8075	326.455
8076	326.299
8077	326.144
8078	325.988
8079	325.833
8080	325.678
8081	325.522
8082	325.367
8083	325.212
8084	325.057
8085	324.902
8086	324.747
8087	324.592
8088	324.437
8089	324.283
8090	324.128
8091	323.973
8092	323.819
8093	323.664
8094	323.51
8095	323.355
8096	323.201
8097	323.047
8098	322.892
8099	322.738
8100	322.584
8101	322.43
8102	322.276
8103	322.122
8104	321.968
8105	321.814
8106	321.661
8107	321.507
8108	321.353
8109	321.2
8110	321.046
8111	320.893
8112	320.74
8113	320.586
8114	320.433
8115	320.28
8116	320.127
8117	319.974
8118	319.821
8119	319.668
8120	319.515
8121	319.362
8122	319.209
8123	319.057
8124	318.904
8125	318.752
8126	318.599
8127	318.447
8128	318.294
8129	318.142
8130	317.99
8131	317.837
8132	317.685
8133	317.533
8134	317.381
8135	317.229
8136	317.077
8137	316.926
8138	316.774
8139	316.622
8140	316.47
8141	316.319
8142	316.167
8143	316.016
8144	315.864
8145	315.713
8146	315.562
8147	315.411
8148	315.259
8149	315.108
8150	314.957
8151	314.806
8152	314.655
8153	314.505
8154	314.354
8155	314.203
8156	314.052
8157	313.902
8158	313.751
8159	313.601
8160	313.45
8161	313.3
8162	313.15
8163	312.999
8164	312.849
8165	312.699
8166	312.549
8167	312.399
8168	312.249
8169	312.099
8170	311.949
8171	311.8
8172	311.65
8173	311.5
8174	311.351
8175	311.201
8176	311.052
8177	310.902
8178	310.753
8179	310.604
8180	310.455
8181	310.305
8182	310.156
8183	310.007
8184	309.858
8185	309.709
8186	309.56
8187	309.412
8188	309.263
8189	309.114
8190	308.966
8191	308.817
8192	308.669
8193	308.52
8194	308.372
8195	308.224
8196	308.075
8197	307.927
8198	307.779
8199	307.631
8200	307.483
8201	307.335
8202	307.187
8203	307.039
8204	306.891
8205	306.744
8206	306.596
8207	306.448
8208	306.301
8209	306.153
8210	306.006
8211	305.859
8212	305.711
8213	305.564
8214	305.417
8215	305.27
8216	305.123
8217	304.976
8218	304.829
8219	304.682
8220	304.535
8221	304.389
8222	304.242
8223	304.095
8224	303.949
8225	303.802
8226	303.656
8227	303.509
8228	303.363
8229	303.217
8230	303.07
8231	302.924
8232	302.778
8233	302.632
8234	302.486
8235	302.34
8236	302.194
8237	302.049
8238	301.903
8239	301.757
8240	301.612
8241	301.466
8242	301.321
8243	301.175
8244	301.03
8245	300.884
8246	300.739
8247	300.594
8248	300.449
8249	300.304
8250	300.159
8251	300.014
8252	299.869
8253	299.724
8254	299.579
8255	299.434
8256	299.29
8257	299.145
8258	299.001
8259	298.856
8260	298.712
8261	298.567
8262	298.423
8263	298.279
8264	298.135
8265	297.99
8266	297.846
8267	297.702
8268	297.558
8269	297.414
8270	297.271
8271	297.127
8272	296.983
8273	296.839
8274	296.696
8275	296.552
8276	296.409
8277	296.265
8278	296.122
8279	295.979
8280	295.835
8281	295.692
8282	295.549
8283	295.406
8284	295.263
8285	295.12
8286	294.977
8287	294.834
8288	294.692
8289	294.549
8290	294.406
8291	294.264
8292	294.121
8293	293.979
8294	293.836
8295	293.694
8296	293.551
8297	293.409
8298	293.267
8299	293.125
8300	292.983
8301	292.841
8302	292.699
8303	292.557
8304	292.415
8305	292.273
8306	292.132
8307	291.99
8308	291.848
8309	291.707
8310	291.565
8311	291.424
8312	291.282
8313	291.141
8314	291
8315	290.859
8316	290.718
8317	290.576
8318	290.435
8319	290.294
8320	290.154
8321	290.013
8322	289.872
8323	289.731
8324	289.591
8325	289.45
8326	289.309
8327	289.169
8328	289.028
8329	288.888
8330	288.748
8331	288.607
8332	288.467
8333	288.327
8334	288.187
8335	288.047
8336	287.907
8337	287.767
8338	287.627
8339	287.487
8340	287.348
8341	287.208
8342	287.068
8343	286.929
8344	286.789
8345	286.65
8346	286.51
8347	286.371
8348	286.232
8349	286.093
8350	285.953
8351	285.814
8352	285.675
8353	285.536
8354	285.397
8355	285.258
8356	285.12
8357	284.981
8358	284.842
8359	284.703
8360	284.565
8361	284.426
8362	284.288
8363	284.149
8364	284.011
8365	283.873
8366	283.735
8367	283.596
8368	283.458
8369	283.32
8370	283.182
8371	283.044
8372	282.906
8373	282.768
8374	282.631
8375	282.493
8376	282.355
8377	282.218
8378	282.08
8379	281.943
8380	281.805
8381	281.668
8382	281.53
8383	281.393
8384	281.256
8385	281.119
8386	280.982
8387	280.845
8388	280.708
8389	280.571
8390	280.434
8391	280.297
8392	280.16
8393	280.024
8394	279.887
8395	279.75
8396	279.614
8397	279.477
8398	279.341
8399	279.205
8400	279.068
8401	278.932
8402	278.796
8403	278.66
8404	278.524
8405	278.388
8406	278.252
8407	278.116
8408	277.98
8409	277.844
8410	277.708
8411	277.573
8412	277.437
8413	277.302
8414	277.166
8415	277.031
8416	276.895
8417	276.76
8418	276.625
8419	276.489
8420	276.354
8421	276.219
8422	276.084
8423	275.949
8424	275.814
8425	275.679
8426	275.544
8427	275.41
8428	275.275
8429	275.14
8430	275.006
8431	274.871
8432	274.737
8433	274.602
8434	274.468
8435	274.334
8436	274.199
8437	274.065
8438	273.931
8439	273.797
8440	273.663
8441	273.529
8442	273.395
8443	273.261
8444	273.127
8445	272.994
8446	272.86
8447	272.726
8448	272.593
8449	272.459
8450	272.326
8451	272.192
8452	272.059
8453	271.926
8454	271.792
8455	271.659
8456	271.526
8457	271.393
8458	271.26
8459	271.127
8460	270.994
8461	270.861
8462	270.728
8463	270.596
8464	270.463
8465	270.33
8466	270.198
8467	270.065
8468	269.933
8469	269.8
8470	269.668
8471	269.536
8472	269.403
8473	269.271
8474	269.139
8475	269.007
8476	268.875
8477	268.743
8478	268.611
8479	268.479
8480	268.348
8481	268.216
8482	268.084
8483	267.953
8484	267.821
8485	267.689
8486	267.558
8487	267.427
8488	267.295
8489	267.164
8490	267.033
8491	266.902
8492	266.77
8493	266.639
8494	266.508
8495	266.377
8496	266.246
8497	266.116
8498	265.985
8499	265.854
8500	265.723
8501	265.593
8502	265.462
8503	265.332
8504	265.201
8505	265.071
8506	264.94
8507	264.81
8508	264.68
8509	264.55
8510	264.42
8511	264.29
8512	264.16
8513	264.03
8514	263.9
8515	263.77
8516	263.64
8517	263.51
8518	263.381
8519	263.251
8520	263.121
8521	262.992
8522	262.862
8523	262.733
8524	262.604
8525	262.474
8526	262.345
8527	262.216
8528	262.087
8529	261.958
8530	261.829
8531	261.7
8532	261.571
8533	261.442
8534	261.313
8535	261.184
8536	261.056
8537	260.927
8538	260.798
8539	260.67
8540	260.541
8541	260.413
8542	260.285
8543	260.156
8544	260.028
8545	259.9
8546	259.772
8547	259.644
8548	259.515
8549	259.387
8550	259.26
8551	259.132
8552	259.004
8553	258.876
8554	258.748
8555	258.621
8556	258.493
8557	258.366
8558	258.238
8559	258.111
8560	257.983
8561	257.856
8562	257.729
8563	257.601
8564	257.474
8565	257.347
8566	257.22
8567	257.093
8568	256.966
8569	256.839
8570	256.712
8571	256.586
8572	256.459
8573	256.332
8574	256.205
8575	256.079
8576	255.952
8577	255.826
8578	255.699
8579	255.573
8580	255.447
8581	255.321
8582	255.194
8583	255.068
8584	254.942
8585	254.816
8586	254.69
8587	254.564
8588	254.438
8589	254.313
8590	254.187
8591	254.061
8592	253.935
8593	253.81
8594	253.684
8595	253.559
8596	253.433
8597	253.308
8598	253.183
8599	253.057
8600	252.932
8601	252.807
8602	252.682
8603	252.557
8604	252.432
8605	252.307
8606	252.182
8607	252.057
8608	251.932
8609	251.807
8610	251.683
8611	251.558
8612	251.434
8613	251.309
8614	251.185
8615	251.06
8616	250.936
8617	250.811
8618	250.687
8619	250.563
8620	250.439
8621	250.315
8622	250.191
8623	250.067
8624	249.943
8625	249.819
8626	249.695
8627	249.571
8628	249.447
8629	249.324
8630	249.2
8631	249.077
8632	248.953
8633	248.83
8634	248.706
8635	248.583
8636	248.46
8637	248.336
8638	248.213
8639	248.09
8640	247.967
8641	247.844
8642	247.721
8643	247.598
8644	247.475
8645	247.352
8646	247.229
8647	247.107
8648	246.984
8649	246.861
8650	246.739
8651	246.616
8652	246.494
8653	246.371
8654	246.249
8655	246.127
8656	246.005
8657	245.882
8658	245.76
8659	245.638
8660	245.516
8661	245.394
8662	245.272
8663	245.15
8664	245.029
8665	244.907
8666	244.785
8667	244.663
8668	244.542
8669	244.42
8670	244.299
8671	244.177
8672	244.056
8673	243.935
8674	243.813
8675	243.692
8676	243.571
8677	243.45
8678	243.329
8679	243.208
8680	243.087
8681	242.966
8682	242.845
8683	242.724
8684	242.603
8685	242.482
8686	242.362
8687	242.241
8688	242.121
8689	242
8690	241.88
8691	241.759
8692	241.639
8693	241.519
8694	241.398
8695	241.278
8696	241.158
8697	241.038
8698	240.918
8699	240.798
8700	240.678
8701	240.558
8702	240.438
8703	240.318
8704	240.199
8705	240.079
8706	239.959
8707	239.84
8708	239.72
8709	239.601
8710	239.481
8711	239.362
8712	239.243
8713	239.123
8714	239.004
8715	238.885
8716	238.766
8717	238.647
8718	238.528
8719	238.409
8720	238.29
8721	238.171
8722	238.052
8723	237.934
8724	237.815
8725	237.696
8726	237.578
8727	237.459
8728	237.341
8729	237.222
8730	237.104
8731	236.986
8732	236.867
8733	236.749
8734	236.631
8735	236.513
8736	236.395
8737	236.277
8738	236.159
8739	236.041
8740	235.923
8741	235.805
8742	235.687
8743	235.57
8744	235.452
8745	235.334
8746	235.217
8747	235.099
8748	234.982
8749	234.865
8750	234.747
8751	234.63
8752	234.513
8753	234.395
8754	234.278
8755	234.161
8756	234.044
8757	233.927
8758	233.81
8759	233.693
8760	233.576
8761	233.46
8762	233.343
8763	233.226
8764	233.11
8765	232.993
8766	232.876
8767	232.76
8768	232.644
8769	232.527
8770	232.411
8771	232.295
8772	232.178
8773	232.062
8774	231.946
8775	231.83
8776	231.714
8777	231.598
8778	231.482
8779	231.366
8780	231.25
8781	231.135
8782	231.019
8783	230.903
8784	230.788
8785	230.672
8786	230.556
8787	230.441
8788	230.326
8789	230.21
8790	230.095
8791	229.98
8792	229.864
8793	229.749
8794	229.634
8795	229.519
8796	229.404
8797	229.289
8798	229.174
8799	229.059
8800	228.945
8801	228.83
8802	228.715
8803	228.6
8804	228.486
8805	228.371
8806	228.257
8807	228.142
8808	228.028
8809	227.914
8810	227.799
8811	227.685
8812	227.571
8813	227.457
8814	227.343
8815	227.228
8816	227.114
8817	227.001
8818	226.887
8819	226.773
8820	226.659
8821	226.545
8822	226.431
8823	226.318
8824	226.204
8825	226.091
8826	225.977
8827	225.864
8828	225.75
8829	225.637
8830	225.524
8831	225.41
8832	225.297
8833	225.184
8834	225.071
8835	224.958
8836	224.845
8837	224.732
8838	224.619
8839	224.506
8840	224.393
8841	224.281
8842	224.168
8843	224.055
8844	223.943
8845	223.83
8846	223.718
8847	223.605
8848	223.493
8849	223.38
8850	223.268
8851	223.156
8852	223.044
8853	222.931
8854	222.819
8855	222.707
8856	222.595
8857	222.483
8858	222.371
8859	222.26
8860	222.148
8861	222.036
8862	221.924
8863	221.813
8864	221.701
8865	221.589
8866	221.478
8867	221.366
8868	221.255
8869	221.144
8870	221.032
8871	220.921
8872	220.81
8873	220.699
8874	220.588
8875	220.476
8876	220.365
8877	220.254
8878	220.144
8879	220.033
8880	219.922
8881	219.811
8882	219.7
8883	219.59
8884	219.479
8885	219.368
8886	219.258
8887	219.147
8888	219.037
8889	218.927
8890	218.816
8891	218.706
8892	218.596
8893	218.486
8894	218.375
8895	218.265
8896	218.155
8897	218.045
8898	217.935
8899	217.825
8900	217.716
8901	217.606
8902	217.496
8903	217.386
8904	217.277
8905	217.167
8906	217.058
8907	216.948
8908	216.839
8909	216.729
8910	216.62
8911	216.511
8912	216.401
8913	216.292
8914	216.183
8915	216.074
8916	215.965
8917	215.856
8918	215.747
8919	215.638
8920	215.529
8921	215.42
8922	215.311
8923	215.203
8924	215.094
8925	214.985
8926	214.877
8927	214.768
8928	214.66
8929	214.551
8930	214.443
8931	214.334
8932	214.226
8933	214.118
8934	214.01
8935	213.902
8936	213.793
8937	213.685
8938	213.577
8939	213.469
8940	213.362
8941	213.254
8942	213.146
8943	213.038
8944	212.93
8945	212.823
8946	212.715
8947	212.608
8948	212.5
8949	212.393
8950	212.285
8951	212.178
8952	212.07
8953	211.963
8954	211.856
8955	211.749
8956	211.642
8957	211.534
8958	211.427
8959	211.32
8960	211.214
8961	211.107
8962	211
8963	210.893
8964	210.786
8965	210.679
8966	210.573
8967	210.466
8968	210.36
8969	210.253
8970	210.147
8971	210.04
8972	209.934
8973	209.828
8974	209.721
8975	209.615
8976	209.509
8977	209.403
8978	209.297
8979	209.191
8980	209.085
8981	208.979
8982	208.873
8983	208.767
8984	208.661
8985	208.555
8986	208.45
8987	208.344
8988	208.238
8989	208.133
8990	208.027
8991	207.922
8992	207.816
8993	207.711
8994	207.606
8995	207.5
8996	207.395
8997	207.29
8998	207.185
8999	207.08
9000	206.975
9001	206.87
9002	206.765
9003	206.66
9004	206.555
9005	206.45
9006	206.345
9007	206.241
9008	206.136
9009	206.031
9010	205.927
9011	205.822
9012	205.718
9013	205.613
9014	205.509
9015	205.405
9016	205.3
9017	205.196
9018	205.092
9019	204.988
9020	204.884
9021	204.779
9022	204.675
9023	204.572
9024	204.468
9025	204.364
9026	204.26
9027	204.156
9028	204.052
9029	203.949
9030	203.845
9031	203.741
9032	203.638
9033	203.534
9034	203.431
9035	203.328
9036	203.224
9037	203.121
9038	203.018
9039	202.914
9040	202.811
9041	202.708
9042	202.605
9043	202.502
9044	202.399
9045	202.296
9046	202.193
9047	202.09
9048	201.988
9049	201.885
9050	201.782
9051	201.679
9052	201.577
9053	201.474
9054	201.372
9055	201.269
9056	201.167
9057	201.064
9058	200.962
9059	200.86
9060	200.757
9061	200.655
9062	200.553
9063	200.451
9064	200.349
9065	200.247
9066	200.145
9067	200.043
9068	199.941
9069	199.839
9070	199.738
9071	199.636
9072	199.534
9073	199.432
9074	199.331
9075	199.229
9076	199.128
9077	199.026
9078	198.925
9079	198.824
9080	198.722
9081	198.621
9082	198.52
9083	198.419
9084	198.317
9085	198.216
9086	198.115
9087	198.014
9088	197.913
9089	197.812
9090	197.712
9091	197.611
9092	197.51
9093	197.409
9094	197.308
9095	197.208
9096	197.107
9097	197.007
9098	196.906
9099	196.806
9100	196.705
9101	196.605
9102	196.505
9103	196.404
9104	196.304
9105	196.204
9106	196.104
9107	196.004
9108	195.904
9109	195.804
9110	195.704
9111	195.604
9112	195.504
9113	195.404
9114	195.304
9115	195.205
9116	195.105
9117	195.005
9118	194.906
9119	194.806
9120	194.707
9121	194.607
9122	194.508
9123	194.408
9124	194.309
9125	194.21
9126	194.111
9127	194.011
9128	193.912
9129	193.813
9130	193.714
9131	193.615
9132	193.516
9133	193.417
9134	193.318
9135	193.22
9136	193.121
9137	193.022
9138	192.923
9139	192.825
9140	192.726
9141	192.628
9142	192.529
9143	192.431
9144	192.332
9145	192.234
9146	192.135
9147	192.037
9148	191.939
9149	191.841
9150	191.743
9151	191.644
9152	191.546
9153	191.448
9154	191.35
9155	191.252
9156	191.155
9157	191.057
9158	190.959
9159	190.861
9160	190.763
9161	190.666
9162	190.568
9163	190.471
9164	190.373
9165	190.276
9166	190.178
9167	190.081
9168	189.983
9169	189.886
9170	189.789
9171	189.692
9172	189.594
9173	189.497
9174	189.4
9175	189.303
9176	189.206
9177	189.109
9178	189.012
9179	188.915
9180	188.819
9181	188.722
9182	188.625
9183	188.528
9184	188.432
9185	188.335
9186	188.239
9187	188.142
9188	188.046
9189	187.949
9190	187.853
9191	187.757
9192	187.66
9193	187.564
9194	187.468
9195	187.372
9196	187.276
9197	187.179
9198	187.083
9199	186.987
9200	186.892
9201	186.796
9202	186.7
9203	186.604
9204	186.508
9205	186.413
9206	186.317
9207	186.221
9208	186.126
9209	186.03
9210	185.935
9211	185.839
9212	185.744
9213	185.648
9214	185.553
9215	185.458
9216	185.363
9217	185.267
9218	185.172
9219	185.077
9220	184.982
9221	184.887
9222	184.792
9223	184.697
9224	184.602
9225	184.507
9226	184.413
9227	184.318
9228	184.223
9229	184.128
9230	184.034
9231	183.939
9232	183.845
9233	183.75
9234	183.656
9235	183.561
9236	183.467
9237	183.373
9238	183.278
9239	183.184
9240	183.09
9241	182.996
9242	182.902
9243	182.808
9244	182.714
9245	182.62
9246	182.526
9247	182.432
9248	182.338
9249	182.244
9250	182.15
9251	182.057
9252	181.963
9253	181.869
9254	181.776
9255	181.682
9256	181.589
9257	181.495
9258	181.402
9259	181.309
9260	181.215
9261	181.122
9262	181.029
9263	180.936
9264	180.842
9265	180.749
9266	180.656
9267	180.563
9268	180.47
9269	180.377
9270	180.284
9271	180.192
9272	180.099
9273	180.006
9274	179.913
9275	179.821
9276	179.728
9277	179.635
9278	179.543
9279	179.45
9280	179.358
9281	179.265
9282	179.173
9283	179.081
9284	178.988
9285	178.896
9286	178.804
9287	178.712
9288	178.62
9289	178.527
9290	178.435
9291	178.343
9292	178.251
9293	178.16
9294	178.068
9295	177.976
9296	177.884
9297	177.792
9298	177.701
9299	177.609
9300	177.517
9301	177.426
9302	177.334
9303	177.243
9304	177.151
9305	177.06
9306	176.968
9307	176.877
9308	176.786
9309	176.695
9310	176.603
9311	176.512
9312	176.421
9313	176.33
9314	176.239
9315	176.148
9316	176.057
9317	175.966
9318	175.875
9319	175.785
9320	175.694
9321	175.603
9322	175.512
9323	175.422
9324	175.331
9325	175.241
9326	175.15
9327	175.06
9328	174.969
9329	174.879
9330	174.788
9331	174.698
9332	174.608
9333	174.518
9334	174.427
9335	174.337
9336	174.247
9337	174.157
9338	174.067
9339	173.977
9340	173.887
9341	173.797
9342	173.707
9343	173.618
9344	173.528
9345	173.438
9346	173.348
9347	173.259
9348	173.169
9349	173.08
9350	172.99
9351	172.901
9352	172.811
9353	172.722
9354	172.632
9355	172.543
9356	172.454
9357	172.365
9358	172.275
9359	172.186
9360	172.097
9361	172.008
9362	171.919
9363	171.83
9364	171.741
9365	171.652
9366	171.563
9367	171.475
9368	171.386
9369	171.297
9370	171.208
9371	171.12
9372	171.031
9373	170.943
9374	170.854
9375	170.765
9376	170.677
9377	170.589
9378	170.5
9379	170.412
9380	170.324
9381	170.235
9382	170.147
9383	170.059
9384	169.971
9385	169.883
9386	169.795
9387	169.707
9388	169.619
9389	169.531
9390	169.443
9391	169.355
9392	169.268
9393	169.18
9394	169.092
9395	169.004
9396	168.917
9397	168.829
9398	168.742
9399	168.654
9400	168.567
9401	168.479
9402	168.392
9403	168.305
9404	168.217
9405	168.13
9406	168.043
9407	167.956
9408	167.869
9409	167.781
9410	167.694
9411	167.607
9412	167.52
9413	167.433
9414	167.347
9415	167.26
9416	167.173
9417	167.086
9418	166.999
9419	166.913
9420	166.826
9421	166.739
9422	166.653
9423	166.566
9424	166.48
9425	166.393
9426	166.307
9427	166.221
9428	166.134
9429	166.048
9430	165.962
9431	165.876
9432	165.789
9433	165.703
9434	165.617
9435	165.531
9436	165.445
9437	165.359
9438	165.273
9439	165.187
9440	165.102
9441	165.016
9442	164.93
9443	164.844
9444	164.759
9445	164.673
9446	164.587
9447	164.502
9448	164.416
9449	164.331
9450	164.245
9451	164.16
9452	164.075
9453	163.989
9454	163.904
9455	163.819
9456	163.734
9457	163.649
9458	163.563
9459	163.478
9460	163.393
9461	163.308
9462	163.223
9463	163.138
9464	163.054
9465	162.969
9466	162.884
9467	162.799
9468	162.714
9469	162.63
9470	162.545
9471	162.461
9472	162.376
9473	162.291
9474	162.207
9475	162.123
9476	162.038
9477	161.954
9478	161.869
9479	161.785
9480	161.701
9481	161.617
9482	161.533
9483	161.448
9484	161.364
9485	161.28
9486	161.196
9487	161.112
9488	161.028
9489	160.945
9490	160.861
9491	160.777
9492	160.693
9493	160.609
9494	160.526
9495	160.442
9496	160.358
9497	160.275
9498	160.191
9499	160.108
9500	160.024
9501	159.941
9502	159.858
9503	159.774
9504	159.691
9505	159.608
9506	159.524
9507	159.441
9508	159.358
9509	159.275
9510	159.192
9511	159.109
9512	159.026
9513	158.943
9514	158.86
9515	158.777
9516	158.694
9517	158.612
9518	158.529
9519	158.446
9520	158.364
9521	158.281
9522	158.198
9523	158.116
9524	158.033
9525	157.951
9526	157.868
9527	157.786
9528	157.704
9529	157.621
9530	157.539
9531	157.457
9532	157.374
9533	157.292
9534	157.21
9535	157.128
9536	157.046
9537	156.964
9538	156.882
9539	156.8
9540	156.718
9541	156.636
9542	156.555
9543	156.473
9544	156.391
9545	156.309
9546	156.228
9547	156.146
9548	156.064
9549	155.983
9550	155.901
9551	155.82
9552	155.739
9553	155.657
9554	155.576
9555	155.494
9556	155.413
9557	155.332
9558	155.251
9559	155.17
9560	155.088
9561	155.007
9562	154.926
9563	154.845
9564	154.764
9565	154.683
9566	154.603
9567	154.522
9568	154.441
9569	154.36
9570	154.279
9571	154.199
9572	154.118
9573	154.037
9574	153.957
9575	153.876
9576	153.796
9577	153.715
9578	153.635
9579	153.554
9580	153.474
9581	153.394
9582	153.313
9583	153.233
9584	153.153
9585	153.073
9586	152.993
9587	152.913
9588	152.833
9589	152.753
9590	152.673
9591	152.593
9592	152.513
9593	152.433
9594	152.353
9595	152.273
9596	152.193
9597	152.114
9598	152.034
9599	151.954
9600	151.875
9601	151.795
9602	151.716
9603	151.636
9604	151.557
9605	151.477
9606	151.398
9607	151.319
9608	151.239
9609	151.16
9610	151.081
9611	151.002
9612	150.923
9613	150.844
9614	150.764
9615	150.685
9616	150.606
9617	150.527
9618	150.449
9619	150.37
9620	150.291
9621	150.212
9622	150.133
9623	150.054
9624	149.976
9625	149.897
9626	149.819
9627	149.74
9628	149.661
9629	149.583
9630	149.504
9631	149.426
9632	149.348
9633	149.269
9634	149.191
9635	149.113
9636	149.034
9637	148.956
9638	148.878
9639	148.8
9640	148.722
9641	148.644
9642	148.566
9643	148.488
9644	148.41
9645	148.332
9646	148.254
9647	148.176
9648	148.098
9649	148.021
9650	147.943
9651	147.865
9652	147.787
9653	147.71
9654	147.632
9655	147.555
9656	147.477
9657	147.4
9658	147.322
9659	147.245
9660	147.168
9661	147.09
9662	147.013
9663	146.936
9664	146.858
9665	146.781
9666	146.704
9667	146.627
9668	146.55
9669	146.473
9670	146.396
9671	146.319
9672	146.242
9673	146.165
9674	146.088
9675	146.012
9676	145.935
9677	145.858
9678	145.781
9679	145.705
9680	145.628
9681	145.552
9682	145.475
9683	145.398
9684	145.322
9685	145.246
9686	145.169
9687	145.093
9688	145.016
9689	144.94
9690	144.864
9691	144.788
9692	144.711
9693	144.635
9694	144.559
9695	144.483
9696	144.407
9697	144.331
9698	144.255
9699	144.179
9700	144.103
9701	144.027
9702	143.952
9703	143.876
9704	143.8
9705	143.724
9706	143.649
9707	143.573
9708	143.497
9709	143.422
9710	143.346
9711	143.271
9712	143.195
9713	143.12
9714	143.045
9715	142.969
9716	142.894
9717	142.819
9718	142.743
9719	142.668
9720	142.593
9721	142.518
9722	142.443
9723	142.368
9724	142.293
9725	142.218
9726	142.143
9727	142.068
9728	141.993
9729	141.918
9730	141.843
9731	141.769
9732	141.694
9733	141.619
9734	141.544
9735	141.47
9736	141.395
9737	141.321
9738	141.246
9739	141.172
9740	141.097
9741	141.023
9742	140.948
9743	140.874
9744	140.8
9745	140.726
9746	140.651
9747	140.577
9748	140.503
9749	140.429
9750	140.355
9751	140.281
9752	140.207
9753	140.133
9754	140.059
9755	139.985
9756	139.911
9757	139.837
9758	139.763
9759	139.689
9760	139.616
9761	139.542
9762	139.468
9763	139.395
9764	139.321
9765	139.248
9766	139.174
9767	139.101
9768	139.027
9769	138.954
9770	138.88
9771	138.807
9772	138.734
9773	138.66
9774	138.587
9775	138.514
9776	138.441
9777	138.368
9778	138.294
9779	138.221
9780	138.148
9781	138.075
9782	138.002
9783	137.929
9784	137.857
9785	137.784
9786	137.711
9787	137.638
9788	137.565
9789	137.493
9790	137.42
9791	137.347
9792	137.275
9793	137.202
9794	137.13
9795	137.057
9796	136.985
9797	136.912
9798	136.84
9799	136.767
9800	136.695
9801	136.623
9802	136.55
9803	136.478
9804	136.406
9805	136.334
9806	136.262
9807	136.19
9808	136.118
9809	136.046
9810	135.974
9811	135.902
9812	135.83
9813	135.758
9814	135.686
9815	135.614
9816	135.542
9817	135.471
9818	135.399
9819	135.327
9820	135.256
9821	135.184
9822	135.113
9823	135.041
9824	134.97
9825	134.898
9826	134.827
9827	134.755
9828	134.684
9829	134.613
9830	134.541
9831	134.47
9832	134.399
9833	134.328
9834	134.256
9835	134.185
9836	134.114
9837	134.043
9838	133.972
9839	133.901
9840	133.83
9841	133.759
9842	133.688
9843	133.618
9844	133.547
9845	133.476
9846	133.405
9847	133.335
9848	133.264
9849	133.193
9850	133.123
9851	133.052
9852	132.982
9853	132.911
9854	132.841
9855	132.77
9856	132.7
9857	132.629
9858	132.559
9859	132.489
9860	132.418
9861	132.348
9862	132.278
9863	132.208
9864	132.138
9865	132.068
9866	131.998
9867	131.928
9868	131.858
9869	131.788
9870	131.718
9871	131.648
9872	131.578
9873	131.508
9874	131.438
9875	131.369
9876	131.299
9877	131.229
9878	131.16
9879	131.09
9880	131.02
9881	130.951
9882	130.881
9883	130.812
9884	130.742
9885	130.673
9886	130.604
9887	130.534
9888	130.465
9889	130.396
9890	130.326
9891	130.257
9892	130.188
9893	130.119
9894	130.05
9895	129.981
9896	129.912
9897	129.843
9898	129.774
9899	129.705
9900	129.636
9901	129.567
9902	129.498
9903	129.429
9904	129.36
9905	129.292
9906	129.223
9907	129.154
9908	129.086
9909	129.017
9910	128.948
9911	128.88
9912	128.811
9913	128.743
9914	128.674
9915	128.606
9916	128.538
9917	128.469
9918	128.401
9919	128.333
9920	128.264
9921	128.196
9922	128.128
9923	128.06
9924	127.992
9925	127.924
9926	127.856
9927	127.788
9928	127.72
9929	127.652
9930	127.584
9931	127.516
9932	127.448
9933	127.38
9934	127.313
9935	127.245
9936	127.177
9937	127.109
9938	127.042
9939	126.974
9940	126.907
9941	126.839
9942	126.771
9943	126.704
9944	126.637
9945	126.569
9946	126.502
9947	126.434
9948	126.367
9949	126.3
9950	126.233
9951	126.165
9952	126.098
9953	126.031
9954	125.964
9955	125.897
9956	125.83
9957	125.763
9958	125.696
9959	125.629
9960	125.562
9961	125.495
9962	125.428
9963	125.361
9964	125.294
9965	125.228
9966	125.161
9967	125.094
9968	125.028
9969	124.961
9970	124.894
9971	124.828
9972	124.761
9973	124.695
9974	124.628
9975	124.562
9976	124.495
9977	124.429
9978	124.363
9979	124.296
9980	124.23
9981	124.164
9982	124.098
9983	124.031
9984	123.965
9985	123.899
9986	123.833
9987	123.767
9988	123.701
9989	123.635
9990	123.569
9991	123.503
9992	123.437
9993	123.371
9994	123.306
9995	123.24
9996	123.174
9997	123.108
9998	123.043
9999	122.977
10000	122.911
10001	122.846
10002	122.78
10003	122.715
10004	122.649
10005	122.584
10006	122.518
10007	122.453
10008	122.387
10009	122.322
10010	122.257
10011	122.192
10012	122.126
10013	122.061
10014	121.996
10015	121.931
10016	121.866
10017	121.801
10018	121.735
10019	121.67
10020	121.605
10021	121.541
10022	121.476
10023	121.411
10024	121.346
10025	121.281
10026	121.216
10027	121.151
10028	121.087
10029	121.022
10030	120.957
10031	120.893
10032	120.828
10033	120.764
10034	120.699
10035	120.634
10036	120.57
10037	120.506
10038	120.441
10039	120.377
10040	120.312
10041	120.248
10042	120.184
10043	120.119
10044	120.055
10045	119.991
10046	119.927
10047	119.863
10048	119.799
10049	119.735
10050	119.671
10051	119.607
10052	119.543
10053	119.479
10054	119.415
10055	119.351
10056	119.287
10057	119.223
10058	119.159
10059	119.096
10060	119.032
10061	118.968
10062	118.904
10063	118.841
10064	118.777
10065	118.714
10066	118.65
10067	118.587
10068	118.523
10069	118.46
10070	118.396
10071	118.333
10072	118.27
10073	118.206
10074	118.143
10075	118.08
10076	118.016
10077	117.953
10078	117.89
10079	117.827
10080	117.764
10081	117.701
10082	117.638
10083	117.575
10084	117.512
10085	117.449
10086	117.386
10087	117.323
10088	117.26
10089	117.197
10090	117.135
10091	117.072
10092	117.009
10093	116.946
10094	116.884
10095	116.821
10096	116.758
10097	116.696
10098	116.633
10099	116.571
10100	116.508
10101	116.446
10102	116.383
10103	116.321
10104	116.259
10105	116.196
10106	116.134
10107	116.072
10108	116.01
10109	115.947
10110	115.885
10111	115.823
10112	115.761
10113	115.699
10114	115.637
10115	115.575
10116	115.513
10117	115.451
10118	115.389
10119	115.327
10120	115.265
10121	115.203
10122	115.142
10123	115.08
10124	115.018
10125	114.956
10126	114.895
10127	114.833
10128	114.771
10129	114.71
10130	114.648
10131	114.587
10132	114.525
10133	114.464
10134	114.402
10135	114.341
10136	114.279
10137	114.218
10138	114.157
10139	114.095
10140	114.034
10141	113.973
10142	113.912
10143	113.851
10144	113.789
10145	113.728
10146	113.667
10147	113.606
10148	113.545
10149	113.484
10150	113.423
10151	113.362
10152	113.301
10153	113.241
10154	113.18
10155	113.119
10156	113.058
10157	112.997
10158	112.937
10159	112.876
10160	112.815
10161	112.755
10162	112.694
10163	112.633
10164	112.573
10165	112.512
10166	112.452
10167	112.392
10168	112.331
10169	112.271
10170	112.21
10171	112.15
10172	112.09
10173	112.029
10174	111.969
10175	111.909
10176	111.849
10177	111.789
10178	111.729
10179	111.668
10180	111.608
10181	111.548
10182	111.488
10183	111.428
10184	111.368
10185	111.309
10186	111.249
10187	111.189
10188	111.129
10189	111.069
10190	111.009
10191	110.95
10192	110.89
10193	110.83
10194	110.771
10195	110.711
10196	110.652
10197	110.592
10198	110.532
10199	110.473
10200	110.413
10201	110.354
10202	110.295
10203	110.235
10204	110.176
10205	110.117
10206	110.057
10207	109.998
10208	109.939
10209	109.88
10210	109.82
10211	109.761
10212	109.702
10213	109.643
10214	109.584
10215	109.525
10216	109.466
10217	109.407
10218	109.348
10219	109.289
10220	109.23
10221	109.171
10222	109.113
10223	109.054
10224	108.995
10225	108.936
10226	108.878
10227	108.819
10228	108.76
10229	108.702
10230	108.643
10231	108.585
10232	108.526
10233	108.468
10234	108.409
10235	108.351
10236	108.292
10237	108.234
10238	108.176
10239	108.117
10240	108.059
10241	108.001
10242	107.942
10243	107.884
10244	107.826
10245	107.768
10246	107.71
10247	107.652
10248	107.594
10249	107.536
10250	107.478
10251	107.42
10252	107.362
10253	107.304
10254	107.246
10255	107.188
10256	107.13
10257	107.072
10258	107.015
10259	106.957
10260	106.899
10261	106.841
10262	106.784
10263	106.726
10264	106.668
10265	106.611
10266	106.553
10267	106.496
10268	106.438
10269	106.381
10270	106.323
10271	106.266
10272	106.209
10273	106.151
10274	106.094
10275	106.037
10276	105.98
10277	105.922
10278	105.865
10279	105.808
10280	105.751
10281	105.694
10282	105.637
10283	105.579
10284	105.522
10285	105.465
10286	105.408
10287	105.352
10288	105.295
10289	105.238
10290	105.181
10291	105.124
10292	105.067
10293	105.01
10294	104.954
10295	104.897
10296	104.84
10297	104.784
10298	104.727
10299	104.67
10300	104.614
10301	104.557
10302	104.501
10303	104.444
10304	104.388
10305	104.331
10306	104.275
10307	104.219
10308	104.162
10309	104.106
10310	104.05
10311	103.993
10312	103.937
10313	103.881
10314	103.825
10315	103.769
10316	103.712
10317	103.656
10318	103.6
10319	103.544
10320	103.488
10321	103.432
10322	103.376
10323	103.32
10324	103.264
10325	103.209
10326	103.153
10327	103.097
10328	103.041
10329	102.985
10330	102.93
10331	102.874
10332	102.818
10333	102.763
10334	102.707
10335	102.651
10336	102.596
10337	102.54
10338	102.485
10339	102.429
10340	102.374
10341	102.318
10342	102.263
10343	102.208
10344	102.152
10345	102.097
10346	102.042
10347	101.986
10348	101.931
10349	101.876
10350	101.821
10351	101.766
10352	101.711
10353	101.655
10354	101.6
10355	101.545
10356	101.49
10357	101.435
10358	101.38
10359	101.325
10360	101.271
10361	101.216
10362	101.161
10363	101.106
10364	101.051
10365	100.996
10366	100.942
10367	100.887
10368	100.832
10369	100.778
10370	100.723
10371	100.668
10372	100.614
10373	100.559
10374	100.505
10375	100.45
10376	100.396
10377	100.341
10378	100.287
10379	100.233
10380	100.178
10381	100.124
10382	100.07
10383	100.015
10384	99.9612
10385	99.9069
10386	99.8528
10387	99.7986
10388	99.7445
10389	99.6903
10390	99.6363
10391	99.5822
10392	99.5282
10393	99.4742
10394	99.4202
10395	99.3663
10396	99.3124
10397	99.2585
10398	99.2046
10399	99.1508
10400	99.097
10401	99.0432
10402	98.9894
10403	98.9357
10404	98.882
10405	98.8283
10406	98.7747
10407	98.721
10408	98.6675
10409	98.6139
10410	98.5603
10411	98.5068
10412	98.4533
10413	98.3999
10414	98.3465
10415	98.2931
10416	98.2397
10417	98.1863
10418	98.133
10419	98.0797
10420	98.0264
10421	97.9732
10422	97.92
10423	97.8668
10424	97.8136
10425	97.7605
10426	97.7074
10427	97.6543
10428	97.6012
10429	97.5482
10430	97.4952
10431	97.4422
10432	97.3893
10433	97.3364
10434	97.2835
10435	97.2306
10436	97.1777
10437	97.1249
10438	97.0721
10439	97.0194
10440	96.9666
10441	96.9139
10442	96.8613
10443	96.8086
10444	96.756
10445	96.7034
10446	96.6508
10447	96.5982
10448	96.5457
10449	96.4932
10450	96.4407
10451	96.3883
10452	96.3359
10453	96.2835
10454	96.2311
10455	96.1788
10456	96.1265
10457	96.0742
10458	96.0219
10459	95.9697
10460	95.9175
10461	95.8653
10462	95.8132
10463	95.761
10464	95.7089
10465	95.6569
10466	95.6048
10467	95.5528
10468	95.5008
10469	95.4488
10470	95.3969
10471	95.345
10472	95.2931
10473	95.2412
10474	95.1894
10475	95.1375
10476	95.0858
10477	95.034
10478	94.9823
10479	94.9306
10480	94.8789
10481	94.8272
10482	94.7756
10483	94.724
10484	94.6724
10485	94.6209
10486	94.5693
10487	94.5178
10488	94.4664
10489	94.4149
10490	94.3635
10491	94.3121
10492	94.2607
10493	94.2094
10494	94.1581
10495	94.1068
10496	94.0555
10497	94.0043
10498	93.9531
10499	93.9019
10500	93.8507
10501	93.7996
10502	93.7485
10503	93.6974
10504	93.6463
10505	93.5953
10506	93.5443
10507	93.4933
10508	93.4424
10509	93.3914
10510	93.3405
10511	93.2896
10512	93.2388
10513	93.188
10514	93.1372
10515	93.0864
10516	93.0356
10517	92.9849
10518	92.9342
10519	92.8836
10520	92.8329
10521	92.7823
10522	92.7317
10523	92.6811
10524	92.6306
10525	92.5801
10526	92.5296
10527	92.4791
10528	92.4287
10529	92.3782
10530	92.3279
10531	92.2775
10532	92.2272
10533	92.1768
10534	92.1266
10535	92.0763
10536	92.0261
10537	91.9758
10538	91.9257
10539	91.8755
10540	91.8254
10541	91.7753
10542	91.7252
10543	91.6751
10544	91.6251
10545	91.5751
10546	91.5251
10547	91.4751
10548	91.4252
10549	91.3753
10550	91.3254
10551	91.2756
10552	91.2257
10553	91.1759
10554	91.1261
10555	91.0764
10556	91.0267
10557	90.977
10558	90.9273
10559	90.8776
10560	90.828
10561	90.7784
10562	90.7288
10563	90.6793
10564	90.6297
10565	90.5802
10566	90.5308
10567	90.4813
10568	90.4319
10569	90.3825
10570	90.3331
10571	90.2837
10572	90.2344
10573	90.1851
10574	90.1358
10575	90.0866
10576	90.0374
10577	89.9882
10578	89.939
10579	89.8898
10580	89.8407
10581	89.7916
10582	89.7425
10583	89.6935
10584	89.6444
10585	89.5954
10586	89.5465
10587	89.4975
10588	89.4486
10589	89.3997
10590	89.3508
10591	89.302
10592	89.2531
10593	89.2043
10594	89.1556
10595	89.1068
10596	89.0581
10597	89.0094
10598	88.9607
10599	88.912
10600	88.8634
10601	88.8148
10602	88.7662
10603	88.7177
10604	88.6691
10605	88.6206
10606	88.5722
10607	88.5237
10608	88.4753
10609	88.4269
10610	88.3785
10611	88.3301
10612	88.2818
10613	88.2335
10614	88.1852
10615	88.1369
10616	88.0887
10617	88.0405
10618	87.9923
10619	87.9441
10620	87.896
10621	87.8479
10622	87.7998
10623	87.7517
10624	87.7037
10625	87.6557
10626	87.6077
10627	87.5597
10628	87.5118
10629	87.4639
10630	87.416
10631	87.3681
10632	87.3203
10633	87.2725
10634	87.2247
10635	87.1769
10636	87.1292
10637	87.0814
10638	87.0337
10639	86.9861
10640	86.9384
10641	86.8908
10642	86.8432
10643	86.7956
10644	86.7481
10645	86.7006
10646	86.6531
10647	86.6056
10648	86.5581
10649	86.5107
10650	86.4633
10651	86.4159
10652	86.3686
10653	86.3212
10654	86.2739
10655	86.2266
10656	86.1794
10657	86.1321
10658	86.0849
10659	86.0377
10660	85.9906
10661	85.9434
10662	85.8963
10663	85.8492
10664	85.8022
10665	85.7551
10666	85.7081
10667	85.6611
10668	85.6141
10669	85.5672
10670	85.5203
10671	85.4734
10672	85.4265
10673	85.3796
10674	85.3328
10675	85.286
10676	85.2392
10677	85.1925
10678	85.1457
10679	85.099
10680	85.0524
10681	85.0057
10682	84.9591
10683	84.9124
10684	84.8659
10685	84.8193
10686	84.7728
10687	84.7262
10688	84.6797
10689	84.6333
10690	84.5868
10691	84.5404
10692	84.494
10693	84.4476
10694	84.4013
10695	84.355
10696	84.3087
10697	84.2624
10698	84.2161
10699	84.1699
10700	84.1237
10701	84.0775
10702	84.0313
10703	83.9852
10704	83.9391
10705	83.893
10706	83.8469
10707	83.8009
10708	83.7549
10709	83.7089
10710	83.6629
10711	83.617
10712	83.571
10713	83.5251
10714	83.4793
10715	83.4334
10716	83.3876
10717	83.3418
10718	83.296
10719	83.2502
10720	83.2045
10721	83.1588
10722	83.1131
10723	83.0674
10724	83.0218
10725	82.9761
10726	82.9306
10727	82.885
10728	82.8394
10729	82.7939
10730	82.7484
10731	82.7029
10732	82.6575
10733	82.612
10734	82.5666
10735	82.5212
10736	82.4759
10737	82.4305
10738	82.3852
10739	82.3399
10740	82.2947
10741	82.2494
10742	82.2042
10743	82.159
10744	82.1138
10745	82.0687
10746	82.0235
10747	81.9784
10748	81.9333
10749	81.8883
10750	81.8432
10751	81.7982
10752	81.7532
10753	81.7083
10754	81.6633
10755	81.6184
10756	81.5735
10757	81.5286
10758	81.4838
10759	81.4389
10760	81.3941
10761	81.3493
10762	81.3046
10763	81.2598
10764	81.2151
10765	81.1704
10766	81.1258
10767	81.0811
10768	81.0365
10769	80.9919
10770	80.9473
10771	80.9028
10772	80.8582
10773	80.8137
10774	80.7692
10775	80.7248
10776	80.6803
10777	80.6359
10778	80.5915
10779	80.5471
10780	80.5028
10781	80.4585
10782	80.4142
10783	80.3699
10784	80.3256
10785	80.2814
10786	80.2372
10787	80.193
10788	80.1488
10789	80.1047
10790	80.0606
10791	80.0165
10792	79.9724
10793	79.9283
10794	79.8843
10795	79.8403
10796	79.7963
10797	79.7523
10798	79.7084
10799	79.6645
10800	79.6206
10801	79.5767
10802	79.5329
10803	79.489
10804	79.4452
10805	79.4015
10806	79.3577
10807	79.314
10808	79.2703
10809	79.2266
10810	79.1829
10811	79.1392
10812	79.0956
10813	79.052
10814	79.0084
10815	78.9649
10816	78.9213
10817	78.8778
10818	78.8343
10819	78.7909
10820	78.7474
10821	78.704
10822	78.6606
10823	78.6172
10824	78.5739
10825	78.5305
10826	78.4872
10827	78.4439
10828	78.4007
10829	78.3574
10830	78.3142
10831	78.271
10832	78.2278
10833	78.1847
10834	78.1416
10835	78.0984
10836	78.0554
10837	78.0123
10838	77.9693
10839	77.9262
10840	77.8832
10841	77.8403
10842	77.7973
10843	77.7544
10844	77.7115
10845	77.6686
10846	77.6257
10847	77.5829
10848	77.54
10849	77.4972
10850	77.4545
10851	77.4117
10852	77.369
10853	77.3263
10854	77.2836
10855	77.2409
10856	77.1983
10857	77.1556
10858	77.113
10859	77.0705
10860	77.0279
10861	76.9854
10862	76.9429
10863	76.9004
10864	76.8579
10865	76.8155
10866	76.773
10867	76.7306
10868	76.6882
10869	76.6459
10870	76.6035
10871	76.5612
10872	76.5189
10873	76.4767
10874	76.4344
10875	76.3922
10876	76.35
10877	76.3078
10878	76.2656
10879	76.2235
10880	76.1814
10881	76.1393
10882	76.0972
10883	76.0552
10884	76.0131
10885	75.9711
10886	75.9291
10887	75.8872
10888	75.8452
10889	75.8033
10890	75.7614
10891	75.7195
10892	75.6776
10893	75.6358
10894	75.594
10895	75.5522
10896	75.5104
10897	75.4687
10898	75.427
10899	75.3852
10900	75.3436
10901	75.3019
10902	75.2603
10903	75.2186
10904	75.177
10905	75.1355
10906	75.0939
10907	75.0524
10908	75.0109
10909	74.9694
10910	74.9279
10911	74.8864
10912	74.845
10913	74.8036
10914	74.7622
10915	74.7209
10916	74.6795
10917	74.6382
10918	74.5969
10919	74.5556
10920	74.5144
10921	74.4731
10922	74.4319
10923	74.3907
10924	74.3496
10925	74.3084
10926	74.2673
10927	74.2262
10928	74.1851
10929	74.144
10930	74.103
10931	74.062
10932	74.021
10933	73.98
10934	73.939
10935	73.8981
10936	73.8572
10937	73.8163
10938	73.7754
10939	73.7346
10940	73.6937
10941	73.6529
10942	73.6121
10943	73.5714
10944	73.5306
10945	73.4899
10946	73.4492
10947	73.4085
10948	73.3679
10949	73.3272
10950	73.2866
10951	73.246
10952	73.2054
10953	73.1649
10954	73.1243
10955	73.0838
10956	73.0433
10957	73.0029
10958	72.9624
10959	72.922
10960	72.8816
10961	72.8412
10962	72.8008
10963	72.7605
10964	72.7202
10965	72.6799
10966	72.6396
10967	72.5993
10968	72.5591
10969	72.5189
10970	72.4787
10971	72.4385
10972	72.3983
10973	72.3582
10974	72.3181
10975	72.278
10976	72.2379
10977	72.1979
10978	72.1578
10979	72.1178
10980	72.0778
10981	72.0379
10982	71.9979
10983	71.958
10984	71.9181
10985	71.8782
10986	71.8383
10987	71.7985
10988	71.7587
10989	71.7188
10990	71.6791
10991	71.6393
10992	71.5996
10993	71.5598
10994	71.5201
10995	71.4805
10996	71.4408
10997	71.4012
10998	71.3615
10999	71.322
11000	71.2824
11001	71.2428
11002	71.2033
11003	71.1638
11004	71.1243
11005	71.0848
11006	71.0454
11007	71.0059
11008	70.9665
11009	70.9271
11010	70.8877
11011	70.8484
11012	70.8091
11013	70.7698
11014	70.7305
11015	70.6912
11016	70.652
11017	70.6127
11018	70.5735
11019	70.5343
11020	70.4952
11021	70.456
11022	70.4169
11023	70.3778
11024	70.3387
11025	70.2996
11026	70.2606
11027	70.2216
11028	70.1826
11029	70.1436
11030	70.1046
11031	70.0657
11032	70.0268
11033	69.9879
11034	69.949
11035	69.9101
11036	69.8713
11037	69.8325
11038	69.7937
11039	69.7549
11040	69.7161
11041	69.6774
11042	69.6387
11043	69.6
11044	69.5613
11045	69.5226
11046	69.484
11047	69.4454
11048	69.4068
11049	69.3682
11050	69.3296
11051	69.2911
11052	69.2526
11053	69.2141
11054	69.1756
11055	69.1372
11056	69.0987
11057	69.0603
11058	69.0219
11059	68.9835
11060	68.9452
11061	68.9068
11062	68.8685
11063	68.8302
11064	68.7919
11065	68.7537
11066	68.7155
11067	68.6772
11068	68.639
11069	68.6009
11070	68.5627
11071	68.5246
11072	68.4864
11073	68.4484
11074	68.4103
11075	68.3722
11076	68.3342
11077	68.2962
11078	68.2582
11079	68.2202
11080	68.1822
11081	68.1443
11082	68.1064
11083	68.0685
11084	68.0306
11085	67.9927
11086	67.9549
11087	67.9171
11088	67.8793
11089	67.8415
11090	67.8037
11091	67.766
11092	67.7283
11093	67.6906
11094	67.6529
11095	67.6152
11096	67.5776
11097	67.54
11098	67.5024
11099	67.4648
11100	67.4272
11101	67.3897
11102	67.3521
11103	67.3146
11104	67.2772
11105	67.2397
11106	67.2022
11107	67.1648
11108	67.1274
11109	67.09
11110	67.0527
11111	67.0153
11112	66.978
11113	66.9407
11114	66.9034
11115	66.8661
11116	66.8289
11117	66.7916
11118	66.7544
11119	66.7172
11120	66.6801
11121	66.6429
11122	66.6058
11123	66.5687
11124	66.5316
11125	66.4945
11126	66.4574
11127	66.4204
11128	66.3834
11129	66.3464
11130	66.3094
11131	66.2725
11132	66.2355
11133	66.1986
11134	66.1617
11135	66.1248
11136	66.088
11137	66.0511
11138	66.0143
11139	65.9775
11140	65.9407
11141	65.9039
11142	65.8672
11143	65.8305
11144	65.7938
11145	65.7571
11146	65.7204
11147	65.6838
11148	65.6471
11149	65.6105
11150	65.5739
11151	65.5373
11152	65.5008
11153	65.4643
11154	65.4277
11155	65.3912
11156	65.3548
11157	65.3183
11158	65.2819
11159	65.2455
11160	65.2091
11161	65.1727
11162	65.1363
11163	65.1
11164	65.0636
11165	65.0273
11166	64.9911
11167	64.9548
11168	64.9185
11169	64.8823
11170	64.8461
11171	64.8099
11172	64.7737
11173	64.7376
11174	64.7014
11175	64.6653
11176	64.6292
11177	64.5932
11178	64.5571
11179	64.5211
11180	64.485
11181	64.449
11182	64.4131
11183	64.3771
11184	64.3412
11185	64.3052
11186	64.2693
11187	64.2334
11188	64.1976
11189	64.1617
11190	64.1259
11191	64.0901
11192	64.0543
11193	64.0185
11194	63.9827
11195	63.947
11196	63.9113
11197	63.8756
11198	63.8399
11199	63.8042
11200	63.7686
11201	63.733
11202	63.6974
11203	63.6618
11204	63.6262
11205	63.5907
11206	63.5551
11207	63.5196
11208	63.4841
11209	63.4487
11210	63.4132
11211	63.3778
11212	63.3423
11213	63.3069
11214	63.2716
11215	63.2362
11216	63.2009
11217	63.1655
11218	63.1302
11219	63.0949
11220	63.0597
11221	63.0244
11222	62.9892
11223	62.954
11224	62.9188
11225	62.8836
11226	62.8484
11227	62.8133
11228	62.7782
11229	62.7431
11230	62.708
11231	62.6729
11232	62.6379
11233	62.6028
11234	62.5678
11235	62.5328
11236	62.4979
11237	62.4629
11238	62.428
11239	62.393
11240	62.3581
11241	62.3233
11242	62.2884
11243	62.2536
11244	62.2187
11245	62.1839
11246	62.1491
11247	62.1144
11248	62.0796
11249	62.0449
11250	62.0101
11251	61.9754
11252	61.9408
11253	61.9061
11254	61.8715
11255	61.8368
11256	61.8022
11257	61.7676
11258	61.7331
11259	61.6985
11260	61.664
11261	61.6295
11262	61.595
11263	61.5605
11264	61.526
11265	61.4916
11266	61.4572
11267	61.4227
11268	61.3884
11269	61.354
11270	61.3196
11271	61.2853
11272	61.251
11273	61.2167
11274	61.1824
11275	61.1481
11276	61.1139
11277	61.0797
11278	61.0455
11279	61.0113
11280	60.9771
11281	60.9429
11282	60.9088
11283	60.8747
11284	60.8406
11285	60.8065
11286	60.7724
11287	60.7384
11288	60.7044
11289	60.6704
11290	60.6364
11291	60.6024
11292	60.5684
11293	60.5345
11294	60.5006
11295	60.4667
11296	60.4328
11297	60.3989
11298	60.3651
11299	60.3312
11300	60.2974
11301	60.2636
11302	60.2299
11303	60.1961
11304	60.1624
11305	60.1286
11306	60.0949
11307	60.0612
11308	60.0276
11309	59.9939
11310	59.9603
11311	59.9267
11312	59.8931
11313	59.8595
11314	59.8259
11315	59.7924
11316	59.7589
11317	59.7253
11318	59.6918
11319	59.6584
11320	59.6249
11321	59.5915
11322	59.5581
11323	59.5247
11324	59.4913
11325	59.4579
11326	59.4245
11327	59.3912
11328	59.3579
11329	59.3246
11330	59.2913
11331	59.2581
11332	59.2248
11333	59.1916
11334	59.1584
11335	59.1252
11336	59.092
11337	59.0588
11338	59.0257
11339	58.9926
11340	58.9595
11341	58.9264
11342	58.8933
11343	58.8603
11344	58.8272
11345	58.7942
11346	58.7612
11347	58.7282
11348	58.6953
11349	58.6623
11350	58.6294
11351	58.5965
11352	58.5636
11353	58.5307
11354	58.4978
11355	58.465
11356	58.4322
11357	58.3994
11358	58.3666
11359	58.3338
11360	58.301
11361	58.2683
11362	58.2356
11363	58.2029
11364	58.1702
11365	58.1375
11366	58.1049
11367	58.0722
11368	58.0396
11369	58.007
11370	57.9744
11371	57.9419
11372	57.9093
11373	57.8768
11374	57.8443
11375	57.8118
11376	57.7793
11377	57.7468
11378	57.7144
11379	57.682
11380	57.6496
11381	57.6172
11382	57.5848
11383	57.5524
11384	57.5201
11385	57.4878
11386	57.4555
11387	57.4232
11388	57.3909
11389	57.3586
11390	57.3264
11391	57.2942
11392	57.262
11393	57.2298
11394	57.1976
11395	57.1655
11396	57.1333
11397	57.1012
11398	57.0691
11399	57.037
11400	57.0049
11401	56.9729
11402	56.9409
11403	56.9088
11404	56.8768
11405	56.8449
11406	56.8129
11407	56.7809
11408	56.749
11409	56.7171
11410	56.6852
11411	56.6533
11412	56.6215
11413	56.5896
11414	56.5578
11415	56.526
11416	56.4942
11417	56.4624
11418	56.4306
11419	56.3989
11420	56.3671
11421	56.3354
11422	56.3037
11423	56.2721
11424	56.2404
11425	56.2088
11426	56.1771
11427	56.1455
11428	56.1139
11429	56.0823
11430	56.0508
11431	56.0192
11432	55.9877
11433	55.9562
11434	55.9247
11435	55.8932
11436	55.8618
11437	55.8303
11438	55.7989
11439	55.7675
11440	55.7361
11441	55.7047
11442	55.6733
11443	55.642
11444	55.6107
11445	55.5794
11446	55.5481
11447	55.5168
11448	55.4855
11449	55.4543
11450	55.4231
11451	55.3919
11452	55.3607
11453	55.3295
11454	55.2983
11455	55.2672
11456	55.2361
11457	55.2049
11458	55.1738
11459	55.1428
11460	55.1117
11461	55.0807
11462	55.0496
11463	55.0186
11464	54.9876
11465	54.9566
11466	54.9257
11467	54.8947
11468	54.8638
11469	54.8329
11470	54.802
11471	54.7711
11472	54.7403
11473	54.7094
11474	54.6786
11475	54.6478
11476	54.617
11477	54.5862
11478	54.5554
11479	54.5247
11480	54.4939
11481	54.4632
11482	54.4325
11483	54.4018
11484	54.3712
11485	54.3405
11486	54.3099
11487	54.2793
11488	54.2487
11489	54.2181
11490	54.1875
11491	54.157
11492	54.1264
11493	54.0959
11494	54.0654
11495	54.0349
11496	54.0044
11497	53.974
11498	53.9436
11499	53.9131
11500	53.8827
11501	53.8523
11502	53.822
11503	53.7916
11504	53.7613
11505	53.7309
11506	53.7006
11507	53.6703
11508	53.6401
11509	53.6098
11510	53.5796
11511	53.5493
11512	53.5191
11513	53.4889
11514	53.4587
11515	53.4286
11516	53.3984
11517	53.3683
11518	53.3382
11519	53.3081
11520	53.278
11521	53.2479
11522	53.2179
11523	53.1878
11524	53.1578
11525	53.1278
11526	53.0978
11527	53.0679
11528	53.0379
11529	53.008
11530	52.978
11531	52.9481
11532	52.9182
11533	52.8884
11534	52.8585
11535	52.8287
11536	52.7988
11537	52.769
11538	52.7392
11539	52.7095
11540	52.6797
11541	52.6499
11542	52.6202
11543	52.5905
11544	52.5608
11545	52.5311
11546	52.5014
11547	52.4718
11548	52.4422
11549	52.4125
11550	52.3829
11551	52.3533
11552	52.3238
11553	52.2942
11554	52.2647
11555	52.2351
11556	52.2056
11557	52.1761
11558	52.1467
11559	52.1172
11560	52.0877
11561	52.0583
11562	52.0289
11563	51.9995
11564	51.9701
11565	51.9407
11566	51.9114
11567	51.8821
11568	51.8527
11569	51.8234
11570	51.7941
11571	51.7649
11572	51.7356
11573	51.7064
11574	51.6771
11575	51.6479
11576	51.6187
11577	51.5895
11578	51.5604
11579	51.5312
11580	51.5021
11581	51.473
11582	51.4439
11583	51.4148
11584	51.3857
11585	51.3567
11586	51.3276
11587	51.2986
11588	51.2696
11589	51.2406
11590	51.2116
11591	51.1827
11592	51.1537
11593	51.1248
11594	51.0959
11595	51.067
11596	51.0381
11597	51.0092
11598	50.9803
11599	50.9515
11600	50.9227
11601	50.8939
11602	50.8651
11603	50.8363
11604	50.8075
11605	50.7788
11606	50.7501
11607	50.7214
11608	50.6927
11609	50.664
11610	50.6353
11611	50.6066
11612	50.578
11613	50.5494
11614	50.5208
11615	50.4922
11616	50.4636
11617	50.435
11618	50.4065
11619	50.378
11620	50.3495
11621	50.321
11622	50.2925
11623	50.264
11624	50.2355
11625	50.2071
11626	50.1787
11627	50.1503
11628	50.1219
11629	50.0935
11630	50.0651
11631	50.0368
11632	50.0085
11633	49.9801
11634	49.9518
11635	49.9235
11636	49.8953
11637	49.867
11638	49.8388
11639	49.8105
11640	49.7823
11641	49.7541
11642	49.726
11643	49.6978
11644	49.6696
11645	49.6415
11646	49.6134
11647	49.5853
11648	49.5572
11649	49.5291
11650	49.501
11651	49.473
11652	49.445
11653	49.417
11654	49.389
11655	49.361
11656	49.333
11657	49.305
11658	49.2771
11659	49.2492
11660	49.2213
11661	49.1934
11662	49.1655
11663	49.1376
11664	49.1098
11665	49.0819
11666	49.0541
11667	49.0263
11668	48.9985
11669	48.9708
11670	48.943
11671	48.9152
11672	48.8875
11673	48.8598
11674	48.8321
11675	48.8044
11676	48.7767
11677	48.7491
11678	48.7214
11679	48.6938
11680	48.6662
11681	48.6386
11682	48.611
11683	48.5835
11684	48.5559
11685	48.5284
11686	48.5008
11687	48.4733
11688	48.4458
11689	48.4184
11690	48.3909
11691	48.3635
11692	48.336
11693	48.3086
11694	48.2812
11695	48.2538
11696	48.2264
11697	48.1991
11698	48.1717
11699	48.1444
11700	48.1171
11701	48.0898
11702	48.0625
11703	48.0352
11704	48.008
11705	47.9807
11706	47.9535
11707	47.9263
11708	47.8991
11709	47.8719
11710	47.8447
11711	47.8176
11712	47.7904
11713	47.7633
11714	47.7362
11715	47.7091
11716	47.682
11717	47.6549
11718	47.6279
11719	47.6009
11720	47.5738
11721	47.5468
11722	47.5198
11723	47.4928
11724	47.4659
11725	47.4389
11726	47.412
11727	47.3851
11728	47.3582
11729	47.3313
11730	47.3044
11731	47.2775
11732	47.2507
11733	47.2238
11734	47.197
11735	47.1702
11736	47.1434
11737	47.1166
11738	47.0899
11739	47.0631
11740	47.0364
11741	47.0097
11742	46.983
11743	46.9563
11744	46.9296
11745	46.9029
11746	46.8763
11747	46.8497
11748	46.823
11749	46.7964
11750	46.7698
11751	46.7433
11752	46.7167
11753	46.6902
11754	46.6636
11755	46.6371
11756	46.6106
11757	46.5841
11758	46.5576
11759	46.5312
11760	46.5047
11761	46.4783
11762	46.4519
11763	46.4255
11764	46.3991
11765	46.3727
11766	46.3463
11767	46.32
11768	46.2937
11769	46.2673
11770	46.241
11771	46.2148
11772	46.1885
11773	46.1622
11774	46.136
11775	46.1097
11776	46.0835
11777	46.0573
11778	46.0311
11779	46.0049
11780	45.9788
11781	45.9526
11782	45.9265
11783	45.9004
11784	45.8743
11785	45.8482
11786	45.8221
11787	45.796
11788	45.77
11789	45.7439
11790	45.7179
11791	45.6919
11792	45.6659
11793	45.6399
11794	45.614
11795	45.588
11796	45.5621
11797	45.5362
11798	45.5102
11799	45.4843
11800	45.4585
11801	45.4326
11802	45.4067
11803	45.3809
11804	45.3551
11805	45.3293
11806	45.3035
11807	45.2777
11808	45.2519
11809	45.2262
11810	45.2004
11811	45.1747
11812	45.149
11813	45.1233
11814	45.0976
11815	45.0719
11816	45.0462
11817	45.0206
11818	44.995
11819	44.9693
11820	44.9437
11821	44.9182
11822	44.8926
11823	44.867
11824	44.8415
11825	44.8159
11826	44.7904
11827	44.7649
11828	44.7394
11829	44.7139
11830	44.6885
11831	44.663
11832	44.6376
11833	44.6122
11834	44.5867
11835	44.5613
11836	44.536
11837	44.5106
11838	44.4852
11839	44.4599
11840	44.4346
11841	44.4093
11842	44.384
11843	44.3587
11844	44.3334
11845	44.3081
11846	44.2829
11847	44.2577
11848	44.2324
11849	44.2072
11850	44.182
11851	44.1569
11852	44.1317
11853	44.1065
11854	44.0814
11855	44.0563
11856	44.0312
11857	44.0061
11858	43.981
11859	43.9559
11860	43.9309
11861	43.9058
11862	43.8808
11863	43.8558
11864	43.8308
11865	43.8058
11866	43.7808
11867	43.7559
11868	43.7309
11869	43.706
11870	43.6811
11871	43.6562
11872	43.6313
11873	43.6064
11874	43.5815
11875	43.5567
11876	43.5318
11877	43.507
11878	43.4822
11879	43.4574
11880	43.4326
11881	43.4078
11882	43.3831
11883	43.3583
11884	43.3336
11885	43.3089
11886	43.2842
11887	43.2595
11888	43.2348
11889	43.2101
11890	43.1855
11891	43.1609
11892	43.1362
11893	43.1116
11894	43.087
11895	43.0624
11896	43.0379
11897	43.0133
11898	42.9888
11899	42.9642
11900	42.9397
11901	42.9152
11902	42.8907
11903	42.8662
11904	42.8418
11905	42.8173
11906	42.7929
11907	42.7685
11908	42.7441
11909	42.7197
11910	42.6953
11911	42.6709
11912	42.6465
11913	42.6222
11914	42.5979
11915	42.5735
11916	42.5492
11917	42.5249
11918	42.5007
11919	42.4764
11920	42.4521
11921	42.4279
11922	42.4037
11923	42.3795
11924	42.3553
11925	42.3311
11926	42.3069
11927	42.2827
11928	42.2586
11929	42.2345
11930	42.2103
11931	42.1862
11932	42.1621
11933	42.1381
11934	42.114
11935	42.0899
11936	42.0659
11937	42.0419
11938	42.0178
11939	41.9938
11940	41.9698
11941	41.9459
11942	41.9219
11943	41.8979
11944	41.874
11945	41.8501
11946	41.8262
11947	41.8023
11948	41.7784
11949	41.7545
11950	41.7306
11951	41.7068
11952	41.683
11953	41.6591
11954	41.6353
11955	41.6115
11956	41.5878
11957	41.564
11958	41.5402
11959	41.5165
11960	41.4928
11961	41.469
11962	41.4453
11963	41.4216
11964	41.398
11965	41.3743
11966	41.3506
11967	41.327
11968	41.3034
11969	41.2797
11970	41.2561
11971	41.2326
11972	41.209
11973	41.1854
11974	41.1619
11975	41.1383
11976	41.1148
11977	41.0913
11978	41.0678
11979	41.0443
11980	41.0208
11981	40.9974
11982	40.9739
11983	40.9505
11984	40.9271
11985	40.9036
11986	40.8802
11987	40.8569
11988	40.8335
11989	40.8101
11990	40.7868
11991	40.7634
11992	40.7401
11993	40.7168
11994	40.6935
11995	40.6702
11996	40.647
11997	40.6237
11998	40.6005
11999	40.5772
12000	40.554
12001	40.5308
12002	40.5076
12003	40.4844
12004	40.4613
12005	40.4381
12006	40.415
12007	40.3918
12008	40.3687
12009	40.3456
12010	40.3225
12011	40.2994
12012	40.2764
12013	40.2533
12014	40.2303
12015	40.2072
12016	40.1842
12017	40.1612
12018	40.1382
12019	40.1152
12020	40.0923
12021	40.0693
12022	40.0464
12023	40.0234
12024	40.0005
12025	39.9776
12026	39.9547
12027	39.9318
12028	39.909
12029	39.8861
12030	39.8633
12031	39.8404
12032	39.8176
12033	39.7948
12034	39.772
12035	39.7492
12036	39.7265
12037	39.7037
12038	39.681
12039	39.6582
12040	39.6355
12041	39.6128
12042	39.5901
12043	39.5674
12044	39.5448
12045	39.5221
12046	39.4995
12047	39.4768
12048	39.4542
12049	39.4316
12050	39.409
12051	39.3864
12052	39.3638
12053	39.3413
12054	39.3187
12055	39.2962
12056	39.2737
12057	39.2512
12058	39.2287
12059	39.2062
12060	39.1837
12061	39.1613
12062	39.1388
12063	39.1164
12064	39.094
12065	39.0715
12066	39.0491
12067	39.0268
12068	39.0044
12069	38.982
12070	38.9597
12071	38.9373
12072	38.915
12073	38.8927
12074	38.8704
12075	38.8481
12076	38.8258
12077	38.8036
12078	38.7813
12079	38.7591
12080	38.7368
12081	38.7146
12082	38.6924
12083	38.6702
12084	38.648
12085	38.6259
12086	38.6037
12087	38.5816
12088	38.5594
12089	38.5373
12090	38.5152
12091	38.4931
12092	38.471
12093	38.449
12094	38.4269
12095	38.4049
12096	38.3828
12097	38.3608
12098	38.3388
12099	38.3168
12100	38.2948
12101	38.2728
12102	38.2509
12103	38.2289
12104	38.207
12105	38.1851
12106	38.1631
12107	38.1412
12108	38.1194
12109	38.0975
12110	38.0756
12111	38.0538
12112	38.0319
12113	38.0101
12114	37.9883
12115	37.9665
12116	37.9447
12117	37.9229
12118	37.9011
12119	37.8793
12120	37.8576
12121	37.8359
12122	37.8141
12123	37.7924
12124	37.7707
12125	37.749
12126	37.7274
12127	37.7057
12128	37.6841
12129	37.6624
12130	37.6408
12131	37.6192
12132	37.5976
12133	37.576
12134	37.5544
12135	37.5328
12136	37.5113
12137	37.4897
12138	37.4682
12139	37.4467
12140	37.4251
12141	37.4037
12142	37.3822
12143	37.3607
12144	37.3392
12145	37.3178
12146	37.2963
12147	37.2749
12148	37.2535
12149	37.2321
12150	37.2107
12151	37.1893
12152	37.1679
12153	37.1466
12154	37.1252
12155	37.1039
12156	37.0826
12157	37.0613
12158	37.04
12159	37.0187
12160	36.9974
12161	36.9761
12162	36.9549
12163	36.9337
12164	36.9124
12165	36.8912
12166	36.87
12167	36.8488
12168	36.8276
12169	36.8065
12170	36.7853
12171	36.7641
12172	36.743
12173	36.7219
12174	36.7008
12175	36.6797
12176	36.6586
12177	36.6375
12178	36.6164
12179	36.5954
12180	36.5743
12181	36.5533
12182	36.5323
12183	36.5113
12184	36.4903
12185	36.4693
12186	36.4483
12187	36.4274
12188	36.4064
12189	36.3855
12190	36.3645
12191	36.3436
12192	36.3227
12193	36.3018
12194	36.2809
12195	36.2601
12196	36.2392
12197	36.2184
12198	36.1975
12199	36.1767
12200	36.1559
12201	36.1351
12202	36.1143
12203	36.0935
12204	36.0727
12205	36.052
12206	36.0312
12207	36.0105
12208	35.9898
12209	35.9691
12210	35.9484
12211	35.9277
12212	35.907
12213	35.8863
12214	35.8657
12215	35.845
12216	35.8244
12217	35.8038
12218	35.7832
12219	35.7626
12220	35.742
12221	35.7214
12222	35.7008
12223	35.6803
12224	35.6598
12225	35.6392
12226	35.6187
12227	35.5982
12228	35.5777
12229	35.5572
12230	35.5367
12231	35.5163
12232	35.4958
12233	35.4754
12234	35.455
12235	35.4345
12236	35.4141
12237	35.3937
12238	35.3734
12239	35.353
12240	35.3326
12241	35.3123
12242	35.2919
12243	35.2716
12244	35.2513
12245	35.231
12246	35.2107
12247	35.1904
12248	35.1701
12249	35.1499
12250	35.1296
12251	35.1094
12252	35.0892
12253	35.0689
12254	35.0487
12255	35.0285
12256	35.0084
12257	34.9882
12258	34.968
12259	34.9479
12260	34.9277
12261	34.9076
12262	34.8875
12263	34.8674
12264	34.8473
12265	34.8272
12266	34.8071
12267	34.7871
12268	34.767
12269	34.747
12270	34.727
12271	34.7069
12272	34.6869
12273	34.6669
12274	34.647
12275	34.627
12276	34.607
12277	34.5871
12278	34.5671
12279	34.5472
12280	34.5273
12281	34.5074
12282	34.4875
12283	34.4676
12284	34.4477
12285	34.4279
12286	34.408
12287	34.3882
12288	34.3683
12289	34.3485
12290	34.3287
12291	34.3089
12292	34.2891
12293	34.2693
12294	34.2496
12295	34.2298
12296	34.2101
12297	34.1904
12298	34.1706
12299	34.1509
12300	34.1312
12301	34.1115
12302	34.0919
12303	34.0722
12304	34.0525
12305	34.0329
12306	34.0132
12307	33.9936
12308	33.974
12309	33.9544
12310	33.9348
12311	33.9152
12312	33.8957
12313	33.8761
12314	33.8566
12315	33.837
12316	33.8175
12317	33.798
12318	33.7785
12319	33.759
12320	33.7395
12321	33.72
12322	33.7006
12323	33.6811
12324	33.6617
12325	33.6422
12326	33.6228
12327	33.6034
12328	33.584
12329	33.5646
12330	33.5452
12331	33.5259
12332	33.5065
12333	33.4872
12334	33.4678
12335	33.4485
12336	33.4292
12337	33.4099
12338	33.3906
12339	33.3713
12340	33.3521
12341	33.3328
12342	33.3136
12343	33.2943
12344	33.2751
12345	33.2559
12346	33.2367
12347	33.2175
12348	33.1983
12349	33.1791
12350	33.1599
12351	33.1408
12352	33.1217
12353	33.1025
12354	33.0834
12355	33.0643
12356	33.0452
12357	33.0261
12358	33.007
12359	32.9879
12360	32.9689
12361	32.9498
12362	32.9308
12363	32.9118
12364	32.8928
12365	32.8738
12366	32.8548
12367	32.8358
12368	32.8168
12369	32.7978
12370	32.7789
12371	32.7599
12372	32.741
12373	32.7221
12374	32.7032
12375	32.6843
12376	32.6654
12377	32.6465
12378	32.6276
12379	32.6088
12380	32.5899
12381	32.5711
12382	32.5523
12383	32.5334
12384	32.5146
12385	32.4958
12386	32.4771
12387	32.4583
12388	32.4395
12389	32.4208
12390	32.402
12391	32.3833
12392	32.3645
12393	32.3458
12394	32.3271
12395	32.3084
12396	32.2898
12397	32.2711
12398	32.2524
12399	32.2338
12400	32.2151
12401	32.1965
12402	32.1779
12403	32.1593
12404	32.1407
12405	32.1221
12406	32.1035
12407	32.0849
12408	32.0664
12409	32.0478
12410	32.0293
12411	32.0107
12412	31.9922
12413	31.9737
12414	31.9552
12415	31.9367
12416	31.9183
12417	31.8998
12418	31.8813
12419	31.8629
12420	31.8445
12421	31.826
12422	31.8076
12423	31.7892
12424	31.7708
12425	31.7524
12426	31.734
12427	31.7157
12428	31.6973
12429	31.679
12430	31.6606
12431	31.6423
12432	31.624
12433	31.6057
12434	31.5874
12435	31.5691
12436	31.5509
12437	31.5326
12438	31.5143
12439	31.4961
12440	31.4779
12441	31.4596
12442	31.4414
12443	31.4232
12444	31.405
12445	31.3868
12446	31.3687
12447	31.3505
12448	31.3324
12449	31.3142
12450	31.2961
12451	31.278
12452	31.2598
12453	31.2417
12454	31.2236
12455	31.2056
12456	31.1875
12457	31.1694
12458	31.1514
12459	31.1333
12460	31.1153
12461	31.0973
12462	31.0793
12463	31.0613
12464	31.0433
12465	31.0253
12466	31.0073
12467	30.9894
12468	30.9714
12469	30.9535
12470	30.9355
12471	30.9176
12472	30.8997
12473	30.8818
12474	30.8639
12475	30.846
12476	30.8281
12477	30.8103
12478	30.7924
12479	30.7746
12480	30.7567
12481	30.7389
12482	30.7211
12483	30.7033
12484	30.6855
12485	30.6677
12486	30.65
12487	30.6322
12488	30.6144
12489	30.5967
12490	30.579
12491	30.5612
12492	30.5435
12493	30.5258
12494	30.5081
12495	30.4904
12496	30.4727
12497	30.4551
12498	30.4374
12499	30.4198
12500	30.4021
12501	30.3845
12502	30.3669
12503	30.3493
12504	30.3317
12505	30.3141
12506	30.2965
12507	30.279
12508	30.2614
12509	30.2439
12510	30.2263
12511	30.2088
12512	30.1913
12513	30.1738
12514	30.1563
12515	30.1388
12516	30.1213
12517	30.1038
12518	30.0864
12519	30.0689
12520	30.0515
12521	30.034
12522	30.0166
12523	29.9992
12524	29.9818
12525	29.9644
12526	29.947
12527	29.9296
12528	29.9123
12529	29.8949
12530	29.8776
12531	29.8602
12532	29.8429
12533	29.8256
12534	29.8083
12535	29.791
12536	29.7737
12537	29.7564
12538	29.7392
12539	29.7219
12540	29.7046
12541	29.6874
12542	29.6702
12543	29.653
12544	29.6357
12545	29.6185
12546	29.6014
12547	29.5842
12548	29.567
12549	29.5498
12550	29.5327
12551	29.5155
12552	29.4984
12553	29.4813
12554	29.4642
12555	29.4471
12556	29.43
12557	29.4129
12558	29.3958
12559	29.3787
12560	29.3617
12561	29.3446
12562	29.3276
12563	29.3105
12564	29.2935
12565	29.2765
12566	29.2595
12567	29.2425
12568	29.2255
12569	29.2086
12570	29.1916
12571	29.1747
12572	29.1577
12573	29.1408
12574	29.1238
12575	29.1069
12576	29.09
12577	29.0731
12578	29.0562
12579	29.0394
12580	29.0225
12581	29.0056
12582	28.9888
12583	28.9719
12584	28.9551
12585	28.9383
12586	28.9215
12587	28.9047
12588	28.8879
12589	28.8711
12590	28.8543
12591	28.8375
12592	28.8208
12593	28.804
12594	28.7873
12595	28.7706
12596	28.7538
12597	28.7371
12598	28.7204
12599	28.7037
12600	28.6871
12601	28.6704
12602	28.6537
12603	28.6371
12604	28.6204
12605	28.6038
12606	28.5872
12607	28.5705
12608	28.5539
12609	28.5373
12610	28.5207
12611	28.5042
12612	28.4876
12613	28.471
12614	28.4545
12615	28.4379
12616	28.4214
12617	28.4049
12618	28.3884
12619	28.3718
12620	28.3553
12621	28.3389
12622	28.3224
12623	28.3059
12624	28.2894
12625	28.273
12626	28.2566
12627	28.2401
12628	28.2237
12629	28.2073
12630	28.1909
12631	28.1745
12632	28.1581
12633	28.1417
12634	28.1253
12635	28.109
12636	28.0926
12637	28.0763
12638	28.06
12639	28.0436
12640	28.0273
12641	28.011
12642	27.9947
12643	27.9784
12644	27.9621
12645	27.9459
12646	27.9296
12647	27.9134
12648	27.8971
12649	27.8809
12650	27.8647
12651	27.8484
12652	27.8322
12653	27.816
12654	27.7999
12655	27.7837
12656	27.7675
12657	27.7513
12658	27.7352
12659	27.7191
12660	27.7029
12661	27.6868
12662	27.6707
12663	27.6546
12664	27.6385
12665	27.6224
12666	27.6063
12667	27.5902
12668	27.5742
12669	27.5581
12670	27.5421
12671	27.526
12672	27.51
12673	27.494
12674	27.478
12675	27.462
12676	27.446
12677	27.43
12678	27.414
12679	27.3981
12680	27.3821
12681	27.3662
12682	27.3502
12683	27.3343
12684	27.3184
12685	27.3025
12686	27.2866
12687	27.2707
12688	27.2548
12689	27.2389
12690	27.2231
12691	27.2072
12692	27.1914
12693	27.1755
12694	27.1597
12695	27.1439
12696	27.1281
12697	27.1123
12698	27.0965
12699	27.0807
12700	27.0649
12701	27.0491
12702	27.0334
12703	27.0176
12704	27.0019
12705	26.9861
12706	26.9704
12707	26.9547
12708	26.939
12709	26.9233
12710	26.9076
12711	26.8919
12712	26.8763
12713	26.8606
12714	26.8449
12715	26.8293
12716	26.8137
12717	26.798
12718	26.7824
12719	26.7668
12720	26.7512
12721	26.7356
12722	26.72
12723	26.7044
12724	26.6889
12725	26.6733
12726	26.6578
12727	26.6422
12728	26.6267
12729	26.6112
12730	26.5956
12731	26.5801
12732	26.5646
12733	26.5492
12734	26.5337
12735	26.5182
12736	26.5027
12737	26.4873
12738	26.4718
12739	26.4564
12740	26.441
12741	26.4256
12742	26.4101
12743	26.3947
12744	26.3793
12745	26.364
12746	26.3486
12747	26.3332
12748	26.3179
12749	26.3025
12750	26.2872
12751	26.2718
12752	26.2565
12753	26.2412
12754	26.2259
12755	26.2106
12756	26.1953
12757	26.18
12758	26.1647
12759	26.1495
12760	26.1342
12761	26.119
12762	26.1037
12763	26.0885
12764	26.0733
12765	26.0581
12766	26.0429
12767	26.0277
12768	26.0125
12769	25.9973
12770	25.9821
12771	25.967
12772	25.9518
12773	25.9367
12774	25.9215
12775	25.9064
12776	25.8913
12777	25.8762
12778	25.8611
12779	25.846
12780	25.8309
12781	25.8158
12782	25.8007
12783	25.7857
12784	25.7706
12785	25.7556
12786	25.7405
12787	25.7255
12788	25.7105
12789	25.6955
12790	25.6805
12791	25.6655
12792	25.6505
12793	25.6355
12794	25.6205
12795	25.6056
12796	25.5906
12797	25.5757
12798	25.5608
12799	25.5458
12800	25.5309
12801	25.516
12802	25.5011
12803	25.4862
12804	25.4713
12805	25.4564
12806	25.4416
12807	25.4267
12808	25.4119
12809	25.397
12810	25.3822
12811	25.3674
12812	25.3525
12813	25.3377
12814	25.3229
12815	25.3081
12816	25.2933
12817	25.2786
12818	25.2638
12819	25.249
12820	25.2343
12821	25.2195
12822	25.2048
12823	25.1901
12824	25.1754
12825	25.1607
12826	25.146
12827	25.1313
12828	25.1166
12829	25.1019
12830	25.0872
12831	25.0726
12832	25.0579
12833	25.0433
12834	25.0286
12835	25.014
12836	24.9994
12837	24.9848
12838	24.9702
12839	24.9556
12840	24.941
12841	24.9264
12842	24.9118
12843	24.8973
12844	24.8827
12845	24.8682
12846	24.8536
12847	24.8391
12848	24.8246
12849	24.8101
12850	24.7956
12851	24.7811
12852	24.7666
12853	24.7521
12854	24.7376
12855	24.7232
12856	24.7087
12857	24.6942
12858	24.6798
12859	24.6654
12860	24.6509
12861	24.6365
12862	24.6221
12863	24.6077
12864	24.5933
12865	24.5789
12866	24.5646
12867	24.5502
12868	24.5358
12869	24.5215
12870	24.5072
12871	24.4928
12872	24.4785
12873	24.4642
12874	24.4499
12875	24.4356
12876	24.4213
12877	24.407
12878	24.3927
12879	24.3784
12880	24.3642
12881	24.3499
12882	24.3357
12883	24.3214
12884	24.3072
12885	24.293
12886	24.2787
12887	24.2645
12888	24.2503
12889	24.2362
12890	24.222
12891	24.2078
12892	24.1936
12893	24.1795
12894	24.1653
12895	24.1512
12896	24.137
12897	24.1229
12898	24.1088
12899	24.0947
12900	24.0806
12901	24.0665
12902	24.0524
12903	24.0383
12904	24.0242
12905	24.0102
12906	23.9961
12907	23.9821
12908	23.968
12909	23.954
12910	23.94
12911	23.926
12912	23.9119
12913	23.8979
12914	23.884
12915	23.87
12916	23.856
12917	23.842
12918	23.8281
12919	23.8141
12920	23.8002
12921	23.7862
12922	23.7723
12923	23.7584
12924	23.7445
12925	23.7306
12926	23.7167
12927	23.7028
12928	23.6889
12929	23.675
12930	23.6611
12931	23.6473
12932	23.6334
12933	23.6196
12934	23.6057
12935	23.5919
12936	23.5781
12937	23.5643
12938	23.5505
12939	23.5367
12940	23.5229
12941	23.5091
12942	23.4953
12943	23.4816
12944	23.4678
12945	23.4541
12946	23.4403
12947	23.4266
12948	23.4129
12949	23.3991
12950	23.3854
12951	23.3717
12952	23.358
12953	23.3443
12954	23.3306
12955	23.317
12956	23.3033
12957	23.2897
12958	23.276
12959	23.2624
12960	23.2487
12961	23.2351
12962	23.2215
12963	23.2079
12964	23.1943
12965	23.1807
12966	23.1671
12967	23.1535
12968	23.1399
12969	23.1264
12970	23.1128
12971	23.0992
12972	23.0857
12973	23.0722
12974	23.0586
12975	23.0451
12976	23.0316
12977	23.0181
12978	23.0046
12979	22.9911
12980	22.9776
12981	22.9642
12982	22.9507
12983	22.9372
12984	22.9238
12985	22.9103
12986	22.8969
12987	22.8835
12988	22.87
12989	22.8566
12990	22.8432
12991	22.8298
12992	22.8164
12993	22.8031
12994	22.7897
12995	22.7763
12996	22.7629
12997	22.7496
12998	22.7362
12999	22.7229
13000	22.7096
13001	22.6963
13002	22.6829
13003	22.6696
13004	22.6563
13005	22.643
13006	22.6297
13007	22.6165
13008	22.6032
13009	22.5899
13010	22.5767
13011	22.5634
13012	22.5502
13013	22.537
13014	22.5237
13015	22.5105
13016	22.4973
13017	22.4841
13018	22.4709
13019	22.4577
13020	22.4445
13021	22.4314
13022	22.4182
13023	22.405
13024	22.3919
13025	22.3787
13026	22.3656
13027	22.3525
13028	22.3394
13029	22.3262
13030	22.3131
13031	22.3
13032	22.2869
13033	22.2739
13034	22.2608
13035	22.2477
13036	22.2346
13037	22.2216
13038	22.2085
13039	22.1955
13040	22.1825
13041	22.1694
13042	22.1564
13043	22.1434
13044	22.1304
13045	22.1174
13046	22.1044
13047	22.0914
13048	22.0785
13049	22.0655
13050	22.0525
13051	22.0396
13052	22.0266
13053	22.0137
13054	22.0008
13055	21.9879
13056	21.9749
13057	21.962
13058	21.9491
13059	21.9362
13060	21.9233
13061	21.9105
13062	21.8976
13063	21.8847
13064	21.8719
13065	21.859
13066	21.8462
13067	21.8333
13068	21.8205
13069	21.8077
13070	21.7949
13071	21.7821
13072	21.7693
13073	21.7565
13074	21.7437
13075	21.7309
13076	21.7181
13077	21.7054
13078	21.6926
13079	21.6799
13080	21.6671
13081	21.6544
13082	21.6417
13083	21.629
13084	21.6162
13085	21.6035
13086	21.5908
13087	21.5781
13088	21.5655
13089	21.5528
13090	21.5401
13091	21.5275
13092	21.5148
13093	21.5021
13094	21.4895
13095	21.4769
13096	21.4642
13097	21.4516
13098	21.439
13099	21.4264
13100	21.4138
13101	21.4012
13102	21.3886
13103	21.3761
13104	21.3635
13105	21.3509
13106	21.3384
13107	21.3258
13108	21.3133
13109	21.3007
13110	21.2882
13111	21.2757
13112	21.2632
13113	21.2507
13114	21.2382
13115	21.2257
13116	21.2132
13117	21.2007
13118	21.1883
13119	21.1758
13120	21.1633
13121	21.1509
13122	21.1384
13123	21.126
13124	21.1136
13125	21.1012
13126	21.0887
13127	21.0763
13128	21.0639
13129	21.0515
13130	21.0392
13131	21.0268
13132	21.0144
13133	21.002
13134	20.9897
13135	20.9773
13136	20.965
13137	20.9527
13138	20.9403
13139	20.928
13140	20.9157
13141	20.9034
13142	20.8911
13143	20.8788
13144	20.8665
13145	20.8542
13146	20.8419
13147	20.8297
13148	20.8174
13149	20.8052
13150	20.7929
13151	20.7807
13152	20.7684
13153	20.7562
13154	20.744
13155	20.7318
13156	20.7196
13157	20.7074
13158	20.6952
13159	20.683
13160	20.6708
13161	20.6587
13162	20.6465
13163	20.6343
13164	20.6222
13165	20.61
13166	20.5979
13167	20.5858
13168	20.5737
13169	20.5615
13170	20.5494
13171	20.5373
13172	20.5252
13173	20.5131
13174	20.5011
13175	20.489
13176	20.4769
13177	20.4649
13178	20.4528
13179	20.4408
13180	20.4287
13181	20.4167
13182	20.4047
13183	20.3926
13184	20.3806
13185	20.3686
13186	20.3566
13187	20.3446
13188	20.3326
13189	20.3207
13190	20.3087
13191	20.2967
13192	20.2848
13193	20.2728
13194	20.2609
13195	20.2489
13196	20.237
13197	20.2251
13198	20.2132
13199	20.2013
13200	20.1894
13201	20.1775
13202	20.1656
13203	20.1537
13204	20.1418
13205	20.1299
13206	20.1181
13207	20.1062
13208	20.0944
13209	20.0825
13210	20.0707
13211	20.0589
13212	20.047
13213	20.0352
13214	20.0234
13215	20.0116
13216	19.9998
13217	19.988
13218	19.9762
13219	19.9645
13220	19.9527
13221	19.9409
13222	19.9292
13223	19.9174
13224	19.9057
13225	19.8939
13226	19.8822
13227	19.8705
13228	19.8588
13229	19.8471
13230	19.8354
13231	19.8237
13232	19.812
13233	19.8003
13234	19.7886
13235	19.7769
13236	19.7653
13237	19.7536
13238	19.742
13239	19.7303
13240	19.7187
13241	19.7071
13242	19.6954
13243	19.6838
13244	19.6722
13245	19.6606
13246	19.649
13247	19.6374
13248	19.6258
13249	19.6143
13250	19.6027
13251	19.5911
13252	19.5796
13253	19.568
13254	19.5565
13255	19.5449
13256	19.5334
13257	19.5219
13258	19.5104
13259	19.4989
13260	19.4874
13261	19.4759
13262	19.4644
13263	19.4529
13264	19.4414
13265	19.4299
13266	19.4185
13267	19.407
13268	19.3955
13269	19.3841
13270	19.3727
13271	19.3612
13272	19.3498
13273	19.3384
13274	19.327
13275	19.3156
13276	19.3042
13277	19.2928
13278	19.2814
13279	19.27
13280	19.2586
13281	19.2473
13282	19.2359
13283	19.2245
13284	19.2132
13285	19.2018
13286	19.1905
13287	19.1792
13288	19.1679
13289	19.1565
13290	19.1452
13291	19.1339
13292	19.1226
13293	19.1113
13294	19.1001
13295	19.0888
13296	19.0775
13297	19.0662
13298	19.055
13299	19.0437
13300	19.0325
13301	19.0212
13302	19.01
13303	18.9988
13304	18.9876
13305	18.9763
13306	18.9651
13307	18.9539
13308	18.9427
13309	18.9316
13310	18.9204
13311	18.9092
13312	18.898
13313	18.8869
13314	18.8757
13315	18.8646
13316	18.8534
13317	18.8423
13318	18.8311
13319	18.82
13320	18.8089
13321	18.7978
13322	18.7867
13323	18.7756
13324	18.7645
13325	18.7534
13326	18.7423
13327	18.7313
13328	18.7202
13329	18.7091
13330	18.6981
13331	18.687
13332	18.676
13333	18.6649
13334	18.6539
13335	18.6429
13336	18.6319
13337	18.6209
13338	18.6098
13339	18.5989
13340	18.5879
13341	18.5769
13342	18.5659
13343	18.5549
13344	18.544
13345	18.533
13346	18.522
13347	18.5111
13348	18.5001
13349	18.4892
13350	18.4783
13351	18.4674
13352	18.4564
13353	18.4455
13354	18.4346
13355	18.4237
13356	18.4128
13357	18.4019
13358	18.3911
13359	18.3802
13360	18.3693
13361	18.3585
13362	18.3476
13363	18.3368
13364	18.3259
13365	18.3151
13366	18.3042
13367	18.2934
13368	18.2826
13369	18.2718
13370	18.261
13371	18.2502
13372	18.2394
13373	18.2286
13374	18.2178
13375	18.207
13376	18.1963
13377	18.1855
13378	18.1748
13379	18.164
13380	18.1533
13381	18.1425
13382	18.1318
13383	18.1211
13384	18.1103
13385	18.0996
13386	18.0889
13387	18.0782
13388	18.0675
13389	18.0568
13390	18.0461
13391	18.0355
13392	18.0248
13393	18.0141
13394	18.0035
13395	17.9928
13396	17.9822
13397	17.9715
13398	17.9609
13399	17.9503
13400	17.9397
13401	17.929
13402	17.9184
13403	17.9078
13404	17.8972
13405	17.8866
13406	17.876
13407	17.8655
13408	17.8549
13409	17.8443
13410	17.8338
13411	17.8232
13412	17.8127
13413	17.8021
13414	17.7916
13415	17.781
13416	17.7705
13417	17.76
13418	17.7495
13419	17.739
13420	17.7285
13421	17.718
13422	17.7075
13423	17.697
13424	17.6865
13425	17.676
13426	17.6656
13427	17.6551
13428	17.6447
13429	17.6342
13430	17.6238
13431	17.6133
13432	17.6029
13433	17.5925
13434	17.5821
13435	17.5717
13436	17.5613
13437	17.5509
13438	17.5405
13439	17.5301
13440	17.5197
13441	17.5093
13442	17.4989
13443	17.4886
13444	17.4782
13445	17.4679
13446	17.4575
13447	17.4472
13448	17.4368
13449	17.4265
13450	17.4162
13451	17.4059
13452	17.3956
13453	17.3853
13454	17.375
13455	17.3647
13456	17.3544
13457	17.3441
13458	17.3338
13459	17.3235
13460	17.3133
13461	17.303
13462	17.2928
13463	17.2825
13464	17.2723
13465	17.262
13466	17.2518
13467	17.2416
13468	17.2314
13469	17.2212
13470	17.211
13471	17.2008
13472	17.1906
13473	17.1804
13474	17.1702
13475	17.16
13476	17.1498
13477	17.1397
13478	17.1295
13479	17.1194
13480	17.1092
13481	17.0991
13482	17.0889
13483	17.0788
13484	17.0687
13485	17.0586
13486	17.0485
13487	17.0383
13488	17.0282
13489	17.0181
13490	17.0081
13491	16.998
13492	16.9879
13493	16.9778
13494	16.9678
13495	16.9577
13496	16.9476
13497	16.9376
13498	16.9276
13499	16.9175
13500	16.9075
13501	16.8975
13502	16.8874
13503	16.8774
13504	16.8674
13505	16.8574
13506	16.8474
13507	16.8374
13508	16.8274
13509	16.8174
13510	16.8075
13511	16.7975
13512	16.7875
13513	16.7776
13514	16.7676
13515	16.7577
13516	16.7477
13517	16.7378
13518	16.7279
13519	16.718
13520	16.708
13521	16.6981
13522	16.6882
13523	16.6783
13524	16.6684
13525	16.6585
13526	16.6487
13527	16.6388
13528	16.6289
13529	16.619
13530	16.6092
13531	16.5993
13532	16.5895
13533	16.5796
13534	16.5698
13535	16.56
13536	16.5501
13537	16.5403
13538	16.5305
13539	16.5207
13540	16.5109
13541	16.5011
13542	16.4913
13543	16.4815
13544	16.4717
13545	16.4619
13546	16.4522
13547	16.4424
13548	16.4326
13549	16.4229
13550	16.4131
13551	16.4034
13552	16.3937
13553	16.3839
13554	16.3742
13555	16.3645
13556	16.3548
13557	16.345
13558	16.3353
13559	16.3256
13560	16.316
13561	16.3063
13562	16.2966
13563	16.2869
13564	16.2772
13565	16.2676
13566	16.2579
13567	16.2483
13568	16.2386
13569	16.229
13570	16.2193
13571	16.2097
13572	16.2001
13573	16.1904
13574	16.1808
13575	16.1712
13576	16.1616
13577	16.152
13578	16.1424
13579	16.1328
13580	16.1233
13581	16.1137
13582	16.1041
13583	16.0945
13584	16.085
13585	16.0754
13586	16.0659
13587	16.0563
13588	16.0468
13589	16.0373
13590	16.0277
13591	16.0182
13592	16.0087
13593	15.9992
13594	15.9897
13595	15.9802
13596	15.9707
13597	15.9612
13598	15.9517
13599	15.9422
13600	15.9328
13601	15.9233
13602	15.9138
13603	15.9044
13604	15.8949
13605	15.8855
13606	15.876
13607	15.8666
13608	15.8572
13609	15.8477
13610	15.8383
13611	15.8289
13612	15.8195
13613	15.8101
13614	15.8007
13615	15.7913
13616	15.7819
13617	15.7726
13618	15.7632
13619	15.7538
13620	15.7444
13621	15.7351
13622	15.7257
13623	15.7164
13624	15.707
13625	15.6977
13626	15.6884
13627	15.679
13628	15.6697
13629	15.6604
13630	15.6511
13631	15.6418
13632	15.6325
13633	15.6232
13634	15.6139
13635	15.6046
13636	15.5953
13637	15.5861
13638	15.5768
13639	15.5675
13640	15.5583
13641	15.549
13642	15.5398
13643	15.5305
13644	15.5213
13645	15.5121
13646	15.5028
13647	15.4936
13648	15.4844
13649	15.4752
13650	15.466
13651	15.4568
13652	15.4476
13653	15.4384
13654	15.4292
13655	15.42
13656	15.4109
13657	15.4017
13658	15.3925
13659	15.3834
13660	15.3742
13661	15.3651
13662	15.3559
13663	15.3468
13664	15.3377
13665	15.3286
13666	15.3194
13667	15.3103
13668	15.3012
13669	15.2921
13670	15.283
13671	15.2739
13672	15.2648
13673	15.2557
13674	15.2467
13675	15.2376
13676	15.2285
13677	15.2195
13678	15.2104
13679	15.2013
13680	15.1923
13681	15.1833
13682	15.1742
13683	15.1652
13684	15.1562
13685	15.1471
13686	15.1381
13687	15.1291
13688	15.1201
13689	15.1111
13690	15.1021
13691	15.0931
13692	15.0841
13693	15.0752
13694	15.0662
13695	15.0572
13696	15.0482
13697	15.0393
13698	15.0303
13699	15.0214
13700	15.0124
13701	15.0035
13702	14.9946
13703	14.9856
13704	14.9767
13705	14.9678
13706	14.9589
13707	14.95
13708	14.9411
13709	14.9322
13710	14.9233
13711	14.9144
13712	14.9055
13713	14.8966
13714	14.8878
13715	14.8789
13716	14.87
13717	14.8612
13718	14.8523
13719	14.8435
13720	14.8346
13721	14.8258
13722	14.817
13723	14.8082
13724	14.7993
13725	14.7905
13726	14.7817
13727	14.7729
13728	14.7641
13729	14.7553
13730	14.7465
13731	14.7377
13732	14.729
13733	14.7202
13734	14.7114
13735	14.7026
13736	14.6939
13737	14.6851
13738	14.6764
13739	14.6676
13740	14.6589
13741	14.6502
13742	14.6414
13743	14.6327
13744	14.624
13745	14.6153
13746	14.6066
13747	14.5979
13748	14.5892
13749	14.5805
13750	14.5718
13751	14.5631
13752	14.5544
13753	14.5457
13754	14.5371
13755	14.5284
13756	14.5197
13757	14.5111
13758	14.5024
13759	14.4938
13760	14.4851
13761	14.4765
13762	14.4679
13763	14.4593
13764	14.4506
13765	14.442
13766	14.4334
13767	14.4248
13768	14.4162
13769	14.4076
13770	14.399
13771	14.3904
13772	14.3819
13773	14.3733
13774	14.3647
13775	14.3561
13776	14.3476
13777	14.339
13778	14.3305
13779	14.3219
13780	14.3134
13781	14.3049
13782	14.2963
13783	14.2878
13784	14.2793
13785	14.2708
13786	14.2623
13787	14.2538
13788	14.2453
13789	14.2368
13790	14.2283
13791	14.2198
13792	14.2113
13793	14.2028
13794	14.1943
13795	14.1859
13796	14.1774
13797	14.169
13798	14.1605
13799	14.1521
13800	14.1436
13801	14.1352
13802	14.1267
13803	14.1183
13804	14.1099
13805	14.1015
13806	14.0931
13807	14.0847
13808	14.0763
13809	14.0679
13810	14.0595
13811	14.0511
13812	14.0427
13813	14.0343
13814	14.0259
13815	14.0176
13816	14.0092
13817	14.0008
13818	13.9925
13819	13.9841
13820	13.9758
13821	13.9674
13822	13.9591
13823	13.9508
13824	13.9425
13825	13.9341
13826	13.9258
13827	13.9175
13828	13.9092
13829	13.9009
13830	13.8926
13831	13.8843
13832	13.876
13833	13.8677
13834	13.8595
13835	13.8512
13836	13.8429
13837	13.8347
13838	13.8264
13839	13.8181
13840	13.8099
13841	13.8016
13842	13.7934
13843	13.7852
13844	13.7769
13845	13.7687
13846	13.7605
13847	13.7523
13848	13.7441
13849	13.7359
13850	13.7277
13851	13.7195
13852	13.7113
13853	13.7031
13854	13.6949
13855	13.6867
13856	13.6785
13857	13.6704
13858	13.6622
13859	13.654
13860	13.6459
13861	13.6377
13862	13.6296
13863	13.6215
13864	13.6133
13865	13.6052
13866	13.5971
13867	13.5889
13868	13.5808
13869	13.5727
13870	13.5646
13871	13.5565
13872	13.5484
13873	13.5403
13874	13.5322
13875	13.5241
13876	13.5161
13877	13.508
13878	13.4999
13879	13.4918
13880	13.4838
13881	13.4757
13882	13.4677
13883	13.4596
13884	13.4516
13885	13.4435
13886	13.4355
13887	13.4275
13888	13.4195
13889	13.4114
13890	13.4034
13891	13.3954
13892	13.3874
13893	13.3794
13894	13.3714
13895	13.3634
13896	13.3554
13897	13.3475
13898	13.3395
13899	13.3315
13900	13.3235
13901	13.3156
13902	13.3076
13903	13.2997
13904	13.2917
13905	13.2838
13906	13.2758
13907	13.2679
13908	13.26
13909	13.252
13910	13.2441
13911	13.2362
13912	13.2283
13913	13.2204
13914	13.2125
13915	13.2046
13916	13.1967
13917	13.1888
13918	13.1809
13919	13.173
13920	13.1651
13921	13.1573
13922	13.1494
13923	13.1415
13924	13.1337
13925	13.1258
13926	13.118
13927	13.1101
13928	13.1023
13929	13.0945
13930	13.0866
13931	13.0788
13932	13.071
13933	13.0632
13934	13.0553
13935	13.0475
13936	13.0397
13937	13.0319
13938	13.0241
13939	13.0163
13940	13.0086
13941	13.0008
13942	12.993
13943	12.9852
13944	12.9775
13945	12.9697
13946	12.9619
13947	12.9542
13948	12.9464
13949	12.9387
13950	12.931
13951	12.9232
13952	12.9155
13953	12.9078
13954	12.9
13955	12.8923
13956	12.8846
13957	12.8769
13958	12.8692
13959	12.8615
13960	12.8538
13961	12.8461
13962	12.8384
13963	12.8307
13964	12.823
13965	12.8154
13966	12.8077
13967	12.8
13968	12.7924
13969	12.7847
13970	12.7771
13971	12.7694
13972	12.7618
13973	12.7541
13974	12.7465
13975	12.7389
13976	12.7313
13977	12.7236
13978	12.716
13979	12.7084
13980	12.7008
13981	12.6932
13982	12.6856
13983	12.678
13984	12.6704
13985	12.6628
13986	12.6552
13987	12.6477
13988	12.6401
13989	12.6325
13990	12.625
13991	12.6174
13992	12.6099
13993	12.6023
13994	12.5948
13995	12.5872
13996	12.5797
13997	12.5721
13998	12.5646
13999	12.5571
14000	12.5496
14001	12.5421
14002	12.5346
14003	12.527
14004	12.5195
14005	12.512
14006	12.5046
14007	12.4971
14008	12.4896
14009	12.4821
14010	12.4746
14011	12.4671
14012	12.4597
14013	12.4522
14014	12.4448
14015	12.4373
14016	12.4299
14017	12.4224
14018	12.415
14019	12.4075
14020	12.4001
14021	12.3927
14022	12.3852
14023	12.3778
14024	12.3704
14025	12.363
14026	12.3556
14027	12.3482
14028	12.3408
14029	12.3334
14030	12.326
14031	12.3186
14032	12.3112
14033	12.3039
14034	12.2965
14035	12.2891
14036	12.2818
14037	12.2744
14038	12.267
14039	12.2597
14040	12.2523
14041	12.245
14042	12.2377
14043	12.2303
14044	12.223
14045	12.2157
14046	12.2084
14047	12.201
14048	12.1937
14049	12.1864
14050	12.1791
14051	12.1718
14052	12.1645
14053	12.1572
14054	12.1499
14055	12.1427
14056	12.1354
14057	12.1281
14058	12.1208
14059	12.1136
14060	12.1063
14061	12.099
14062	12.0918
14063	12.0845
14064	12.0773
14065	12.0701
14066	12.0628
14067	12.0556
14068	12.0484
14069	12.0411
14070	12.0339
14071	12.0267
14072	12.0195
14073	12.0123
14074	12.0051
14075	11.9979
14076	11.9907
14077	11.9835
14078	11.9763
14079	11.9691
14080	11.9619
14081	11.9548
14082	11.9476
14083	11.9404
14084	11.9333
14085	11.9261
14086	11.919
14087	11.9118
14088	11.9047
14089	11.8975
14090	11.8904
14091	11.8833
14092	11.8761
14093	11.869
14094	11.8619
14095	11.8548
14096	11.8477
14097	11.8406
14098	11.8334
14099	11.8263
14100	11.8193
14101	11.8122
14102	11.8051
14103	11.798
14104	11.7909
14105	11.7838
14106	11.7768
14107	11.7697
14108	11.7626
14109	11.7556
14110	11.7485
14111	11.7415
14112	11.7344
14113	11.7274
14114	11.7204
14115	11.7133
14116	11.7063
14117	11.6993
14118	11.6922
14119	11.6852
14120	11.6782
14121	11.6712
14122	11.6642
14123	11.6572
14124	11.6502
14125	11.6432
14126	11.6362
14127	11.6292
14128	11.6223
14129	11.6153
14130	11.6083
14131	11.6013
14132	11.5944
14133	11.5874
14134	11.5805
14135	11.5735
14136	11.5666
14137	11.5596
14138	11.5527
14139	11.5457
14140	11.5388
14141	11.5319
14142	11.525
14143	11.518
14144	11.5111
14145	11.5042
14146	11.4973
14147	11.4904
14148	11.4835
14149	11.4766
14150	11.4697
14151	11.4628
14152	11.4559
14153	11.4491
14154	11.4422
14155	11.4353
14156	11.4284
14157	11.4216
14158	11.4147
14159	11.4079
14160	11.401
14161	11.3942
14162	11.3873
14163	11.3805
14164	11.3736
14165	11.3668
14166	11.36
14167	11.3532
14168	11.3463
14169	11.3395
14170	11.3327
14171	11.3259
14172	11.3191
14173	11.3123
14174	11.3055
14175	11.2987
14176	11.2919
14177	11.2851
14178	11.2784
14179	11.2716
14180	11.2648
14181	11.2581
14182	11.2513
14183	11.2445
14184	11.2378
14185	11.231
14186	11.2243
14187	11.2175
14188	11.2108
14189	11.204
14190	11.1973
14191	11.1906
14192	11.1839
14193	11.1771
14194	11.1704
14195	11.1637
14196	11.157
14197	11.1503
14198	11.1436
14199	11.1369
14200	11.1302
14201	11.1235
14202	11.1168
14203	11.1101
14204	11.1035
14205	11.0968
14206	11.0901
14207	11.0835
14208	11.0768
14209	11.0701
14210	11.0635
14211	11.0568
14212	11.0502
14213	11.0435
14214	11.0369
14215	11.0303
14216	11.0236
14217	11.017
14218	11.0104
14219	11.0038
14220	10.9971
14221	10.9905
14222	10.9839
14223	10.9773
14224	10.9707
14225	10.9641
14226	10.9575
14227	10.9509
14228	10.9444
14229	10.9378
14230	10.9312
14231	10.9246
14232	10.9181
14233	10.9115
14234	10.9049
14235	10.8984
14236	10.8918
14237	10.8853
14238	10.8787
14239	10.8722
14240	10.8656
14241	10.8591
14242	10.8526
14243	10.846
14244	10.8395
14245	10.833
14246	10.8265
14247	10.82
14248	10.8135
14249	10.807
14250	10.8004
14251	10.794
14252	10.7875
14253	10.781
14254	10.7745
14255	10.768
14256	10.7615
14257	10.755
14258	10.7486
14259	10.7421
14260	10.7356
14261	10.7292
14262	10.7227
14263	10.7163
14264	10.7098
14265	10.7034
14266	10.6969
14267	10.6905
14268	10.6841
14269	10.6776
14270	10.6712
14271	10.6648
14272	10.6584
14273	10.652
14274	10.6456
14275	10.6391
14276	10.6327
14277	10.6263
14278	10.6199
14279	10.6136
14280	10.6072
14281	10.6008
14282	10.5944
14283	10.588
14284	10.5817
14285	10.5753
14286	10.5689
14287	10.5626
14288	10.5562
14289	10.5498
14290	10.5435
14291	10.5371
14292	10.5308
14293	10.5245
14294	10.5181
14295	10.5118
14296	10.5055
14297	10.4991
14298	10.4928
14299	10.4865
14300	10.4802
14301	10.4739
14302	10.4676
14303	10.4613
14304	10.455
14305	10.4487
14306	10.4424
14307	10.4361
14308	10.4298
14309	10.4235
14310	10.4172
14311	10.411
14312	10.4047
14313	10.3984
14314	10.3922
14315	10.3859
14316	10.3797
14317	10.3734
14318	10.3672
14319	10.3609
14320	10.3547
14321	10.3484
14322	10.3422
14323	10.336
14324	10.3297
14325	10.3235
14326	10.3173
14327	10.3111
14328	10.3049
14329	10.2987
14330	10.2925
14331	10.2863
14332	10.2801
14333	10.2739
14334	10.2677
14335	10.2615
14336	10.2553
14337	10.2491
14338	10.243
14339	10.2368
14340	10.2306
14341	10.2245
14342	10.2183
14343	10.2121
14344	10.206
14345	10.1998
14346	10.1937
14347	10.1876
14348	10.1814
14349	10.1753
14350	10.1691
14351	10.163
14352	10.1569
14353	10.1508
14354	10.1447
14355	10.1385
14356	10.1324
14357	10.1263
14358	10.1202
14359	10.1141
14360	10.108
14361	10.1019
14362	10.0958
14363	10.0898
14364	10.0837
14365	10.0776
14366	10.0715
14367	10.0654
14368	10.0594
14369	10.0533
14370	10.0473
14371	10.0412
14372	10.0351
14373	10.0291
14374	10.023
14375	10.017
14376	10.011
14377	10.0049
14378	9.9989
14379	9.99287
14380	9.98684
14381	9.98082
14382	9.9748
14383	9.96879
14384	9.96278
14385	9.95677
14386	9.95076
14387	9.94476
14388	9.93877
14389	9.93277
14390	9.92678
14391	9.9208
14392	9.91481
14393	9.90883
14394	9.90286
14395	9.89688
14396	9.89091
14397	9.88495
14398	9.87899
14399	9.87303
14400	9.86707
14401	9.86112
14402	9.85517
14403	9.84923
14404	9.84329
14405	9.83735
14406	9.83142
14407	9.82549
14408	9.81956
14409	9.81363
14410	9.80771
14411	9.8018
14412	9.79588
14413	9.78997
14414	9.78407
14415	9.77816
14416	9.77226
14417	9.76637
14418	9.76048
14419	9.75459
14420	9.7487
14421	9.74282
14422	9.73694
14423	9.73106
14424	9.72519
14425	9.71932
14426	9.71346
14427	9.7076
14428	9.70174
14429	9.69588
14430	9.69003
14431	9.68419
14432	9.67834
14433	9.6725
14434	9.66666
14435	9.66083
14436	9.655
14437	9.64917
14438	9.64335
14439	9.63753
14440	9.63171
14441	9.62589
14442	9.62008
14443	9.61428
14444	9.60847
14445	9.60267
14446	9.59688
14447	9.59108
14448	9.58529
14449	9.57951
14450	9.57372
14451	9.56794
14452	9.56217
14453	9.5564
14454	9.55063
14455	9.54486
14456	9.5391
14457	9.53334
14458	9.52758
14459	9.52183
14460	9.51608
14461	9.51033
14462	9.50459
14463	9.49885
14464	9.49312
14465	9.48738
14466	9.48165
14467	9.47593
14468	9.47021
14469	9.46449
14470	9.45877
14471	9.45306
14472	9.44735
14473	9.44165
14474	9.43594
14475	9.43024
14476	9.42455
14477	9.41886
14478	9.41317
14479	9.40748
14480	9.4018
14481	9.39612
14482	9.39045
14483	9.38477
14484	9.3791
14485	9.37344
14486	9.36778
14487	9.36212
14488	9.35646
14489	9.35081
14490	9.34516
14491	9.33952
14492	9.33387
14493	9.32823
14494	9.3226
14495	9.31697
14496	9.31134
14497	9.30571
14498	9.30009
14499	9.29447
14500	9.28885
14501	9.28324
14502	9.27763
14503	9.27203
14504	9.26642
14505	9.26082
14506	9.25523
14507	9.24963
14508	9.24405
14509	9.23846
14510	9.23288
14511	9.2273
14512	9.22172
14513	9.21615
14514	9.21058
14515	9.20501
14516	9.19945
14517	9.19389
14518	9.18833
14519	9.18278
14520	9.17723
14521	9.17168
14522	9.16614
14523	9.1606
14524	9.15506
14525	9.14952
14526	9.14399
14527	9.13847
14528	9.13294
14529	9.12742
14530	9.1219
14531	9.11639
14532	9.11088
14533	9.10537
14534	9.09986
14535	9.09436
14536	9.08886
14537	9.08337
14538	9.07788
14539	9.07239
14540	9.0669
14541	9.06142
14542	9.05594
14543	9.05047
14544	9.04499
14545	9.03952
14546	9.03406
14547	9.0286
14548	9.02314
14549	9.01768
14550	9.01223
14551	9.00678
14552	9.00133
14553	8.99589
14554	8.99044
14555	8.98501
14556	8.97957
14557	8.97414
14558	8.96872
14559	8.96329
14560	8.95787
14561	8.95245
14562	8.94704
14563	8.94162
14564	8.93622
14565	8.93081
14566	8.92541
14567	8.92001
14568	8.91461
14569	8.90922
14570	8.90383
14571	8.89845
14572	8.89306
14573	8.88768
14574	8.8823
14575	8.87693
14576	8.87156
14577	8.86619
14578	8.86083
14579	8.85547
14580	8.85011
14581	8.84476
14582	8.8394
14583	8.83406
14584	8.82871
14585	8.82337
14586	8.81803
14587	8.81269
14588	8.80736
14589	8.80203
14590	8.7967
14591	8.79138
14592	8.78606
14593	8.78074
14594	8.77543
14595	8.77012
14596	8.76481
14597	8.75951
14598	8.75421
14599	8.74891
14600	8.74361
14601	8.73832
14602	8.73303
14603	8.72774
14604	8.72246
14605	8.71718
14606	8.71191
14607	8.70663
14608	8.70136
14609	8.69609
14610	8.69083
14611	8.68557
14612	8.68031
14613	8.67506
14614	8.66981
14615	8.66456
14616	8.65931
14617	8.65407
14618	8.64883
14619	8.64359
14620	8.63836
14621	8.63313
14622	8.6279
14623	8.62268
14624	8.61746
14625	8.61224
14626	8.60702
14627	8.60181
14628	8.5966
14629	8.5914
14630	8.5862
14631	8.581
14632	8.5758
14633	8.57061
14634	8.56542
14635	8.56023
14636	8.55505
14637	8.54986
14638	8.54469
14639	8.53951
14640	8.53434
14641	8.52917
14642	8.524
14643	8.51884
14644	8.51368
14645	8.50853
14646	8.50337
14647	8.49822
14648	8.49307
14649	8.48793
14650	8.48279
14651	8.47765
14652	8.47251
14653	8.46738
14654	8.46225
14655	8.45712
14656	8.452
14657	8.44688
14658	8.44176
14659	8.43665
14660	8.43154
14661	8.42643
14662	8.42132
14663	8.41622
14664	8.41112
14665	8.40603
14666	8.40093
14667	8.39584
14668	8.39076
14669	8.38567
14670	8.38059
14671	8.37551
14672	8.37044
14673	8.36536
14674	8.36029
14675	8.35523
14676	8.35016
14677	8.3451
14678	8.34005
14679	8.33499
14680	8.32994
14681	8.32489
14682	8.31985
14683	8.3148
14684	8.30976
14685	8.30473
14686	8.29969
14687	8.29466
14688	8.28964
14689	8.28461
14690	8.27959
14691	8.27457
14692	8.26956
14693	8.26454
14694	8.25953
14695	8.25453
14696	8.24952
14697	8.24452
14698	8.23952
14699	8.23453
14700	8.22953
14701	8.22455
14702	8.21956
14703	8.21458
14704	8.2096
14705	8.20462
14706	8.19964
14707	8.19467
14708	8.1897
14709	8.18474
14710	8.17977
14711	8.17481
14712	8.16986
14713	8.1649
14714	8.15995
14715	8.155
14716	8.15006
14717	8.14512
14718	8.14018
14719	8.13524
14720	8.13031
14721	8.12538
14722	8.12045
14723	8.11552
14724	8.1106
14725	8.10568
14726	8.10077
14727	8.09585
14728	8.09094
14729	8.08603
14730	8.08113
14731	8.07623
14732	8.07133
14733	8.06643
14734	8.06154
14735	8.05665
14736	8.05176
14737	8.04688
14738	8.042
14739	8.03712
14740	8.03224
14741	8.02737
14742	8.0225
14743	8.01763
14744	8.01277
14745	8.00791
14746	8.00305
14747	7.99819
14748	7.99334
14749	7.98849
14750	7.98364
14751	7.9788
14752	7.97396
14753	7.96912
14754	7.96428
14755	7.95945
14756	7.95462
14757	7.94979
14758	7.94497
14759	7.94015
14760	7.93533
14761	7.93051
14762	7.9257
14763	7.92089
14764	7.91608
14765	7.91128
14766	7.90648
14767	7.90168
14768	7.89688
14769	7.89209
14770	7.8873
14771	7.88251
14772	7.87773
14773	7.87295
14774	7.86817
14775	7.86339
14776	7.85862
14777	7.85385
14778	7.84908
14779	7.84432
14780	7.83955
14781	7.83479
14782	7.83004
14783	7.82529
14784	7.82053
14785	7.81579
14786	7.81104
14787	7.8063
14788	7.80156
14789	7.79682
14790	7.79209
14791	7.78736
14792	7.78263
14793	7.7779
14794	7.77318
14795	7.76846
14796	7.76374
14797	7.75903
14798	7.75432
14799	7.74961
14800	7.7449
14801	7.7402
14802	7.7355
14803	7.7308
14804	7.72611
14805	7.72142
14806	7.71673
14807	7.71204
14808	7.70736
14809	7.70268
14810	7.698
14811	7.69332
14812	7.68865
14813	7.68398
14814	7.67931
14815	7.67465
14816	7.66999
14817	7.66533
14818	7.66067
14819	7.65602
14820	7.65137
14821	7.64672
14822	7.64207
14823	7.63743
14824	7.63279
14825	7.62815
14826	7.62352
14827	7.61889
14828	7.61426
14829	7.60963
14830	7.60501
14831	7.60039
14832	7.59577
14833	7.59116
14834	7.58655
14835	7.58194
14836	7.57733
14837	7.57273
14838	7.56812
14839	7.56352
14840	7.55893
14841	7.55434
14842	7.54975
14843	7.54516
14844	7.54057
14845	7.53599
14846	7.53141
14847	7.52683
14848	7.52226
14849	7.51769
14850	7.51312
14851	7.50855
14852	7.50399
14853	7.49943
14854	7.49487
14855	7.49032
14856	7.48576
14857	7.48121
14858	7.47667
14859	7.47212
14860	7.46758
14861	7.46304
14862	7.4585
14863	7.45397
14864	7.44944
14865	7.44491
14866	7.44038
14867	7.43586
14868	7.43134
14869	7.42682
14870	7.42231
14871	7.4178
14872	7.41329
14873	7.40878
14874	7.40427
14875	7.39977
14876	7.39527
14877	7.39078
14878	7.38628
14879	7.38179
14880	7.3773
14881	7.37282
14882	7.36833
14883	7.36385
14884	7.35938
14885	7.3549
14886	7.35043
14887	7.34596
14888	7.34149
14889	7.33703
14890	7.33257
14891	7.32811
14892	7.32365
14893	7.3192
14894	7.31474
14895	7.3103
14896	7.30585
14897	7.30141
14898	7.29696
14899	7.29253
14900	7.28809
14901	7.28366
14902	7.27923
14903	7.2748
14904	7.27038
14905	7.26595
14906	7.26153
14907	7.25712
14908	7.2527
14909	7.24829
14910	7.24388
14911	7.23947
14912	7.23507
14913	7.23067
14914	7.22627
14915	7.22187
14916	7.21748
14917	7.21309
14918	7.2087
14919	7.20431
14920	7.19993
14921	7.19555
14922	7.19117
14923	7.1868
14924	7.18242
14925	7.17805
14926	7.17368
14927	7.16932
14928	7.16496
14929	7.1606
14930	7.15624
14931	7.15188
14932	7.14753
14933	7.14318
14934	7.13884
14935	7.13449
14936	7.13015
14937	7.12581
14938	7.12147
14939	7.11714
14940	7.11281
14941	7.10848
14942	7.10415
14943	7.09983
14944	7.09551
14945	7.09119
14946	7.08687
14947	7.08256
14948	7.07825
14949	7.07394
14950	7.06963
14951	7.06533
14952	7.06103
14953	7.05673
14954	7.05243
14955	7.04814
14956	7.04385
14957	7.03956
14958	7.03527
14959	7.03099
14960	7.02671
14961	7.02243
14962	7.01816
14963	7.01388
14964	7.00961
14965	7.00535
14966	7.00108
14967	6.99682
14968	6.99256
14969	6.9883
14970	6.98404
14971	6.97979
14972	6.97554
14973	6.97129
14974	6.96705
14975	6.96281
14976	6.95857
14977	6.95433
14978	6.95009
14979	6.94586
14980	6.94163
14981	6.9374
14982	6.93318
14983	6.92895
14984	6.92473
14985	6.92052
14986	6.9163
14987	6.91209
14988	6.90788
14989	6.90367
14990	6.89947
14991	6.89526
14992	6.89106
14993	6.88687
14994	6.88267
14995	6.87848
14996	6.87429
14997	6.8701
14998	6.86592
14999	6.86173
15000	6.85755
15001	6.85338
15002	6.8492
15003	6.84503
15004	6.84086
15005	6.83669
15006	6.83252
15007	6.82836
15008	6.8242
15009	6.82004
15010	6.81589
15011	6.81173
15012	6.80758
15013	6.80344
15014	6.79929
15015	6.79515
15016	6.79101
15017	6.78687
15018	6.78273
15019	6.7786
15020	6.77447
15021	6.77034
15022	6.76621
15023	6.76209
15024	6.75797
15025	6.75385
15026	6.74973
15027	6.74562
15028	6.74151
15029	6.7374
15030	6.73329
15031	6.72919
15032	6.72509
15033	6.72099
15034	6.71689
15035	6.7128
15036	6.70871
15037	6.70462
15038	6.70053
15039	6.69645
15040	6.69236
15041	6.68829
15042	6.68421
15043	6.68013
15044	6.67606
15045	6.67199
15046	6.66792
15047	6.66386
15048	6.6598
15049	6.65574
15050	6.65168
15051	6.64762
15052	6.64357
15053	6.63952
15054	6.63547
15055	6.63142
15056	6.62738
15057	6.62334
15058	6.6193
15059	6.61526
15060	6.61123
15061	6.6072
15062	6.60317
15063	6.59914
15064	6.59512
15065	6.5911
15066	6.58708
15067	6.58306
15068	6.57905
15069	6.57503
15070	6.57102
15071	6.56702
15072	6.56301
15073	6.55901
15074	6.55501
15075	6.55101
15076	6.54701
15077	6.54302
15078	6.53903
15079	6.53504
15080	6.53106
15081	6.52707
15082	6.52309
15083	6.51911
15084	6.51513
15085	6.51116
15086	6.50719
15087	6.50322
15088	6.49925
15089	6.49529
15090	6.49132
15091	6.48736
15092	6.48341
15093	6.47945
15094	6.4755
15095	6.47155
15096	6.4676
15097	6.46365
15098	6.45971
15099	6.45577
15100	6.45183
15101	6.44789
15102	6.44396
15103	6.44003
15104	6.4361
15105	6.43217
15106	6.42824
15107	6.42432
15108	6.4204
15109	6.41648
15110	6.41257
15111	6.40865
15112	6.40474
15113	6.40083
15114	6.39693
15115	6.39302
15116	6.38912
15117	6.38522
15118	6.38133
15119	6.37743
15120	6.37354
15121	6.36965
15122	6.36576
15123	6.36187
15124	6.35799
15125	6.35411
15126	6.35023
15127	6.34636
15128	6.34248
15129	6.33861
15130	6.33474
15131	6.33087
15132	6.32701
15133	6.32315
15134	6.31929
15135	6.31543
15136	6.31157
15137	6.30772
15138	6.30387
15139	6.30002
15140	6.29617
15141	6.29233
15142	6.28849
15143	6.28465
15144	6.28081
15145	6.27698
15146	6.27314
15147	6.26931
15148	6.26548
15149	6.26166
15150	6.25784
15151	6.25401
15152	6.2502
15153	6.24638
15154	6.24256
15155	6.23875
15156	6.23494
15157	6.23113
15158	6.22733
15159	6.22353
15160	6.21973
15161	6.21593
15162	6.21213
15163	6.20834
15164	6.20454
15165	6.20075
15166	6.19697
15167	6.19318
15168	6.1894
15169	6.18562
15170	6.18184
15171	6.17806
15172	6.17429
15173	6.17052
15174	6.16675
15175	6.16298
15176	6.15922
15177	6.15546
15178	6.1517
15179	6.14794
15180	6.14418
15181	6.14043
15182	6.13668
15183	6.13293
15184	6.12918
15185	6.12544
15186	6.12169
15187	6.11795
15188	6.11422
15189	6.11048
15190	6.10675
15191	6.10301
15192	6.09929
15193	6.09556
15194	6.09183
15195	6.08811
15196	6.08439
15197	6.08067
15198	6.07696
15199	6.07324
15200	6.06953
15201	6.06582
15202	6.06212
15203	6.05841
15204	6.05471
15205	6.05101
15206	6.04731
15207	6.04362
15208	6.03992
15209	6.03623
15210	6.03254
15211	6.02885
15212	6.02517
15213	6.02149
15214	6.01781
15215	6.01413
15216	6.01045
15217	6.00678
15218	6.00311
15219	5.99944
15220	5.99577
15221	5.9921
15222	5.98844
15223	5.98478
15224	5.98112
15225	5.97747
15226	5.97381
15227	5.97016
15228	5.96651
15229	5.96286
15230	5.95922
15231	5.95557
15232	5.95193
15233	5.94829
15234	5.94466
15235	5.94102
15236	5.93739
15237	5.93376
15238	5.93013
15239	5.9265
15240	5.92288
15241	5.91926
15242	5.91564
15243	5.91202
15244	5.90841
15245	5.90479
15246	5.90118
15247	5.89757
15248	5.89397
15249	5.89036
15250	5.88676
15251	5.88316
15252	5.87956
15253	5.87597
15254	5.87237
15255	5.86878
15256	5.86519
15257	5.8616
15258	5.85802
15259	5.85444
15260	5.85085
15261	5.84728
15262	5.8437
15263	5.84012
15264	5.83655
15265	5.83298
15266	5.82941
15267	5.82585
15268	5.82228
15269	5.81872
15270	5.81516
15271	5.81161
15272	5.80805
15273	5.8045
15274	5.80095
15275	5.7974
15276	5.79385
15277	5.79031
15278	5.78676
15279	5.78322
15280	5.77968
15281	5.77615
15282	5.77261
15283	5.76908
15284	5.76555
15285	5.76202
15286	5.7585
15287	5.75497
15288	5.75145
15289	5.74793
15290	5.74442
15291	5.7409
15292	5.73739
15293	5.73388
15294	5.73037
15295	5.72686
15296	5.72336
15297	5.71985
15298	5.71635
15299	5.71285
15300	5.70936
15301	5.70586
15302	5.70237
15303	5.69888
15304	5.69539
15305	5.69191
15306	5.68842
15307	5.68494
15308	5.68146
15309	5.67798
15310	5.67451
15311	5.67103
15312	5.66756
15313	5.66409
15314	5.66063
15315	5.65716
15316	5.6537
15317	5.65024
15318	5.64678
15319	5.64332
15320	5.63987
15321	5.63641
15322	5.63296
15323	5.62951
15324	5.62607
15325	5.62262
15326	5.61918
15327	5.61574
15328	5.6123
15329	5.60887
15330	5.60543
15331	5.602
15332	5.59857
15333	5.59514
15334	5.59171
15335	5.58829
15336	5.58487
15337	5.58145
15338	5.57803
15339	5.57461
15340	5.5712
15341	5.56779
15342	5.56438
15343	5.56097
15344	5.55757
15345	5.55416
15346	5.55076
15347	5.54736
15348	5.54396
15349	5.54057
15350	5.53717
15351	5.53378
15352	5.53039
15353	5.52701
15354	5.52362
15355	5.52024
15356	5.51686
15357	5.51348
15358	5.5101
15359	5.50672
15360	5.50335
15361	5.49998
15362	5.49661
15363	5.49324
15364	5.48988
15365	5.48651
15366	5.48315
15367	5.47979
15368	5.47644
15369	5.47308
15370	5.46973
15371	5.46638
15372	5.46303
15373	5.45968
15374	5.45634
15375	5.45299
15376	5.44965
15377	5.44631
15378	5.44298
15379	5.43964
15380	5.43631
15381	5.43298
15382	5.42965
15383	5.42632
15384	5.42299
15385	5.41967
15386	5.41635
15387	5.41303
15388	5.40971
15389	5.4064
15390	5.40309
15391	5.39977
15392	5.39646
15393	5.39316
15394	5.38985
15395	5.38655
15396	5.38325
15397	5.37995
15398	5.37665
15399	5.37335
15400	5.37006
15401	5.36677
15402	5.36348
15403	5.36019
15404	5.35691
15405	5.35362
15406	5.35034
15407	5.34706
15408	5.34378
15409	5.34051
15410	5.33723
15411	5.33396
15412	5.33069
15413	5.32742
15414	5.32416
15415	5.32089
15416	5.31763
15417	5.31437
15418	5.31111
15419	5.30786
15420	5.3046
15421	5.30135
15422	5.2981
15423	5.29485
15424	5.29161
15425	5.28836
15426	5.28512
15427	5.28188
15428	5.27864
15429	5.2754
15430	5.27217
15431	5.26893
15432	5.2657
15433	5.26247
15434	5.25925
15435	5.25602
15436	5.2528
15437	5.24958
15438	5.24636
15439	5.24314
15440	5.23992
15441	5.23671
15442	5.2335
15443	5.23029
15444	5.22708
15445	5.22387
15446	5.22067
15447	5.21747
15448	5.21427
15449	5.21107
15450	5.20787
15451	5.20468
15452	5.20149
15453	5.1983
15454	5.19511
15455	5.19192
15456	5.18874
15457	5.18555
15458	5.18237
15459	5.17919
15460	5.17601
15461	5.17284
15462	5.16967
15463	5.16649
15464	5.16332
15465	5.16016
15466	5.15699
15467	5.15383
15468	5.15066
15469	5.1475
15470	5.14435
15471	5.14119
15472	5.13803
15473	5.13488
15474	5.13173
15475	5.12858
15476	5.12544
15477	5.12229
15478	5.11915
15479	5.11601
15480	5.11287
15481	5.10973
15482	5.10659
15483	5.10346
15484	5.10033
15485	5.0972
15486	5.09407
15487	5.09094
15488	5.08782
15489	5.0847
15490	5.08158
15491	5.07846
15492	5.07534
15493	5.07222
15494	5.06911
15495	5.066
15496	5.06289
15497	5.05978
15498	5.05668
15499	5.05357
15500	5.05047
15501	5.04737
15502	5.04427
15503	5.04118
15504	5.03808
15505	5.03499
15506	5.0319
15507	5.02881
15508	5.02572
15509	5.02264
15510	5.01955
15511	5.01647
15512	5.01339
15513	5.01031
15514	5.00724
15515	5.00416
15516	5.00109
15517	4.99802
15518	4.99495
15519	4.99188
15520	4.98882
15521	4.98576
15522	4.98269
15523	4.97963
15524	4.97658
15525	4.97352
15526	4.97047
15527	4.96741
15528	4.96436
15529	4.96132
15530	4.95827
15531	4.95522
15532	4.95218
15533	4.94914
15534	4.9461
15535	4.94306
15536	4.94003
15537	4.93699
15538	4.93396
15539	4.93093
15540	4.9279
15541	4.92487
15542	4.92185
15543	4.91883
15544	4.91581
15545	4.91279
15546	4.90977
15547	4.90675
15548	4.90374
15549	4.90073
15550	4.89772
15551	4.89471
15552	4.8917
15553	4.8887
15554	4.88569
15555	4.88269
15556	4.87969
15557	4.87669
15558	4.8737
15559	4.8707
15560	4.86771
15561	4.86472
15562	4.86173
15563	4.85874
15564	4.85576
15565	4.85278
15566	4.84979
15567	4.84681
15568	4.84384
15569	4.84086
15570	4.83788
15571	4.83491
15572	4.83194
15573	4.82897
15574	4.826
15575	4.82304
15576	4.82008
15577	4.81711
15578	4.81415
15579	4.81119
15580	4.80824
15581	4.80528
15582	4.80233
15583	4.79938
15584	4.79643
15585	4.79348
15586	4.79053
15587	4.78759
15588	4.78465
15589	4.78171
15590	4.77877
15591	4.77583
15592	4.7729
15593	4.76996
15594	4.76703
15595	4.7641
15596	4.76117
15597	4.75824
15598	4.75532
15599	4.7524
15600	4.74948
15601	4.74656
15602	4.74364
15603	4.74072
15604	4.73781
15605	4.73489
15606	4.73198
15607	4.72907
15608	4.72617
15609	4.72326
15610	4.72036
15611	4.71746
15612	4.71455
15613	4.71166
15614	4.70876
15615	4.70586
15616	4.70297
15617	4.70008
15618	4.69719
15619	4.6943
15620	4.69141
15621	4.68853
15622	4.68565
15623	4.68277
15624	4.67989
15625	4.67701
15626	4.67413
15627	4.67126
15628	4.66838
15629	4.66551
15630	4.66264
15631	4.65978
15632	4.65691
15633	4.65405
15634	4.65118
15635	4.64832
15636	4.64547
15637	4.64261
15638	4.63975
15639	4.6369
15640	4.63405
15641	4.6312
15642	4.62835
15643	4.6255
15644	4.62266
15645	4.61981
15646	4.61697
15647	4.61413
15648	4.61129
15649	4.60846
15650	4.60562
15651	4.60279
15652	4.59996
15653	4.59713
15654	4.5943
15655	4.59147
15656	4.58865
15657	4.58582
15658	4.583
15659	4.58018
15660	4.57736
15661	4.57455
15662	4.57173
15663	4.56892
15664	4.56611
15665	4.5633
15666	4.56049
15667	4.55769
15668	4.55488
15669	4.55208
15670	4.54928
15671	4.54648
15672	4.54368
15673	4.54088
15674	4.53809
15675	4.5353
15676	4.53251
15677	4.52972
15678	4.52693
15679	4.52414
15680	4.52136
15681	4.51858
15682	4.5158
15683	4.51302
15684	4.51024
15685	4.50746
15686	4.50469
15687	4.50192
15688	4.49915
15689	4.49638
15690	4.49361
15691	4.49084
15692	4.48808
15693	4.48532
15694	4.48256
15695	4.4798
15696	4.47704
15697	4.47428
15698	4.47153
15699	4.46878
15700	4.46602
15701	4.46328
15702	4.46053
15703	4.45778
15704	4.45504
15705	4.45229
15706	4.44955
15707	4.44681
15708	4.44408
15709	4.44134
15710	4.43861
15711	4.43587
15712	4.43314
15713	4.43041
15714	4.42768
15715	4.42496
15716	4.42223
15717	4.41951
15718	4.41679
15719	4.41407
15720	4.41135
15721	4.40864
15722	4.40592
15723	4.40321
15724	4.4005
15725	4.39779
15726	4.39508
15727	4.39237
15728	4.38967
15729	4.38696
15730	4.38426
15731	4.38156
15732	4.37886
15733	4.37617
15734	4.37347
15735	4.37078
15736	4.36808
15737	4.36539
15738	4.36271
15739	4.36002
15740	4.35733
15741	4.35465
15742	4.35197
15743	4.34929
15744	4.34661
15745	4.34393
15746	4.34125
15747	4.33858
15748	4.33591
15749	4.33324
15750	4.33057
15751	4.3279
15752	4.32523
15753	4.32257
15754	4.3199
15755	4.31724
15756	4.31458
15757	4.31193
15758	4.30927
15759	4.30661
15760	4.30396
15761	4.30131
15762	4.29866
15763	4.29601
15764	4.29336
15765	4.29072
15766	4.28807
15767	4.28543
15768	4.28279
15769	4.28015
15770	4.27751
15771	4.27488
15772	4.27224
15773	4.26961
15774	4.26698
15775	4.26435
15776	4.26172
15777	4.2591
15778	4.25647
15779	4.25385
15780	4.25123
15781	4.24861
15782	4.24599
15783	4.24337
15784	4.24076
15785	4.23814
15786	4.23553
15787	4.23292
15788	4.23031
15789	4.2277
15790	4.2251
15791	4.22249
15792	4.21989
15793	4.21729
15794	4.21469
15795	4.21209
15796	4.2095
15797	4.2069
15798	4.20431
15799	4.20172
15800	4.19913
15801	4.19654
15802	4.19395
15803	4.19136
15804	4.18878
15805	4.1862
15806	4.18362
15807	4.18104
15808	4.17846
15809	4.17588
15810	4.17331
15811	4.17074
15812	4.16817
15813	4.1656
15814	4.16303
15815	4.16046
15816	4.15789
15817	4.15533
15818	4.15277
15819	4.15021
15820	4.14765
15821	4.14509
15822	4.14254
15823	4.13998
15824	4.13743
15825	4.13488
15826	4.13233
15827	4.12978
15828	4.12723
15829	4.12469
15830	4.12214
15831	4.1196
15832	4.11706
15833	4.11452
15834	4.11198
15835	4.10945
15836	4.10691
15837	4.10438
15838	4.10185
15839	4.09932
15840	4.09679
15841	4.09426
15842	4.09174
15843	4.08921
15844	4.08669
15845	4.08417
15846	4.08165
15847	4.07913
15848	4.07662
15849	4.0741
15850	4.07159
15851	4.06908
15852	4.06657
15853	4.06406
15854	4.06155
15855	4.05904
15856	4.05654
15857	4.05404
15858	4.05154
15859	4.04904
15860	4.04654
15861	4.04404
15862	4.04155
15863	4.03905
15864	4.03656
15865	4.03407
15866	4.03158
15867	4.02909
15868	4.02661
15869	4.02412
15870	4.02164
15871	4.01916
15872	4.01668
15873	4.0142
15874	4.01172
15875	4.00925
15876	4.00677
15877	4.0043
15878	4.00183
15879	3.99936
15880	3.99689
15881	3.99442
15882	3.99196
15883	3.9895
15884	3.98703
15885	3.98457
15886	3.98211
15887	3.97966
15888	3.9772
15889	3.97474
15890	3.97229
15891	3.96984
15892	3.96739
15893	3.96494
15894	3.96249
15895	3.96005
15896	3.9576
15897	3.95516
15898	3.95272
15899	3.95028
15900	3.94784
15901	3.9454
15902	3.94297
15903	3.94053
15904	3.9381
15905	3.93567
15906	3.93324
15907	3.93081
15908	3.92838
15909	3.92596
15910	3.92353
15911	3.92111
15912	3.91869
15913	3.91627
15914	3.91385
15915	3.91144
15916	3.90902
15917	3.90661
15918	3.9042
15919	3.90179
15920	3.89938
15921	3.89697
15922	3.89456
15923	3.89216
15924	3.88975
15925	3.88735
15926	3.88495
15927	3.88255
15928	3.88015
15929	3.87776
15930	3.87536
15931	3.87297
15932	3.87058
15933	3.86819
15934	3.8658
15935	3.86341
15936	3.86103
15937	3.85864
15938	3.85626
15939	3.85388
15940	3.8515
15941	3.84912
15942	3.84674
15943	3.84436
15944	3.84199
15945	3.83962
15946	3.83724
15947	3.83487
15948	3.8325
15949	3.83014
15950	3.82777
15951	3.82541
15952	3.82304
15953	3.82068
15954	3.81832
15955	3.81596
15956	3.81361
15957	3.81125
15958	3.80889
15959	3.80654
15960	3.80419
15961	3.80184
15962	3.79949
15963	3.79714
15964	3.7948
15965	3.79245
15966	3.79011
15967	3.78777
15968	3.78543
15969	3.78309
15970	3.78075
15971	3.77841
15972	3.77608
15973	3.77375
15974	3.77141
15975	3.76908
15976	3.76675
15977	3.76443
15978	3.7621
15979	3.75978
15980	3.75745
15981	3.75513
15982	3.75281
15983	3.75049
15984	3.74817
15985	3.74586
15986	3.74354
15987	3.74123
15988	3.73891
15989	3.7366
15990	3.73429
15991	3.73199
15992	3.72968
15993	3.72737
15994	3.72507
15995	3.72277
15996	3.72047
15997	3.71817
15998	3.71587
15999	3.71357
16000	3.71128
16001	3.70898
16002	3.70669
16003	3.7044
16004	3.70211
16005	3.69982
16006	3.69753
16007	3.69525
16008	3.69296
16009	3.69068
16010	3.6884
16011	3.68612
16012	3.68384
16013	3.68156
16014	3.67928
16015	3.67701
16016	3.67474
16017	3.67246
16018	3.67019
16019	3.66792
16020	3.66566
16021	3.66339
16022	3.66112
16023	3.65886
16024	3.6566
16025	3.65434
16026	3.65208
16027	3.64982
16028	3.64756
16029	3.64531
16030	3.64305
16031	3.6408
16032	3.63855
16033	3.6363
16034	3.63405
16035	3.6318
16036	3.62956
16037	3.62731
16038	3.62507
16039	3.62283
16040	3.62058
16041	3.61835
16042	3.61611
16043	3.61387
16044	3.61164
16045	3.6094
16046	3.60717
16047	3.60494
16048	3.60271
16049	3.60048
16050	3.59825
16051	3.59603
16052	3.5938
16053	3.59158
16054	3.58936
16055	3.58714
16056	3.58492
16057	3.5827
16058	3.58048
16059	3.57827
16060	3.57606
16061	3.57384
16062	3.57163
16063	3.56942
16064	3.56721
16065	3.56501
16066	3.5628
16067	3.5606
16068	3.55839
16069	3.55619
16070	3.55399
16071	3.55179
16072	3.5496
16073	3.5474
16074	3.5452
16075	3.54301
16076	3.54082
16077	3.53863
16078	3.53644
16079	3.53425
16080	3.53206
16081	3.52988
16082	3.52769
16083	3.52551
16084	3.52333
16085	3.52115
16086	3.51897
16087	3.51679
16088	3.51461
16089	3.51244
16090	3.51026
16091	3.50809
16092	3.50592
16093	3.50375
16094	3.50158
16095	3.49942
16096	3.49725
16097	3.49508
16098	3.49292
16099	3.49076
16100	3.4886
16101	3.48644
16102	3.48428
16103	3.48212
16104	3.47997
16105	3.47781
16106	3.47566
16107	3.47351
16108	3.47136
16109	3.46921
16110	3.46706
16111	3.46492
16112	3.46277
16113	3.46063
16114	3.45849
16115	3.45634
16116	3.4542
16117	3.45207
16118	3.44993
16119	3.44779
16120	3.44566
16121	3.44353
16122	3.44139
16123	3.43926
16124	3.43713
16125	3.435
16126	3.43288
16127	3.43075
16128	3.42863
16129	3.4265
16130	3.42438
16131	3.42226
16132	3.42014
16133	3.41803
16134	3.41591
16135	3.41379
16136	3.41168
16137	3.40957
16138	3.40745
16139	3.40534
16140	3.40324
16141	3.40113
16142	3.39902
16143	3.39692
16144	3.39481
16145	3.39271
16146	3.39061
16147	3.38851
16148	3.38641
16149	3.38431
16150	3.38222
16151	3.38012
16152	3.37803
16153	3.37594
16154	3.37384
16155	3.37175
16156	3.36967
16157	3.36758
16158	3.36549
16159	3.36341
16160	3.36132
16161	3.35924
16162	3.35716
16163	3.35508
16164	3.353
16165	3.35093
16166	3.34885
16167	3.34678
16168	3.3447
16169	3.34263
16170	3.34056
16171	3.33849
16172	3.33642
16173	3.33435
16174	3.33229
16175	3.33022
16176	3.32816
16177	3.3261
16178	3.32404
16179	3.32198
16180	3.31992
16181	3.31786
16182	3.31581
16183	3.31375
16184	3.3117
16185	3.30965
16186	3.30759
16187	3.30554
16188	3.3035
16189	3.30145
16190	3.2994
16191	3.29736
16192	3.29531
16193	3.29327
16194	3.29123
16195	3.28919
16196	3.28715
16197	3.28512
16198	3.28308
16199	3.28105
16200	3.27901
16201	3.27698
16202	3.27495
16203	3.27292
16204	3.27089
16205	3.26886
16206	3.26684
16207	3.26481
16208	3.26279
16209	3.26077
16210	3.25874
16211	3.25672
16212	3.2547
16213	3.25269
16214	3.25067
16215	3.24866
16216	3.24664
16217	3.24463
16218	3.24262
16219	3.24061
16220	3.2386
16221	3.23659
16222	3.23458
16223	3.23258
16224	3.23057
16225	3.22857
16226	3.22657
16227	3.22457
16228	3.22257
16229	3.22057
16230	3.21858
16231	3.21658
16232	3.21459
16233	3.21259
16234	3.2106
16235	3.20861
16236	3.20662
16237	3.20463
16238	3.20264
16239	3.20066
16240	3.19867
16241	3.19669
16242	3.19471
16243	3.19273
16244	3.19075
16245	3.18877
16246	3.18679
16247	3.18481
16248	3.18284
16249	3.18086
16250	3.17889
16251	3.17692
16252	3.17495
16253	3.17298
16254	3.17101
16255	3.16905
16256	3.16708
16257	3.16512
16258	3.16315
16259	3.16119
16260	3.15923
16261	3.15727
16262	3.15531
16263	3.15335
16264	3.1514
16265	3.14944
16266	3.14749
16267	3.14554
16268	3.14359
16269	3.14164
16270	3.13969
16271	3.13774
16272	3.13579
16273	3.13385
16274	3.1319
16275	3.12996
16276	3.12802
16277	3.12608
16278	3.12414
16279	3.1222
16280	3.12026
16281	3.11833
16282	3.11639
16283	3.11446
16284	3.11253
16285	3.11059
16286	3.10866
16287	3.10674
16288	3.10481
16289	3.10288
16290	3.10096
16291	3.09903
16292	3.09711
16293	3.09519
16294	3.09327
16295	3.09135
16296	3.08943
16297	3.08751
16298	3.0856
16299	3.08368
16300	3.08177
16301	3.07985
16302	3.07794
16303	3.07603
16304	3.07412
16305	3.07222
16306	3.07031
16307	3.0684
16308	3.0665
16309	3.0646
16310	3.06269
16311	3.06079
16312	3.05889
16313	3.05699
16314	3.0551
16315	3.0532
16316	3.0513
16317	3.04941
16318	3.04752
16319	3.04563
16320	3.04374
16321	3.04185
16322	3.03996
16323	3.03807
16324	3.03618
16325	3.0343
16326	3.03242
16327	3.03053
16328	3.02865
16329	3.02677
16330	3.02489
16331	3.02301
16332	3.02114
16333	3.01926
16334	3.01739
16335	3.01551
16336	3.01364
16337	3.01177
16338	3.0099
16339	3.00803
16340	3.00616
16341	3.0043
16342	3.00243
16343	3.00057
16344	2.9987
16345	2.99684
16346	2.99498
16347	2.99312
16348	2.99126
16349	2.98941
16350	2.98755
16351	2.98569
16352	2.98384
16353	2.98199
16354	2.98013
16355	2.97828
16356	2.97643
16357	2.97459
16358	2.97274
16359	2.97089
16360	2.96905
16361	2.9672
16362	2.96536
16363	2.96352
16364	2.96168
16365	2.95984
16366	2.958
16367	2.95616
16368	2.95433
16369	2.95249
16370	2.95066
16371	2.94882
16372	2.94699
16373	2.94516
16374	2.94333
16375	2.9415
16376	2.93968
16377	2.93785
16378	2.93603
16379	2.9342
16380	2.93238
16381	2.93056
16382	2.92874
16383	2.92692
16384	2.9251
16385	2.92328
16386	2.92147
16387	2.91965
16388	2.91784
16389	2.91602
16390	2.91421
16391	2.9124
16392	2.91059
16393	2.90878
16394	2.90698
16395	2.90517
16396	2.90336
16397	2.90156
16398	2.89976
16399	2.89796
16400	2.89615
16401	2.89435
16402	2.89256
16403	2.89076
16404	2.88896
16405	2.88717
16406	2.88537
16407	2.88358
16408	2.88179
16409	2.88
16410	2.87821
16411	2.87642
16412	2.87463
16413	2.87284
16414	2.87106
16415	2.86927
16416	2.86749
16417	2.86571
16418	2.86393
16419	2.86215
16420	2.86037
16421	2.85859
16422	2.85681
16423	2.85504
16424	2.85326
16425	2.85149
16426	2.84972
16427	2.84795
16428	2.84618
16429	2.84441
16430	2.84264
16431	2.84087
16432	2.83911
16433	2.83734
16434	2.83558
16435	2.83381
16436	2.83205
16437	2.83029
16438	2.82853
16439	2.82677
16440	2.82502
16441	2.82326
16442	2.8215
16443	2.81975
16444	2.818
16445	2.81625
16446	2.81449
16447	2.81274
16448	2.811
16449	2.80925
16450	2.8075
16451	2.80576
16452	2.80401
16453	2.80227
16454	2.80052
16455	2.79878
16456	2.79704
16457	2.7953
16458	2.79357
16459	2.79183
16460	2.79009
16461	2.78836
16462	2.78662
16463	2.78489
16464	2.78316
16465	2.78143
16466	2.7797
16467	2.77797
16468	2.77624
16469	2.77451
16470	2.77279
16471	2.77106
16472	2.76934
16473	2.76762
16474	2.7659
16475	2.76418
16476	2.76246
16477	2.76074
16478	2.75902
16479	2.75731
16480	2.75559
16481	2.75388
16482	2.75216
16483	2.75045
16484	2.74874
16485	2.74703
16486	2.74532
16487	2.74361
16488	2.74191
16489	2.7402
16490	2.7385
16491	2.73679
16492	2.73509
16493	2.73339
16494	2.73169
16495	2.72999
16496	2.72829
16497	2.72659
16498	2.7249
16499	2.7232
16500	2.72151
16501	2.71981
16502	2.71812
16503	2.71643
16504	2.71474
16505	2.71305
16506	2.71136
16507	2.70968
16508	2.70799
16509	2.7063
16510	2.70462
16511	2.70294
16512	2.70126
16513	2.69958
16514	2.6979
16515	2.69622
16516	2.69454
16517	2.69286
16518	2.69119
16519	2.68951
16520	2.68784
16521	2.68616
16522	2.68449
16523	2.68282
16524	2.68115
16525	2.67948
16526	2.67782
16527	2.67615
16528	2.67448
16529	2.67282
16530	2.67116
16531	2.66949
16532	2.66783
16533	2.66617
16534	2.66451
16535	2.66285
16536	2.6612
16537	2.65954
16538	2.65788
16539	2.65623
16540	2.65458
16541	2.65292
16542	2.65127
16543	2.64962
16544	2.64797
16545	2.64632
16546	2.64468
16547	2.64303
16548	2.64138
16549	2.63974
16550	2.6381
16551	2.63645
16552	2.63481
16553	2.63317
16554	2.63153
16555	2.62989
16556	2.62826
16557	2.62662
16558	2.62499
16559	2.62335
16560	2.62172
16561	2.62009
16562	2.61845
16563	2.61682
16564	2.61519
16565	2.61357
16566	2.61194
16567	2.61031
16568	2.60869
16569	2.60706
16570	2.60544
16571	2.60382
16572	2.60219
16573	2.60057
16574	2.59895
16575	2.59734
16576	2.59572
16577	2.5941
16578	2.59249
16579	2.59087
16580	2.58926
16581	2.58765
16582	2.58603
16583	2.58442
16584	2.58281
16585	2.5812
16586	2.5796
16587	2.57799
16588	2.57638
16589	2.57478
16590	2.57318
16591	2.57157
16592	2.56997
16593	2.56837
16594	2.56677
16595	2.56517
16596	2.56357
16597	2.56198
16598	2.56038
16599	2.55879
16600	2.55719
16601	2.5556
16602	2.55401
16603	2.55242
16604	2.55083
16605	2.54924
16606	2.54765
16607	2.54606
16608	2.54448
16609	2.54289
16610	2.54131
16611	2.53972
16612	2.53814
16613	2.53656
16614	2.53498
16615	2.5334
16616	2.53182
16617	2.53024
16618	2.52867
16619	2.52709
16620	2.52552
16621	2.52394
16622	2.52237
16623	2.5208
16624	2.51923
16625	2.51766
16626	2.51609
16627	2.51452
16628	2.51295
16629	2.51139
16630	2.50982
16631	2.50826
16632	2.5067
16633	2.50513
16634	2.50357
16635	2.50201
16636	2.50045
16637	2.49889
16638	2.49734
16639	2.49578
16640	2.49422
16641	2.49267
16642	2.49112
16643	2.48956
16644	2.48801
16645	2.48646
16646	2.48491
16647	2.48336
16648	2.48182
16649	2.48027
16650	2.47872
16651	2.47718
16652	2.47563
16653	2.47409
16654	2.47255
16655	2.47101
16656	2.46947
16657	2.46793
16658	2.46639
16659	2.46485
16660	2.46331
16661	2.46178
16662	2.46024
16663	2.45871
16664	2.45718
16665	2.45564
16666	2.45411
16667	2.45258
16668	2.45105
16669	2.44953
16670	2.448
16671	2.44647
16672	2.44495
16673	2.44342
16674	2.4419
16675	2.44038
16676	2.43886
16677	2.43733
16678	2.43581
16679	2.4343
16680	2.43278
16681	2.43126
16682	2.42975
16683	2.42823
16684	2.42672
16685	2.4252
16686	2.42369
16687	2.42218
16688	2.42067
16689	2.41916
16690	2.41765
16691	2.41614
16692	2.41464
16693	2.41313
16694	2.41162
16695	2.41012
16696	2.40862
16697	2.40712
16698	2.40561
16699	2.40411
16700	2.40261
16701	2.40112
16702	2.39962
16703	2.39812
16704	2.39663
16705	2.39513
16706	2.39364
16707	2.39214
16708	2.39065
16709	2.38916
16710	2.38767
16711	2.38618
16712	2.38469
16713	2.3832
16714	2.38172
16715	2.38023
16716	2.37875
16717	2.37726
16718	2.37578
16719	2.3743
16720	2.37282
16721	2.37134
16722	2.36986
16723	2.36838
16724	2.3669
16725	2.36542
16726	2.36395
16727	2.36247
16728	2.361
16729	2.35953
16730	2.35805
16731	2.35658
16732	2.35511
16733	2.35364
16734	2.35217
16735	2.35071
16736	2.34924
16737	2.34777
16738	2.34631
16739	2.34484
16740	2.34338
16741	2.34192
16742	2.34046
16743	2.339
16744	2.33754
16745	2.33608
16746	2.33462
16747	2.33316
16748	2.33171
16749	2.33025
16750	2.3288
16751	2.32734
16752	2.32589
16753	2.32444
16754	2.32299
16755	2.32154
16756	2.32009
16757	2.31864
16758	2.3172
16759	2.31575
16760	2.3143
16761	2.31286
16762	2.31142
16763	2.30997
16764	2.30853
16765	2.30709
16766	2.30565
16767	2.30421
16768	2.30277
16769	2.30134
16770	2.2999
16771	2.29846
16772	2.29703
16773	2.29559
16774	2.29416
16775	2.29273
16776	2.2913
16777	2.28987
16778	2.28844
16779	2.28701
16780	2.28558
16781	2.28415
16782	2.28273
16783	2.2813
16784	2.27988
16785	2.27846
16786	2.27703
16787	2.27561
16788	2.27419
16789	2.27277
16790	2.27135
16791	2.26993
16792	2.26852
16793	2.2671
16794	2.26568
16795	2.26427
16796	2.26286
16797	2.26144
16798	2.26003
16799	2.25862
16800	2.25721
16801	2.2558
16802	2.25439
16803	2.25298
16804	2.25158
16805	2.25017
16806	2.24876
16807	2.24736
16808	2.24596
16809	2.24455
16810	2.24315
16811	2.24175
16812	2.24035
16813	2.23895
16814	2.23755
16815	2.23616
16816	2.23476
16817	2.23336
16818	2.23197
16819	2.23057
16820	2.22918
16821	2.22779
16822	2.2264
16823	2.22501
16824	2.22362
16825	2.22223
16826	2.22084
16827	2.21945
16828	2.21807
16829	2.21668
16830	2.21529
16831	2.21391
16832	2.21253
16833	2.21115
16834	2.20976
16835	2.20838
16836	2.207
16837	2.20563
16838	2.20425
16839	2.20287
16840	2.20149
16841	2.20012
16842	2.19874
16843	2.19737
16844	2.196
16845	2.19463
16846	2.19325
16847	2.19188
16848	2.19051
16849	2.18915
16850	2.18778
16851	2.18641
16852	2.18504
16853	2.18368
16854	2.18231
16855	2.18095
16856	2.17959
16857	2.17823
16858	2.17687
16859	2.1755
16860	2.17415
16861	2.17279
16862	2.17143
16863	2.17007
16864	2.16872
16865	2.16736
16866	2.16601
16867	2.16465
16868	2.1633
16869	2.16195
16870	2.1606
16871	2.15925
16872	2.1579
16873	2.15655
16874	2.1552
16875	2.15385
16876	2.15251
16877	2.15116
16878	2.14982
16879	2.14847
16880	2.14713
16881	2.14579
16882	2.14445
16883	2.14311
16884	2.14177
16885	2.14043
16886	2.13909
16887	2.13775
16888	2.13642
16889	2.13508
16890	2.13375
16891	2.13241
16892	2.13108
16893	2.12975
16894	2.12842
16895	2.12708
16896	2.12575
16897	2.12443
16898	2.1231
16899	2.12177
16900	2.12044
16901	2.11912
16902	2.11779
16903	2.11647
16904	2.11515
16905	2.11382
16906	2.1125
16907	2.11118
16908	2.10986
16909	2.10854
16910	2.10722
16911	2.10591
16912	2.10459
16913	2.10327
16914	2.10196
16915	2.10064
16916	2.09933
16917	2.09802
16918	2.0967
16919	2.09539
16920	2.09408
16921	2.09277
16922	2.09146
16923	2.09016
16924	2.08885
16925	2.08754
16926	2.08624
16927	2.08493
16928	2.08363
16929	2.08233
16930	2.08102
16931	2.07972
16932	2.07842
16933	2.07712
16934	2.07582
16935	2.07452
16936	2.07323
16937	2.07193
16938	2.07063
16939	2.06934
16940	2.06804
16941	2.06675
16942	2.06546
16943	2.06417
16944	2.06287
16945	2.06158
16946	2.06029
16947	2.05901
16948	2.05772
16949	2.05643
16950	2.05514
16951	2.05386
16952	2.05257
16953	2.05129
16954	2.05001
16955	2.04872
16956	2.04744
16957	2.04616
16958	2.04488
16959	2.0436
16960	2.04232
16961	2.04105
16962	2.03977
16963	2.03849
16964	2.03722
16965	2.03594
16966	2.03467
16967	2.03339
16968	2.03212
16969	2.03085
16970	2.02958
16971	2.02831
16972	2.02704
16973	2.02577
16974	2.02451
16975	2.02324
16976	2.02197
16977	2.02071
16978	2.01944
16979	2.01818
16980	2.01692
16981	2.01565
16982	2.01439
16983	2.01313
16984	2.01187
16985	2.01061
16986	2.00935
16987	2.0081
16988	2.00684
16989	2.00558
16990	2.00433
16991	2.00307
16992	2.00182
16993	2.00057
16994	1.99932
16995	1.99806
16996	1.99681
16997	1.99556
16998	1.99431
16999	1.99307
17000	1.99182
17001	1.99057
17002	1.98933
17003	1.98808
17004	1.98684
17005	1.98559
17006	1.98435
17007	1.98311
17008	1.98187
17009	1.98063
17010	1.97939
17011	1.97815
17012	1.97691
17013	1.97567
17014	1.97443
17015	1.9732
17016	1.97196
17017	1.97073
17018	1.96949
17019	1.96826
17020	1.96703
17021	1.9658
17022	1.96457
17023	1.96334
17024	1.96211
17025	1.96088
17026	1.95965
17027	1.95842
17028	1.9572
17029	1.95597
17030	1.95475
17031	1.95352
17032	1.9523
17033	1.95108
17034	1.94986
17035	1.94863
17036	1.94741
17037	1.94619
17038	1.94498
17039	1.94376
17040	1.94254
17041	1.94132
17042	1.94011
17043	1.93889
17044	1.93768
17045	1.93647
17046	1.93525
17047	1.93404
17048	1.93283
17049	1.93162
17050	1.93041
17051	1.9292
17052	1.92799
17053	1.92678
17054	1.92558
17055	1.92437
17056	1.92317
17057	1.92196
17058	1.92076
17059	1.91955
17060	1.91835
17061	1.91715
17062	1.91595
17063	1.91475
17064	1.91355
17065	1.91235
17066	1.91115
17067	1.90996
17068	1.90876
17069	1.90756
17070	1.90637
17071	1.90518
17072	1.90398
17073	1.90279
17074	1.9016
17075	1.90041
17076	1.89921
17077	1.89803
17078	1.89684
17079	1.89565
17080	1.89446
17081	1.89327
17082	1.89209
17083	1.8909
17084	1.88972
17085	1.88853
17086	1.88735
17087	1.88617
17088	1.88498
17089	1.8838
17090	1.88262
17091	1.88144
17092	1.88026
17093	1.87909
17094	1.87791
17095	1.87673
17096	1.87556
17097	1.87438
17098	1.87321
17099	1.87203
17100	1.87086
17101	1.86969
17102	1.86852
17103	1.86734
17104	1.86617
17105	1.865
17106	1.86384
17107	1.86267
17108	1.8615
17109	1.86033
17110	1.85917
17111	1.858
17112	1.85684
17113	1.85567
17114	1.85451
17115	1.85335
17116	1.85219
17117	1.85103
17118	1.84987
17119	1.84871
17120	1.84755
17121	1.84639
17122	1.84523
17123	1.84408
17124	1.84292
17125	1.84176
17126	1.84061
17127	1.83946
17128	1.8383
17129	1.83715
17130	1.836
17131	1.83485
17132	1.8337
17133	1.83255
17134	1.8314
17135	1.83025
17136	1.8291
17137	1.82796
17138	1.82681
17139	1.82567
17140	1.82452
17141	1.82338
17142	1.82223
17143	1.82109
17144	1.81995
17145	1.81881
17146	1.81767
17147	1.81653
17148	1.81539
17149	1.81425
17150	1.81311
17151	1.81198
17152	1.81084
17153	1.80971
17154	1.80857
17155	1.80744
17156	1.8063
17157	1.80517
17158	1.80404
17159	1.80291
17160	1.80178
17161	1.80065
17162	1.79952
17163	1.79839
17164	1.79726
17165	1.79613
17166	1.79501
17167	1.79388
17168	1.79276
17169	1.79163
17170	1.79051
17171	1.78939
17172	1.78826
17173	1.78714
17174	1.78602
17175	1.7849
17176	1.78378
17177	1.78266
17178	1.78154
17179	1.78043
17180	1.77931
17181	1.77819
17182	1.77708
17183	1.77596
17184	1.77485
17185	1.77374
17186	1.77262
17187	1.77151
17188	1.7704
17189	1.76929
17190	1.76818
17191	1.76707
17192	1.76596
17193	1.76486
17194	1.76375
17195	1.76264
17196	1.76154
17197	1.76043
17198	1.75933
17199	1.75822
17200	1.75712
17201	1.75602
17202	1.75492
17203	1.75381
17204	1.75271
17205	1.75161
17206	1.75052
17207	1.74942
17208	1.74832
17209	1.74722
17210	1.74613
17211	1.74503
17212	1.74394
17213	1.74284
17214	1.74175
17215	1.74065
17216	1.73956
17217	1.73847
17218	1.73738
17219	1.73629
17220	1.7352
17221	1.73411
17222	1.73302
17223	1.73194
17224	1.73085
17225	1.72976
17226	1.72868
17227	1.72759
17228	1.72651
17229	1.72542
17230	1.72434
17231	1.72326
17232	1.72218
17233	1.7211
17234	1.72002
17235	1.71894
17236	1.71786
17237	1.71678
17238	1.7157
17239	1.71463
17240	1.71355
17241	1.71247
17242	1.7114
17243	1.71033
17244	1.70925
17245	1.70818
17246	1.70711
17247	1.70603
17248	1.70496
17249	1.70389
17250	1.70282
17251	1.70176
17252	1.70069
17253	1.69962
17254	1.69855
17255	1.69749
17256	1.69642
17257	1.69536
17258	1.69429
17259	1.69323
17260	1.69216
17261	1.6911
17262	1.69004
17263	1.68898
17264	1.68792
17265	1.68686
17266	1.6858
17267	1.68474
17268	1.68368
17269	1.68263
17270	1.68157
17271	1.68051
17272	1.67946
17273	1.6784
17274	1.67735
17275	1.6763
17276	1.67525
17277	1.67419
17278	1.67314
17279	1.67209
17280	1.67104
17281	1.66999
17282	1.66894
17283	1.6679
17284	1.66685
17285	1.6658
17286	1.66476
17287	1.66371
17288	1.66266
17289	1.66162
17290	1.66058
17291	1.65953
17292	1.65849
17293	1.65745
17294	1.65641
17295	1.65537
17296	1.65433
17297	1.65329
17298	1.65225
17299	1.65121
17300	1.65018
17301	1.64914
17302	1.6481
17303	1.64707
17304	1.64604
17305	1.645
17306	1.64397
17307	1.64294
17308	1.6419
17309	1.64087
17310	1.63984
17311	1.63881
17312	1.63778
17313	1.63675
17314	1.63572
17315	1.6347
17316	1.63367
17317	1.63264
17318	1.63162
17319	1.63059
17320	1.62957
17321	1.62855
17322	1.62752
17323	1.6265
17324	1.62548
17325	1.62446
17326	1.62344
17327	1.62242
17328	1.6214
17329	1.62038
17330	1.61936
17331	1.61834
17332	1.61733
17333	1.61631
17334	1.61529
17335	1.61428
17336	1.61326
17337	1.61225
17338	1.61124
17339	1.61023
17340	1.60921
17341	1.6082
17342	1.60719
17343	1.60618
17344	1.60517
17345	1.60416
17346	1.60316
17347	1.60215
17348	1.60114
17349	1.60014
17350	1.59913
17351	1.59813
17352	1.59712
17353	1.59612
17354	1.59511
17355	1.59411
17356	1.59311
17357	1.59211
17358	1.59111
17359	1.59011
17360	1.58911
17361	1.58811
17362	1.58711
17363	1.58611
17364	1.58512
17365	1.58412
17366	1.58312
17367	1.58213
17368	1.58114
17369	1.58014
17370	1.57915
17371	1.57816
17372	1.57716
17373	1.57617
17374	1.57518
17375	1.57419
17376	1.5732
17377	1.57221
17378	1.57122
17379	1.57024
17380	1.56925
17381	1.56826
17382	1.56728
17383	1.56629
17384	1.56531
17385	1.56432
17386	1.56334
17387	1.56236
17388	1.56137
17389	1.56039
17390	1.55941
17391	1.55843
17392	1.55745
17393	1.55647
17394	1.55549
17395	1.55452
17396	1.55354
17397	1.55256
17398	1.55159
17399	1.55061
17400	1.54963
17401	1.54866
17402	1.54769
17403	1.54671
17404	1.54574
17405	1.54477
17406	1.5438
17407	1.54283
17408	1.54186
17409	1.54089
17410	1.53992
17411	1.53895
17412	1.53798
17413	1.53701
17414	1.53605
17415	1.53508
17416	1.53412
17417	1.53315
17418	1.53219
17419	1.53122
17420	1.53026
17421	1.5293
17422	1.52834
17423	1.52738
17424	1.52641
17425	1.52545
17426	1.5245
17427	1.52354
17428	1.52258
17429	1.52162
17430	1.52066
17431	1.51971
17432	1.51875
17433	1.5178
17434	1.51684
17435	1.51589
17436	1.51493
17437	1.51398
17438	1.51303
17439	1.51208
17440	1.51113
17441	1.51017
17442	1.50922
17443	1.50828
17444	1.50733
17445	1.50638
17446	1.50543
17447	1.50448
17448	1.50354
17449	1.50259
17450	1.50165
17451	1.5007
17452	1.49976
17453	1.49881
17454	1.49787
17455	1.49693
17456	1.49599
17457	1.49504
17458	1.4941
17459	1.49316
17460	1.49222
17461	1.49129
17462	1.49035
17463	1.48941
17464	1.48847
17465	1.48754
17466	1.4866
17467	1.48566
17468	1.48473
17469	1.4838
17470	1.48286
17471	1.48193
17472	1.481
17473	1.48006
17474	1.47913
17475	1.4782
17476	1.47727
17477	1.47634
17478	1.47541
17479	1.47448
17480	1.47356
17481	1.47263
17482	1.4717
17483	1.47078
17484	1.46985
17485	1.46893
17486	1.468
17487	1.46708
17488	1.46615
17489	1.46523
17490	1.46431
17491	1.46339
17492	1.46247
17493	1.46155
17494	1.46063
17495	1.45971
17496	1.45879
17497	1.45787
17498	1.45695
17499	1.45603
17500	1.45512
17501	1.4542
17502	1.45329
17503	1.45237
17504	1.45146
17505	1.45054
17506	1.44963
17507	1.44872
17508	1.44781
17509	1.44689
17510	1.44598
17511	1.44507
17512	1.44416
17513	1.44325
17514	1.44235
17515	1.44144
17516	1.44053
17517	1.43962
17518	1.43872
17519	1.43781
17520	1.43691
17521	1.436
17522	1.4351
17523	1.43419
17524	1.43329
17525	1.43239
17526	1.43149
17527	1.43058
17528	1.42968
17529	1.42878
17530	1.42788
17531	1.42698
17532	1.42609
17533	1.42519
17534	1.42429
17535	1.42339
17536	1.4225
17537	1.4216
17538	1.42071
17539	1.41981
17540	1.41892
17541	1.41802
17542	1.41713
17543	1.41624
17544	1.41535
17545	1.41446
17546	1.41356
17547	1.41267
17548	1.41178
17549	1.4109
17550	1.41001
17551	1.40912
17552	1.40823
17553	1.40734
17554	1.40646
17555	1.40557
17556	1.40469
17557	1.4038
17558	1.40292
17559	1.40203
17560	1.40115
17561	1.40027
17562	1.39939
17563	1.39851
17564	1.39762
17565	1.39674
17566	1.39586
17567	1.39498
17568	1.39411
17569	1.39323
17570	1.39235
17571	1.39147
17572	1.3906
17573	1.38972
17574	1.38885
17575	1.38797
17576	1.3871
17577	1.38622
17578	1.38535
17579	1.38448
17580	1.3836
17581	1.38273
17582	1.38186
17583	1.38099
17584	1.38012
17585	1.37925
17586	1.37838
17587	1.37751
17588	1.37665
17589	1.37578
17590	1.37491
17591	1.37404
17592	1.37318
17593	1.37231
17594	1.37145
17595	1.37058
17596	1.36972
17597	1.36886
17598	1.368
17599	1.36713
17600	1.36627
17601	1.36541
17602	1.36455
17603	1.36369
17604	1.36283
17605	1.36197
17606	1.36111
17607	1.36026
17608	1.3594
17609	1.35854
17610	1.35769
17611	1.35683
17612	1.35598
17613	1.35512
17614	1.35427
17615	1.35341
17616	1.35256
17617	1.35171
17618	1.35086
17619	1.35
17620	1.34915
17621	1.3483
17622	1.34745
17623	1.3466
17624	1.34576
17625	1.34491
17626	1.34406
17627	1.34321
17628	1.34237
17629	1.34152
17630	1.34067
17631	1.33983
17632	1.33898
17633	1.33814
17634	1.3373
17635	1.33645
17636	1.33561
17637	1.33477
17638	1.33393
17639	1.33309
17640	1.33225
17641	1.33141
17642	1.33057
17643	1.32973
17644	1.32889
17645	1.32805
17646	1.32721
17647	1.32638
17648	1.32554
17649	1.32471
17650	1.32387
17651	1.32304
17652	1.3222
17653	1.32137
17654	1.32054
17655	1.3197
17656	1.31887
17657	1.31804
17658	1.31721
17659	1.31638
17660	1.31555
17661	1.31472
17662	1.31389
17663	1.31306
17664	1.31223
17665	1.3114
17666	1.31058
17667	1.30975
17668	1.30893
17669	1.3081
17670	1.30727
17671	1.30645
17672	1.30563
17673	1.3048
17674	1.30398
17675	1.30316
17676	1.30234
17677	1.30151
17678	1.30069
17679	1.29987
17680	1.29905
17681	1.29823
17682	1.29742
17683	1.2966
17684	1.29578
17685	1.29496
17686	1.29415
17687	1.29333
17688	1.29251
17689	1.2917
17690	1.29088
17691	1.29007
17692	1.28926
17693	1.28844
17694	1.28763
17695	1.28682
17696	1.28601
17697	1.28519
17698	1.28438
17699	1.28357
17700	1.28276
17701	1.28195
17702	1.28115
17703	1.28034
17704	1.27953
17705	1.27872
17706	1.27792
17707	1.27711
17708	1.2763
17709	1.2755
17710	1.27469
17711	1.27389
17712	1.27309
17713	1.27228
17714	1.27148
17715	1.27068
17716	1.26988
17717	1.26908
17718	1.26827
17719	1.26747
17720	1.26668
17721	1.26588
17722	1.26508
17723	1.26428
17724	1.26348
17725	1.26268
17726	1.26189
17727	1.26109
17728	1.2603
17729	1.2595
17730	1.25871
17731	1.25791
17732	1.25712
17733	1.25632
17734	1.25553
17735	1.25474
17736	1.25395
17737	1.25316
17738	1.25236
17739	1.25157
17740	1.25078
17741	1.25
17742	1.24921
17743	1.24842
17744	1.24763
17745	1.24684
17746	1.24606
17747	1.24527
17748	1.24448
17749	1.2437
17750	1.24291
17751	1.24213
17752	1.24134
17753	1.24056
17754	1.23978
17755	1.239
17756	1.23821
17757	1.23743
17758	1.23665
17759	1.23587
17760	1.23509
17761	1.23431
17762	1.23353
17763	1.23275
17764	1.23197
17765	1.2312
17766	1.23042
17767	1.22964
17768	1.22887
17769	1.22809
17770	1.22732
17771	1.22654
17772	1.22577
17773	1.22499
17774	1.22422
17775	1.22345
17776	1.22267
17777	1.2219
17778	1.22113
17779	1.22036
17780	1.21959
17781	1.21882
17782	1.21805
17783	1.21728
17784	1.21651
17785	1.21574
17786	1.21498
17787	1.21421
17788	1.21344
17789	1.21268
17790	1.21191
17791	1.21115
17792	1.21038
17793	1.20962
17794	1.20885
17795	1.20809
17796	1.20733
17797	1.20656
17798	1.2058
17799	1.20504
17800	1.20428
17801	1.20352
17802	1.20276
17803	1.202
17804	1.20124
17805	1.20048
17806	1.19972
17807	1.19897
17808	1.19821
17809	1.19745
17810	1.1967
17811	1.19594
17812	1.19519
17813	1.19443
17814	1.19368
17815	1.19292
17816	1.19217
17817	1.19142
17818	1.19066
17819	1.18991
17820	1.18916
17821	1.18841
17822	1.18766
17823	1.18691
17824	1.18616
17825	1.18541
17826	1.18466
17827	1.18391
17828	1.18316
17829	1.18242
17830	1.18167
17831	1.18092
17832	1.18018
17833	1.17943
17834	1.17869
17835	1.17794
17836	1.1772
17837	1.17645
17838	1.17571
17839	1.17497
17840	1.17423
17841	1.17348
17842	1.17274
17843	1.172
17844	1.17126
17845	1.17052
17846	1.16978
17847	1.16904
17848	1.1683
17849	1.16757
17850	1.16683
17851	1.16609
17852	1.16535
17853	1.16462
17854	1.16388
17855	1.16315
17856	1.16241
17857	1.16168
17858	1.16094
17859	1.16021
17860	1.15948
17861	1.15874
17862	1.15801
17863	1.15728
17864	1.15655
17865	1.15582
17866	1.15509
17867	1.15436
17868	1.15363
17869	1.1529
17870	1.15217
17871	1.15144
17872	1.15072
17873	1.14999
17874	1.14926
17875	1.14853
17876	1.14781
17877	1.14708
17878	1.14636
17879	1.14563
17880	1.14491
17881	1.14419
17882	1.14346
17883	1.14274
17884	1.14202
17885	1.1413
17886	1.14058
17887	1.13985
17888	1.13913
17889	1.13841
17890	1.13769
17891	1.13698
17892	1.13626
17893	1.13554
17894	1.13482
17895	1.1341
17896	1.13339
17897	1.13267
17898	1.13195
17899	1.13124
17900	1.13052
17901	1.12981
17902	1.12909
17903	1.12838
17904	1.12767
17905	1.12695
17906	1.12624
17907	1.12553
17908	1.12482
17909	1.12411
17910	1.1234
17911	1.12269
17912	1.12198
17913	1.12127
17914	1.12056
17915	1.11985
17916	1.11914
17917	1.11843
17918	1.11773
17919	1.11702
17920	1.11631
17921	1.11561
17922	1.1149
17923	1.1142
17924	1.11349
17925	1.11279
17926	1.11209
17927	1.11138
17928	1.11068
17929	1.10998
17930	1.10928
17931	1.10857
17932	1.10787
17933	1.10717
17934	1.10647
17935	1.10577
17936	1.10507
17937	1.10438
17938	1.10368
17939	1.10298
17940	1.10228
17941	1.10158
17942	1.10089
17943	1.10019
17944	1.0995
17945	1.0988
17946	1.09811
17947	1.09741
17948	1.09672
17949	1.09602
17950	1.09533
17951	1.09464
17952	1.09394
17953	1.09325
17954	1.09256
17955	1.09187
17956	1.09118
17957	1.09049
17958	1.0898
17959	1.08911
17960	1.08842
17961	1.08773
17962	1.08705
17963	1.08636
17964	1.08567
17965	1.08498
17966	1.0843
17967	1.08361
17968	1.08293
17969	1.08224
17970	1.08156
17971	1.08087
17972	1.08019
17973	1.0795
17974	1.07882
17975	1.07814
17976	1.07746
17977	1.07678
17978	1.07609
17979	1.07541
17980	1.07473
17981	1.07405
17982	1.07337
17983	1.07269
17984	1.07202
17985	1.07134
17986	1.07066
17987	1.06998
17988	1.06931
17989	1.06863
17990	1.06795
17991	1.06728
17992	1.0666
17993	1.06593
17994	1.06525
17995	1.06458
17996	1.06391
17997	1.06323
17998	1.06256
17999	1.06189
18000	1.06121
18001	1.06054
18002	1.05987
18003	1.0592
18004	1.05853
18005	1.05786
18006	1.05719
18007	1.05652
18008	1.05585
18009	1.05519
18010	1.05452
18011	1.05385
18012	1.05318
18013	1.05252
18014	1.05185
18015	1.05119
18016	1.05052
18017	1.04986
18018	1.04919
18019	1.04853
18020	1.04786
18021	1.0472
18022	1.04654
18023	1.04588
18024	1.04521
18025	1.04455
18026	1.04389
18027	1.04323
18028	1.04257
18029	1.04191
18030	1.04125
18031	1.04059
18032	1.03993
18033	1.03927
18034	1.03862
18035	1.03796
18036	1.0373
18037	1.03664
18038	1.03599
18039	1.03533
18040	1.03468
18041	1.03402
18042	1.03337
18043	1.03271
18044	1.03206
18045	1.03141
18046	1.03075
18047	1.0301
18048	1.02945
18049	1.0288
18050	1.02815
18051	1.02749
18052	1.02684
18053	1.02619
18054	1.02554
18055	1.0249
18056	1.02425
18057	1.0236
18058	1.02295
18059	1.0223
18060	1.02165
18061	1.02101
18062	1.02036
18063	1.01972
18064	1.01907
18065	1.01842
18066	1.01778
18067	1.01713
18068	1.01649
18069	1.01585
18070	1.0152
18071	1.01456
18072	1.01392
18073	1.01328
18074	1.01263
18075	1.01199
18076	1.01135
18077	1.01071
18078	1.01007
18079	1.00943
18080	1.00879
18081	1.00815
18082	1.00752
18083	1.00688
18084	1.00624
18085	1.0056
18086	1.00497
18087	1.00433
18088	1.00369
18089	1.00306
18090	1.00242
18091	1.00179
18092	1.00115
18093	1.00052
18094	0.999885
18095	0.999252
18096	0.998619
18097	0.997986
18098	0.997354
18099	0.996723
18100	0.996091
18101	0.99546
18102	0.99483
18103	0.9942
18104	0.99357
18105	0.99294
18106	0.992311
18107	0.991683
18108	0.991055
18109	0.990427
18110	0.989799
18111	0.989172
18112	0.988546
18113	0.987919
18114	0.987294
18115	0.986668
18116	0.986043
18117	0.985418
18118	0.984794
18119	0.98417
18120	0.983547
18121	0.982924
18122	0.982301
18123	0.981678
18124	0.981056
18125	0.980435
18126	0.979814
18127	0.979193
18128	0.978573
18129	0.977952
18130	0.977333
18131	0.976714
18132	0.976095
18133	0.975476
18134	0.974858
18135	0.97424
18136	0.973623
18137	0.973006
18138	0.97239
18139	0.971773
18140	0.971158
18141	0.970542
18142	0.969927
18143	0.969313
18144	0.968698
18145	0.968084
18146	0.967471
18147	0.966858
18148	0.966245
18149	0.965633
18150	0.965021
18151	0.964409
18152	0.963798
18153	0.963187
18154	0.962577
18155	0.961967
18156	0.961357
18157	0.960748
18158	0.960139
18159	0.95953
18160	0.958922
18161	0.958314
18162	0.957707
18163	0.9571
18164	0.956493
18165	0.955887
18166	0.955281
18167	0.954676
18168	0.954071
18169	0.953466
18170	0.952862
18171	0.952258
18172	0.951654
18173	0.951051
18174	0.950448
18175	0.949845
18176	0.949243
18177	0.948641
18178	0.94804
18179	0.947439
18180	0.946839
18181	0.946238
18182	0.945638
18183	0.945039
18184	0.94444
18185	0.943841
18186	0.943243
18187	0.942645
18188	0.942047
18189	0.94145
18190	0.940853
18191	0.940257
18192	0.93966
18193	0.939065
18194	0.938469
18195	0.937874
18196	0.93728
18197	0.936685
18198	0.936091
18199	0.935498
18200	0.934905
18201	0.934312
18202	0.93372
18203	0.933128
18204	0.932536
18205	0.931945
18206	0.931354
18207	0.930763
18208	0.930173
18209	0.929583
18210	0.928994
18211	0.928404
18212	0.927816
18213	0.927227
18214	0.926639
18215	0.926052
18216	0.925465
18217	0.924878
18218	0.924291
18219	0.923705
18220	0.923119
18221	0.922534
18222	0.921949
18223	0.921364
18224	0.92078
18225	0.920196
18226	0.919612
18227	0.919029
18228	0.918446
18229	0.917863
18230	0.917281
18231	0.916699
18232	0.916118
18233	0.915537
18234	0.914956
18235	0.914376
18236	0.913796
18237	0.913216
18238	0.912637
18239	0.912058
18240	0.91148
18241	0.910902
18242	0.910324
18243	0.909746
18244	0.909169
18245	0.908593
18246	0.908016
18247	0.90744
18248	0.906865
18249	0.906289
18250	0.905714
18251	0.90514
18252	0.904566
18253	0.903992
18254	0.903418
18255	0.902845
18256	0.902272
18257	0.9017
18258	0.901128
18259	0.900556
18260	0.899985
18261	0.899414
18262	0.898843
18263	0.898273
18264	0.897703
18265	0.897134
18266	0.896564
18267	0.895996
18268	0.895427
18269	0.894859
18270	0.894291
18271	0.893724
18272	0.893157
18273	0.89259
18274	0.892024
18275	0.891458
18276	0.890892
18277	0.890327
18278	0.889762
18279	0.889197
18280	0.888633
18281	0.888069
18282	0.887505
18283	0.886942
18284	0.886379
18285	0.885817
18286	0.885255
18287	0.884693
18288	0.884132
18289	0.88357
18290	0.88301
18291	0.882449
18292	0.881889
18293	0.88133
18294	0.88077
18295	0.880211
18296	0.879653
18297	0.879094
18298	0.878537
18299	0.877979
18300	0.877422
18301	0.876865
18302	0.876308
18303	0.875752
18304	0.875196
18305	0.874641
18306	0.874086
18307	0.873531
18308	0.872976
18309	0.872422
18310	0.871868
18311	0.871315
18312	0.870762
18313	0.870209
18314	0.869657
18315	0.869105
18316	0.868553
18317	0.868002
18318	0.867451
18319	0.8669
18320	0.86635
18321	0.8658
18322	0.86525
18323	0.864701
18324	0.864152
18325	0.863604
18326	0.863055
18327	0.862507
18328	0.86196
18329	0.861413
18330	0.860866
18331	0.860319
18332	0.859773
18333	0.859227
18334	0.858682
18335	0.858136
18336	0.857592
18337	0.857047
18338	0.856503
18339	0.855959
18340	0.855416
18341	0.854873
18342	0.85433
18343	0.853787
18344	0.853245
18345	0.852703
18346	0.852162
18347	0.851621
18348	0.85108
18349	0.85054
18350	0.85
18351	0.84946
18352	0.84892
18353	0.848381
18354	0.847843
18355	0.847304
18356	0.846766
18357	0.846229
18358	0.845691
18359	0.845154
18360	0.844617
18361	0.844081
18362	0.843545
18363	0.843009
18364	0.842474
18365	0.841939
18366	0.841404
18367	0.84087
18368	0.840336
18369	0.839802
18370	0.839269
18371	0.838736
18372	0.838203
18373	0.837671
18374	0.837139
18375	0.836607
18376	0.836075
18377	0.835544
18378	0.835014
18379	0.834483
18380	0.833953
18381	0.833424
18382	0.832894
18383	0.832365
18384	0.831836
18385	0.831308
18386	0.83078
18387	0.830252
18388	0.829725
18389	0.829198
18390	0.828671
18391	0.828145
18392	0.827619
18393	0.827093
18394	0.826568
18395	0.826042
18396	0.825518
18397	0.824993
18398	0.824469
18399	0.823945
18400	0.823422
18401	0.822899
18402	0.822376
18403	0.821854
18404	0.821331
18405	0.82081
18406	0.820288
18407	0.819767
18408	0.819246
18409	0.818726
18410	0.818205
18411	0.817686
18412	0.817166
18413	0.816647
18414	0.816128
18415	0.815609
18416	0.815091
18417	0.814573
18418	0.814056
18419	0.813538
18420	0.813021
18421	0.812505
18422	0.811989
18423	0.811473
18424	0.810957
18425	0.810442
18426	0.809927
18427	0.809412
18428	0.808898
18429	0.808384
18430	0.80787
18431	0.807357
18432	0.806843
18433	0.806331
18434	0.805818
18435	0.805306
18436	0.804794
18437	0.804283
18438	0.803772
18439	0.803261
18440	0.80275
18441	0.80224
18442	0.80173
18443	0.801221
18444	0.800712
18445	0.800203
18446	0.799694
18447	0.799186
18448	0.798678
18449	0.79817
18450	0.797663
18451	0.797156
18452	0.796649
18453	0.796143
18454	0.795637
18455	0.795131
18456	0.794626
18457	0.794121
18458	0.793616
18459	0.793111
18460	0.792607
18461	0.792103
18462	0.7916
18463	0.791097
18464	0.790594
18465	0.790091
18466	0.789589
18467	0.789087
18468	0.788585
18469	0.788084
18470	0.787583
18471	0.787082
18472	0.786582
18473	0.786082
18474	0.785582
18475	0.785083
18476	0.784584
18477	0.784085
18478	0.783586
18479	0.783088
18480	0.78259
18481	0.782093
18482	0.781596
18483	0.781099
18484	0.780602
18485	0.780106
18486	0.77961
18487	0.779114
18488	0.778619
18489	0.778123
18490	0.777629
18491	0.777134
18492	0.77664
18493	0.776146
18494	0.775653
18495	0.77516
18496	0.774667
18497	0.774174
18498	0.773682
18499	0.77319
18500	0.772698
18501	0.772207
18502	0.771716
18503	0.771225
18504	0.770734
18505	0.770244
18506	0.769755
18507	0.769265
18508	0.768776
18509	0.768287
18510	0.767798
18511	0.76731
18512	0.766822
18513	0.766334
18514	0.765847
18515	0.76536
18516	0.764873
18517	0.764387
18518	0.7639
18519	0.763415
18520	0.762929
18521	0.762444
18522	0.761959
18523	0.761474
18524	0.76099
18525	0.760506
18526	0.760022
18527	0.759539
18528	0.759056
18529	0.758573
18530	0.75809
18531	0.757608
18532	0.757126
18533	0.756645
18534	0.756163
18535	0.755682
18536	0.755202
18537	0.754721
18538	0.754241
18539	0.753761
18540	0.753282
18541	0.752803
18542	0.752324
18543	0.751845
18544	0.751367
18545	0.750889
18546	0.750411
18547	0.749934
18548	0.749457
18549	0.74898
18550	0.748503
18551	0.748027
18552	0.747551
18553	0.747075
18554	0.7466
18555	0.746125
18556	0.74565
18557	0.745176
18558	0.744702
18559	0.744228
18560	0.743755
18561	0.743281
18562	0.742808
18563	0.742336
18564	0.741863
18565	0.741391
18566	0.74092
18567	0.740448
18568	0.739977
18569	0.739506
18570	0.739036
18571	0.738565
18572	0.738095
18573	0.737626
18574	0.737156
18575	0.736687
18576	0.736218
18577	0.73575
18578	0.735282
18579	0.734814
18580	0.734346
18581	0.733879
18582	0.733412
18583	0.732945
18584	0.732479
18585	0.732012
18586	0.731547
18587	0.731081
18588	0.730616
18589	0.730151
18590	0.729686
18591	0.729222
18592	0.728757
18593	0.728294
18594	0.72783
18595	0.727367
18596	0.726904
18597	0.726441
18598	0.725979
18599	0.725517
18600	0.725055
18601	0.724594
18602	0.724132
18603	0.723671
18604	0.723211
18605	0.72275
18606	0.72229
18607	0.721831
18608	0.721371
18609	0.720912
18610	0.720453
18611	0.719994
18612	0.719536
18613	0.719078
18614	0.71862
18615	0.718163
18616	0.717706
18617	0.717249
18618	0.716792
18619	0.716336
18620	0.71588
18621	0.715424
18622	0.714968
18623	0.714513
18624	0.714058
18625	0.713604
18626	0.713149
18627	0.712695
18628	0.712242
18629	0.711788
18630	0.711335
18631	0.710882
18632	0.71043
18633	0.709977
18634	0.709525
18635	0.709073
18636	0.708622
18637	0.708171
18638	0.70772
18639	0.707269
18640	0.706819
18641	0.706369
18642	0.705919
18643	0.705469
18644	0.70502
18645	0.704571
18646	0.704123
18647	0.703674
18648	0.703226
18649	0.702778
18650	0.702331
18651	0.701884
18652	0.701437
18653	0.70099
18654	0.700544
18655	0.700097
18656	0.699652
18657	0.699206
18658	0.698761
18659	0.698316
18660	0.697871
18661	0.697427
18662	0.696982
18663	0.696538
18664	0.696095
18665	0.695651
18666	0.695208
18667	0.694766
18668	0.694323
18669	0.693881
18670	0.693439
18671	0.692997
18672	0.692556
18673	0.692115
18674	0.691674
18675	0.691233
18676	0.690793
18677	0.690353
18678	0.689913
18679	0.689474
18680	0.689035
18681	0.688596
18682	0.688157
18683	0.687719
18684	0.687281
18685	0.686843
18686	0.686405
18687	0.685968
18688	0.685531
18689	0.685094
18690	0.684658
18691	0.684222
18692	0.683786
18693	0.68335
18694	0.682915
18695	0.68248
18696	0.682045
18697	0.681611
18698	0.681176
18699	0.680742
18700	0.680309
18701	0.679875
18702	0.679442
18703	0.679009
18704	0.678577
18705	0.678144
18706	0.677712
18707	0.67728
18708	0.676849
18709	0.676418
18710	0.675987
18711	0.675556
18712	0.675126
18713	0.674695
18714	0.674265
18715	0.673836
18716	0.673406
18717	0.672977
18718	0.672549
18719	0.67212
18720	0.671692
18721	0.671264
18722	0.670836
18723	0.670408
18724	0.669981
18725	0.669554
18726	0.669128
18727	0.668701
18728	0.668275
18729	0.667849
18730	0.667424
18731	0.666998
18732	0.666573
18733	0.666148
18734	0.665724
18735	0.6653
18736	0.664876
18737	0.664452
18738	0.664028
18739	0.663605
18740	0.663182
18741	0.66276
18742	0.662337
18743	0.661915
18744	0.661493
18745	0.661072
18746	0.66065
18747	0.660229
18748	0.659808
18749	0.659388
18750	0.658967
18751	0.658547
18752	0.658128
18753	0.657708
18754	0.657289
18755	0.65687
18756	0.656451
18757	0.656033
18758	0.655615
18759	0.655197
18760	0.654779
18761	0.654362
18762	0.653945
18763	0.653528
18764	0.653111
18765	0.652695
18766	0.652279
18767	0.651863
18768	0.651447
18769	0.651032
18770	0.650617
18771	0.650202
18772	0.649788
18773	0.649373
18774	0.648959
18775	0.648546
18776	0.648132
18777	0.647719
18778	0.647306
18779	0.646893
18780	0.646481
18781	0.646069
18782	0.645657
18783	0.645245
18784	0.644834
18785	0.644423
18786	0.644012
18787	0.643601
18788	0.643191
18789	0.642781
18790	0.642371
18791	0.641961
18792	0.641552
18793	0.641143
18794	0.640734
18795	0.640325
18796	0.639917
18797	0.639509
18798	0.639101
18799	0.638694
18800	0.638286
18801	0.637879
18802	0.637472
18803	0.637066
18804	0.63666
18805	0.636254
18806	0.635848
18807	0.635442
18808	0.635037
18809	0.634632
18810	0.634227
18811	0.633823
18812	0.633419
18813	0.633015
18814	0.632611
18815	0.632208
18816	0.631804
18817	0.631401
18818	0.630999
18819	0.630596
18820	0.630194
18821	0.629792
18822	0.62939
18823	0.628989
18824	0.628588
18825	0.628187
18826	0.627786
18827	0.627386
18828	0.626986
18829	0.626586
18830	0.626186
18831	0.625787
18832	0.625387
18833	0.624988
18834	0.62459
18835	0.624191
18836	0.623793
18837	0.623395
18838	0.622998
18839	0.6226
18840	0.622203
18841	0.621806
18842	0.621409
18843	0.621013
18844	0.620617
18845	0.620221
18846	0.619825
18847	0.61943
18848	0.619035
18849	0.61864
18850	0.618245
18851	0.617851
18852	0.617456
18853	0.617062
18854	0.616669
18855	0.616275
18856	0.615882
18857	0.615489
18858	0.615097
18859	0.614704
18860	0.614312
18861	0.61392
18862	0.613528
18863	0.613137
18864	0.612746
18865	0.612355
18866	0.611964
18867	0.611573
18868	0.611183
18869	0.610793
18870	0.610403
18871	0.610014
18872	0.609625
18873	0.609236
18874	0.608847
18875	0.608458
18876	0.60807
18877	0.607682
18878	0.607294
18879	0.606907
18880	0.606519
18881	0.606132
18882	0.605746
18883	0.605359
18884	0.604973
18885	0.604587
18886	0.604201
18887	0.603815
18888	0.60343
18889	0.603045
18890	0.60266
18891	0.602275
18892	0.601891
18893	0.601507
18894	0.601123
18895	0.600739
18896	0.600356
18897	0.599972
18898	0.59959
18899	0.599207
18900	0.598824
18901	0.598442
18902	0.59806
18903	0.597678
18904	0.597297
18905	0.596916
18906	0.596535
18907	0.596154
18908	0.595773
18909	0.595393
18910	0.595013
18911	0.594633
18912	0.594254
18913	0.593874
18914	0.593495
18915	0.593116
18916	0.592738
18917	0.592359
18918	0.591981
18919	0.591603
18920	0.591226
18921	0.590848
18922	0.590471
18923	0.590094
18924	0.589717
18925	0.589341
18926	0.588965
18927	0.588589
18928	0.588213
18929	0.587837
18930	0.587462
18931	0.587087
18932	0.586712
18933	0.586338
18934	0.585963
18935	0.585589
18936	0.585215
18937	0.584842
18938	0.584468
18939	0.584095
18940	0.583722
18941	0.583349
18942	0.582977
18943	0.582605
18944	0.582233
18945	0.581861
18946	0.581489
18947	0.581118
18948	0.580747
18949	0.580376
18950	0.580005
18951	0.579635
18952	0.579265
18953	0.578895
18954	0.578525
18955	0.578156
18956	0.577787
18957	0.577418
18958	0.577049
18959	0.57668
18960	0.576312
18961	0.575944
18962	0.575576
18963	0.575209
18964	0.574841
18965	0.574474
18966	0.574107
18967	0.573741
18968	0.573374
18969	0.573008
18970	0.572642
18971	0.572276
18972	0.571911
18973	0.571546
18974	0.571181
18975	0.570816
18976	0.570451
18977	0.570087
18978	0.569723
18979	0.569359
18980	0.568995
18981	0.568632
18982	0.568269
18983	0.567906
18984	0.567543
18985	0.56718
18986	0.566818
18987	0.566456
18988	0.566094
18989	0.565733
18990	0.565371
18991	0.56501
18992	0.564649
18993	0.564288
18994	0.563928
18995	0.563568
18996	0.563208
18997	0.562848
18998	0.562488
18999	0.562129
19000	0.56177
19001	0.561411
19002	0.561052
19003	0.560694
19004	0.560336
19005	0.559978
19006	0.55962
19007	0.559262
19008	0.558905
19009	0.558548
19010	0.558191
19011	0.557834
19012	0.557478
19013	0.557122
19014	0.556766
19015	0.55641
19016	0.556055
19017	0.555699
19018	0.555344
19019	0.55499
19020	0.554635
19021	0.55428
19022	0.553926
19023	0.553572
19024	0.553219
19025	0.552865
19026	0.552512
19027	0.552159
19028	0.551806
19029	0.551453
19030	0.551101
19031	0.550749
19032	0.550397
19033	0.550045
19034	0.549694
19035	0.549342
19036	0.548991
19037	0.548641
19038	0.54829
19039	0.54794
19040	0.547589
19041	0.547239
19042	0.54689
19043	0.54654
19044	0.546191
19045	0.545842
19046	0.545493
19047	0.545144
19048	0.544796
19049	0.544448
19050	0.5441
19051	0.543752
19052	0.543404
19053	0.543057
19054	0.54271
19055	0.542363
19056	0.542017
19057	0.54167
19058	0.541324
19059	0.540978
19060	0.540632
19061	0.540286
19062	0.539941
19063	0.539596
19064	0.539251
19065	0.538906
19066	0.538562
19067	0.538218
19068	0.537874
19069	0.53753
19070	0.537186
19071	0.536843
19072	0.5365
19073	0.536157
19074	0.535814
19075	0.535471
19076	0.535129
19077	0.534787
19078	0.534445
19079	0.534103
19080	0.533762
19081	0.533421
19082	0.53308
19083	0.532739
19084	0.532398
19085	0.532058
19086	0.531718
19087	0.531378
19088	0.531038
19089	0.530699
19090	0.530359
19091	0.53002
19092	0.529681
19093	0.529343
19094	0.529004
19095	0.528666
19096	0.528328
19097	0.52799
19098	0.527653
19099	0.527315
19100	0.526978
19101	0.526641
19102	0.526304
19103	0.525968
19104	0.525631
19105	0.525295
19106	0.524959
19107	0.524624
19108	0.524288
19109	0.523953
19110	0.523618
19111	0.523283
19112	0.522948
19113	0.522614
19114	0.52228
19115	0.521946
19116	0.521612
19117	0.521279
19118	0.520945
19119	0.520612
19120	0.520279
19121	0.519946
19122	0.519614
19123	0.519281
19124	0.518949
19125	0.518617
19126	0.518286
19127	0.517954
19128	0.517623
19129	0.517292
19130	0.516961
19131	0.51663
19132	0.5163
19133	0.51597
19134	0.51564
19135	0.51531
19136	0.51498
19137	0.514651
19138	0.514322
19139	0.513993
19140	0.513664
19141	0.513336
19142	0.513007
19143	0.512679
19144	0.512351
19145	0.512023
19146	0.511696
19147	0.511369
19148	0.511041
19149	0.510715
19150	0.510388
19151	0.510061
19152	0.509735
19153	0.509409
19154	0.509083
19155	0.508757
19156	0.508432
19157	0.508107
19158	0.507782
19159	0.507457
19160	0.507132
19161	0.506808
19162	0.506483
19163	0.506159
19164	0.505836
19165	0.505512
19166	0.505189
19167	0.504865
19168	0.504542
19169	0.50422
19170	0.503897
19171	0.503575
19172	0.503252
19173	0.50293
19174	0.502609
19175	0.502287
19176	0.501966
19177	0.501644
19178	0.501323
19179	0.501003
19180	0.500682
19181	0.500362
19182	0.500042
19183	0.499722
19184	0.499402
19185	0.499082
19186	0.498763
19187	0.498444
19188	0.498125
19189	0.497806
19190	0.497487
19191	0.497169
19192	0.496851
19193	0.496533
19194	0.496215
19195	0.495898
19196	0.49558
19197	0.495263
19198	0.494946
19199	0.49463
19200	0.494313
19201	0.493997
19202	0.49368
19203	0.493365
19204	0.493049
19205	0.492733
19206	0.492418
19207	0.492103
19208	0.491788
19209	0.491473
19210	0.491158
19211	0.490844
19212	0.49053
19213	0.490216
19214	0.489902
19215	0.489589
19216	0.489275
19217	0.488962
19218	0.488649
19219	0.488336
19220	0.488024
19221	0.487711
19222	0.487399
19223	0.487087
19224	0.486775
19225	0.486464
19226	0.486152
19227	0.485841
19228	0.48553
19229	0.485219
19230	0.484909
19231	0.484598
19232	0.484288
19233	0.483978
19234	0.483668
19235	0.483359
19236	0.483049
19237	0.48274
19238	0.482431
19239	0.482122
19240	0.481814
19241	0.481505
19242	0.481197
19243	0.480889
19244	0.480581
19245	0.480273
19246	0.479966
19247	0.479658
19248	0.479351
19249	0.479044
19250	0.478738
19251	0.478431
19252	0.478125
19253	0.477819
19254	0.477513
19255	0.477207
19256	0.476902
19257	0.476596
19258	0.476291
19259	0.475986
19260	0.475681
19261	0.475377
19262	0.475072
19263	0.474768
19264	0.474464
19265	0.47416
19266	0.473857
19267	0.473553
19268	0.47325
19269	0.472947
19270	0.472644
19271	0.472341
19272	0.472039
19273	0.471737
19274	0.471435
19275	0.471133
19276	0.470831
19277	0.470529
19278	0.470228
19279	0.469927
19280	0.469626
19281	0.469325
19282	0.469025
19283	0.468724
19284	0.468424
19285	0.468124
19286	0.467824
19287	0.467525
19288	0.467225
19289	0.466926
19290	0.466627
19291	0.466328
19292	0.466029
19293	0.465731
19294	0.465433
19295	0.465135
19296	0.464837
19297	0.464539
19298	0.464241
19299	0.463944
19300	0.463647
19301	0.46335
19302	0.463053
19303	0.462756
19304	0.46246
19305	0.462164
19306	0.461868
19307	0.461572
19308	0.461276
19309	0.460981
19310	0.460685
19311	0.46039
19312	0.460095
19313	0.459801
19314	0.459506
19315	0.459212
19316	0.458918
19317	0.458624
19318	0.45833
19319	0.458036
19320	0.457743
19321	0.457449
19322	0.457156
19323	0.456864
19324	0.456571
19325	0.456278
19326	0.455986
19327	0.455694
19328	0.455402
19329	0.45511
19330	0.454819
19331	0.454527
19332	0.454236
19333	0.453945
19334	0.453654
19335	0.453363
19336	0.453073
19337	0.452783
19338	0.452492
19339	0.452203
19340	0.451913
19341	0.451623
19342	0.451334
19343	0.451045
19344	0.450756
19345	0.450467
19346	0.450178
19347	0.44989
19348	0.449601
19349	0.449313
19350	0.449025
19351	0.448738
19352	0.44845
19353	0.448163
19354	0.447876
19355	0.447589
19356	0.447302
19357	0.447015
19358	0.446729
19359	0.446442
19360	0.446156
19361	0.44587
19362	0.445584
19363	0.445299
19364	0.445014
19365	0.444728
19366	0.444443
19367	0.444158
19368	0.443874
19369	0.443589
19370	0.443305
19371	0.443021
19372	0.442737
19373	0.442453
19374	0.44217
19375	0.441886
19376	0.441603
19377	0.44132
19378	0.441037
19379	0.440754
19380	0.440472
19381	0.44019
19382	0.439907
19383	0.439625
19384	0.439344
19385	0.439062
19386	0.438781
19387	0.438499
19388	0.438218
19389	0.437937
19390	0.437657
19391	0.437376
19392	0.437096
19393	0.436815
19394	0.436535
19395	0.436256
19396	0.435976
19397	0.435696
19398	0.435417
19399	0.435138
19400	0.434859
19401	0.43458
19402	0.434302
19403	0.434023
19404	0.433745
19405	0.433467
19406	0.433189
19407	0.432911
19408	0.432634
19409	0.432356
19410	0.432079
19411	0.431802
19412	0.431525
19413	0.431249
19414	0.430972
19415	0.430696
19416	0.43042
19417	0.430144
19418	0.429868
19419	0.429592
19420	0.429317
19421	0.429042
19422	0.428766
19423	0.428492
19424	0.428217
19425	0.427942
19426	0.427668
19427	0.427394
19428	0.42712
19429	0.426846
19430	0.426572
19431	0.426298
19432	0.426025
19433	0.425752
19434	0.425479
19435	0.425206
19436	0.424933
19437	0.424661
19438	0.424388
19439	0.424116
19440	0.423844
19441	0.423573
19442	0.423301
19443	0.423029
19444	0.422758
19445	0.422487
19446	0.422216
19447	0.421945
19448	0.421675
19449	0.421404
19450	0.421134
19451	0.420864
19452	0.420594
19453	0.420324
19454	0.420055
19455	0.419785
19456	0.419516
19457	0.419247
19458	0.418978
19459	0.418709
19460	0.418441
19461	0.418172
19462	0.417904
19463	0.417636
19464	0.417368
19465	0.4171
19466	0.416833
19467	0.416566
19468	0.416298
19469	0.416031
19470	0.415764
19471	0.415498
19472	0.415231
19473	0.414965
19474	0.414699
19475	0.414433
19476	0.414167
19477	0.413901
19478	0.413636
19479	0.41337
19480	0.413105
19481	0.41284
19482	0.412575
19483	0.41231
19484	0.412046
19485	0.411782
19486	0.411517
19487	0.411253
19488	0.41099
19489	0.410726
19490	0.410462
19491	0.410199
19492	0.409936
19493	0.409673
19494	0.40941
19495	0.409147
19496	0.408885
19497	0.408623
19498	0.40836
19499	0.408098
19500	0.407837
19501	0.407575
19502	0.407313
19503	0.407052
19504	0.406791
19505	0.40653
19506	0.406269
19507	0.406008
19508	0.405748
19509	0.405487
19510	0.405227
19511	0.404967
19512	0.404707
19513	0.404448
19514	0.404188
19515	0.403929
19516	0.403669
19517	0.40341
19518	0.403152
19519	0.402893
19520	0.402634
19521	0.402376
19522	0.402118
19523	0.40186
19524	0.401602
19525	0.401344
19526	0.401086
19527	0.400829
19528	0.400572
19529	0.400315
19530	0.400058
19531	0.399801
19532	0.399544
19533	0.399288
19534	0.399032
19535	0.398776
19536	0.39852
19537	0.398264
19538	0.398008
19539	0.397753
19540	0.397498
19541	0.397242
19542	0.396988
19543	0.396733
19544	0.396478
19545	0.396224
19546	0.395969
19547	0.395715
19548	0.395461
19549	0.395207
19550	0.394954
19551	0.3947
19552	0.394447
19553	0.394194
19554	0.39394
19555	0.393688
19556	0.393435
19557	0.393182
19558	0.39293
19559	0.392678
19560	0.392426
19561	0.392174
19562	0.391922
19563	0.39167
19564	0.391419
19565	0.391168
19566	0.390917
19567	0.390666
19568	0.390415
19569	0.390164
19570	0.389914
19571	0.389663
19572	0.389413
19573	0.389163
19574	0.388913
19575	0.388664
19576	0.388414
19577	0.388165
19578	0.387915
19579	0.387666
19580	0.387417
19581	0.387169
19582	0.38692
19583	0.386672
19584	0.386423
19585	0.386175
19586	0.385927
19587	0.38568
19588	0.385432
19589	0.385184
19590	0.384937
19591	0.38469
19592	0.384443
19593	0.384196
19594	0.383949
19595	0.383703
19596	0.383456
19597	0.38321
19598	0.382964
19599	0.382718
19600	0.382472
19601	0.382227
19602	0.381981
19603	0.381736
19604	0.381491
19605	0.381246
19606	0.381001
19607	0.380756
19608	0.380512
19609	0.380268
19610	0.380023
19611	0.379779
19612	0.379535
19613	0.379292
19614	0.379048
19615	0.378805
19616	0.378561
19617	0.378318
19618	0.378075
19619	0.377832
19620	0.37759
19621	0.377347
19622	0.377105
19623	0.376863
19624	0.376621
19625	0.376379
19626	0.376137
19627	0.375895
19628	0.375654
19629	0.375413
19630	0.375172
19631	0.374931
19632	0.37469
19633	0.374449
19634	0.374209
19635	0.373968
19636	0.373728
19637	0.373488
19638	0.373248
19639	0.373008
19640	0.372769
19641	0.372529
19642	0.37229
19643	0.372051
19644	0.371812
19645	0.371573
19646	0.371334
19647	0.371096
19648	0.370857
19649	0.370619
19650	0.370381
19651	0.370143
19652	0.369905
19653	0.369667
19654	0.36943
19655	0.369193
19656	0.368955
19657	0.368718
19658	0.368482
19659	0.368245
19660	0.368008
19661	0.367772
19662	0.367535
19663	0.367299
19664	0.367063
19665	0.366827
19666	0.366592
19667	0.366356
19668	0.366121
19669	0.365886
19670	0.365651
19671	0.365416
19672	0.365181
19673	0.364946
19674	0.364712
19675	0.364477
19676	0.364243
19677	0.364009
19678	0.363775
19679	0.363541
19680	0.363308
19681	0.363074
19682	0.362841
19683	0.362608
19684	0.362375
19685	0.362142
19686	0.361909
19687	0.361677
19688	0.361444
19689	0.361212
19690	0.36098
19691	0.360748
19692	0.360516
19693	0.360284
19694	0.360053
19695	0.359821
19696	0.35959
19697	0.359359
19698	0.359128
19699	0.358897
19700	0.358667
19701	0.358436
19702	0.358206
19703	0.357976
19704	0.357746
19705	0.357516
19706	0.357286
19707	0.357056
19708	0.356827
19709	0.356597
19710	0.356368
19711	0.356139
19712	0.35591
19713	0.355681
19714	0.355453
19715	0.355224
19716	0.354996
19717	0.354768
19718	0.35454
19719	0.354312
19720	0.354084
19721	0.353857
19722	0.353629
19723	0.353402
19724	0.353175
19725	0.352948
19726	0.352721
19727	0.352494
19728	0.352267
19729	0.352041
19730	0.351815
19731	0.351588
19732	0.351362
19733	0.351137
19734	0.350911
19735	0.350685
19736	0.35046
19737	0.350234
19738	0.350009
19739	0.349784
19740	0.349559
19741	0.349335
19742	0.34911
19743	0.348886
19744	0.348661
19745	0.348437
19746	0.348213
19747	0.347989
19748	0.347766
19749	0.347542
19750	0.347318
19751	0.347095
19752	0.346872
19753	0.346649
19754	0.346426
19755	0.346203
19756	0.345981
19757	0.345758
19758	0.345536
19759	0.345314
19760	0.345092
19761	0.34487
19762	0.344648
19763	0.344426
19764	0.344205
19765	0.343984
19766	0.343762
19767	0.343541
19768	0.343321
19769	0.3431
19770	0.342879
19771	0.342659
19772	0.342438
19773	0.342218
19774	0.341998
19775	0.341778
19776	0.341558
19777	0.341339
19778	0.341119
19779	0.3409
19780	0.34068
19781	0.340461
19782	0.340242
19783	0.340024
19784	0.339805
19785	0.339586
19786	0.339368
19787	0.33915
19788	0.338932
19789	0.338714
19790	0.338496
19791	0.338278
19792	0.33806
19793	0.337843
19794	0.337626
19795	0.337409
19796	0.337192
19797	0.336975
19798	0.336758
19799	0.336541
19800	0.336325
19801	0.336109
19802	0.335892
19803	0.335676
19804	0.33546
19805	0.335245
19806	0.335029
19807	0.334813
19808	0.334598
19809	0.334383
19810	0.334168
19811	0.333953
19812	0.333738
19813	0.333523
19814	0.333309
19815	0.333094
19816	0.33288
19817	0.332666
19818	0.332452
19819	0.332238
19820	0.332024
19821	0.331811
19822	0.331597
19823	0.331384
19824	0.331171
19825	0.330958
19826	0.330745
19827	0.330532
19828	0.330319
19829	0.330107
19830	0.329894
19831	0.329682
19832	0.32947
19833	0.329258
19834	0.329046
19835	0.328835
19836	0.328623
19837	0.328412
19838	0.3282
19839	0.327989
19840	0.327778
19841	0.327567
19842	0.327356
19843	0.327146
19844	0.326935
19845	0.326725
19846	0.326515
19847	0.326305
19848	0.326095
19849	0.325885
19850	0.325675
19851	0.325465
19852	0.325256
19853	0.325047
19854	0.324838
19855	0.324629
19856	0.32442
19857	0.324211
19858	0.324002
19859	0.323794
19860	0.323585
19861	0.323377
19862	0.323169
19863	0.322961
19864	0.322753
19865	0.322545
19866	0.322338
19867	0.32213
19868	0.321923
19869	0.321716
19870	0.321509
19871	0.321302
19872	0.321095
19873	0.320889
19874	0.320682
19875	0.320476
19876	0.320269
19877	0.320063
19878	0.319857
19879	0.319651
19880	0.319446
19881	0.31924
19882	0.319035
19883	0.318829
19884	0.318624
19885	0.318419
19886	0.318214
19887	0.318009
19888	0.317804
19889	0.3176
19890	0.317395
19891	0.317191
19892	0.316987
19893	0.316783
19894	0.316579
19895	0.316375
19896	0.316172
19897	0.315968
19898	0.315765
19899	0.315561
19900	0.315358
19901	0.315155
19902	0.314952
19903	0.31475
19904	0.314547
19905	0.314345
19906	0.314142
19907	0.31394
19908	0.313738
19909	0.313536
19910	0.313334
19911	0.313132
19912	0.312931
19913	0.312729
19914	0.312528
19915	0.312327
19916	0.312126
19917	0.311925
19918	0.311724
19919	0.311523
19920	0.311323
19921	0.311122
19922	0.310922
19923	0.310722
19924	0.310522
19925	0.310322
19926	0.310122
19927	0.309922
19928	0.309723
19929	0.309523
19930	0.309324
19931	0.309125
19932	0.308926
19933	0.308727
19934	0.308528
19935	0.308329
19936	0.308131
19937	0.307932
19938	0.307734
19939	0.307536
19940	0.307338
19941	0.30714
19942	0.306942
19943	0.306744
19944	0.306547
19945	0.30635
19946	0.306152
19947	0.305955
19948	0.305758
19949	0.305561
19950	0.305364
19951	0.305168
19952	0.304971
19953	0.304775
19954	0.304579
19955	0.304382
19956	0.304186
19957	0.30399
19958	0.303795
19959	0.303599
19960	0.303403
19961	0.303208
19962	0.303013
19963	0.302818
19964	0.302623
19965	0.302428
19966	0.302233
19967	0.302038
19968	0.301844
19969	0.301649
19970	0.301455
19971	0.301261
19972	0.301067
19973	0.300873
19974	0.300679
19975	0.300485
19976	0.300292
19977	0.300098
19978	0.299905
19979	0.299712
19980	0.299519
19981	0.299326
19982	0.299133
19983	0.29894
19984	0.298748
19985	0.298555
19986	0.298363
19987	0.298171
19988	0.297979
19989	0.297787
19990	0.297595
19991	0.297403
19992	0.297212
19993	0.29702
19994	0.296829
19995	0.296638
19996	0.296447
19997	0.296256
19998	0.296065
19999	0.295874
