1	-1.66357e-11
2	6.44629e-10
3	1.78234e-08
4	1.30513e-07
5	5.77572e-07
6	1.88524e-06
7	5.04906e-06
8	1.16551e-05
9	2.40048e-05
10	4.53872e-05
11	7.96505e-05
12	0.000130701
13	0.000201019
14	0.000294172
15	0.00041426
16	0.000564396
17	0.000748276
18	0.000971701
19	0.00123942
20	0.0015516
21	0.00191609
22	0.00233852
23	0.00281574
24	0.00334946
25	0.00394685
26	0.00460529
27	0.00532986
28	0.00612597
29	0.00698116
30	0.00791094
31	0.00889352
32	0.00994677
33	0.0110688
34	0.0122407
35	0.0134993
36	0.0148301
37	0.0162391
38	0.017744
39	0.0192929
40	0.0209706
41	0.0226841
42	0.024531
43	0.0264248
44	0.0284491
45	0.030507
46	0.0327376
47	0.0349783
48	0.0373698
49	0.0398326
50	0.0423705
51	0.045082
52	0.0477972
53	0.0506423
54	0.0536299
55	0.0566347
56	0.0598562
57	0.0630493
58	0.0663509
59	0.0698593
60	0.0733238
61	0.0768693
62	0.0805987
63	0.0843286
64	0.0881464
65	0.0920699
66	0.0961001
67	0.100238
68	0.104484
69	0.10884
70	0.113306
71	0.117884
72	0.122573
73	0.127376
74	0.132292
75	0.137323
76	0.14247
77	0.147732
78	0.153112
79	0.15861
80	0.164225
81	0.169961
82	0.175816
83	0.181791
84	0.187888
85	0.194107
86	0.200449
87	0.206914
88	0.213502
89	0.220215
90	0.227054
91	0.234017
92	0.241107
93	0.248324
94	0.255668
95	0.26314
96	0.27074
97	0.278469
98	0.286327
99	0.294315
100	0.302433
101	0.310681
102	0.319061
103	0.327572
104	0.336215
105	0.34499
106	0.353897
107	0.362938
108	0.372112
109	0.381419
110	0.390861
111	0.400436
112	0.410147
113	0.419992
114	0.429972
115	0.440087
116	0.450338
117	0.460725
118	0.471248
119	0.481908
120	0.492704
121	0.503636
122	0.514705
123	0.525912
124	0.537255
125	0.548736
126	0.560354
127	0.57211
128	0.584004
129	0.596035
130	0.608205
131	0.620512
132	0.632958
133	0.645541
134	0.658263
135	0.671123
136	0.684121
137	0.697258
138	0.710533
139	0.723946
140	0.737497
141	0.751187
142	0.765015
143	0.778981
144	0.793086
145	0.807328
146	0.821709
147	0.836228
148	0.850884
149	0.865679
150	0.880611
151	0.895681
152	0.910888
153	0.926233
154	0.941716
155	0.957335
156	0.973092
157	0.988985
158	1.00501
159	1.02118
160	1.03748
161	1.05392
162	1.0705
163	1.08721
164	1.10406
165	1.12104
166	1.13816
167	1.15541
168	1.17279
169	1.19032
170	1.20797
171	1.22576
172	1.24368
173	1.26174
174	1.27993
175	1.29825
176	1.31671
177	1.3353
178	1.35402
179	1.37287
180	1.39185
181	1.41096
182	1.43021
183	1.44958
184	1.46909
185	1.48872
186	1.50849
187	1.52838
188	1.5484
189	1.56855
190	1.58883
191	1.60923
192	1.62977
193	1.65043
194	1.67121
195	1.69212
196	1.71316
197	1.73432
198	1.75561
199	1.77702
200	1.79856
201	1.82022
202	1.842
203	1.8639
204	1.88593
205	1.90808
206	1.93035
207	1.95274
208	1.97525
209	1.99788
210	2.02063
211	2.0435
212	2.06649
213	2.08959
214	2.11282
215	2.13616
216	2.15961
217	2.18319
218	2.20688
219	2.23068
220	2.2546
221	2.27863
222	2.30277
223	2.32703
224	2.3514
225	2.37589
226	2.40048
227	2.42519
228	2.45
229	2.47493
230	2.49996
231	2.5251
232	2.55035
233	2.57571
234	2.60118
235	2.62675
236	2.65243
237	2.67821
238	2.7041
239	2.73009
240	2.75619
241	2.78239
242	2.80869
243	2.8351
244	2.8616
245	2.88821
246	2.91491
247	2.94172
248	2.96862
249	2.99563
250	3.02273
251	3.04992
252	3.07722
253	3.10461
254	3.1321
255	3.15968
256	3.18735
257	3.21512
258	3.24298
259	3.27094
260	3.29898
261	3.32712
262	3.35534
263	3.38366
264	3.41207
265	3.44056
266	3.46915
267	3.49782
268	3.52657
269	3.55542
270	3.58435
271	3.61336
272	3.64246
273	3.67164
274	3.7009
275	3.73025
276	3.75968
277	3.78919
278	3.81878
279	3.84845
280	3.8782
281	3.90802
282	3.93793
283	3.96791
284	3.99797
285	4.0281
286	4.05831
287	4.0886
288	4.11896
289	4.14939
290	4.17989
291	4.21047
292	4.24112
293	4.27183
294	4.30262
295	4.33348
296	4.36441
297	4.3954
298	4.42646
299	4.45759
300	4.48879
301	4.52005
302	4.55137
303	4.58276
304	4.61421
305	4.64573
306	4.67731
307	4.70895
308	4.74065
309	4.77241
310	4.80423
311	4.83611
312	4.86804
313	4.90004
314	4.93209
315	4.9642
316	4.99636
317	5.02858
318	5.06085
319	5.09318
320	5.12556
321	5.15799
322	5.19047
323	5.223
324	5.25559
325	5.28822
326	5.32091
327	5.35364
328	5.38642
329	5.41924
330	5.45212
331	5.48503
332	5.518
333	5.55101
334	5.58406
335	5.61715
336	5.65029
337	5.68347
338	5.71669
339	5.74995
340	5.78325
341	5.81659
342	5.84997
343	5.88339
344	5.91685
345	5.95034
346	5.98386
347	6.01743
348	6.05102
349	6.08466
350	6.11832
351	6.15202
352	6.18575
353	6.21951
354	6.2533
355	6.28713
356	6.32098
357	6.35486
358	6.38877
359	6.42271
360	6.45667
361	6.49066
362	6.52468
363	6.55873
364	6.59279
365	6.62688
366	6.661
367	6.69514
368	6.7293
369	6.76348
370	6.79768
371	6.8319
372	6.86614
373	6.90041
374	6.93468
375	6.96898
376	7.0033
377	7.03763
378	7.07198
379	7.10634
380	7.14072
381	7.17511
382	7.20951
383	7.24393
384	7.27836
385	7.31281
386	7.34726
387	7.38172
388	7.4162
389	7.45068
390	7.48517
391	7.51968
392	7.55418
393	7.5887
394	7.62322
395	7.65775
396	7.69228
397	7.72682
398	7.76136
399	7.79591
400	7.83046
401	7.86501
402	7.89956
403	7.93412
404	7.96867
405	8.00323
406	8.03778
407	8.07234
408	8.10689
409	8.14144
410	8.17599
411	8.21053
412	8.24507
413	8.27961
414	8.31414
415	8.34867
416	8.38319
417	8.4177
418	8.45221
419	8.4867
420	8.52119
421	8.55568
422	8.59015
423	8.62461
424	8.65907
425	8.69351
426	8.72794
427	8.76236
428	8.79676
429	8.83116
430	8.86554
431	8.8999
432	8.93425
433	8.96859
434	9.00291
435	9.03721
436	9.0715
437	9.10577
438	9.14003
439	9.17426
440	9.20848
441	9.24268
442	9.27685
443	9.31101
444	9.34515
445	9.37927
446	9.41336
447	9.44743
448	9.48148
449	9.51551
450	9.54951
451	9.58349
452	9.61745
453	9.65138
454	9.68528
455	9.71916
456	9.75301
457	9.78684
458	9.82064
459	9.85441
460	9.88815
461	9.92186
462	9.95555
463	9.9892
464	10.0228
465	10.0564
466	10.09
467	10.1235
468	10.157
469	10.1905
470	10.2239
471	10.2573
472	10.2907
473	10.324
474	10.3573
475	10.3906
476	10.4238
477	10.457
478	10.4901
479	10.5233
480	10.5563
481	10.5894
482	10.6224
483	10.6554
484	10.6883
485	10.7212
486	10.754
487	10.7868
488	10.8196
489	10.8523
490	10.885
491	10.9177
492	10.9503
493	10.9828
494	11.0154
495	11.0478
496	11.0803
497	11.1127
498	11.145
499	11.1773
500	11.2095
501	11.2418
502	11.2739
503	11.306
504	11.3381
505	11.3701
506	11.4021
507	11.434
508	11.4659
509	11.4977
510	11.5295
511	11.5612
512	11.5929
513	11.6245
514	11.6561
515	11.6877
516	11.7191
517	11.7506
518	11.7819
519	11.8133
520	11.8445
521	11.8757
522	11.9069
523	11.938
524	11.9691
525	12.0001
526	12.031
527	12.0619
528	12.0928
529	12.1236
530	12.1543
531	12.185
532	12.2156
533	12.2461
534	12.2766
535	12.3071
536	12.3375
537	12.3678
538	12.3981
539	12.4283
540	12.4584
541	12.4885
542	12.5186
543	12.5485
544	12.5784
545	12.6083
546	12.6381
547	12.6678
548	12.6975
549	12.7271
550	12.7567
551	12.7861
552	12.8156
553	12.8449
554	12.8742
555	12.9035
556	12.9326
557	12.9617
558	12.9908
559	13.0198
560	13.0487
561	13.0775
562	13.1063
563	13.135
564	13.1637
565	13.1923
566	13.2208
567	13.2493
568	13.2776
569	13.306
570	13.3342
571	13.3624
572	13.3905
573	13.4186
574	13.4466
575	13.4745
576	13.5023
577	13.5301
578	13.5578
579	13.5855
580	13.613
581	13.6406
582	13.668
583	13.6954
584	13.7226
585	13.7499
586	13.777
587	13.8041
588	13.8311
589	13.8581
590	13.8849
591	13.9117
592	13.9384
593	13.9651
594	13.9917
595	14.0182
596	14.0446
597	14.071
598	14.0973
599	14.1235
600	14.1496
601	14.1757
602	14.2017
603	14.2276
604	14.2535
605	14.2792
606	14.3049
607	14.3306
608	14.3561
609	14.3816
610	14.407
611	14.4323
612	14.4576
613	14.4827
614	14.5078
615	14.5328
616	14.5578
617	14.5827
618	14.6075
619	14.6322
620	14.6568
621	14.6814
622	14.7059
623	14.7303
624	14.7546
625	14.7788
626	14.803
627	14.8271
628	14.8511
629	14.8751
630	14.8989
631	14.9227
632	14.9464
633	14.9701
634	14.9936
635	15.0171
636	15.0405
637	15.0638
638	15.087
639	15.1102
640	15.1333
641	15.1562
642	15.1792
643	15.202
644	15.2248
645	15.2474
646	15.27
647	15.2925
648	15.315
649	15.3373
650	15.3596
651	15.3818
652	15.4039
653	15.4259
654	15.4479
655	15.4698
656	15.4916
657	15.5133
658	15.5349
659	15.5564
660	15.5779
661	15.5993
662	15.6206
663	15.6418
664	15.6629
665	15.684
666	15.705
667	15.7259
668	15.7467
669	15.7674
670	15.788
671	15.8086
672	15.8291
673	15.8495
674	15.8698
675	15.89
676	15.9102
677	15.9303
678	15.9502
679	15.9701
680	15.99
681	16.0097
682	16.0294
683	16.0489
684	16.0684
685	16.0878
686	16.1071
687	16.1264
688	16.1455
689	16.1646
690	16.1836
691	16.2025
692	16.2213
693	16.2401
694	16.2587
695	16.2773
696	16.2958
697	16.3142
698	16.3325
699	16.3507
700	16.3689
701	16.387
702	16.4049
703	16.4228
704	16.4407
705	16.4584
706	16.476
707	16.4936
708	16.5111
709	16.5285
710	16.5458
711	16.563
712	16.5802
713	16.5972
714	16.6142
715	16.6311
716	16.6479
717	16.6647
718	16.6813
719	16.6979
720	16.7143
721	16.7307
722	16.747
723	16.7633
724	16.7794
725	16.7955
726	16.8114
727	16.8273
728	16.8431
729	16.8588
730	16.8745
731	16.89
732	16.9055
733	16.9209
734	16.9362
735	16.9514
736	16.9665
737	16.9816
738	16.9965
739	17.0114
740	17.0262
741	17.0409
742	17.0555
743	17.0701
744	17.0845
745	17.0989
746	17.1132
747	17.1274
748	17.1415
749	17.1556
750	17.1695
751	17.1834
752	17.1972
753	17.2109
754	17.2245
755	17.2381
756	17.2515
757	17.2649
758	17.2782
759	17.2914
760	17.3045
761	17.3176
762	17.3305
763	17.3434
764	17.3562
765	17.3689
766	17.3815
767	17.3941
768	17.4065
769	17.4189
770	17.4312
771	17.4434
772	17.4555
773	17.4676
774	17.4795
775	17.4914
776	17.5032
777	17.5149
778	17.5266
779	17.5381
780	17.5496
781	17.561
782	17.5723
783	17.5835
784	17.5946
785	17.6057
786	17.6167
787	17.6275
788	17.6384
789	17.6491
790	17.6597
791	17.6703
792	17.6808
793	17.6912
794	17.7015
795	17.7117
796	17.7219
797	17.732
798	17.742
799	17.7519
800	17.7617
801	17.7715
802	17.7812
803	17.7908
804	17.8003
805	17.8097
806	17.819
807	17.8283
808	17.8375
809	17.8466
810	17.8556
811	17.8646
812	17.8735
813	17.8823
814	17.891
815	17.8996
816	17.9081
817	17.9166
818	17.925
819	17.9333
820	17.9416
821	17.9497
822	17.9578
823	17.9658
824	17.9737
825	17.9815
826	17.9893
827	17.997
828	18.0046
829	18.0121
830	18.0195
831	18.0269
832	18.0342
833	18.0414
834	18.0485
835	18.0556
836	18.0626
837	18.0695
838	18.0763
839	18.083
840	18.0897
841	18.0963
842	18.1028
843	18.1092
844	18.1156
845	18.1219
846	18.1281
847	18.1342
848	18.1402
849	18.1462
850	18.1521
851	18.1579
852	18.1637
853	18.1694
854	18.175
855	18.1805
856	18.1859
857	18.1913
858	18.1966
859	18.2018
860	18.2069
861	18.212
862	18.217
863	18.2219
864	18.2267
865	18.2315
866	18.2362
867	18.2408
868	18.2454
869	18.2498
870	18.2542
871	18.2585
872	18.2628
873	18.267
874	18.2711
875	18.2751
876	18.279
877	18.2829
878	18.2867
879	18.2905
880	18.2941
881	18.2977
882	18.3012
883	18.3047
884	18.3081
885	18.3114
886	18.3146
887	18.3177
888	18.3208
889	18.3238
890	18.3268
891	18.3296
892	18.3324
893	18.3352
894	18.3378
895	18.3404
896	18.3429
897	18.3454
898	18.3477
899	18.35
900	18.3523
901	18.3544
902	18.3565
903	18.3585
904	18.3605
905	18.3624
906	18.3642
907	18.3659
908	18.3676
909	18.3692
910	18.3707
911	18.3722
912	18.3736
913	18.3749
914	18.3762
915	18.3774
916	18.3785
917	18.3796
918	18.3806
919	18.3815
920	18.3824
921	18.3831
922	18.3839
923	18.3845
924	18.3851
925	18.3856
926	18.3861
927	18.3865
928	18.3868
929	18.387
930	18.3872
931	18.3873
932	18.3874
933	18.3874
934	18.3873
935	18.3872
936	18.387
937	18.3867
938	18.3863
939	18.3859
940	18.3855
941	18.3849
942	18.3843
943	18.3837
944	18.383
945	18.3822
946	18.3813
947	18.3804
948	18.3794
949	18.3784
950	18.3773
951	18.3761
952	18.3749
953	18.3736
954	18.3722
955	18.3708
956	18.3693
957	18.3678
958	18.3662
959	18.3645
960	18.3628
961	18.361
962	18.3591
963	18.3572
964	18.3552
965	18.3532
966	18.3511
967	18.3489
968	18.3467
969	18.3444
970	18.3421
971	18.3397
972	18.3372
973	18.3347
974	18.3321
975	18.3295
976	18.3268
977	18.324
978	18.3212
979	18.3183
980	18.3154
981	18.3124
982	18.3093
983	18.3062
984	18.3031
985	18.2998
986	18.2966
987	18.2932
988	18.2898
989	18.2864
990	18.2828
991	18.2793
992	18.2756
993	18.2719
994	18.2682
995	18.2644
996	18.2605
997	18.2566
998	18.2527
999	18.2486
1000	18.2446
1001	18.2404
1002	18.2362
1003	18.232
1004	18.2277
1005	18.2233
1006	18.2189
1007	18.2144
1008	18.2099
1009	18.2054
1010	18.2007
1011	18.196
1012	18.1913
1013	18.1865
1014	18.1817
1015	18.1768
1016	18.1718
1017	18.1668
1018	18.1618
1019	18.1566
1020	18.1515
1021	18.1463
1022	18.141
1023	18.1357
1024	18.1303
1025	18.1249
1026	18.1194
1027	18.1139
1028	18.1083
1029	18.1027
1030	18.097
1031	18.0912
1032	18.0855
1033	18.0796
1034	18.0737
1035	18.0678
1036	18.0618
1037	18.0558
1038	18.0497
1039	18.0436
1040	18.0374
1041	18.0311
1042	18.0249
1043	18.0185
1044	18.0121
1045	18.0057
1046	17.9992
1047	17.9927
1048	17.9861
1049	17.9795
1050	17.9728
1051	17.9661
1052	17.9593
1053	17.9525
1054	17.9456
1055	17.9387
1056	17.9318
1057	17.9248
1058	17.9177
1059	17.9106
1060	17.9035
1061	17.8963
1062	17.889
1063	17.8818
1064	17.8744
1065	17.8671
1066	17.8596
1067	17.8522
1068	17.8446
1069	17.8371
1070	17.8295
1071	17.8218
1072	17.8141
1073	17.8064
1074	17.7986
1075	17.7908
1076	17.7829
1077	17.775
1078	17.7671
1079	17.7591
1080	17.751
1081	17.7429
1082	17.7348
1083	17.7266
1084	17.7184
1085	17.7101
1086	17.7018
1087	17.6935
1088	17.6851
1089	17.6767
1090	17.6682
1091	17.6597
1092	17.6511
1093	17.6425
1094	17.6339
1095	17.6252
1096	17.6165
1097	17.6077
1098	17.5989
1099	17.5901
1100	17.5812
1101	17.5723
1102	17.5633
1103	17.5543
1104	17.5453
1105	17.5362
1106	17.5271
1107	17.5179
1108	17.5087
1109	17.4995
1110	17.4902
1111	17.4809
1112	17.4715
1113	17.4621
1114	17.4527
1115	17.4432
1116	17.4337
1117	17.4241
1118	17.4145
1119	17.4049
1120	17.3953
1121	17.3856
1122	17.3758
1123	17.366
1124	17.3562
1125	17.3464
1126	17.3365
1127	17.3266
1128	17.3166
1129	17.3066
1130	17.2966
1131	17.2865
1132	17.2764
1133	17.2663
1134	17.2561
1135	17.2459
1136	17.2357
1137	17.2254
1138	17.2151
1139	17.2047
1140	17.1944
1141	17.1839
1142	17.1735
1143	17.163
1144	17.1525
1145	17.1419
1146	17.1313
1147	17.1207
1148	17.1101
1149	17.0994
1150	17.0887
1151	17.0779
1152	17.0671
1153	17.0563
1154	17.0454
1155	17.0346
1156	17.0236
1157	17.0127
1158	17.0017
1159	16.9907
1160	16.9797
1161	16.9686
1162	16.9575
1163	16.9463
1164	16.9352
1165	16.924
1166	16.9127
1167	16.9015
1168	16.8902
1169	16.8788
1170	16.8675
1171	16.8561
1172	16.8447
1173	16.8332
1174	16.8218
1175	16.8103
1176	16.7987
1177	16.7872
1178	16.7756
1179	16.764
1180	16.7523
1181	16.7406
1182	16.7289
1183	16.7172
1184	16.7054
1185	16.6936
1186	16.6818
1187	16.6699
1188	16.6581
1189	16.6462
1190	16.6342
1191	16.6223
1192	16.6103
1193	16.5983
1194	16.5862
1195	16.5742
1196	16.5621
1197	16.5499
1198	16.5378
1199	16.5256
1200	16.5134
1201	16.5012
1202	16.4889
1203	16.4766
1204	16.4643
1205	16.452
1206	16.4396
1207	16.4273
1208	16.4148
1209	16.4024
1210	16.39
1211	16.3775
1212	16.365
1213	16.3524
1214	16.3399
1215	16.3273
1216	16.3147
1217	16.3021
1218	16.2894
1219	16.2767
1220	16.264
1221	16.2513
1222	16.2386
1223	16.2258
1224	16.213
1225	16.2002
1226	16.1873
1227	16.1745
1228	16.1616
1229	16.1487
1230	16.1357
1231	16.1228
1232	16.1098
1233	16.0968
1234	16.0838
1235	16.0707
1236	16.0577
1237	16.0446
1238	16.0315
1239	16.0184
1240	16.0052
1241	15.992
1242	15.9789
1243	15.9656
1244	15.9524
1245	15.9392
1246	15.9259
1247	15.9126
1248	15.8993
1249	15.8859
1250	15.8726
1251	15.8592
1252	15.8458
1253	15.8324
1254	15.819
1255	15.8055
1256	15.7921
1257	15.7786
1258	15.7651
1259	15.7515
1260	15.738
1261	15.7244
1262	15.7108
1263	15.6972
1264	15.6836
1265	15.67
1266	15.6563
1267	15.6426
1268	15.6289
1269	15.6152
1270	15.6015
1271	15.5878
1272	15.574
1273	15.5602
1274	15.5464
1275	15.5326
1276	15.5188
1277	15.5049
1278	15.4911
1279	15.4772
1280	15.4633
1281	15.4494
1282	15.4354
1283	15.4215
1284	15.4075
1285	15.3935
1286	15.3796
1287	15.3655
1288	15.3515
1289	15.3375
1290	15.3234
1291	15.3094
1292	15.2953
1293	15.2812
1294	15.267
1295	15.2529
1296	15.2388
1297	15.2246
1298	15.2104
1299	15.1963
1300	15.182
1301	15.1678
1302	15.1536
1303	15.1394
1304	15.1251
1305	15.1108
1306	15.0965
1307	15.0822
1308	15.0679
1309	15.0536
1310	15.0393
1311	15.0249
1312	15.0105
1313	14.9962
1314	14.9818
1315	14.9674
1316	14.953
1317	14.9385
1318	14.9241
1319	14.9096
1320	14.8952
1321	14.8807
1322	14.8662
1323	14.8517
1324	14.8372
1325	14.8227
1326	14.8081
1327	14.7936
1328	14.779
1329	14.7645
1330	14.7499
1331	14.7353
1332	14.7207
1333	14.7061
1334	14.6915
1335	14.6768
1336	14.6622
1337	14.6475
1338	14.6329
1339	14.6182
1340	14.6035
1341	14.5888
1342	14.5741
1343	14.5594
1344	14.5447
1345	14.5299
1346	14.5152
1347	14.5004
1348	14.4857
1349	14.4709
1350	14.4561
1351	14.4413
1352	14.4265
1353	14.4117
1354	14.3969
1355	14.3821
1356	14.3672
1357	14.3524
1358	14.3376
1359	14.3227
1360	14.3078
1361	14.293
1362	14.2781
1363	14.2632
1364	14.2483
1365	14.2334
1366	14.2185
1367	14.2036
1368	14.1886
1369	14.1737
1370	14.1588
1371	14.1438
1372	14.1288
1373	14.1139
1374	14.0989
1375	14.0839
1376	14.069
1377	14.054
1378	14.039
1379	14.024
1380	14.009
1381	13.9939
1382	13.9789
1383	13.9639
1384	13.9489
1385	13.9338
1386	13.9188
1387	13.9037
1388	13.8887
1389	13.8736
1390	13.8585
1391	13.8435
1392	13.8284
1393	13.8133
1394	13.7982
1395	13.7831
1396	13.768
1397	13.7529
1398	13.7378
1399	13.7227
1400	13.7076
1401	13.6925
1402	13.6773
1403	13.6622
1404	13.6471
1405	13.6319
1406	13.6168
1407	13.6016
1408	13.5865
1409	13.5713
1410	13.5562
1411	13.541
1412	13.5259
1413	13.5107
1414	13.4955
1415	13.4803
1416	13.4652
1417	13.45
1418	13.4348
1419	13.4196
1420	13.4044
1421	13.3892
1422	13.374
1423	13.3588
1424	13.3436
1425	13.3284
1426	13.3132
1427	13.298
1428	13.2828
1429	13.2676
1430	13.2524
1431	13.2371
1432	13.2219
1433	13.2067
1434	13.1915
1435	13.1762
1436	13.161
1437	13.1458
1438	13.1306
1439	13.1153
1440	13.1001
1441	13.0849
1442	13.0696
1443	13.0544
1444	13.0391
1445	13.0239
1446	13.0087
1447	12.9934
1448	12.9782
1449	12.9629
1450	12.9477
1451	12.9325
1452	12.9172
1453	12.902
1454	12.8867
1455	12.8715
1456	12.8562
1457	12.841
1458	12.8257
1459	12.8105
1460	12.7952
1461	12.78
1462	12.7647
1463	12.7495
1464	12.7342
1465	12.719
1466	12.7038
1467	12.6885
1468	12.6733
1469	12.658
1470	12.6428
1471	12.6275
1472	12.6123
1473	12.5971
1474	12.5818
1475	12.5666
1476	12.5513
1477	12.5361
1478	12.5209
1479	12.5056
1480	12.4904
1481	12.4752
1482	12.4599
1483	12.4447
1484	12.4295
1485	12.4143
1486	12.399
1487	12.3838
1488	12.3686
1489	12.3534
1490	12.3382
1491	12.323
1492	12.3078
1493	12.2925
1494	12.2773
1495	12.2621
1496	12.2469
1497	12.2317
1498	12.2165
1499	12.2013
1500	12.1861
1501	12.171
1502	12.1558
1503	12.1406
1504	12.1254
1505	12.1102
1506	12.0951
1507	12.0799
1508	12.0647
1509	12.0496
1510	12.0344
1511	12.0192
1512	12.0041
1513	11.9889
1514	11.9738
1515	11.9586
1516	11.9435
1517	11.9284
1518	11.9132
1519	11.8981
1520	11.883
1521	11.8678
1522	11.8527
1523	11.8376
1524	11.8225
1525	11.8074
1526	11.7923
1527	11.7772
1528	11.7621
1529	11.747
1530	11.7319
1531	11.7168
1532	11.7018
1533	11.6867
1534	11.6716
1535	11.6566
1536	11.6415
1537	11.6264
1538	11.6114
1539	11.5963
1540	11.5813
1541	11.5663
1542	11.5512
1543	11.5362
1544	11.5212
1545	11.5062
1546	11.4912
1547	11.4762
1548	11.4612
1549	11.4462
1550	11.4312
1551	11.4162
1552	11.4012
1553	11.3863
1554	11.3713
1555	11.3563
1556	11.3414
1557	11.3264
1558	11.3115
1559	11.2965
1560	11.2816
1561	11.2667
1562	11.2518
1563	11.2369
1564	11.222
1565	11.2071
1566	11.1922
1567	11.1773
1568	11.1624
1569	11.1475
1570	11.1326
1571	11.1178
1572	11.1029
1573	11.0881
1574	11.0732
1575	11.0584
1576	11.0436
1577	11.0287
1578	11.0139
1579	10.9991
1580	10.9843
1581	10.9695
1582	10.9547
1583	10.9399
1584	10.9251
1585	10.9104
1586	10.8956
1587	10.8809
1588	10.8661
1589	10.8514
1590	10.8366
1591	10.8219
1592	10.8072
1593	10.7925
1594	10.7778
1595	10.7631
1596	10.7484
1597	10.7337
1598	10.719
1599	10.7044
1600	10.6897
1601	10.6751
1602	10.6604
1603	10.6458
1604	10.6311
1605	10.6165
1606	10.6019
1607	10.5873
1608	10.5727
1609	10.5581
1610	10.5435
1611	10.529
1612	10.5144
1613	10.4998
1614	10.4853
1615	10.4708
1616	10.4562
1617	10.4417
1618	10.4272
1619	10.4127
1620	10.3982
1621	10.3837
1622	10.3692
1623	10.3547
1624	10.3403
1625	10.3258
1626	10.3114
1627	10.2969
1628	10.2825
1629	10.2681
1630	10.2537
1631	10.2393
1632	10.2249
1633	10.2105
1634	10.1961
1635	10.1817
1636	10.1674
1637	10.153
1638	10.1387
1639	10.1244
1640	10.11
1641	10.0957
1642	10.0814
1643	10.0671
1644	10.0528
1645	10.0386
1646	10.0243
1647	10.01
1648	9.99579
1649	9.98155
1650	9.96732
1651	9.9531
1652	9.93889
1653	9.92469
1654	9.9105
1655	9.89632
1656	9.88215
1657	9.86798
1658	9.85383
1659	9.83969
1660	9.82555
1661	9.81143
1662	9.79732
1663	9.78321
1664	9.76912
1665	9.75503
1666	9.74096
1667	9.7269
1668	9.71284
1669	9.6988
1670	9.68476
1671	9.67074
1672	9.65672
1673	9.64272
1674	9.62873
1675	9.61474
1676	9.60077
1677	9.5868
1678	9.57285
1679	9.55891
1680	9.54498
1681	9.53105
1682	9.51714
1683	9.50324
1684	9.48935
1685	9.47547
1686	9.4616
1687	9.44774
1688	9.43389
1689	9.42005
1690	9.40623
1691	9.39241
1692	9.3786
1693	9.36481
1694	9.35102
1695	9.33725
1696	9.32348
1697	9.30973
1698	9.29599
1699	9.28226
1700	9.26854
1701	9.25483
1702	9.24113
1703	9.22744
1704	9.21376
1705	9.2001
1706	9.18644
1707	9.1728
1708	9.15916
1709	9.14554
1710	9.13193
1711	9.11833
1712	9.10474
1713	9.09116
1714	9.0776
1715	9.06404
1716	9.0505
1717	9.03697
1718	9.02344
1719	9.00993
1720	8.99644
1721	8.98295
1722	8.96947
1723	8.95601
1724	8.94255
1725	8.92911
1726	8.91568
1727	8.90226
1728	8.88885
1729	8.87545
1730	8.86207
1731	8.8487
1732	8.83533
1733	8.82198
1734	8.80864
1735	8.79532
1736	8.782
1737	8.7687
1738	8.75541
1739	8.74212
1740	8.72886
1741	8.7156
1742	8.70235
1743	8.68912
1744	8.6759
1745	8.66269
1746	8.64949
1747	8.6363
1748	8.62313
1749	8.60996
1750	8.59681
1751	8.58367
1752	8.57054
1753	8.55743
1754	8.54433
1755	8.53123
1756	8.51815
1757	8.50509
1758	8.49203
1759	8.47899
1760	8.46596
1761	8.45294
1762	8.43993
1763	8.42693
1764	8.41395
1765	8.40098
1766	8.38802
1767	8.37507
1768	8.36214
1769	8.34921
1770	8.3363
1771	8.32341
1772	8.31052
1773	8.29765
1774	8.28478
1775	8.27193
1776	8.2591
1777	8.24627
1778	8.23346
1779	8.22066
1780	8.20787
1781	8.1951
1782	8.18233
1783	8.16958
1784	8.15684
1785	8.14412
1786	8.1314
1787	8.1187
1788	8.10601
1789	8.09334
1790	8.08067
1791	8.06802
1792	8.05538
1793	8.04276
1794	8.03014
1795	8.01754
1796	8.00495
1797	7.99238
1798	7.97981
1799	7.96726
1800	7.95472
1801	7.9422
1802	7.92969
1803	7.91718
1804	7.9047
1805	7.89222
1806	7.87976
1807	7.86731
1808	7.85487
1809	7.84245
1810	7.83003
1811	7.81763
1812	7.80525
1813	7.79287
1814	7.78051
1815	7.76816
1816	7.75583
1817	7.74351
1818	7.7312
1819	7.7189
1820	7.70661
1821	7.69434
1822	7.68208
1823	7.66984
1824	7.6576
1825	7.64538
1826	7.63317
1827	7.62098
1828	7.6088
1829	7.59663
1830	7.58447
1831	7.57233
1832	7.5602
1833	7.54808
1834	7.53598
1835	7.52388
1836	7.51181
1837	7.49974
1838	7.48769
1839	7.47565
1840	7.46362
1841	7.45161
1842	7.43961
1843	7.42762
1844	7.41564
1845	7.40368
1846	7.39173
1847	7.37979
1848	7.36787
1849	7.35596
1850	7.34406
1851	7.33218
1852	7.32031
1853	7.30845
1854	7.29661
1855	7.28478
1856	7.27296
1857	7.26115
1858	7.24936
1859	7.23758
1860	7.22581
1861	7.21406
1862	7.20232
1863	7.19059
1864	7.17888
1865	7.16718
1866	7.15549
1867	7.14381
1868	7.13215
1869	7.1205
1870	7.10887
1871	7.09725
1872	7.08564
1873	7.07404
1874	7.06246
1875	7.05089
1876	7.03933
1877	7.02779
1878	7.01626
1879	7.00474
1880	6.99324
1881	6.98175
1882	6.97027
1883	6.95881
1884	6.94736
1885	6.93592
1886	6.9245
1887	6.91309
1888	6.90169
1889	6.8903
1890	6.87893
1891	6.86757
1892	6.85623
1893	6.8449
1894	6.83358
1895	6.82227
1896	6.81098
1897	6.7997
1898	6.78844
1899	6.77718
1900	6.76594
1901	6.75472
1902	6.74351
1903	6.73231
1904	6.72112
1905	6.70995
1906	6.69879
1907	6.68764
1908	6.67651
1909	6.66539
1910	6.65428
1911	6.64319
1912	6.63211
1913	6.62104
1914	6.60999
1915	6.59895
1916	6.58792
1917	6.57691
1918	6.56591
1919	6.55492
1920	6.54395
1921	6.53298
1922	6.52204
1923	6.5111
1924	6.50018
1925	6.48928
1926	6.47838
1927	6.4675
1928	6.45663
1929	6.44578
1930	6.43494
1931	6.42411
1932	6.41329
1933	6.40249
1934	6.39171
1935	6.38093
1936	6.37017
1937	6.35942
1938	6.34869
1939	6.33796
1940	6.32726
1941	6.31656
1942	6.30588
1943	6.29521
1944	6.28456
1945	6.27391
1946	6.26329
1947	6.25267
1948	6.24207
1949	6.23148
1950	6.2209
1951	6.21034
1952	6.19979
1953	6.18926
1954	6.17873
1955	6.16822
1956	6.15773
1957	6.14725
1958	6.13678
1959	6.12632
1960	6.11588
1961	6.10545
1962	6.09503
1963	6.08463
1964	6.07424
1965	6.06386
1966	6.0535
1967	6.04315
1968	6.03281
1969	6.02249
1970	6.01218
1971	6.00188
1972	5.99159
1973	5.98132
1974	5.97107
1975	5.96082
1976	5.95059
1977	5.94037
1978	5.93017
1979	5.91998
1980	5.9098
1981	5.89963
1982	5.88948
1983	5.87934
1984	5.86922
1985	5.8591
1986	5.849
1987	5.83892
1988	5.82885
1989	5.81879
1990	5.80874
1991	5.79871
1992	5.78869
1993	5.77868
1994	5.76869
1995	5.75871
1996	5.74874
1997	5.73878
1998	5.72884
1999	5.71891
2000	5.709
2001	5.6991
2002	5.68921
2003	5.67933
2004	5.66947
2005	5.65962
2006	5.64978
2007	5.63996
2008	5.63015
2009	5.62035
2010	5.61057
2011	5.6008
2012	5.59104
2013	5.5813
2014	5.57157
2015	5.56185
2016	5.55214
2017	5.54245
2018	5.53277
2019	5.5231
2020	5.51345
2021	5.50381
2022	5.49418
2023	5.48457
2024	5.47497
2025	5.46538
2026	5.4558
2027	5.44624
2028	5.43669
2029	5.42716
2030	5.41763
2031	5.40812
2032	5.39863
2033	5.38914
2034	5.37967
2035	5.37021
2036	5.36077
2037	5.35134
2038	5.34192
2039	5.33251
2040	5.32312
2041	5.31374
2042	5.30437
2043	5.29501
2044	5.28567
2045	5.27634
2046	5.26703
2047	5.25772
2048	5.24843
2049	5.23916
2050	5.22989
2051	5.22064
2052	5.2114
2053	5.20217
2054	5.19296
2055	5.18376
2056	5.17457
2057	5.1654
2058	5.15624
2059	5.14709
2060	5.13795
2061	5.12883
2062	5.11972
2063	5.11062
2064	5.10153
2065	5.09246
2066	5.0834
2067	5.07436
2068	5.06532
2069	5.0563
2070	5.04729
2071	5.0383
2072	5.02931
2073	5.02034
2074	5.01138
2075	5.00244
2076	4.99351
2077	4.98459
2078	4.97568
2079	4.96679
2080	4.9579
2081	4.94904
2082	4.94018
2083	4.93134
2084	4.9225
2085	4.91369
2086	4.90488
2087	4.89609
2088	4.88731
2089	4.87854
2090	4.86978
2091	4.86104
2092	4.85231
2093	4.84359
2094	4.83489
2095	4.82619
2096	4.81751
2097	4.80885
2098	4.80019
2099	4.79155
2100	4.78292
2101	4.7743
2102	4.76569
2103	4.7571
2104	4.74852
2105	4.73995
2106	4.7314
2107	4.72286
2108	4.71433
2109	4.70581
2110	4.6973
2111	4.68881
2112	4.68033
2113	4.67186
2114	4.6634
2115	4.65496
2116	4.64653
2117	4.63811
2118	4.6297
2119	4.62131
2120	4.61293
2121	4.60456
2122	4.5962
2123	4.58786
2124	4.57952
2125	4.5712
2126	4.56289
2127	4.5546
2128	4.54632
2129	4.53804
2130	4.52978
2131	4.52154
2132	4.5133
2133	4.50508
2134	4.49687
2135	4.48867
2136	4.48049
2137	4.47231
2138	4.46415
2139	4.456
2140	4.44787
2141	4.43974
2142	4.43163
2143	4.42353
2144	4.41544
2145	4.40736
2146	4.3993
2147	4.39124
2148	4.3832
2149	4.37518
2150	4.36716
2151	4.35916
2152	4.35116
2153	4.34318
2154	4.33522
2155	4.32726
2156	4.31932
2157	4.31138
2158	4.30346
2159	4.29555
2160	4.28766
2161	4.27977
2162	4.2719
2163	4.26404
2164	4.25619
2165	4.24836
2166	4.24053
2167	4.23272
2168	4.22492
2169	4.21713
2170	4.20935
2171	4.20159
2172	4.19383
2173	4.18609
2174	4.17836
2175	4.17064
2176	4.16294
2177	4.15524
2178	4.14756
2179	4.13989
2180	4.13223
2181	4.12458
2182	4.11695
2183	4.10932
2184	4.10171
2185	4.09411
2186	4.08652
2187	4.07894
2188	4.07138
2189	4.06383
2190	4.05628
2191	4.04875
2192	4.04123
2193	4.03373
2194	4.02623
2195	4.01875
2196	4.01127
2197	4.00381
2198	3.99636
2199	3.98893
2200	3.9815
2201	3.97409
2202	3.96668
2203	3.95929
2204	3.95191
2205	3.94454
2206	3.93718
2207	3.92984
2208	3.9225
2209	3.91518
2210	3.90787
2211	3.90057
2212	3.89328
2213	3.88601
2214	3.87874
2215	3.87149
2216	3.86424
2217	3.85701
2218	3.84979
2219	3.84258
2220	3.83538
2221	3.8282
2222	3.82102
2223	3.81386
2224	3.80671
2225	3.79957
2226	3.79244
2227	3.78532
2228	3.77821
2229	3.77111
2230	3.76403
2231	3.75696
2232	3.74989
2233	3.74284
2234	3.7358
2235	3.72877
2236	3.72176
2237	3.71475
2238	3.70775
2239	3.70077
2240	3.6938
2241	3.68683
2242	3.67988
2243	3.67294
2244	3.66601
2245	3.6591
2246	3.65219
2247	3.64529
2248	3.63841
2249	3.63154
2250	3.62467
2251	3.61782
2252	3.61098
2253	3.60415
2254	3.59733
2255	3.59052
2256	3.58373
2257	3.57694
2258	3.57017
2259	3.5634
2260	3.55665
2261	3.54991
2262	3.54318
2263	3.53645
2264	3.52974
2265	3.52305
2266	3.51636
2267	3.50968
2268	3.50301
2269	3.49636
2270	3.48971
2271	3.48308
2272	3.47645
2273	3.46984
2274	3.46324
2275	3.45665
2276	3.45007
2277	3.4435
2278	3.43694
2279	3.43039
2280	3.42385
2281	3.41732
2282	3.41081
2283	3.4043
2284	3.39781
2285	3.39132
2286	3.38485
2287	3.37838
2288	3.37193
2289	3.36549
2290	3.35906
2291	3.35263
2292	3.34622
2293	3.33982
2294	3.33343
2295	3.32705
2296	3.32068
2297	3.31432
2298	3.30798
2299	3.30164
2300	3.29531
2301	3.28899
2302	3.28269
2303	3.27639
2304	3.27011
2305	3.26383
2306	3.25757
2307	3.25131
2308	3.24507
2309	3.23883
2310	3.23261
2311	3.2264
2312	3.22019
2313	3.214
2314	3.20782
2315	3.20164
2316	3.19548
2317	3.18933
2318	3.18319
2319	3.17706
2320	3.17094
2321	3.16483
2322	3.15872
2323	3.15263
2324	3.14655
2325	3.14048
2326	3.13442
2327	3.12837
2328	3.12233
2329	3.1163
2330	3.11028
2331	3.10427
2332	3.09827
2333	3.09228
2334	3.0863
2335	3.08033
2336	3.07437
2337	3.06842
2338	3.06248
2339	3.05655
2340	3.05063
2341	3.04472
2342	3.03882
2343	3.03293
2344	3.02705
2345	3.02118
2346	3.01532
2347	3.00947
2348	3.00363
2349	2.9978
2350	2.99198
2351	2.98616
2352	2.98036
2353	2.97457
2354	2.96879
2355	2.96302
2356	2.95725
2357	2.9515
2358	2.94576
2359	2.94003
2360	2.9343
2361	2.92859
2362	2.92288
2363	2.91719
2364	2.91151
2365	2.90583
2366	2.90017
2367	2.89451
2368	2.88886
2369	2.88323
2370	2.8776
2371	2.87198
2372	2.86637
2373	2.86078
2374	2.85519
2375	2.84961
2376	2.84404
2377	2.83848
2378	2.83293
2379	2.82739
2380	2.82185
2381	2.81633
2382	2.81082
2383	2.80532
2384	2.79982
2385	2.79434
2386	2.78886
2387	2.7834
2388	2.77794
2389	2.77249
2390	2.76706
2391	2.76163
2392	2.75621
2393	2.7508
2394	2.7454
2395	2.74001
2396	2.73463
2397	2.72925
2398	2.72389
2399	2.71854
2400	2.71319
2401	2.70786
2402	2.70253
2403	2.69721
2404	2.69191
2405	2.68661
2406	2.68132
2407	2.67604
2408	2.67077
2409	2.6655
2410	2.66025
2411	2.65501
2412	2.64977
2413	2.64455
2414	2.63933
2415	2.63412
2416	2.62892
2417	2.62373
2418	2.61855
2419	2.61338
2420	2.60822
2421	2.60307
2422	2.59792
2423	2.59279
2424	2.58766
2425	2.58254
2426	2.57743
2427	2.57233
2428	2.56724
2429	2.56216
2430	2.55709
2431	2.55202
2432	2.54697
2433	2.54192
2434	2.53688
2435	2.53186
2436	2.52684
2437	2.52182
2438	2.51682
2439	2.51183
2440	2.50684
2441	2.50187
2442	2.4969
2443	2.49194
2444	2.48699
2445	2.48205
2446	2.47712
2447	2.47219
2448	2.46728
2449	2.46237
2450	2.45747
2451	2.45258
2452	2.4477
2453	2.44283
2454	2.43797
2455	2.43311
2456	2.42827
2457	2.42343
2458	2.4186
2459	2.41378
2460	2.40897
2461	2.40416
2462	2.39937
2463	2.39458
2464	2.3898
2465	2.38503
2466	2.38027
2467	2.37552
2468	2.37078
2469	2.36604
2470	2.36131
2471	2.35659
2472	2.35188
2473	2.34718
2474	2.34249
2475	2.3378
2476	2.33312
2477	2.32846
2478	2.3238
2479	2.31914
2480	2.3145
2481	2.30986
2482	2.30524
2483	2.30062
2484	2.29601
2485	2.2914
2486	2.28681
2487	2.28222
2488	2.27764
2489	2.27307
2490	2.26851
2491	2.26396
2492	2.25941
2493	2.25488
2494	2.25035
2495	2.24583
2496	2.24131
2497	2.23681
2498	2.23231
2499	2.22782
2500	2.22334
2501	2.21887
2502	2.21441
2503	2.20995
2504	2.2055
2505	2.20106
2506	2.19663
2507	2.19221
2508	2.18779
2509	2.18338
2510	2.17898
2511	2.17459
2512	2.1702
2513	2.16583
2514	2.16146
2515	2.1571
2516	2.15274
2517	2.1484
2518	2.14406
2519	2.13973
2520	2.13541
2521	2.1311
2522	2.12679
2523	2.12249
2524	2.1182
2525	2.11392
2526	2.10964
2527	2.10538
2528	2.10112
2529	2.09687
2530	2.09262
2531	2.08839
2532	2.08416
2533	2.07994
2534	2.07572
2535	2.07152
2536	2.06732
2537	2.06313
2538	2.05895
2539	2.05477
2540	2.05061
2541	2.04645
2542	2.04229
2543	2.03815
2544	2.03401
2545	2.02988
2546	2.02576
2547	2.02165
2548	2.01754
2549	2.01344
2550	2.00935
2551	2.00527
2552	2.00119
2553	1.99712
2554	1.99306
2555	1.989
2556	1.98496
2557	1.98092
2558	1.97688
2559	1.97286
2560	1.96884
2561	1.96483
2562	1.96083
2563	1.95683
2564	1.95285
2565	1.94887
2566	1.94489
2567	1.94093
2568	1.93697
2569	1.93302
2570	1.92907
2571	1.92514
2572	1.92121
2573	1.91728
2574	1.91337
2575	1.90946
2576	1.90556
2577	1.90167
2578	1.89778
2579	1.8939
2580	1.89003
2581	1.88616
2582	1.88231
2583	1.87846
2584	1.87461
2585	1.87078
2586	1.86695
2587	1.86313
2588	1.85931
2589	1.8555
2590	1.8517
2591	1.84791
2592	1.84412
2593	1.84034
2594	1.83657
2595	1.8328
2596	1.82904
2597	1.82529
2598	1.82155
2599	1.81781
2600	1.81408
2601	1.81036
2602	1.80664
2603	1.80293
2604	1.79923
2605	1.79553
2606	1.79184
2607	1.78816
2608	1.78448
2609	1.78081
2610	1.77715
2611	1.7735
2612	1.76985
2613	1.76621
2614	1.76257
2615	1.75894
2616	1.75532
2617	1.75171
2618	1.7481
2619	1.7445
2620	1.74091
2621	1.73732
2622	1.73374
2623	1.73017
2624	1.7266
2625	1.72304
2626	1.71948
2627	1.71594
2628	1.7124
2629	1.70886
2630	1.70534
2631	1.70181
2632	1.6983
2633	1.69479
2634	1.69129
2635	1.6878
2636	1.68431
2637	1.68083
2638	1.67736
2639	1.67389
2640	1.67043
2641	1.66697
2642	1.66352
2643	1.66008
2644	1.65665
2645	1.65322
2646	1.64979
2647	1.64638
2648	1.64297
2649	1.63957
2650	1.63617
2651	1.63278
2652	1.6294
2653	1.62602
2654	1.62265
2655	1.61928
2656	1.61592
2657	1.61257
2658	1.60923
2659	1.60589
2660	1.60255
2661	1.59923
2662	1.59591
2663	1.59259
2664	1.58929
2665	1.58598
2666	1.58269
2667	1.5794
2668	1.57612
2669	1.57284
2670	1.56957
2671	1.56631
2672	1.56305
2673	1.5598
2674	1.55655
2675	1.55331
2676	1.55008
2677	1.54685
2678	1.54363
2679	1.54042
2680	1.53721
2681	1.53401
2682	1.53081
2683	1.52762
2684	1.52444
2685	1.52126
2686	1.51809
2687	1.51492
2688	1.51176
2689	1.50861
2690	1.50546
2691	1.50232
2692	1.49918
2693	1.49605
2694	1.49293
2695	1.48981
2696	1.4867
2697	1.48359
2698	1.48049
2699	1.4774
2700	1.47431
2701	1.47123
2702	1.46815
2703	1.46508
2704	1.46202
2705	1.45896
2706	1.45591
2707	1.45286
2708	1.44982
2709	1.44679
2710	1.44376
2711	1.44073
2712	1.43772
2713	1.4347
2714	1.4317
2715	1.4287
2716	1.4257
2717	1.42271
2718	1.41973
2719	1.41675
2720	1.41378
2721	1.41082
2722	1.40786
2723	1.4049
2724	1.40195
2725	1.39901
2726	1.39607
2727	1.39314
2728	1.39022
2729	1.3873
2730	1.38438
2731	1.38147
2732	1.37857
2733	1.37567
2734	1.37278
2735	1.36989
2736	1.36701
2737	1.36414
2738	1.36127
2739	1.3584
2740	1.35555
2741	1.35269
2742	1.34985
2743	1.347
2744	1.34417
2745	1.34134
2746	1.33851
2747	1.33569
2748	1.33288
2749	1.33007
2750	1.32726
2751	1.32447
2752	1.32167
2753	1.31889
2754	1.3161
2755	1.31333
2756	1.31056
2757	1.30779
2758	1.30503
2759	1.30228
2760	1.29953
2761	1.29678
2762	1.29404
2763	1.29131
2764	1.28858
2765	1.28586
2766	1.28314
2767	1.28043
2768	1.27772
2769	1.27502
2770	1.27232
2771	1.26963
2772	1.26695
2773	1.26427
2774	1.26159
2775	1.25892
2776	1.25626
2777	1.2536
2778	1.25094
2779	1.24829
2780	1.24565
2781	1.24301
2782	1.24038
2783	1.23775
2784	1.23512
2785	1.23251
2786	1.22989
2787	1.22728
2788	1.22468
2789	1.22208
2790	1.21949
2791	1.2169
2792	1.21432
2793	1.21174
2794	1.20917
2795	1.2066
2796	1.20404
2797	1.20148
2798	1.19893
2799	1.19639
2800	1.19384
2801	1.19131
2802	1.18877
2803	1.18625
2804	1.18372
2805	1.18121
2806	1.17869
2807	1.17619
2808	1.17369
2809	1.17119
2810	1.1687
2811	1.16621
2812	1.16372
2813	1.16125
2814	1.15877
2815	1.15631
2816	1.15384
2817	1.15138
2818	1.14893
2819	1.14648
2820	1.14404
2821	1.1416
2822	1.13917
2823	1.13674
2824	1.13431
2825	1.13189
2826	1.12948
2827	1.12707
2828	1.12466
2829	1.12226
2830	1.11987
2831	1.11748
2832	1.11509
2833	1.11271
2834	1.11033
2835	1.10796
2836	1.10559
2837	1.10323
2838	1.10087
2839	1.09852
2840	1.09617
2841	1.09383
2842	1.09149
2843	1.08915
2844	1.08682
2845	1.0845
2846	1.08218
2847	1.07986
2848	1.07755
2849	1.07524
2850	1.07294
2851	1.07064
2852	1.06835
2853	1.06606
2854	1.06378
2855	1.0615
2856	1.05922
2857	1.05695
2858	1.05468
2859	1.05242
2860	1.05017
2861	1.04791
2862	1.04567
2863	1.04342
2864	1.04118
2865	1.03895
2866	1.03672
2867	1.03449
2868	1.03227
2869	1.03006
2870	1.02785
2871	1.02564
2872	1.02343
2873	1.02124
2874	1.01904
2875	1.01685
2876	1.01467
2877	1.01248
2878	1.01031
2879	1.00813
2880	1.00597
2881	1.0038
2882	1.00164
2883	0.999488
2884	0.997337
2885	0.995191
2886	0.993049
2887	0.990911
2888	0.988777
2889	0.986648
2890	0.984523
2891	0.982402
2892	0.980285
2893	0.978173
2894	0.976065
2895	0.973961
2896	0.971862
2897	0.969767
2898	0.967676
2899	0.965589
2900	0.963506
2901	0.961428
2902	0.959353
2903	0.957283
2904	0.955217
2905	0.953156
2906	0.951098
2907	0.949045
2908	0.946995
2909	0.94495
2910	0.942909
2911	0.940872
2912	0.938839
2913	0.936811
2914	0.934786
2915	0.932766
2916	0.930749
2917	0.928737
2918	0.926729
2919	0.924724
2920	0.922724
2921	0.920728
2922	0.918736
2923	0.916748
2924	0.914764
2925	0.912784
2926	0.910808
2927	0.908836
2928	0.906868
2929	0.904904
2930	0.902944
2931	0.900988
2932	0.899036
2933	0.897088
2934	0.895144
2935	0.893203
2936	0.891267
2937	0.889335
2938	0.887406
2939	0.885482
2940	0.883561
2941	0.881645
2942	0.879732
2943	0.877823
2944	0.875918
2945	0.874017
2946	0.872119
2947	0.870226
2948	0.868336
2949	0.866451
2950	0.864569
2951	0.862691
2952	0.860816
2953	0.858946
2954	0.857079
2955	0.855217
2956	0.853358
2957	0.851502
2958	0.849651
2959	0.847803
2960	0.845959
2961	0.844119
2962	0.842283
2963	0.84045
2964	0.838621
2965	0.836796
2966	0.834975
2967	0.833157
2968	0.831343
2969	0.829533
2970	0.827726
2971	0.825923
2972	0.824124
2973	0.822329
2974	0.820537
2975	0.818749
2976	0.816964
2977	0.815183
2978	0.813406
2979	0.811632
2980	0.809862
2981	0.808096
2982	0.806333
2983	0.804574
2984	0.802819
2985	0.801067
2986	0.799319
2987	0.797574
2988	0.795833
2989	0.794095
2990	0.792361
2991	0.790631
2992	0.788904
2993	0.787181
2994	0.785461
2995	0.783745
2996	0.782032
2997	0.780323
2998	0.778617
2999	0.776915
3000	0.775216
3001	0.773521
3002	0.771829
3003	0.770141
3004	0.768456
3005	0.766775
3006	0.765097
3007	0.763423
3008	0.761752
3009	0.760084
3010	0.75842
3011	0.756759
3012	0.755102
3013	0.753448
3014	0.751798
3015	0.750151
3016	0.748508
3017	0.746867
3018	0.745231
3019	0.743597
3020	0.741967
3021	0.74034
3022	0.738717
3023	0.737097
3024	0.73548
3025	0.733867
3026	0.732257
3027	0.730651
3028	0.729047
3029	0.727447
3030	0.725851
3031	0.724257
3032	0.722667
3033	0.72108
3034	0.719497
3035	0.717917
3036	0.71634
3037	0.714766
3038	0.713196
3039	0.711628
3040	0.710064
3041	0.708504
3042	0.706946
3043	0.705392
3044	0.703841
3045	0.702293
3046	0.700749
3047	0.699207
3048	0.697669
3049	0.696134
3050	0.694602
3051	0.693074
3052	0.691548
3053	0.690026
3054	0.688507
3055	0.686991
3056	0.685478
3057	0.683968
3058	0.682462
3059	0.680958
3060	0.679458
3061	0.677961
3062	0.676467
3063	0.674976
3064	0.673488
3065	0.672004
3066	0.670522
3067	0.669043
3068	0.667568
3069	0.666096
3070	0.664626
3071	0.66316
3072	0.661697
3073	0.660237
3074	0.658779
3075	0.657325
3076	0.655874
3077	0.654426
3078	0.652981
3079	0.651539
3080	0.6501
3081	0.648664
3082	0.647231
3083	0.645801
3084	0.644374
3085	0.64295
3086	0.641529
3087	0.640111
3088	0.638696
3089	0.637284
3090	0.635875
3091	0.634469
3092	0.633065
3093	0.631665
3094	0.630268
3095	0.628873
3096	0.627481
3097	0.626093
3098	0.624707
3099	0.623324
3100	0.621944
3101	0.620567
3102	0.619193
3103	0.617822
3104	0.616453
3105	0.615088
3106	0.613725
3107	0.612365
3108	0.611008
3109	0.609654
3110	0.608302
3111	0.606954
3112	0.605608
3113	0.604266
3114	0.602926
3115	0.601588
3116	0.600254
3117	0.598922
3118	0.597594
3119	0.596268
3120	0.594944
3121	0.593624
3122	0.592306
3123	0.590991
3124	0.589679
3125	0.58837
3126	0.587063
3127	0.58576
3128	0.584458
3129	0.58316
3130	0.581864
3131	0.580572
3132	0.579281
3133	0.577994
3134	0.576709
3135	0.575427
3136	0.574148
3137	0.572871
3138	0.571597
3139	0.570326
3140	0.569057
3141	0.567791
3142	0.566528
3143	0.565268
3144	0.56401
3145	0.562754
3146	0.561502
3147	0.560252
3148	0.559005
3149	0.55776
3150	0.556518
3151	0.555278
3152	0.554042
3153	0.552807
3154	0.551576
3155	0.550347
3156	0.54912
3157	0.547897
3158	0.546675
3159	0.545457
3160	0.544241
3161	0.543027
3162	0.541816
3163	0.540608
3164	0.539402
3165	0.538199
3166	0.536998
3167	0.5358
3168	0.534605
3169	0.533411
3170	0.532221
3171	0.531033
3172	0.529847
3173	0.528664
3174	0.527484
3175	0.526306
3176	0.525131
3177	0.523958
3178	0.522787
3179	0.521619
3180	0.520454
3181	0.519291
3182	0.51813
3183	0.516972
3184	0.515816
3185	0.514663
3186	0.513512
3187	0.512364
3188	0.511218
3189	0.510075
3190	0.508934
3191	0.507795
3192	0.506659
3193	0.505525
3194	0.504394
3195	0.503265
3196	0.502138
3197	0.501014
3198	0.499893
3199	0.498773
3200	0.497656
3201	0.496542
3202	0.49543
3203	0.49432
3204	0.493212
3205	0.492107
3206	0.491004
3207	0.489904
3208	0.488806
3209	0.48771
3210	0.486617
3211	0.485526
3212	0.484437
3213	0.483351
3214	0.482267
3215	0.481185
3216	0.480106
3217	0.479028
3218	0.477954
3219	0.476881
3220	0.475811
3221	0.474743
3222	0.473677
3223	0.472614
3224	0.471553
3225	0.470494
3226	0.469437
3227	0.468383
3228	0.467331
3229	0.466281
3230	0.465233
3231	0.464188
3232	0.463145
3233	0.462104
3234	0.461065
3235	0.460029
3236	0.458995
3237	0.457963
3238	0.456933
3239	0.455905
3240	0.45488
3241	0.453857
3242	0.452836
3243	0.451817
3244	0.450801
3245	0.449786
3246	0.448774
3247	0.447764
3248	0.446756
3249	0.44575
3250	0.444747
3251	0.443745
3252	0.442746
3253	0.441749
3254	0.440754
3255	0.439761
3256	0.43877
3257	0.437781
3258	0.436795
3259	0.435811
3260	0.434828
3261	0.433848
3262	0.43287
3263	0.431894
3264	0.43092
3265	0.429949
3266	0.428979
3267	0.428012
3268	0.427046
3269	0.426083
3270	0.425121
3271	0.424162
3272	0.423205
3273	0.42225
3274	0.421297
3275	0.420346
3276	0.419397
3277	0.41845
3278	0.417505
3279	0.416562
3280	0.415621
3281	0.414683
3282	0.413746
3283	0.412811
3284	0.411878
3285	0.410948
3286	0.410019
3287	0.409092
3288	0.408168
3289	0.407245
3290	0.406324
3291	0.405405
3292	0.404489
3293	0.403574
3294	0.402661
3295	0.40175
3296	0.400841
3297	0.399935
3298	0.39903
3299	0.398127
3300	0.397226
3301	0.396327
3302	0.39543
3303	0.394534
3304	0.393641
3305	0.39275
3306	0.39186
3307	0.390973
3308	0.390087
3309	0.389204
3310	0.388322
3311	0.387442
3312	0.386564
3313	0.385688
3314	0.384814
3315	0.383942
3316	0.383072
3317	0.382203
3318	0.381337
3319	0.380472
3320	0.379609
3321	0.378748
3322	0.377889
3323	0.377032
3324	0.376177
3325	0.375323
3326	0.374472
3327	0.373622
3328	0.372774
3329	0.371928
3330	0.371084
3331	0.370241
3332	0.369401
3333	0.368562
3334	0.367725
3335	0.36689
3336	0.366057
3337	0.365225
3338	0.364395
3339	0.363568
3340	0.362741
3341	0.361917
3342	0.361095
3343	0.360274
3344	0.359455
3345	0.358638
3346	0.357822
3347	0.357009
3348	0.356197
3349	0.355387
3350	0.354579
3351	0.353772
3352	0.352967
3353	0.352164
3354	0.351363
3355	0.350564
3356	0.349766
3357	0.34897
3358	0.348175
3359	0.347383
3360	0.346592
3361	0.345803
3362	0.345015
3363	0.34423
3364	0.343446
3365	0.342664
3366	0.341883
3367	0.341104
3368	0.340327
3369	0.339552
3370	0.338778
3371	0.338006
3372	0.337235
3373	0.336467
3374	0.3357
3375	0.334934
3376	0.33417
3377	0.333408
3378	0.332648
3379	0.331889
3380	0.331132
3381	0.330377
3382	0.329623
3383	0.328871
3384	0.328121
3385	0.327372
3386	0.326625
3387	0.325879
3388	0.325135
3389	0.324393
3390	0.323653
3391	0.322914
3392	0.322176
3393	0.32144
3394	0.320706
3395	0.319974
3396	0.319243
3397	0.318513
3398	0.317786
3399	0.317059
3400	0.316335
3401	0.315612
3402	0.31489
3403	0.314171
3404	0.313452
3405	0.312736
3406	0.312021
3407	0.311307
3408	0.310595
3409	0.309885
3410	0.309176
3411	0.308469
3412	0.307763
3413	0.307059
3414	0.306356
3415	0.305655
3416	0.304955
3417	0.304257
3418	0.303561
3419	0.302866
3420	0.302173
3421	0.301481
3422	0.30079
3423	0.300101
3424	0.299414
3425	0.298728
3426	0.298044
3427	0.297361
3428	0.29668
3429	0.296
3430	0.295322
3431	0.294645
3432	0.293969
3433	0.293296
3434	0.292623
3435	0.291952
3436	0.291283
3437	0.290615
3438	0.289948
3439	0.289283
3440	0.28862
3441	0.287958
3442	0.287297
3443	0.286638
3444	0.28598
3445	0.285324
3446	0.284669
3447	0.284016
3448	0.283364
3449	0.282713
3450	0.282064
3451	0.281417
3452	0.280771
3453	0.280126
3454	0.279482
3455	0.27884
3456	0.2782
3457	0.277561
3458	0.276923
3459	0.276287
3460	0.275652
3461	0.275019
3462	0.274386
3463	0.273756
3464	0.273126
3465	0.272499
3466	0.271872
3467	0.271247
3468	0.270623
3469	0.270001
3470	0.26938
3471	0.26876
3472	0.268142
3473	0.267525
3474	0.26691
3475	0.266295
3476	0.265683
3477	0.265071
3478	0.264461
3479	0.263852
3480	0.263245
3481	0.262639
3482	0.262034
3483	0.261431
3484	0.260829
3485	0.260228
3486	0.259629
3487	0.259031
3488	0.258434
3489	0.257839
3490	0.257245
3491	0.256652
3492	0.256061
3493	0.25547
3494	0.254882
3495	0.254294
3496	0.253708
3497	0.253123
3498	0.252539
3499	0.251957
3500	0.251376
3501	0.250796
3502	0.250218
3503	0.249641
3504	0.249065
3505	0.24849
3506	0.247917
3507	0.247345
3508	0.246774
3509	0.246205
3510	0.245636
3511	0.245069
3512	0.244504
3513	0.243939
3514	0.243376
3515	0.242814
3516	0.242253
3517	0.241694
3518	0.241136
3519	0.240579
3520	0.240023
3521	0.239468
3522	0.238915
3523	0.238363
3524	0.237812
3525	0.237263
3526	0.236714
3527	0.236167
3528	0.235621
3529	0.235077
3530	0.234533
3531	0.233991
3532	0.23345
3533	0.23291
3534	0.232371
3535	0.231834
3536	0.231297
3537	0.230762
3538	0.230228
3539	0.229696
3540	0.229164
3541	0.228634
3542	0.228105
3543	0.227577
3544	0.22705
3545	0.226524
3546	0.226
3547	0.225477
3548	0.224955
3549	0.224434
3550	0.223914
3551	0.223395
3552	0.222878
3553	0.222362
3554	0.221847
3555	0.221333
3556	0.22082
3557	0.220308
3558	0.219797
3559	0.219288
3560	0.21878
3561	0.218273
3562	0.217767
3563	0.217262
3564	0.216758
3565	0.216255
3566	0.215754
3567	0.215254
3568	0.214754
3569	0.214256
3570	0.213759
3571	0.213263
3572	0.212768
3573	0.212275
3574	0.211782
3575	0.211291
3576	0.2108
3577	0.210311
3578	0.209823
3579	0.209336
3580	0.20885
3581	0.208365
3582	0.207881
3583	0.207398
3584	0.206916
3585	0.206436
3586	0.205956
3587	0.205478
3588	0.205001
3589	0.204524
3590	0.204049
3591	0.203575
3592	0.203102
3593	0.20263
3594	0.202159
3595	0.201689
3596	0.20122
3597	0.200752
3598	0.200285
3599	0.19982
3600	0.199355
3601	0.198891
3602	0.198429
3603	0.197967
3604	0.197507
3605	0.197047
3606	0.196589
3607	0.196131
3608	0.195675
3609	0.19522
3610	0.194765
3611	0.194312
3612	0.19386
3613	0.193408
3614	0.192958
3615	0.192509
3616	0.192061
3617	0.191613
3618	0.191167
3619	0.190722
3620	0.190278
3621	0.189834
3622	0.189392
3623	0.188951
3624	0.188511
3625	0.188072
3626	0.187633
3627	0.187196
3628	0.18676
3629	0.186324
3630	0.18589
3631	0.185457
3632	0.185024
3633	0.184593
3634	0.184162
3635	0.183733
3636	0.183304
3637	0.182877
3638	0.18245
3639	0.182025
3640	0.1816
3641	0.181176
3642	0.180754
3643	0.180332
3644	0.179911
3645	0.179491
3646	0.179072
3647	0.178654
3648	0.178237
3649	0.177821
3650	0.177406
3651	0.176992
3652	0.176579
3653	0.176166
3654	0.175755
3655	0.175344
3656	0.174935
3657	0.174526
3658	0.174118
3659	0.173711
3660	0.173306
3661	0.172901
3662	0.172497
3663	0.172093
3664	0.171691
3665	0.17129
3666	0.170889
3667	0.17049
3668	0.170091
3669	0.169694
3670	0.169297
3671	0.168901
3672	0.168506
3673	0.168112
3674	0.167719
3675	0.167326
3676	0.166935
3677	0.166544
3678	0.166155
3679	0.165766
3680	0.165378
3681	0.164991
3682	0.164605
3683	0.164219
3684	0.163835
3685	0.163451
3686	0.163069
3687	0.162687
3688	0.162306
3689	0.161926
3690	0.161547
3691	0.161168
3692	0.160791
3693	0.160414
3694	0.160038
3695	0.159663
3696	0.159289
3697	0.158916
3698	0.158544
3699	0.158172
3700	0.157801
3701	0.157432
3702	0.157063
3703	0.156694
3704	0.156327
3705	0.15596
3706	0.155595
3707	0.15523
3708	0.154866
3709	0.154503
3710	0.15414
3711	0.153779
3712	0.153418
3713	0.153058
3714	0.152699
3715	0.152341
3716	0.151983
3717	0.151627
3718	0.151271
3719	0.150916
3720	0.150561
3721	0.150208
3722	0.149855
3723	0.149504
3724	0.149153
3725	0.148802
3726	0.148453
3727	0.148104
3728	0.147756
3729	0.147409
3730	0.147063
3731	0.146718
3732	0.146373
3733	0.146029
3734	0.145686
3735	0.145344
3736	0.145002
3737	0.144661
3738	0.144321
3739	0.143982
3740	0.143644
3741	0.143306
3742	0.142969
3743	0.142633
3744	0.142297
3745	0.141963
3746	0.141629
3747	0.141296
3748	0.140963
3749	0.140632
3750	0.140301
3751	0.139971
3752	0.139642
3753	0.139313
3754	0.138985
3755	0.138658
3756	0.138332
3757	0.138006
3758	0.137681
3759	0.137357
3760	0.137034
3761	0.136711
3762	0.13639
3763	0.136068
3764	0.135748
3765	0.135428
3766	0.135109
3767	0.134791
3768	0.134474
3769	0.134157
3770	0.133841
3771	0.133525
3772	0.133211
3773	0.132897
3774	0.132584
3775	0.132271
3776	0.13196
3777	0.131649
3778	0.131338
3779	0.131029
3780	0.13072
3781	0.130411
3782	0.130104
3783	0.129797
3784	0.129491
3785	0.129186
3786	0.128881
3787	0.128577
3788	0.128274
3789	0.127971
3790	0.127669
3791	0.127368
3792	0.127067
3793	0.126768
3794	0.126468
3795	0.12617
3796	0.125872
3797	0.125575
3798	0.125279
3799	0.124983
3800	0.124688
3801	0.124393
3802	0.1241
3803	0.123807
3804	0.123514
3805	0.123223
3806	0.122932
3807	0.122641
3808	0.122352
3809	0.122062
3810	0.121774
3811	0.121486
3812	0.121199
3813	0.120913
3814	0.120627
3815	0.120342
3816	0.120058
3817	0.119774
3818	0.119491
3819	0.119208
3820	0.118926
3821	0.118645
3822	0.118365
3823	0.118085
3824	0.117806
3825	0.117527
3826	0.117249
3827	0.116972
3828	0.116695
3829	0.116419
3830	0.116143
3831	0.115869
3832	0.115594
3833	0.115321
3834	0.115048
3835	0.114776
3836	0.114504
3837	0.114233
3838	0.113963
3839	0.113693
3840	0.113424
3841	0.113155
3842	0.112887
3843	0.11262
3844	0.112353
3845	0.112087
3846	0.111822
3847	0.111557
3848	0.111293
3849	0.111029
3850	0.110766
3851	0.110503
3852	0.110242
3853	0.10998
3854	0.10972
3855	0.10946
3856	0.1092
3857	0.108942
3858	0.108683
3859	0.108426
3860	0.108169
3861	0.107912
3862	0.107656
3863	0.107401
3864	0.107146
3865	0.106892
3866	0.106639
3867	0.106386
3868	0.106133
3869	0.105882
3870	0.10563
3871	0.10538
3872	0.10513
3873	0.10488
3874	0.104632
3875	0.104383
3876	0.104135
3877	0.103888
3878	0.103642
3879	0.103396
3880	0.10315
3881	0.102905
3882	0.102661
3883	0.102417
3884	0.102174
3885	0.101931
3886	0.101689
3887	0.101448
3888	0.101207
3889	0.100967
3890	0.100727
3891	0.100487
3892	0.100249
3893	0.10001
3894	0.0997728
3895	0.0995357
3896	0.0992992
3897	0.0990632
3898	0.0988278
3899	0.0985928
3900	0.0983585
3901	0.0981247
3902	0.0978914
3903	0.0976586
3904	0.0974264
3905	0.0971948
3906	0.0969636
3907	0.0967331
3908	0.096503
3909	0.0962735
3910	0.0960445
3911	0.095816
3912	0.095588
3913	0.0953606
3914	0.0951337
3915	0.0949074
3916	0.0946815
3917	0.0944562
3918	0.0942314
3919	0.0940072
3920	0.0937834
3921	0.0935602
3922	0.0933374
3923	0.0931152
3924	0.0928935
3925	0.0926724
3926	0.0924517
3927	0.0922316
3928	0.0920119
3929	0.0917928
3930	0.0915741
3931	0.091356
3932	0.0911384
3933	0.0909213
3934	0.0907047
3935	0.0904886
3936	0.090273
3937	0.0900579
3938	0.0898433
3939	0.0896292
3940	0.0894156
3941	0.0892024
3942	0.0889898
3943	0.0887777
3944	0.088566
3945	0.0883549
3946	0.0881442
3947	0.0879341
3948	0.0877244
3949	0.0875152
3950	0.0873065
3951	0.0870983
3952	0.0868905
3953	0.0866833
3954	0.0864765
3955	0.0862702
3956	0.0860644
3957	0.085859
3958	0.0856542
3959	0.0854498
3960	0.0852459
3961	0.0850424
3962	0.0848395
3963	0.084637
3964	0.084435
3965	0.0842334
3966	0.0840323
3967	0.0838317
3968	0.0836315
3969	0.0834319
3970	0.0832326
3971	0.0830339
3972	0.0828356
3973	0.0826377
3974	0.0824404
3975	0.0822434
3976	0.082047
3977	0.081851
3978	0.0816554
3979	0.0814603
3980	0.0812657
3981	0.0810715
3982	0.0808778
3983	0.0806845
3984	0.0804917
3985	0.0802993
3986	0.0801073
3987	0.0799159
3988	0.0797248
3989	0.0795342
3990	0.0793441
3991	0.0791543
3992	0.0789651
3993	0.0787762
3994	0.0785879
3995	0.0783999
3996	0.0782124
3997	0.0780253
3998	0.0778387
3999	0.0776525
4000	0.0774667
4001	0.0772814
4002	0.0770964
4003	0.076912
4004	0.0767279
4005	0.0765443
4006	0.0763611
4007	0.0761784
4008	0.075996
4009	0.0758141
4010	0.0756326
4011	0.0754516
4012	0.0752709
4013	0.0750907
4014	0.0749109
4015	0.0747315
4016	0.0745526
4017	0.074374
4018	0.0741959
4019	0.0740182
4020	0.0738409
4021	0.073664
4022	0.0734875
4023	0.0733115
4024	0.0731358
4025	0.0729606
4026	0.0727858
4027	0.0726113
4028	0.0724373
4029	0.0722637
4030	0.0720905
4031	0.0719177
4032	0.0717453
4033	0.0715734
4034	0.0714018
4035	0.0712306
4036	0.0710598
4037	0.0708894
4038	0.0707194
4039	0.0705498
4040	0.0703806
4041	0.0702118
4042	0.0700434
4043	0.0698754
4044	0.0697078
4045	0.0695406
4046	0.0693737
4047	0.0692073
4048	0.0690412
4049	0.0688756
4050	0.0687103
4051	0.0685454
4052	0.0683809
4053	0.0682168
4054	0.068053
4055	0.0678897
4056	0.0677267
4057	0.0675641
4058	0.0674019
4059	0.0672401
4060	0.0670786
4061	0.0669176
4062	0.0667569
4063	0.0665965
4064	0.0664366
4065	0.066277
4066	0.0661178
4067	0.065959
4068	0.0658006
4069	0.0656425
4070	0.0654848
4071	0.0653274
4072	0.0651705
4073	0.0650139
4074	0.0648576
4075	0.0647018
4076	0.0645462
4077	0.0643911
4078	0.0642363
4079	0.0640819
4080	0.0639279
4081	0.0637742
4082	0.0636208
4083	0.0634679
4084	0.0633153
4085	0.063163
4086	0.0630111
4087	0.0628596
4088	0.0627084
4089	0.0625576
4090	0.0624071
4091	0.062257
4092	0.0621072
4093	0.0619578
4094	0.0618087
4095	0.06166
4096	0.0615116
4097	0.0613636
4098	0.0612159
4099	0.0610686
4100	0.0609216
4101	0.060775
4102	0.0606287
4103	0.0604828
4104	0.0603371
4105	0.0601919
4106	0.060047
4107	0.0599024
4108	0.0597581
4109	0.0596142
4110	0.0594707
4111	0.0593275
4112	0.0591846
4113	0.059042
4114	0.0588998
4115	0.0587579
4116	0.0586164
4117	0.0584751
4118	0.0583343
4119	0.0581937
4120	0.0580535
4121	0.0579136
4122	0.057774
4123	0.0576348
4124	0.0574959
4125	0.0573573
4126	0.057219
4127	0.0570811
4128	0.0569435
4129	0.0568062
4130	0.0566693
4131	0.0565326
4132	0.0563963
4133	0.0562603
4134	0.0561246
4135	0.0559893
4136	0.0558543
4137	0.0557195
4138	0.0555851
4139	0.0554511
4140	0.0553173
4141	0.0551838
4142	0.0550507
4143	0.0549179
4144	0.0547854
4145	0.0546532
4146	0.0545213
4147	0.0543897
4148	0.0542584
4149	0.0541275
4150	0.0539968
4151	0.0538665
4152	0.0537364
4153	0.0536067
4154	0.0534773
4155	0.0533482
4156	0.0532194
4157	0.0530909
4158	0.0529626
4159	0.0528347
4160	0.0527071
4161	0.0525798
4162	0.0524528
4163	0.0523261
4164	0.0521997
4165	0.0520736
4166	0.0519478
4167	0.0518223
4168	0.0516971
4169	0.0515722
4170	0.0514476
4171	0.0513232
4172	0.0511992
4173	0.0510755
4174	0.050952
4175	0.0508289
4176	0.050706
4177	0.0505834
4178	0.0504611
4179	0.0503391
4180	0.0502174
4181	0.050096
4182	0.0499749
4183	0.049854
4184	0.0497335
4185	0.0496132
4186	0.0494932
4187	0.0493735
4188	0.049254
4189	0.0491349
4190	0.049016
4191	0.0488974
4192	0.0487791
4193	0.0486611
4194	0.0485434
4195	0.0484259
4196	0.0483087
4197	0.0481918
4198	0.0480752
4199	0.0479588
4200	0.0478427
4201	0.0477269
4202	0.0476114
4203	0.0474961
4204	0.0473811
4205	0.0472664
4206	0.047152
4207	0.0470378
4208	0.0469239
4209	0.0468103
4210	0.0466969
4211	0.0465838
4212	0.046471
4213	0.0463584
4214	0.0462461
4215	0.0461341
4216	0.0460223
4217	0.0459108
4218	0.0457996
4219	0.0456886
4220	0.0455779
4221	0.0454674
4222	0.0453573
4223	0.0452473
4224	0.0451377
4225	0.0450283
4226	0.0449191
4227	0.0448102
4228	0.0447016
4229	0.0445932
4230	0.0444851
4231	0.0443773
4232	0.0442697
4233	0.0441623
4234	0.0440552
4235	0.0439484
4236	0.0438418
4237	0.0437355
4238	0.0436294
4239	0.0435236
4240	0.043418
4241	0.0433127
4242	0.0432076
4243	0.0431028
4244	0.0429982
4245	0.0428938
4246	0.0427898
4247	0.0426859
4248	0.0425823
4249	0.042479
4250	0.0423759
4251	0.042273
4252	0.0421704
4253	0.0420681
4254	0.0419659
4255	0.0418641
4256	0.0417624
4257	0.041661
4258	0.0415599
4259	0.0414589
4260	0.0413583
4261	0.0412578
4262	0.0411576
4263	0.0410577
4264	0.0409579
4265	0.0408585
4266	0.0407592
4267	0.0406602
4268	0.0405614
4269	0.0404629
4270	0.0403646
4271	0.0402665
4272	0.0401686
4273	0.040071
4274	0.0399736
4275	0.0398765
4276	0.0397796
4277	0.0396829
4278	0.0395864
4279	0.0394902
4280	0.0393942
4281	0.0392985
4282	0.0392029
4283	0.0391076
4284	0.0390125
4285	0.0389176
4286	0.038823
4287	0.0387286
4288	0.0386344
4289	0.0385405
4290	0.0384467
4291	0.0383532
4292	0.0382599
4293	0.0381668
4294	0.038074
4295	0.0379814
4296	0.037889
4297	0.0377968
4298	0.0377048
4299	0.0376131
4300	0.0375215
4301	0.0374302
4302	0.0373391
4303	0.0372482
4304	0.0371576
4305	0.0370671
4306	0.0369769
4307	0.0368869
4308	0.0367971
4309	0.0367075
4310	0.0366181
4311	0.036529
4312	0.03644
4313	0.0363513
4314	0.0362628
4315	0.0361745
4316	0.0360864
4317	0.0359985
4318	0.0359108
4319	0.0358233
4320	0.035736
4321	0.035649
4322	0.0355621
4323	0.0354755
4324	0.0353891
4325	0.0353028
4326	0.0352168
4327	0.035131
4328	0.0350454
4329	0.03496
4330	0.0348748
4331	0.0347898
4332	0.034705
4333	0.0346204
4334	0.034536
4335	0.0344518
4336	0.0343678
4337	0.034284
4338	0.0342004
4339	0.034117
4340	0.0340338
4341	0.0339508
4342	0.033868
4343	0.0337854
4344	0.033703
4345	0.0336208
4346	0.0335388
4347	0.033457
4348	0.0333754
4349	0.033294
4350	0.0332127
4351	0.0331317
4352	0.0330509
4353	0.0329702
4354	0.0328898
4355	0.0328095
4356	0.0327294
4357	0.0326495
4358	0.0325699
4359	0.0324904
4360	0.0324111
4361	0.0323319
4362	0.032253
4363	0.0321743
4364	0.0320957
4365	0.0320174
4366	0.0319392
4367	0.0318612
4368	0.0317834
4369	0.0317058
4370	0.0316283
4371	0.0315511
4372	0.031474
4373	0.0313972
4374	0.0313205
4375	0.031244
4376	0.0311676
4377	0.0310915
4378	0.0310155
4379	0.0309398
4380	0.0308642
4381	0.0307887
4382	0.0307135
4383	0.0306384
4384	0.0305636
4385	0.0304889
4386	0.0304144
4387	0.03034
4388	0.0302659
4389	0.0301919
4390	0.0301181
4391	0.0300444
4392	0.029971
4393	0.0298977
4394	0.0298246
4395	0.0297517
4396	0.0296789
4397	0.0296064
4398	0.0295339
4399	0.0294617
4400	0.0293897
4401	0.0293178
4402	0.0292461
4403	0.0291745
4404	0.0291032
4405	0.029032
4406	0.0289609
4407	0.0288901
4408	0.0288194
4409	0.0287489
4410	0.0286785
4411	0.0286083
4412	0.0285383
4413	0.0284685
4414	0.0283988
4415	0.0283293
4416	0.02826
4417	0.0281908
4418	0.0281218
4419	0.0280529
4420	0.0279843
4421	0.0279157
4422	0.0278474
4423	0.0277792
4424	0.0277112
4425	0.0276433
4426	0.0275756
4427	0.0275081
4428	0.0274407
4429	0.0273735
4430	0.0273065
4431	0.0272396
4432	0.0271729
4433	0.0271063
4434	0.0270399
4435	0.0269736
4436	0.0269076
4437	0.0268416
4438	0.0267759
4439	0.0267102
4440	0.0266448
4441	0.0265795
4442	0.0265144
4443	0.0264494
4444	0.0263845
4445	0.0263199
4446	0.0262554
4447	0.026191
4448	0.0261268
4449	0.0260627
4450	0.0259988
4451	0.0259351
4452	0.0258715
4453	0.0258081
4454	0.0257448
4455	0.0256816
4456	0.0256187
4457	0.0255558
4458	0.0254931
4459	0.0254306
4460	0.0253682
4461	0.025306
4462	0.0252439
4463	0.025182
4464	0.0251202
4465	0.0250586
4466	0.0249971
4467	0.0249358
4468	0.0248746
4469	0.0248135
4470	0.0247526
4471	0.0246919
4472	0.0246313
4473	0.0245708
4474	0.0245105
4475	0.0244504
4476	0.0243904
4477	0.0243305
4478	0.0242707
4479	0.0242112
4480	0.0241517
4481	0.0240924
4482	0.0240333
4483	0.0239742
4484	0.0239154
4485	0.0238566
4486	0.0237981
4487	0.0237396
4488	0.0236813
4489	0.0236231
4490	0.0235651
4491	0.0235072
4492	0.0234495
4493	0.0233919
4494	0.0233344
4495	0.0232771
4496	0.0232199
4497	0.0231628
4498	0.0231059
4499	0.0230491
4500	0.0229925
4501	0.022936
4502	0.0228796
4503	0.0228234
4504	0.0227673
4505	0.0227113
4506	0.0226555
4507	0.0225998
4508	0.0225442
4509	0.0224888
4510	0.0224335
4511	0.0223783
4512	0.0223233
4513	0.0222684
4514	0.0222137
4515	0.022159
4516	0.0221045
4517	0.0220502
4518	0.0219959
4519	0.0219418
4520	0.0218879
4521	0.021834
4522	0.0217803
4523	0.0217267
4524	0.0216733
4525	0.02162
4526	0.0215668
4527	0.0215137
4528	0.0214608
4529	0.0214079
4530	0.0213553
4531	0.0213027
4532	0.0212503
4533	0.021198
4534	0.0211458
4535	0.0210937
4536	0.0210418
4537	0.02099
4538	0.0209383
4539	0.0208868
4540	0.0208354
4541	0.0207841
4542	0.0207329
4543	0.0206818
4544	0.0206309
4545	0.0205801
4546	0.0205294
4547	0.0204789
4548	0.0204284
4549	0.0203781
4550	0.0203279
4551	0.0202779
4552	0.0202279
4553	0.0201781
4554	0.0201284
4555	0.0200788
4556	0.0200293
4557	0.0199799
4558	0.0199307
4559	0.0198816
4560	0.0198326
4561	0.0197837
4562	0.019735
4563	0.0196863
4564	0.0196378
4565	0.0195894
4566	0.0195411
4567	0.019493
4568	0.0194449
4569	0.019397
4570	0.0193491
4571	0.0193014
4572	0.0192539
4573	0.0192064
4574	0.019159
4575	0.0191118
4576	0.0190646
4577	0.0190176
4578	0.0189707
4579	0.0189239
4580	0.0188773
4581	0.0188307
4582	0.0187843
4583	0.0187379
4584	0.0186917
4585	0.0186456
4586	0.0185996
4587	0.0185537
4588	0.0185079
4589	0.0184622
4590	0.0184167
4591	0.0183712
4592	0.0183259
4593	0.0182807
4594	0.0182356
4595	0.0181905
4596	0.0181457
4597	0.0181009
4598	0.0180562
4599	0.0180116
4600	0.0179671
4601	0.0179228
4602	0.0178785
4603	0.0178344
4604	0.0177904
4605	0.0177464
4606	0.0177026
4607	0.0176589
4608	0.0176153
4609	0.0175718
4610	0.0175284
4611	0.0174851
4612	0.0174419
4613	0.0173988
4614	0.0173558
4615	0.017313
4616	0.0172702
4617	0.0172275
4618	0.017185
4619	0.0171425
4620	0.0171002
4621	0.0170579
4622	0.0170158
4623	0.0169737
4624	0.0169318
4625	0.0168899
4626	0.0168482
4627	0.0168065
4628	0.016765
4629	0.0167235
4630	0.0166822
4631	0.016641
4632	0.0165998
4633	0.0165588
4634	0.0165179
4635	0.016477
4636	0.0164363
4637	0.0163956
4638	0.0163551
4639	0.0163146
4640	0.0162743
4641	0.0162341
4642	0.0161939
4643	0.0161539
4644	0.0161139
4645	0.016074
4646	0.0160343
4647	0.0159946
4648	0.015955
4649	0.0159156
4650	0.0158762
4651	0.0158369
4652	0.0157977
4653	0.0157586
4654	0.0157197
4655	0.0156808
4656	0.0156419
4657	0.0156032
4658	0.0155646
4659	0.0155261
4660	0.0154877
4661	0.0154493
4662	0.0154111
4663	0.0153729
4664	0.0153349
4665	0.0152969
4666	0.0152591
4667	0.0152213
4668	0.0151836
4669	0.015146
4670	0.0151085
4671	0.0150711
4672	0.0150338
4673	0.0149965
4674	0.0149594
4675	0.0149223
4676	0.0148854
4677	0.0148485
4678	0.0148117
4679	0.014775
4680	0.0147384
4681	0.0147019
4682	0.0146655
4683	0.0146292
4684	0.0145929
4685	0.0145568
4686	0.0145207
4687	0.0144847
4688	0.0144488
4689	0.014413
4690	0.0143773
4691	0.0143417
4692	0.0143061
4693	0.0142707
4694	0.0142353
4695	0.0142
4696	0.0141648
4697	0.0141297
4698	0.0140947
4699	0.0140597
4700	0.0140249
4701	0.0139901
4702	0.0139554
4703	0.0139208
4704	0.0138863
4705	0.0138518
4706	0.0138175
4707	0.0137832
4708	0.013749
4709	0.0137149
4710	0.0136809
4711	0.013647
4712	0.0136131
4713	0.0135794
4714	0.0135457
4715	0.0135121
4716	0.0134785
4717	0.0134451
4718	0.0134117
4719	0.0133785
4720	0.0133453
4721	0.0133122
4722	0.0132791
4723	0.0132462
4724	0.0132133
4725	0.0131805
4726	0.0131478
4727	0.0131151
4728	0.0130826
4729	0.0130501
4730	0.0130177
4731	0.0129854
4732	0.0129532
4733	0.012921
4734	0.0128889
4735	0.0128569
4736	0.012825
4737	0.0127932
4738	0.0127614
4739	0.0127297
4740	0.0126981
4741	0.0126666
4742	0.0126351
4743	0.0126037
4744	0.0125724
4745	0.0125412
4746	0.01251
4747	0.0124789
4748	0.0124479
4749	0.012417
4750	0.0123862
4751	0.0123554
4752	0.0123247
4753	0.0122941
4754	0.0122635
4755	0.0122331
4756	0.0122027
4757	0.0121723
4758	0.0121421
4759	0.0121119
4760	0.0120818
4761	0.0120518
4762	0.0120218
4763	0.0119919
4764	0.0119621
4765	0.0119324
4766	0.0119027
4767	0.0118731
4768	0.0118436
4769	0.0118142
4770	0.0117848
4771	0.0117555
4772	0.0117262
4773	0.0116971
4774	0.011668
4775	0.011639
4776	0.01161
4777	0.0115812
4778	0.0115524
4779	0.0115236
4780	0.011495
4781	0.0114664
4782	0.0114378
4783	0.0114094
4784	0.011381
4785	0.0113527
4786	0.0113244
4787	0.0112963
4788	0.0112681
4789	0.0112401
4790	0.0112121
4791	0.0111842
4792	0.0111564
4793	0.0111286
4794	0.0111009
4795	0.0110733
4796	0.0110457
4797	0.0110183
4798	0.0109908
4799	0.0109635
4800	0.0109362
4801	0.0109089
4802	0.0108818
4803	0.0108547
4804	0.0108277
4805	0.0108007
4806	0.0107738
4807	0.010747
4808	0.0107202
4809	0.0106935
4810	0.0106669
4811	0.0106403
4812	0.0106138
4813	0.0105874
4814	0.010561
4815	0.0105347
4816	0.0105085
4817	0.0104823
4818	0.0104562
4819	0.0104301
4820	0.0104041
4821	0.0103782
4822	0.0103524
4823	0.0103266
4824	0.0103008
4825	0.0102752
4826	0.0102496
4827	0.010224
4828	0.0101985
4829	0.0101731
4830	0.0101478
4831	0.0101225
4832	0.0100972
4833	0.0100721
4834	0.010047
4835	0.0100219
4836	0.00999694
4837	0.00997201
4838	0.00994715
4839	0.00992235
4840	0.00989761
4841	0.00987293
4842	0.00984831
4843	0.00982375
4844	0.00979925
4845	0.00977482
4846	0.00975044
4847	0.00972612
4848	0.00970186
4849	0.00967766
4850	0.00965352
4851	0.00962944
4852	0.00960542
4853	0.00958146
4854	0.00955756
4855	0.00953371
4856	0.00950993
4857	0.0094862
4858	0.00946253
4859	0.00943892
4860	0.00941537
4861	0.00939187
4862	0.00936843
4863	0.00934505
4864	0.00932173
4865	0.00929847
4866	0.00927526
4867	0.00925211
4868	0.00922901
4869	0.00920598
4870	0.009183
4871	0.00916007
4872	0.0091372
4873	0.00911439
4874	0.00909164
4875	0.00906894
4876	0.00904629
4877	0.0090237
4878	0.00900117
4879	0.00897869
4880	0.00895627
4881	0.00893391
4882	0.00891159
4883	0.00888934
4884	0.00886714
4885	0.00884499
4886	0.00882289
4887	0.00880086
4888	0.00877887
4889	0.00875694
4890	0.00873506
4891	0.00871324
4892	0.00869147
4893	0.00866976
4894	0.0086481
4895	0.00862649
4896	0.00860493
4897	0.00858343
4898	0.00856198
4899	0.00854058
4900	0.00851924
4901	0.00849795
4902	0.00847671
4903	0.00845552
4904	0.00843439
4905	0.0084133
4906	0.00839227
4907	0.00837129
4908	0.00835037
4909	0.00832949
4910	0.00830867
4911	0.00828789
4912	0.00826717
4913	0.0082465
4914	0.00822588
4915	0.00820531
4916	0.00818479
4917	0.00816432
4918	0.00814391
4919	0.00812354
4920	0.00810322
4921	0.00808295
4922	0.00806274
4923	0.00804257
4924	0.00802245
4925	0.00800238
4926	0.00798237
4927	0.0079624
4928	0.00794248
4929	0.00792261
4930	0.00790278
4931	0.00788301
4932	0.00786329
4933	0.00784361
4934	0.00782398
4935	0.0078044
4936	0.00778487
4937	0.00776539
4938	0.00774596
4939	0.00772657
4940	0.00770723
4941	0.00768794
4942	0.0076687
4943	0.0076495
4944	0.00763035
4945	0.00761125
4946	0.00759219
4947	0.00757319
4948	0.00755423
4949	0.00753531
4950	0.00751645
4951	0.00749763
4952	0.00747885
4953	0.00746012
4954	0.00744144
4955	0.00742281
4956	0.00740422
4957	0.00738567
4958	0.00736717
4959	0.00734872
4960	0.00733032
4961	0.00731195
4962	0.00729364
4963	0.00727537
4964	0.00725714
4965	0.00723896
4966	0.00722083
4967	0.00720273
4968	0.00718469
4969	0.00716669
4970	0.00714873
4971	0.00713082
4972	0.00711295
4973	0.00709512
4974	0.00707734
4975	0.00705961
4976	0.00704191
4977	0.00702426
4978	0.00700666
4979	0.0069891
4980	0.00697158
4981	0.0069541
4982	0.00693667
4983	0.00691928
4984	0.00690193
4985	0.00688463
4986	0.00686737
4987	0.00685015
4988	0.00683298
4989	0.00681584
4990	0.00679875
4991	0.0067817
4992	0.0067647
4993	0.00674773
4994	0.00673081
4995	0.00671393
4996	0.00669709
4997	0.00668029
4998	0.00666354
4999	0.00664682
5000	0.00663015
5001	0.00661352
5002	0.00659693
5003	0.00658038
5004	0.00656387
5005	0.0065474
5006	0.00653097
5007	0.00651459
5008	0.00649824
5009	0.00648194
5010	0.00646567
5011	0.00644945
5012	0.00643326
5013	0.00641712
5014	0.00640101
5015	0.00638495
5016	0.00636892
5017	0.00635294
5018	0.00633699
5019	0.00632108
5020	0.00630522
5021	0.00628939
5022	0.0062736
5023	0.00625785
5024	0.00624214
5025	0.00622647
5026	0.00621083
5027	0.00619524
5028	0.00617968
5029	0.00616417
5030	0.00614869
5031	0.00613325
5032	0.00611784
5033	0.00610248
5034	0.00608715
5035	0.00607186
5036	0.00605661
5037	0.0060414
5038	0.00602623
5039	0.00601109
5040	0.00599599
5041	0.00598093
5042	0.0059659
5043	0.00595091
5044	0.00593596
5045	0.00592105
5046	0.00590617
5047	0.00589133
5048	0.00587653
5049	0.00586176
5050	0.00584703
5051	0.00583234
5052	0.00581768
5053	0.00580306
5054	0.00578848
5055	0.00577393
5056	0.00575942
5057	0.00574494
5058	0.0057305
5059	0.00571609
5060	0.00570173
5061	0.00568739
5062	0.00567309
5063	0.00565883
5064	0.0056446
5065	0.00563041
5066	0.00561626
5067	0.00560213
5068	0.00558805
5069	0.005574
5070	0.00555998
5071	0.005546
5072	0.00553205
5073	0.00551814
5074	0.00550426
5075	0.00549042
5076	0.00547661
5077	0.00546283
5078	0.00544909
5079	0.00543538
5080	0.00542171
5081	0.00540807
5082	0.00539447
5083	0.00538089
5084	0.00536736
5085	0.00535385
5086	0.00534038
5087	0.00532694
5088	0.00531354
5089	0.00530017
5090	0.00528683
5091	0.00527353
5092	0.00526026
5093	0.00524702
5094	0.00523381
5095	0.00522064
5096	0.0052075
5097	0.00519439
5098	0.00518132
5099	0.00516828
5100	0.00515527
5101	0.00514229
5102	0.00512934
5103	0.00511643
5104	0.00510355
5105	0.0050907
5106	0.00507788
5107	0.0050651
5108	0.00505234
5109	0.00503962
5110	0.00502693
5111	0.00501427
5112	0.00500164
5113	0.00498905
5114	0.00497648
5115	0.00496395
5116	0.00495144
5117	0.00493897
5118	0.00492653
5119	0.00491412
5120	0.00490174
5121	0.0048894
5122	0.00487708
5123	0.00486479
5124	0.00485254
5125	0.00484031
5126	0.00482812
5127	0.00481595
5128	0.00480382
5129	0.00479171
5130	0.00477964
5131	0.00476759
5132	0.00475558
5133	0.00474359
5134	0.00473164
5135	0.00471971
5136	0.00470782
5137	0.00469595
5138	0.00468411
5139	0.00467231
5140	0.00466053
5141	0.00464878
5142	0.00463706
5143	0.00462537
5144	0.00461371
5145	0.00460208
5146	0.00459048
5147	0.0045789
5148	0.00456736
5149	0.00455584
5150	0.00454435
5151	0.00453289
5152	0.00452146
5153	0.00451006
5154	0.00449869
5155	0.00448734
5156	0.00447602
5157	0.00446473
5158	0.00445347
5159	0.00444224
5160	0.00443103
5161	0.00441986
5162	0.00440871
5163	0.00439759
5164	0.00438649
5165	0.00437542
5166	0.00436439
5167	0.00435337
5168	0.00434239
5169	0.00433143
5170	0.0043205
5171	0.0043096
5172	0.00429873
5173	0.00428788
5174	0.00427706
5175	0.00426626
5176	0.0042555
5177	0.00424476
5178	0.00423404
5179	0.00422336
5180	0.0042127
5181	0.00420206
5182	0.00419145
5183	0.00418087
5184	0.00417032
5185	0.00415979
5186	0.00414929
5187	0.00413881
5188	0.00412836
5189	0.00411794
5190	0.00410754
5191	0.00409717
5192	0.00408683
5193	0.0040765
5194	0.00406621
5195	0.00405594
5196	0.0040457
5197	0.00403548
5198	0.00402529
5199	0.00401512
5200	0.00400498
5201	0.00399486
5202	0.00398477
5203	0.00397471
5204	0.00396467
5205	0.00395465
5206	0.00394466
5207	0.0039347
5208	0.00392475
5209	0.00391484
5210	0.00390495
5211	0.00389508
5212	0.00388524
5213	0.00387542
5214	0.00386563
5215	0.00385586
5216	0.00384612
5217	0.0038364
5218	0.0038267
5219	0.00381703
5220	0.00380738
5221	0.00379776
5222	0.00378816
5223	0.00377858
5224	0.00376903
5225	0.0037595
5226	0.00375
5227	0.00374052
5228	0.00373106
5229	0.00372163
5230	0.00371222
5231	0.00370284
5232	0.00369347
5233	0.00368413
5234	0.00367482
5235	0.00366553
5236	0.00365626
5237	0.00364701
5238	0.00363779
5239	0.00362859
5240	0.00361941
5241	0.00361026
5242	0.00360112
5243	0.00359202
5244	0.00358293
5245	0.00357387
5246	0.00356483
5247	0.00355581
5248	0.00354681
5249	0.00353784
5250	0.00352889
5251	0.00351996
5252	0.00351106
5253	0.00350217
5254	0.00349331
5255	0.00348447
5256	0.00347566
5257	0.00346686
5258	0.00345809
5259	0.00344934
5260	0.00344061
5261	0.0034319
5262	0.00342321
5263	0.00341455
5264	0.00340591
5265	0.00339729
5266	0.00338869
5267	0.00338011
5268	0.00337155
5269	0.00336302
5270	0.0033545
5271	0.00334601
5272	0.00333754
5273	0.00332909
5274	0.00332066
5275	0.00331225
5276	0.00330387
5277	0.0032955
5278	0.00328716
5279	0.00327883
5280	0.00327053
5281	0.00326225
5282	0.00325399
5283	0.00324575
5284	0.00323752
5285	0.00322932
5286	0.00322115
5287	0.00321299
5288	0.00320485
5289	0.00319673
5290	0.00318863
5291	0.00318055
5292	0.0031725
5293	0.00316446
5294	0.00315644
5295	0.00314845
5296	0.00314047
5297	0.00313251
5298	0.00312457
5299	0.00311666
5300	0.00310876
5301	0.00310088
5302	0.00309302
5303	0.00308519
5304	0.00307737
5305	0.00306957
5306	0.00306179
5307	0.00305403
5308	0.00304629
5309	0.00303857
5310	0.00303086
5311	0.00302318
5312	0.00301552
5313	0.00300787
5314	0.00300025
5315	0.00299264
5316	0.00298506
5317	0.00297749
5318	0.00296994
5319	0.00296241
5320	0.0029549
5321	0.0029474
5322	0.00293993
5323	0.00293248
5324	0.00292504
5325	0.00291762
5326	0.00291022
5327	0.00290284
5328	0.00289548
5329	0.00288814
5330	0.00288081
5331	0.0028735
5332	0.00286622
5333	0.00285894
5334	0.00285169
5335	0.00284446
5336	0.00283724
5337	0.00283005
5338	0.00282287
5339	0.0028157
5340	0.00280856
5341	0.00280143
5342	0.00279433
5343	0.00278724
5344	0.00278016
5345	0.00277311
5346	0.00276607
5347	0.00275905
5348	0.00275205
5349	0.00274507
5350	0.0027381
5351	0.00273115
5352	0.00272422
5353	0.0027173
5354	0.00271041
5355	0.00270353
5356	0.00269666
5357	0.00268982
5358	0.00268299
5359	0.00267618
5360	0.00266939
5361	0.00266261
5362	0.00265585
5363	0.00264911
5364	0.00264238
5365	0.00263567
5366	0.00262898
5367	0.0026223
5368	0.00261564
5369	0.002609
5370	0.00260238
5371	0.00259577
5372	0.00258917
5373	0.0025826
5374	0.00257604
5375	0.0025695
5376	0.00256297
5377	0.00255646
5378	0.00254997
5379	0.00254349
5380	0.00253703
5381	0.00253058
5382	0.00252416
5383	0.00251774
5384	0.00251135
5385	0.00250497
5386	0.0024986
5387	0.00249225
5388	0.00248592
5389	0.0024796
5390	0.0024733
5391	0.00246702
5392	0.00246075
5393	0.0024545
5394	0.00244826
5395	0.00244204
5396	0.00243583
5397	0.00242964
5398	0.00242346
5399	0.0024173
5400	0.00241116
5401	0.00240503
5402	0.00239892
5403	0.00239282
5404	0.00238674
5405	0.00238067
5406	0.00237462
5407	0.00236858
5408	0.00236256
5409	0.00235655
5410	0.00235056
5411	0.00234458
5412	0.00233862
5413	0.00233267
5414	0.00232674
5415	0.00232083
5416	0.00231492
5417	0.00230904
5418	0.00230317
5419	0.00229731
5420	0.00229146
5421	0.00228564
5422	0.00227982
5423	0.00227402
5424	0.00226824
5425	0.00226247
5426	0.00225672
5427	0.00225097
5428	0.00224525
5429	0.00223954
5430	0.00223384
5431	0.00222816
5432	0.00222249
5433	0.00221683
5434	0.00221119
5435	0.00220557
5436	0.00219995
5437	0.00219436
5438	0.00218877
5439	0.0021832
5440	0.00217765
5441	0.0021721
5442	0.00216658
5443	0.00216106
5444	0.00215556
5445	0.00215007
5446	0.0021446
5447	0.00213914
5448	0.0021337
5449	0.00212827
5450	0.00212285
5451	0.00211745
5452	0.00211205
5453	0.00210668
5454	0.00210131
5455	0.00209596
5456	0.00209063
5457	0.00208531
5458	0.00208
5459	0.0020747
5460	0.00206942
5461	0.00206415
5462	0.00205889
5463	0.00205365
5464	0.00204842
5465	0.0020432
5466	0.002038
5467	0.00203281
5468	0.00202763
5469	0.00202247
5470	0.00201731
5471	0.00201218
5472	0.00200705
5473	0.00200194
5474	0.00199684
5475	0.00199175
5476	0.00198668
5477	0.00198162
5478	0.00197657
5479	0.00197153
5480	0.00196651
5481	0.0019615
5482	0.0019565
5483	0.00195151
5484	0.00194654
5485	0.00194158
5486	0.00193663
5487	0.0019317
5488	0.00192678
5489	0.00192187
5490	0.00191697
5491	0.00191208
5492	0.00190721
5493	0.00190235
5494	0.0018975
5495	0.00189266
5496	0.00188784
5497	0.00188303
5498	0.00187822
5499	0.00187344
5500	0.00186866
5501	0.0018639
5502	0.00185915
5503	0.00185441
5504	0.00184968
5505	0.00184496
5506	0.00184026
5507	0.00183556
5508	0.00183088
5509	0.00182622
5510	0.00182156
5511	0.00181691
5512	0.00181228
5513	0.00180766
5514	0.00180305
5515	0.00179845
5516	0.00179386
5517	0.00178929
5518	0.00178472
5519	0.00178017
5520	0.00177563
5521	0.0017711
5522	0.00176658
5523	0.00176208
5524	0.00175758
5525	0.0017531
5526	0.00174862
5527	0.00174416
5528	0.00173971
5529	0.00173527
5530	0.00173085
5531	0.00172643
5532	0.00172203
5533	0.00171763
5534	0.00171325
5535	0.00170888
5536	0.00170451
5537	0.00170017
5538	0.00169583
5539	0.0016915
5540	0.00168718
5541	0.00168287
5542	0.00167858
5543	0.00167429
5544	0.00167002
5545	0.00166576
5546	0.00166151
5547	0.00165726
5548	0.00165303
5549	0.00164881
5550	0.0016446
5551	0.00164041
5552	0.00163622
5553	0.00163204
5554	0.00162787
5555	0.00162372
5556	0.00161957
5557	0.00161544
5558	0.00161131
5559	0.0016072
5560	0.00160309
5561	0.001599
5562	0.00159491
5563	0.00159084
5564	0.00158678
5565	0.00158272
5566	0.00157868
5567	0.00157465
5568	0.00157063
5569	0.00156662
5570	0.00156261
5571	0.00155862
5572	0.00155464
5573	0.00155067
5574	0.00154671
5575	0.00154276
5576	0.00153881
5577	0.00153488
5578	0.00153096
5579	0.00152705
5580	0.00152315
5581	0.00151926
5582	0.00151537
5583	0.0015115
5584	0.00150764
5585	0.00150379
5586	0.00149994
5587	0.00149611
5588	0.00149229
5589	0.00148847
5590	0.00148467
5591	0.00148087
5592	0.00147709
5593	0.00147331
5594	0.00146955
5595	0.00146579
5596	0.00146204
5597	0.00145831
5598	0.00145458
5599	0.00145086
5600	0.00144715
5601	0.00144345
5602	0.00143976
5603	0.00143608
5604	0.00143241
5605	0.00142874
5606	0.00142509
5607	0.00142145
5608	0.00141781
5609	0.00141419
5610	0.00141057
5611	0.00140696
5612	0.00140337
5613	0.00139978
5614	0.0013962
5615	0.00139263
5616	0.00138906
5617	0.00138551
5618	0.00138197
5619	0.00137843
5620	0.00137491
5621	0.00137139
5622	0.00136788
5623	0.00136438
5624	0.00136089
5625	0.00135741
5626	0.00135394
5627	0.00135047
5628	0.00134702
5629	0.00134357
5630	0.00134013
5631	0.0013367
5632	0.00133328
5633	0.00132987
5634	0.00132647
5635	0.00132307
5636	0.00131969
5637	0.00131631
5638	0.00131294
5639	0.00130958
5640	0.00130623
5641	0.00130289
5642	0.00129955
5643	0.00129623
5644	0.00129291
5645	0.0012896
5646	0.0012863
5647	0.00128301
5648	0.00127972
5649	0.00127644
5650	0.00127318
5651	0.00126992
5652	0.00126667
5653	0.00126342
5654	0.00126019
5655	0.00125696
5656	0.00125374
5657	0.00125053
5658	0.00124733
5659	0.00124414
5660	0.00124095
5661	0.00123777
5662	0.0012346
5663	0.00123144
5664	0.00122829
5665	0.00122514
5666	0.001222
5667	0.00121887
5668	0.00121575
5669	0.00121264
5670	0.00120953
5671	0.00120643
5672	0.00120334
5673	0.00120026
5674	0.00119719
5675	0.00119412
5676	0.00119106
5677	0.00118801
5678	0.00118496
5679	0.00118193
5680	0.0011789
5681	0.00117588
5682	0.00117287
5683	0.00116986
5684	0.00116686
5685	0.00116387
5686	0.00116089
5687	0.00115792
5688	0.00115495
5689	0.00115199
5690	0.00114904
5691	0.00114609
5692	0.00114315
5693	0.00114022
5694	0.0011373
5695	0.00113439
5696	0.00113148
5697	0.00112858
5698	0.00112569
5699	0.0011228
5700	0.00111992
5701	0.00111705
5702	0.00111419
5703	0.00111133
5704	0.00110848
5705	0.00110564
5706	0.00110281
5707	0.00109998
5708	0.00109716
5709	0.00109434
5710	0.00109154
5711	0.00108874
5712	0.00108595
5713	0.00108316
5714	0.00108038
5715	0.00107761
5716	0.00107485
5717	0.00107209
5718	0.00106934
5719	0.0010666
5720	0.00106387
5721	0.00106114
5722	0.00105841
5723	0.0010557
5724	0.00105299
5725	0.00105029
5726	0.0010476
5727	0.00104491
5728	0.00104223
5729	0.00103955
5730	0.00103689
5731	0.00103423
5732	0.00103157
5733	0.00102893
5734	0.00102629
5735	0.00102365
5736	0.00102103
5737	0.00101841
5738	0.00101579
5739	0.00101319
5740	0.00101059
5741	0.00100799
5742	0.00100541
5743	0.00100283
5744	0.00100025
5745	0.000997685
5746	0.000995125
5747	0.00099257
5748	0.000990023
5749	0.000987481
5750	0.000984947
5751	0.000982418
5752	0.000979896
5753	0.000977381
5754	0.000974872
5755	0.000972369
5756	0.000969873
5757	0.000967383
5758	0.000964899
5759	0.000962422
5760	0.000959951
5761	0.000957486
5762	0.000955027
5763	0.000952575
5764	0.000950129
5765	0.000947689
5766	0.000945255
5767	0.000942828
5768	0.000940407
5769	0.000937992
5770	0.000935583
5771	0.00093318
5772	0.000930783
5773	0.000928392
5774	0.000926008
5775	0.000923629
5776	0.000921257
5777	0.00091889
5778	0.00091653
5779	0.000914175
5780	0.000911827
5781	0.000909485
5782	0.000907148
5783	0.000904818
5784	0.000902493
5785	0.000900174
5786	0.000897861
5787	0.000895554
5788	0.000893253
5789	0.000890958
5790	0.000888669
5791	0.000886385
5792	0.000884107
5793	0.000881836
5794	0.000879569
5795	0.000877309
5796	0.000875054
5797	0.000872805
5798	0.000870562
5799	0.000868325
5800	0.000866093
5801	0.000863867
5802	0.000861646
5803	0.000859432
5804	0.000857222
5805	0.000855019
5806	0.000852821
5807	0.000850629
5808	0.000848442
5809	0.000846261
5810	0.000844085
5811	0.000841915
5812	0.00083975
5813	0.000837591
5814	0.000835438
5815	0.00083329
5816	0.000831147
5817	0.00082901
5818	0.000826878
5819	0.000824752
5820	0.000822631
5821	0.000820516
5822	0.000818405
5823	0.000816301
5824	0.000814201
5825	0.000812107
5826	0.000810019
5827	0.000807935
5828	0.000805857
5829	0.000803784
5830	0.000801717
5831	0.000799655
5832	0.000797598
5833	0.000795546
5834	0.0007935
5835	0.000791458
5836	0.000789422
5837	0.000787391
5838	0.000785366
5839	0.000783345
5840	0.00078133
5841	0.000779319
5842	0.000777314
5843	0.000775314
5844	0.000773319
5845	0.000771329
5846	0.000769344
5847	0.000767365
5848	0.00076539
5849	0.00076342
5850	0.000761456
5851	0.000759496
5852	0.000757541
5853	0.000755592
5854	0.000753647
5855	0.000751707
5856	0.000749772
5857	0.000747843
5858	0.000745918
5859	0.000743998
5860	0.000742082
5861	0.000740172
5862	0.000738267
5863	0.000736366
5864	0.000734471
5865	0.00073258
5866	0.000730694
5867	0.000728812
5868	0.000726936
5869	0.000725064
5870	0.000723197
5871	0.000721335
5872	0.000719478
5873	0.000717625
5874	0.000715777
5875	0.000713934
5876	0.000712096
5877	0.000710262
5878	0.000708433
5879	0.000706608
5880	0.000704789
5881	0.000702973
5882	0.000701163
5883	0.000699357
5884	0.000697556
5885	0.000695759
5886	0.000693967
5887	0.000692179
5888	0.000690396
5889	0.000688618
5890	0.000686844
5891	0.000685074
5892	0.00068331
5893	0.000681549
5894	0.000679793
5895	0.000678042
5896	0.000676295
5897	0.000674552
5898	0.000672814
5899	0.000671081
5900	0.000669352
5901	0.000667627
5902	0.000665907
5903	0.000664191
5904	0.000662479
5905	0.000660772
5906	0.000659069
5907	0.00065737
5908	0.000655676
5909	0.000653986
5910	0.000652301
5911	0.00065062
5912	0.000648943
5913	0.00064727
5914	0.000645602
5915	0.000643938
5916	0.000642278
5917	0.000640622
5918	0.000638971
5919	0.000637323
5920	0.00063568
5921	0.000634042
5922	0.000632407
5923	0.000630777
5924	0.00062915
5925	0.000627528
5926	0.00062591
5927	0.000624296
5928	0.000622687
5929	0.000621081
5930	0.00061948
5931	0.000617882
5932	0.000616289
5933	0.0006147
5934	0.000613114
5935	0.000611533
5936	0.000609956
5937	0.000608383
5938	0.000606814
5939	0.000605249
5940	0.000603688
5941	0.000602131
5942	0.000600578
5943	0.000599028
5944	0.000597483
5945	0.000595942
5946	0.000594405
5947	0.000592871
5948	0.000591342
5949	0.000589816
5950	0.000588295
5951	0.000586777
5952	0.000585263
5953	0.000583753
5954	0.000582247
5955	0.000580745
5956	0.000579246
5957	0.000577752
5958	0.000576261
5959	0.000574774
5960	0.000573291
5961	0.000571811
5962	0.000570336
5963	0.000568864
5964	0.000567396
5965	0.000565932
5966	0.000564471
5967	0.000563014
5968	0.000561561
5969	0.000560112
5970	0.000558666
5971	0.000557224
5972	0.000555786
5973	0.000554351
5974	0.00055292
5975	0.000551493
5976	0.000550069
5977	0.000548649
5978	0.000547233
5979	0.00054582
5980	0.000544411
5981	0.000543005
5982	0.000541603
5983	0.000540205
5984	0.00053881
5985	0.000537419
5986	0.000536031
5987	0.000534647
5988	0.000533267
5989	0.00053189
5990	0.000530516
5991	0.000529146
5992	0.00052778
5993	0.000526417
5994	0.000525057
5995	0.000523701
5996	0.000522349
5997	0.000521
5998	0.000519654
5999	0.000518312
6000	0.000516973
6001	0.000515638
6002	0.000514306
6003	0.000512977
6004	0.000511652
6005	0.00051033
6006	0.000509012
6007	0.000507697
6008	0.000506385
6009	0.000505077
6010	0.000503772
6011	0.000502471
6012	0.000501173
6013	0.000499878
6014	0.000498586
6015	0.000497298
6016	0.000496013
6017	0.000494731
6018	0.000493453
6019	0.000492178
6020	0.000490906
6021	0.000489637
6022	0.000488372
6023	0.00048711
6024	0.000485851
6025	0.000484595
6026	0.000483343
6027	0.000482094
6028	0.000480847
6029	0.000479605
6030	0.000478365
6031	0.000477129
6032	0.000475895
6033	0.000474665
6034	0.000473438
6035	0.000472214
6036	0.000470993
6037	0.000469776
6038	0.000468561
6039	0.00046735
6040	0.000466142
6041	0.000464937
6042	0.000463734
6043	0.000462535
6044	0.00046134
6045	0.000460147
6046	0.000458957
6047	0.00045777
6048	0.000456586
6049	0.000455406
6050	0.000454228
6051	0.000453053
6052	0.000451882
6053	0.000450713
6054	0.000449547
6055	0.000448385
6056	0.000447225
6057	0.000446068
6058	0.000444915
6059	0.000443764
6060	0.000442616
6061	0.000441471
6062	0.000440329
6063	0.00043919
6064	0.000438054
6065	0.000436921
6066	0.000435791
6067	0.000434663
6068	0.000433539
6069	0.000432417
6070	0.000431298
6071	0.000430183
6072	0.00042907
6073	0.000427959
6074	0.000426852
6075	0.000425748
6076	0.000424646
6077	0.000423547
6078	0.000422451
6079	0.000421358
6080	0.000420268
6081	0.00041918
6082	0.000418095
6083	0.000417013
6084	0.000415934
6085	0.000414858
6086	0.000413784
6087	0.000412713
6088	0.000411645
6089	0.000410579
6090	0.000409517
6091	0.000408457
6092	0.000407399
6093	0.000406345
6094	0.000405293
6095	0.000404244
6096	0.000403197
6097	0.000402154
6098	0.000401112
6099	0.000400074
6100	0.000399038
6101	0.000398005
6102	0.000396975
6103	0.000395947
6104	0.000394922
6105	0.000393899
6106	0.000392879
6107	0.000391862
6108	0.000390847
6109	0.000389835
6110	0.000388826
6111	0.000387819
6112	0.000386814
6113	0.000385813
6114	0.000384813
6115	0.000383817
6116	0.000382823
6117	0.000381831
6118	0.000380842
6119	0.000379856
6120	0.000378872
6121	0.000377891
6122	0.000376912
6123	0.000375936
6124	0.000374962
6125	0.00037399
6126	0.000373022
6127	0.000372055
6128	0.000371092
6129	0.00037013
6130	0.000369171
6131	0.000368215
6132	0.000367261
6133	0.000366309
6134	0.00036536
6135	0.000364414
6136	0.000363469
6137	0.000362528
6138	0.000361588
6139	0.000360651
6140	0.000359717
6141	0.000358785
6142	0.000357855
6143	0.000356927
6144	0.000356002
6145	0.00035508
6146	0.00035416
6147	0.000353242
6148	0.000352326
6149	0.000351413
6150	0.000350502
6151	0.000349594
6152	0.000348688
6153	0.000347784
6154	0.000346882
6155	0.000345983
6156	0.000345086
6157	0.000344192
6158	0.000343299
6159	0.000342409
6160	0.000341522
6161	0.000340636
6162	0.000339753
6163	0.000338872
6164	0.000337994
6165	0.000337117
6166	0.000336243
6167	0.000335371
6168	0.000334502
6169	0.000333635
6170	0.000332769
6171	0.000331907
6172	0.000331046
6173	0.000330187
6174	0.000329331
6175	0.000328477
6176	0.000327625
6177	0.000326775
6178	0.000325928
6179	0.000325083
6180	0.00032424
6181	0.000323399
6182	0.00032256
6183	0.000321723
6184	0.000320889
6185	0.000320056
6186	0.000319226
6187	0.000318398
6188	0.000317572
6189	0.000316748
6190	0.000315926
6191	0.000315107
6192	0.000314289
6193	0.000313474
6194	0.000312661
6195	0.00031185
6196	0.00031104
6197	0.000310233
6198	0.000309428
6199	0.000308626
6200	0.000307825
6201	0.000307026
6202	0.000306229
6203	0.000305435
6204	0.000304642
6205	0.000303852
6206	0.000303063
6207	0.000302277
6208	0.000301492
6209	0.00030071
6210	0.000299929
6211	0.000299151
6212	0.000298374
6213	0.0002976
6214	0.000296827
6215	0.000296057
6216	0.000295289
6217	0.000294522
6218	0.000293758
6219	0.000292995
6220	0.000292234
6221	0.000291476
6222	0.000290719
6223	0.000289964
6224	0.000289212
6225	0.000288461
6226	0.000287712
6227	0.000286965
6228	0.00028622
6229	0.000285477
6230	0.000284735
6231	0.000283996
6232	0.000283259
6233	0.000282523
6234	0.00028179
6235	0.000281058
6236	0.000280328
6237	0.0002796
6238	0.000278874
6239	0.00027815
6240	0.000277427
6241	0.000276707
6242	0.000275988
6243	0.000275271
6244	0.000274556
6245	0.000273843
6246	0.000273132
6247	0.000272423
6248	0.000271715
6249	0.000271009
6250	0.000270305
6251	0.000269603
6252	0.000268903
6253	0.000268204
6254	0.000267507
6255	0.000266812
6256	0.000266119
6257	0.000265428
6258	0.000264738
6259	0.00026405
6260	0.000263364
6261	0.00026268
6262	0.000261998
6263	0.000261317
6264	0.000260638
6265	0.000259961
6266	0.000259285
6267	0.000258611
6268	0.000257939
6269	0.000257269
6270	0.0002566
6271	0.000255934
6272	0.000255269
6273	0.000254605
6274	0.000253943
6275	0.000253283
6276	0.000252625
6277	0.000251969
6278	0.000251314
6279	0.00025066
6280	0.000250009
6281	0.000249359
6282	0.000248711
6283	0.000248064
6284	0.000247419
6285	0.000246776
6286	0.000246135
6287	0.000245495
6288	0.000244857
6289	0.00024422
6290	0.000243585
6291	0.000242952
6292	0.00024232
6293	0.00024169
6294	0.000241062
6295	0.000240435
6296	0.00023981
6297	0.000239186
6298	0.000238564
6299	0.000237944
6300	0.000237325
6301	0.000236708
6302	0.000236093
6303	0.000235479
6304	0.000234866
6305	0.000234255
6306	0.000233646
6307	0.000233038
6308	0.000232432
6309	0.000231828
6310	0.000231225
6311	0.000230623
6312	0.000230024
6313	0.000229425
6314	0.000228829
6315	0.000228233
6316	0.00022764
6317	0.000227047
6318	0.000226457
6319	0.000225868
6320	0.00022528
6321	0.000224694
6322	0.000224109
6323	0.000223526
6324	0.000222945
6325	0.000222365
6326	0.000221786
6327	0.000221209
6328	0.000220634
6329	0.00022006
6330	0.000219487
6331	0.000218916
6332	0.000218346
6333	0.000217778
6334	0.000217211
6335	0.000216646
6336	0.000216082
6337	0.00021552
6338	0.000214959
6339	0.0002144
6340	0.000213842
6341	0.000213285
6342	0.00021273
6343	0.000212176
6344	0.000211624
6345	0.000211073
6346	0.000210524
6347	0.000209976
6348	0.000209429
6349	0.000208884
6350	0.00020834
6351	0.000207798
6352	0.000207257
6353	0.000206718
6354	0.000206179
6355	0.000205643
6356	0.000205107
6357	0.000204573
6358	0.000204041
6359	0.000203509
6360	0.000202979
6361	0.000202451
6362	0.000201924
6363	0.000201398
6364	0.000200874
6365	0.000200351
6366	0.000199829
6367	0.000199309
6368	0.00019879
6369	0.000198272
6370	0.000197755
6371	0.00019724
6372	0.000196727
6373	0.000196214
6374	0.000195703
6375	0.000195194
6376	0.000194685
6377	0.000194178
6378	0.000193673
6379	0.000193168
6380	0.000192665
6381	0.000192163
6382	0.000191662
6383	0.000191163
6384	0.000190665
6385	0.000190169
6386	0.000189673
6387	0.000189179
6388	0.000188686
6389	0.000188195
6390	0.000187704
6391	0.000187215
6392	0.000186728
6393	0.000186241
6394	0.000185756
6395	0.000185272
6396	0.000184789
6397	0.000184308
6398	0.000183827
6399	0.000183348
6400	0.000182871
6401	0.000182394
6402	0.000181919
6403	0.000181445
6404	0.000180972
6405	0.0001805
6406	0.00018003
6407	0.000179561
6408	0.000179093
6409	0.000178626
6410	0.00017816
6411	0.000177696
6412	0.000177233
6413	0.000176771
6414	0.00017631
6415	0.00017585
6416	0.000175392
6417	0.000174935
6418	0.000174479
6419	0.000174024
6420	0.00017357
6421	0.000173118
6422	0.000172667
6423	0.000172216
6424	0.000171767
6425	0.00017132
6426	0.000170873
6427	0.000170427
6428	0.000169983
6429	0.00016954
6430	0.000169098
6431	0.000168657
6432	0.000168217
6433	0.000167778
6434	0.000167341
6435	0.000166905
6436	0.000166469
6437	0.000166035
6438	0.000165602
6439	0.00016517
6440	0.00016474
6441	0.00016431
6442	0.000163881
6443	0.000163454
6444	0.000163028
6445	0.000162602
6446	0.000162178
6447	0.000161755
6448	0.000161333
6449	0.000160913
6450	0.000160493
6451	0.000160074
6452	0.000159657
6453	0.00015924
6454	0.000158825
6455	0.00015841
6456	0.000157997
6457	0.000157585
6458	0.000157174
6459	0.000156764
6460	0.000156355
6461	0.000155947
6462	0.00015554
6463	0.000155134
6464	0.000154729
6465	0.000154326
6466	0.000153923
6467	0.000153521
6468	0.000153121
6469	0.000152721
6470	0.000152323
6471	0.000151925
6472	0.000151529
6473	0.000151133
6474	0.000150739
6475	0.000150345
6476	0.000149953
6477	0.000149562
6478	0.000149171
6479	0.000148782
6480	0.000148394
6481	0.000148006
6482	0.00014762
6483	0.000147235
6484	0.00014685
6485	0.000146467
6486	0.000146085
6487	0.000145703
6488	0.000145323
6489	0.000144944
6490	0.000144565
6491	0.000144188
6492	0.000143812
6493	0.000143436
6494	0.000143062
6495	0.000142688
6496	0.000142316
6497	0.000141944
6498	0.000141573
6499	0.000141204
6500	0.000140835
6501	0.000140467
6502	0.000140101
6503	0.000139735
6504	0.00013937
6505	0.000139006
6506	0.000138643
6507	0.000138281
6508	0.00013792
6509	0.00013756
6510	0.0001372
6511	0.000136842
6512	0.000136485
6513	0.000136128
6514	0.000135773
6515	0.000135418
6516	0.000135064
6517	0.000134711
6518	0.00013436
6519	0.000134009
6520	0.000133659
6521	0.000133309
6522	0.000132961
6523	0.000132614
6524	0.000132267
6525	0.000131922
6526	0.000131577
6527	0.000131234
6528	0.000130891
6529	0.000130549
6530	0.000130208
6531	0.000129867
6532	0.000129528
6533	0.00012919
6534	0.000128852
6535	0.000128516
6536	0.00012818
6537	0.000127845
6538	0.000127511
6539	0.000127178
6540	0.000126845
6541	0.000126514
6542	0.000126183
6543	0.000125853
6544	0.000125524
6545	0.000125196
6546	0.000124869
6547	0.000124543
6548	0.000124217
6549	0.000123893
6550	0.000123569
6551	0.000123246
6552	0.000122924
6553	0.000122603
6554	0.000122282
6555	0.000121962
6556	0.000121644
6557	0.000121326
6558	0.000121009
6559	0.000120692
6560	0.000120377
6561	0.000120062
6562	0.000119748
6563	0.000119435
6564	0.000119123
6565	0.000118811
6566	0.000118501
6567	0.000118191
6568	0.000117882
6569	0.000117574
6570	0.000117266
6571	0.00011696
6572	0.000116654
6573	0.000116349
6574	0.000116045
6575	0.000115741
6576	0.000115439
6577	0.000115137
6578	0.000114836
6579	0.000114535
6580	0.000114236
6581	0.000113937
6582	0.000113639
6583	0.000113342
6584	0.000113045
6585	0.00011275
6586	0.000112455
6587	0.000112161
6588	0.000111867
6589	0.000111575
6590	0.000111283
6591	0.000110992
6592	0.000110701
6593	0.000110412
6594	0.000110123
6595	0.000109835
6596	0.000109548
6597	0.000109261
6598	0.000108975
6599	0.00010869
6600	0.000108406
6601	0.000108122
6602	0.000107839
6603	0.000107557
6604	0.000107276
6605	0.000106995
6606	0.000106715
6607	0.000106436
6608	0.000106157
6609	0.00010588
6610	0.000105603
6611	0.000105326
6612	0.000105051
6613	0.000104776
6614	0.000104502
6615	0.000104228
6616	0.000103955
6617	0.000103683
6618	0.000103412
6619	0.000103141
6620	0.000102871
6621	0.000102602
6622	0.000102334
6623	0.000102066
6624	0.000101799
6625	0.000101532
6626	0.000101266
6627	0.000101001
6628	0.000100737
6629	0.000100473
6630	0.00010021
6631	9.9948e-05
6632	9.96863e-05
6633	9.94254e-05
6634	9.91651e-05
6635	9.89055e-05
6636	9.86465e-05
6637	9.83883e-05
6638	9.81307e-05
6639	9.78738e-05
6640	9.76175e-05
6641	9.7362e-05
6642	9.7107e-05
6643	9.68528e-05
6644	9.65992e-05
6645	9.63463e-05
6646	9.6094e-05
6647	9.58424e-05
6648	9.55914e-05
6649	9.53411e-05
6650	9.50914e-05
6651	9.48424e-05
6652	9.4594e-05
6653	9.43463e-05
6654	9.40992e-05
6655	9.38528e-05
6656	9.3607e-05
6657	9.33618e-05
6658	9.31173e-05
6659	9.28734e-05
6660	9.26302e-05
6661	9.23876e-05
6662	9.21456e-05
6663	9.19042e-05
6664	9.16635e-05
6665	9.14234e-05
6666	9.11839e-05
6667	9.09451e-05
6668	9.07068e-05
6669	9.04692e-05
6670	9.02322e-05
6671	8.99958e-05
6672	8.97601e-05
6673	8.95249e-05
6674	8.92904e-05
6675	8.90565e-05
6676	8.88231e-05
6677	8.85904e-05
6678	8.83583e-05
6679	8.81268e-05
6680	8.78959e-05
6681	8.76656e-05
6682	8.74359e-05
6683	8.72068e-05
6684	8.69783e-05
6685	8.67504e-05
6686	8.65231e-05
6687	8.62963e-05
6688	8.60702e-05
6689	8.58446e-05
6690	8.56197e-05
6691	8.53953e-05
6692	8.51715e-05
6693	8.49483e-05
6694	8.47256e-05
6695	8.45036e-05
6696	8.42821e-05
6697	8.40612e-05
6698	8.38409e-05
6699	8.36211e-05
6700	8.3402e-05
6701	8.31834e-05
6702	8.29653e-05
6703	8.27478e-05
6704	8.25309e-05
6705	8.23146e-05
6706	8.20988e-05
6707	8.18836e-05
6708	8.1669e-05
6709	8.14549e-05
6710	8.12413e-05
6711	8.10283e-05
6712	8.08159e-05
6713	8.0604e-05
6714	8.03927e-05
6715	8.01819e-05
6716	7.99717e-05
6717	7.9762e-05
6718	7.95529e-05
6719	7.93443e-05
6720	7.91362e-05
6721	7.89287e-05
6722	7.87218e-05
6723	7.85154e-05
6724	7.83095e-05
6725	7.81041e-05
6726	7.78993e-05
6727	7.7695e-05
6728	7.74913e-05
6729	7.7288e-05
6730	7.70854e-05
6731	7.68832e-05
6732	7.66816e-05
6733	7.64804e-05
6734	7.62799e-05
6735	7.60798e-05
6736	7.58802e-05
6737	7.56812e-05
6738	7.54827e-05
6739	7.52847e-05
6740	7.50873e-05
6741	7.48903e-05
6742	7.46939e-05
6743	7.44979e-05
6744	7.43025e-05
6745	7.41076e-05
6746	7.39132e-05
6747	7.37193e-05
6748	7.35259e-05
6749	7.3333e-05
6750	7.31406e-05
6751	7.29487e-05
6752	7.27573e-05
6753	7.25664e-05
6754	7.2376e-05
6755	7.21861e-05
6756	7.19967e-05
6757	7.18078e-05
6758	7.16194e-05
6759	7.14315e-05
6760	7.12441e-05
6761	7.10571e-05
6762	7.08707e-05
6763	7.06847e-05
6764	7.04992e-05
6765	7.03142e-05
6766	7.01297e-05
6767	6.99456e-05
6768	6.97621e-05
6769	6.9579e-05
6770	6.93964e-05
6771	6.92142e-05
6772	6.90326e-05
6773	6.88514e-05
6774	6.86707e-05
6775	6.84904e-05
6776	6.83107e-05
6777	6.81314e-05
6778	6.79525e-05
6779	6.77742e-05
6780	6.75963e-05
6781	6.74188e-05
6782	6.72419e-05
6783	6.70653e-05
6784	6.68893e-05
6785	6.67137e-05
6786	6.65386e-05
6787	6.63639e-05
6788	6.61897e-05
6789	6.60159e-05
6790	6.58426e-05
6791	6.56697e-05
6792	6.54973e-05
6793	6.53253e-05
6794	6.51538e-05
6795	6.49827e-05
6796	6.48121e-05
6797	6.46419e-05
6798	6.44722e-05
6799	6.43029e-05
6800	6.4134e-05
6801	6.39656e-05
6802	6.37977e-05
6803	6.36301e-05
6804	6.3463e-05
6805	6.32964e-05
6806	6.31301e-05
6807	6.29644e-05
6808	6.2799e-05
6809	6.26341e-05
6810	6.24696e-05
6811	6.23055e-05
6812	6.21419e-05
6813	6.19786e-05
6814	6.18159e-05
6815	6.16535e-05
6816	6.14915e-05
6817	6.133e-05
6818	6.11689e-05
6819	6.10083e-05
6820	6.0848e-05
6821	6.06882e-05
6822	6.05287e-05
6823	6.03697e-05
6824	6.02111e-05
6825	6.0053e-05
6826	5.98952e-05
6827	5.97378e-05
6828	5.95809e-05
6829	5.94244e-05
6830	5.92682e-05
6831	5.91125e-05
6832	5.89572e-05
6833	5.88023e-05
6834	5.86478e-05
6835	5.84937e-05
6836	5.834e-05
6837	5.81867e-05
6838	5.80338e-05
6839	5.78813e-05
6840	5.77292e-05
6841	5.75775e-05
6842	5.74262e-05
6843	5.72753e-05
6844	5.71248e-05
6845	5.69747e-05
6846	5.6825e-05
6847	5.66756e-05
6848	5.65267e-05
6849	5.63781e-05
6850	5.62299e-05
6851	5.60821e-05
6852	5.59347e-05
6853	5.57877e-05
6854	5.56411e-05
6855	5.54949e-05
6856	5.5349e-05
6857	5.52035e-05
6858	5.50584e-05
6859	5.49137e-05
6860	5.47693e-05
6861	5.46253e-05
6862	5.44817e-05
6863	5.43385e-05
6864	5.41957e-05
6865	5.40532e-05
6866	5.39111e-05
6867	5.37694e-05
6868	5.3628e-05
6869	5.3487e-05
6870	5.33464e-05
6871	5.32061e-05
6872	5.30662e-05
6873	5.29267e-05
6874	5.27876e-05
6875	5.26488e-05
6876	5.25103e-05
6877	5.23722e-05
6878	5.22345e-05
6879	5.20972e-05
6880	5.19602e-05
6881	5.18235e-05
6882	5.16873e-05
6883	5.15513e-05
6884	5.14158e-05
6885	5.12806e-05
6886	5.11457e-05
6887	5.10112e-05
6888	5.0877e-05
6889	5.07432e-05
6890	5.06098e-05
6891	5.04767e-05
6892	5.03439e-05
6893	5.02115e-05
6894	5.00794e-05
6895	4.99477e-05
6896	4.98163e-05
6897	4.96853e-05
6898	4.95546e-05
6899	4.94242e-05
6900	4.92942e-05
6901	4.91646e-05
6902	4.90352e-05
6903	4.89062e-05
6904	4.87776e-05
6905	4.86493e-05
6906	4.85213e-05
6907	4.83936e-05
6908	4.82663e-05
6909	4.81393e-05
6910	4.80127e-05
6911	4.78863e-05
6912	4.77603e-05
6913	4.76347e-05
6914	4.75094e-05
6915	4.73843e-05
6916	4.72597e-05
6917	4.71353e-05
6918	4.70113e-05
6919	4.68876e-05
6920	4.67642e-05
6921	4.66411e-05
6922	4.65184e-05
6923	4.6396e-05
6924	4.62739e-05
6925	4.61521e-05
6926	4.60307e-05
6927	4.59095e-05
6928	4.57887e-05
6929	4.56682e-05
6930	4.5548e-05
6931	4.54281e-05
6932	4.53086e-05
6933	4.51893e-05
6934	4.50704e-05
6935	4.49517e-05
6936	4.48334e-05
6937	4.47154e-05
6938	4.45977e-05
6939	4.44803e-05
6940	4.43632e-05
6941	4.42464e-05
6942	4.413e-05
6943	4.40138e-05
6944	4.38979e-05
6945	4.37824e-05
6946	4.36671e-05
6947	4.35521e-05
6948	4.34375e-05
6949	4.33231e-05
6950	4.32091e-05
6951	4.30953e-05
6952	4.29818e-05
6953	4.28687e-05
6954	4.27558e-05
6955	4.26432e-05
6956	4.25309e-05
6957	4.2419e-05
6958	4.23073e-05
6959	4.21959e-05
6960	4.20848e-05
6961	4.19739e-05
6962	4.18634e-05
6963	4.17532e-05
6964	4.16432e-05
6965	4.15335e-05
6966	4.14242e-05
6967	4.13151e-05
6968	4.12063e-05
6969	4.10977e-05
6970	4.09895e-05
6971	4.08815e-05
6972	4.07739e-05
6973	4.06665e-05
6974	4.05594e-05
6975	4.04525e-05
6976	4.0346e-05
6977	4.02397e-05
6978	4.01337e-05
6979	4.0028e-05
6980	3.99226e-05
6981	3.98174e-05
6982	3.97125e-05
6983	3.96079e-05
6984	3.95036e-05
6985	3.93995e-05
6986	3.92957e-05
6987	3.91922e-05
6988	3.9089e-05
6989	3.8986e-05
6990	3.88833e-05
6991	3.87808e-05
6992	3.86786e-05
6993	3.85767e-05
6994	3.84751e-05
6995	3.83737e-05
6996	3.82726e-05
6997	3.81718e-05
6998	3.80712e-05
6999	3.79709e-05
7000	3.78708e-05
7001	3.7771e-05
7002	3.76715e-05
7003	3.75722e-05
7004	3.74732e-05
7005	3.73745e-05
7006	3.7276e-05
7007	3.71777e-05
7008	3.70798e-05
7009	3.69821e-05
7010	3.68846e-05
7011	3.67874e-05
7012	3.66904e-05
7013	3.65937e-05
7014	3.64973e-05
7015	3.64011e-05
7016	3.63051e-05
7017	3.62094e-05
7018	3.6114e-05
7019	3.60188e-05
7020	3.59239e-05
7021	3.58292e-05
7022	3.57347e-05
7023	3.56405e-05
7024	3.55466e-05
7025	3.54529e-05
7026	3.53594e-05
7027	3.52662e-05
7028	3.51732e-05
7029	3.50805e-05
7030	3.4988e-05
7031	3.48958e-05
7032	3.48038e-05
7033	3.4712e-05
7034	3.46205e-05
7035	3.45292e-05
7036	3.44382e-05
7037	3.43474e-05
7038	3.42568e-05
7039	3.41665e-05
7040	3.40764e-05
7041	3.39866e-05
7042	3.38969e-05
7043	3.38076e-05
7044	3.37184e-05
7045	3.36295e-05
7046	3.35408e-05
7047	3.34524e-05
7048	3.33641e-05
7049	3.32762e-05
7050	3.31884e-05
7051	3.31009e-05
7052	3.30136e-05
7053	3.29265e-05
7054	3.28397e-05
7055	3.27531e-05
7056	3.26667e-05
7057	3.25805e-05
7058	3.24946e-05
7059	3.24089e-05
7060	3.23234e-05
7061	3.22381e-05
7062	3.21531e-05
7063	3.20683e-05
7064	3.19837e-05
7065	3.18993e-05
7066	3.18152e-05
7067	3.17313e-05
7068	3.16476e-05
7069	3.15641e-05
7070	3.14808e-05
7071	3.13977e-05
7072	3.13149e-05
7073	3.12323e-05
7074	3.11499e-05
7075	3.10677e-05
7076	3.09858e-05
7077	3.0904e-05
7078	3.08225e-05
7079	3.07411e-05
7080	3.066e-05
7081	3.05791e-05
7082	3.04984e-05
7083	3.0418e-05
7084	3.03377e-05
7085	3.02577e-05
7086	3.01778e-05
7087	3.00982e-05
7088	3.00188e-05
7089	2.99395e-05
7090	2.98605e-05
7091	2.97817e-05
7092	2.97031e-05
7093	2.96247e-05
7094	2.95466e-05
7095	2.94686e-05
7096	2.93908e-05
7097	2.93132e-05
7098	2.92359e-05
7099	2.91587e-05
7100	2.90817e-05
7101	2.9005e-05
7102	2.89284e-05
7103	2.88521e-05
7104	2.87759e-05
7105	2.87e-05
7106	2.86242e-05
7107	2.85486e-05
7108	2.84733e-05
7109	2.83981e-05
7110	2.83232e-05
7111	2.82484e-05
7112	2.81738e-05
7113	2.80994e-05
7114	2.80253e-05
7115	2.79513e-05
7116	2.78775e-05
7117	2.78039e-05
7118	2.77305e-05
7119	2.76573e-05
7120	2.75842e-05
7121	2.75114e-05
7122	2.74388e-05
7123	2.73663e-05
7124	2.72941e-05
7125	2.7222e-05
7126	2.71501e-05
7127	2.70784e-05
7128	2.70069e-05
7129	2.69356e-05
7130	2.68645e-05
7131	2.67935e-05
7132	2.67228e-05
7133	2.66522e-05
7134	2.65818e-05
7135	2.65116e-05
7136	2.64416e-05
7137	2.63718e-05
7138	2.63021e-05
7139	2.62327e-05
7140	2.61634e-05
7141	2.60943e-05
7142	2.60254e-05
7143	2.59566e-05
7144	2.58881e-05
7145	2.58197e-05
7146	2.57515e-05
7147	2.56835e-05
7148	2.56156e-05
7149	2.5548e-05
7150	2.54805e-05
7151	2.54132e-05
7152	2.53461e-05
7153	2.52791e-05
7154	2.52123e-05
7155	2.51457e-05
7156	2.50793e-05
7157	2.5013e-05
7158	2.4947e-05
7159	2.4881e-05
7160	2.48153e-05
7161	2.47498e-05
7162	2.46844e-05
7163	2.46191e-05
7164	2.45541e-05
7165	2.44892e-05
7166	2.44245e-05
7167	2.436e-05
7168	2.42956e-05
7169	2.42314e-05
7170	2.41674e-05
7171	2.41035e-05
7172	2.40398e-05
7173	2.39763e-05
7174	2.3913e-05
7175	2.38498e-05
7176	2.37867e-05
7177	2.37239e-05
7178	2.36612e-05
7179	2.35987e-05
7180	2.35363e-05
7181	2.34741e-05
7182	2.34121e-05
7183	2.33502e-05
7184	2.32885e-05
7185	2.32269e-05
7186	2.31655e-05
7187	2.31043e-05
7188	2.30432e-05
7189	2.29823e-05
7190	2.29216e-05
7191	2.2861e-05
7192	2.28006e-05
7193	2.27403e-05
7194	2.26802e-05
7195	2.26202e-05
7196	2.25604e-05
7197	2.25008e-05
7198	2.24413e-05
7199	2.2382e-05
7200	2.23228e-05
7201	2.22638e-05
7202	2.22049e-05
7203	2.21462e-05
7204	2.20877e-05
7205	2.20293e-05
7206	2.19711e-05
7207	2.1913e-05
7208	2.1855e-05
7209	2.17972e-05
7210	2.17396e-05
7211	2.16821e-05
7212	2.16248e-05
7213	2.15676e-05
7214	2.15106e-05
7215	2.14537e-05
7216	2.1397e-05
7217	2.13404e-05
7218	2.1284e-05
7219	2.12277e-05
7220	2.11716e-05
7221	2.11156e-05
7222	2.10597e-05
7223	2.1004e-05
7224	2.09485e-05
7225	2.08931e-05
7226	2.08378e-05
7227	2.07827e-05
7228	2.07278e-05
7229	2.06729e-05
7230	2.06183e-05
7231	2.05637e-05
7232	2.05093e-05
7233	2.04551e-05
7234	2.0401e-05
7235	2.0347e-05
7236	2.02932e-05
7237	2.02395e-05
7238	2.0186e-05
7239	2.01326e-05
7240	2.00793e-05
7241	2.00262e-05
7242	1.99732e-05
7243	1.99204e-05
7244	1.98677e-05
7245	1.98151e-05
7246	1.97627e-05
7247	1.97104e-05
7248	1.96583e-05
7249	1.96063e-05
7250	1.95544e-05
7251	1.95027e-05
7252	1.94511e-05
7253	1.93996e-05
7254	1.93483e-05
7255	1.92971e-05
7256	1.9246e-05
7257	1.91951e-05
7258	1.91443e-05
7259	1.90937e-05
7260	1.90431e-05
7261	1.89927e-05
7262	1.89425e-05
7263	1.88924e-05
7264	1.88424e-05
7265	1.87925e-05
7266	1.87428e-05
7267	1.86932e-05
7268	1.86437e-05
7269	1.85944e-05
7270	1.85452e-05
7271	1.84961e-05
7272	1.84471e-05
7273	1.83983e-05
7274	1.83496e-05
7275	1.8301e-05
7276	1.82526e-05
7277	1.82043e-05
7278	1.81561e-05
7279	1.8108e-05
7280	1.80601e-05
7281	1.80123e-05
7282	1.79646e-05
7283	1.79171e-05
7284	1.78697e-05
7285	1.78224e-05
7286	1.77752e-05
7287	1.77281e-05
7288	1.76812e-05
7289	1.76344e-05
7290	1.75877e-05
7291	1.75411e-05
7292	1.74947e-05
7293	1.74484e-05
7294	1.74022e-05
7295	1.73561e-05
7296	1.73102e-05
7297	1.72643e-05
7298	1.72186e-05
7299	1.7173e-05
7300	1.71276e-05
7301	1.70822e-05
7302	1.7037e-05
7303	1.69919e-05
7304	1.69469e-05
7305	1.6902e-05
7306	1.68572e-05
7307	1.68126e-05
7308	1.67681e-05
7309	1.67237e-05
7310	1.66794e-05
7311	1.66352e-05
7312	1.65912e-05
7313	1.65472e-05
7314	1.65034e-05
7315	1.64597e-05
7316	1.64161e-05
7317	1.63726e-05
7318	1.63293e-05
7319	1.6286e-05
7320	1.62429e-05
7321	1.61999e-05
7322	1.6157e-05
7323	1.61142e-05
7324	1.60715e-05
7325	1.60289e-05
7326	1.59865e-05
7327	1.59441e-05
7328	1.59019e-05
7329	1.58598e-05
7330	1.58178e-05
7331	1.57759e-05
7332	1.57341e-05
7333	1.56924e-05
7334	1.56508e-05
7335	1.56094e-05
7336	1.5568e-05
7337	1.55268e-05
7338	1.54856e-05
7339	1.54446e-05
7340	1.54037e-05
7341	1.53629e-05
7342	1.53222e-05
7343	1.52816e-05
7344	1.52411e-05
7345	1.52007e-05
7346	1.51604e-05
7347	1.51203e-05
7348	1.50802e-05
7349	1.50402e-05
7350	1.50004e-05
7351	1.49606e-05
7352	1.4921e-05
7353	1.48815e-05
7354	1.4842e-05
7355	1.48027e-05
7356	1.47635e-05
7357	1.47243e-05
7358	1.46853e-05
7359	1.46464e-05
7360	1.46076e-05
7361	1.45689e-05
7362	1.45303e-05
7363	1.44918e-05
7364	1.44533e-05
7365	1.4415e-05
7366	1.43768e-05
7367	1.43387e-05
7368	1.43007e-05
7369	1.42628e-05
7370	1.4225e-05
7371	1.41873e-05
7372	1.41497e-05
7373	1.41122e-05
7374	1.40748e-05
7375	1.40375e-05
7376	1.40003e-05
7377	1.39632e-05
7378	1.39261e-05
7379	1.38892e-05
7380	1.38524e-05
7381	1.38157e-05
7382	1.37791e-05
7383	1.37425e-05
7384	1.37061e-05
7385	1.36698e-05
7386	1.36335e-05
7387	1.35974e-05
7388	1.35613e-05
7389	1.35254e-05
7390	1.34895e-05
7391	1.34537e-05
7392	1.34181e-05
7393	1.33825e-05
7394	1.3347e-05
7395	1.33116e-05
7396	1.32763e-05
7397	1.32411e-05
7398	1.3206e-05
7399	1.3171e-05
7400	1.31361e-05
7401	1.31012e-05
7402	1.30665e-05
7403	1.30318e-05
7404	1.29973e-05
7405	1.29628e-05
7406	1.29284e-05
7407	1.28942e-05
7408	1.286e-05
7409	1.28258e-05
7410	1.27918e-05
7411	1.27579e-05
7412	1.27241e-05
7413	1.26903e-05
7414	1.26567e-05
7415	1.26231e-05
7416	1.25896e-05
7417	1.25562e-05
7418	1.25229e-05
7419	1.24897e-05
7420	1.24566e-05
7421	1.24235e-05
7422	1.23906e-05
7423	1.23577e-05
7424	1.23249e-05
7425	1.22922e-05
7426	1.22596e-05
7427	1.22271e-05
7428	1.21947e-05
7429	1.21623e-05
7430	1.213e-05
7431	1.20979e-05
7432	1.20658e-05
7433	1.20338e-05
7434	1.20018e-05
7435	1.197e-05
7436	1.19382e-05
7437	1.19066e-05
7438	1.1875e-05
7439	1.18435e-05
7440	1.1812e-05
7441	1.17807e-05
7442	1.17494e-05
7443	1.17183e-05
7444	1.16872e-05
7445	1.16562e-05
7446	1.16252e-05
7447	1.15944e-05
7448	1.15636e-05
7449	1.15329e-05
7450	1.15023e-05
7451	1.14718e-05
7452	1.14414e-05
7453	1.1411e-05
7454	1.13807e-05
7455	1.13505e-05
7456	1.13204e-05
7457	1.12903e-05
7458	1.12604e-05
7459	1.12305e-05
7460	1.12007e-05
7461	1.1171e-05
7462	1.11413e-05
7463	1.11117e-05
7464	1.10822e-05
7465	1.10528e-05
7466	1.10235e-05
7467	1.09942e-05
7468	1.0965e-05
7469	1.09359e-05
7470	1.09069e-05
7471	1.0878e-05
7472	1.08491e-05
7473	1.08203e-05
7474	1.07916e-05
7475	1.07629e-05
7476	1.07343e-05
7477	1.07058e-05
7478	1.06774e-05
7479	1.06491e-05
7480	1.06208e-05
7481	1.05926e-05
7482	1.05645e-05
7483	1.05364e-05
7484	1.05085e-05
7485	1.04806e-05
7486	1.04527e-05
7487	1.0425e-05
7488	1.03973e-05
7489	1.03697e-05
7490	1.03422e-05
7491	1.03147e-05
7492	1.02873e-05
7493	1.026e-05
7494	1.02327e-05
7495	1.02056e-05
7496	1.01785e-05
7497	1.01514e-05
7498	1.01245e-05
7499	1.00976e-05
7500	1.00708e-05
7501	1.0044e-05
7502	1.00174e-05
7503	9.99076e-06
7504	9.96423e-06
7505	9.93777e-06
7506	9.91137e-06
7507	9.88505e-06
7508	9.85879e-06
7509	9.83261e-06
7510	9.80649e-06
7511	9.78045e-06
7512	9.75447e-06
7513	9.72856e-06
7514	9.70272e-06
7515	9.67695e-06
7516	9.65124e-06
7517	9.62561e-06
7518	9.60004e-06
7519	9.57454e-06
7520	9.5491e-06
7521	9.52374e-06
7522	9.49844e-06
7523	9.47321e-06
7524	9.44804e-06
7525	9.42294e-06
7526	9.39791e-06
7527	9.37294e-06
7528	9.34804e-06
7529	9.3232e-06
7530	9.29843e-06
7531	9.27373e-06
7532	9.24909e-06
7533	9.22452e-06
7534	9.20001e-06
7535	9.17556e-06
7536	9.15118e-06
7537	9.12687e-06
7538	9.10262e-06
7539	9.07843e-06
7540	9.05431e-06
7541	9.03025e-06
7542	9.00626e-06
7543	8.98232e-06
7544	8.95845e-06
7545	8.93465e-06
7546	8.91091e-06
7547	8.88723e-06
7548	8.86361e-06
7549	8.84005e-06
7550	8.81656e-06
7551	8.79313e-06
7552	8.76976e-06
7553	8.74645e-06
7554	8.72321e-06
7555	8.70003e-06
7556	8.6769e-06
7557	8.65384e-06
7558	8.63084e-06
7559	8.6079e-06
7560	8.58502e-06
7561	8.5622e-06
7562	8.53945e-06
7563	8.51675e-06
7564	8.49411e-06
7565	8.47153e-06
7566	8.44901e-06
7567	8.42655e-06
7568	8.40415e-06
7569	8.38181e-06
7570	8.35953e-06
7571	8.33731e-06
7572	8.31515e-06
7573	8.29304e-06
7574	8.271e-06
7575	8.24901e-06
7576	8.22708e-06
7577	8.20521e-06
7578	8.18339e-06
7579	8.16163e-06
7580	8.13994e-06
7581	8.11829e-06
7582	8.09671e-06
7583	8.07518e-06
7584	8.05371e-06
7585	8.0323e-06
7586	8.01094e-06
7587	7.98964e-06
7588	7.9684e-06
7589	7.94721e-06
7590	7.92608e-06
7591	7.905e-06
7592	7.88398e-06
7593	7.86302e-06
7594	7.84211e-06
7595	7.82125e-06
7596	7.80045e-06
7597	7.77971e-06
7598	7.75902e-06
7599	7.73839e-06
7600	7.71781e-06
7601	7.69728e-06
7602	7.67681e-06
7603	7.65639e-06
7604	7.63603e-06
7605	7.61572e-06
7606	7.59547e-06
7607	7.57527e-06
7608	7.55512e-06
7609	7.53502e-06
7610	7.51498e-06
7611	7.49499e-06
7612	7.47506e-06
7613	7.45518e-06
7614	7.43535e-06
7615	7.41557e-06
7616	7.39584e-06
7617	7.37617e-06
7618	7.35655e-06
7619	7.33698e-06
7620	7.31746e-06
7621	7.298e-06
7622	7.27858e-06
7623	7.25922e-06
7624	7.23991e-06
7625	7.22065e-06
7626	7.20144e-06
7627	7.18228e-06
7628	7.16317e-06
7629	7.14411e-06
7630	7.1251e-06
7631	7.10615e-06
7632	7.08724e-06
7633	7.06838e-06
7634	7.04958e-06
7635	7.03082e-06
7636	7.01211e-06
7637	6.99346e-06
7638	6.97485e-06
7639	6.95629e-06
7640	6.93778e-06
7641	6.91932e-06
7642	6.90091e-06
7643	6.88254e-06
7644	6.86423e-06
7645	6.84596e-06
7646	6.82774e-06
7647	6.80957e-06
7648	6.79145e-06
7649	6.77338e-06
7650	6.75535e-06
7651	6.73737e-06
7652	6.71944e-06
7653	6.70156e-06
7654	6.68373e-06
7655	6.66594e-06
7656	6.6482e-06
7657	6.6305e-06
7658	6.61285e-06
7659	6.59525e-06
7660	6.5777e-06
7661	6.56019e-06
7662	6.54273e-06
7663	6.52531e-06
7664	6.50795e-06
7665	6.49062e-06
7666	6.47335e-06
7667	6.45611e-06
7668	6.43893e-06
7669	6.42179e-06
7670	6.40469e-06
7671	6.38764e-06
7672	6.37064e-06
7673	6.35368e-06
7674	6.33677e-06
7675	6.3199e-06
7676	6.30307e-06
7677	6.28629e-06
7678	6.26956e-06
7679	6.25286e-06
7680	6.23622e-06
7681	6.21961e-06
7682	6.20305e-06
7683	6.18654e-06
7684	6.17007e-06
7685	6.15364e-06
7686	6.13725e-06
7687	6.12091e-06
7688	6.10461e-06
7689	6.08836e-06
7690	6.07215e-06
7691	6.05598e-06
7692	6.03985e-06
7693	6.02377e-06
7694	6.00773e-06
7695	5.99173e-06
7696	5.97578e-06
7697	5.95986e-06
7698	5.94399e-06
7699	5.92816e-06
7700	5.91237e-06
7701	5.89663e-06
7702	5.88093e-06
7703	5.86526e-06
7704	5.84964e-06
7705	5.83406e-06
7706	5.81853e-06
7707	5.80303e-06
7708	5.78757e-06
7709	5.77216e-06
7710	5.75678e-06
7711	5.74145e-06
7712	5.72616e-06
7713	5.71091e-06
7714	5.6957e-06
7715	5.68052e-06
7716	5.66539e-06
7717	5.6503e-06
7718	5.63525e-06
7719	5.62024e-06
7720	5.60527e-06
7721	5.59034e-06
7722	5.57544e-06
7723	5.56059e-06
7724	5.54578e-06
7725	5.531e-06
7726	5.51627e-06
7727	5.50157e-06
7728	5.48692e-06
7729	5.4723e-06
7730	5.45772e-06
7731	5.44318e-06
7732	5.42868e-06
7733	5.41421e-06
7734	5.39979e-06
7735	5.3854e-06
7736	5.37105e-06
7737	5.35674e-06
7738	5.34247e-06
7739	5.32823e-06
7740	5.31404e-06
7741	5.29988e-06
7742	5.28576e-06
7743	5.27167e-06
7744	5.25762e-06
7745	5.24361e-06
7746	5.22964e-06
7747	5.2157e-06
7748	5.20181e-06
7749	5.18794e-06
7750	5.17412e-06
7751	5.16033e-06
7752	5.14658e-06
7753	5.13286e-06
7754	5.11918e-06
7755	5.10554e-06
7756	5.09193e-06
7757	5.07836e-06
7758	5.06483e-06
7759	5.05133e-06
7760	5.03786e-06
7761	5.02444e-06
7762	5.01105e-06
7763	4.99769e-06
7764	4.98437e-06
7765	4.97108e-06
7766	4.95783e-06
7767	4.94462e-06
7768	4.93144e-06
7769	4.91829e-06
7770	4.90518e-06
7771	4.89211e-06
7772	4.87907e-06
7773	4.86606e-06
7774	4.85309e-06
7775	4.84015e-06
7776	4.82725e-06
7777	4.81438e-06
7778	4.80154e-06
7779	4.78874e-06
7780	4.77598e-06
7781	4.76324e-06
7782	4.75054e-06
7783	4.73788e-06
7784	4.72525e-06
7785	4.71265e-06
7786	4.70008e-06
7787	4.68755e-06
7788	4.67505e-06
7789	4.66259e-06
7790	4.65016e-06
7791	4.63776e-06
7792	4.62539e-06
7793	4.61306e-06
7794	4.60076e-06
7795	4.58849e-06
7796	4.57625e-06
7797	4.56405e-06
7798	4.55188e-06
7799	4.53974e-06
7800	4.52764e-06
7801	4.51556e-06
7802	4.50352e-06
7803	4.49151e-06
7804	4.47953e-06
7805	4.46759e-06
7806	4.45567e-06
7807	4.44379e-06
7808	4.43194e-06
7809	4.42012e-06
7810	4.40833e-06
7811	4.39657e-06
7812	4.38485e-06
7813	4.37315e-06
7814	4.36149e-06
7815	4.34985e-06
7816	4.33825e-06
7817	4.32668e-06
7818	4.31514e-06
7819	4.30363e-06
7820	4.29215e-06
7821	4.2807e-06
7822	4.26928e-06
7823	4.25789e-06
7824	4.24654e-06
7825	4.23521e-06
7826	4.22391e-06
7827	4.21264e-06
7828	4.2014e-06
7829	4.1902e-06
7830	4.17902e-06
7831	4.16787e-06
7832	4.15675e-06
7833	4.14566e-06
7834	4.1346e-06
7835	4.12357e-06
7836	4.11257e-06
7837	4.1016e-06
7838	4.09065e-06
7839	4.07974e-06
7840	4.06885e-06
7841	4.058e-06
7842	4.04717e-06
7843	4.03637e-06
7844	4.0256e-06
7845	4.01486e-06
7846	4.00415e-06
7847	3.99346e-06
7848	3.98281e-06
7849	3.97218e-06
7850	3.96158e-06
7851	3.95101e-06
7852	3.94046e-06
7853	3.92995e-06
7854	3.91946e-06
7855	3.909e-06
7856	3.89857e-06
7857	3.88817e-06
7858	3.87779e-06
7859	3.86744e-06
7860	3.85712e-06
7861	3.84683e-06
7862	3.83656e-06
7863	3.82632e-06
7864	3.81611e-06
7865	3.80592e-06
7866	3.79576e-06
7867	3.78563e-06
7868	3.77553e-06
7869	3.76545e-06
7870	3.7554e-06
7871	3.74538e-06
7872	3.73538e-06
7873	3.72541e-06
7874	3.71547e-06
7875	3.70555e-06
7876	3.69566e-06
7877	3.68579e-06
7878	3.67595e-06
7879	3.66614e-06
7880	3.65635e-06
7881	3.64659e-06
7882	3.63686e-06
7883	3.62715e-06
7884	3.61746e-06
7885	3.60781e-06
7886	3.59818e-06
7887	3.58857e-06
7888	3.57899e-06
7889	3.56943e-06
7890	3.5599e-06
7891	3.5504e-06
7892	3.54092e-06
7893	3.53147e-06
7894	3.52204e-06
7895	3.51263e-06
7896	3.50325e-06
7897	3.4939e-06
7898	3.48457e-06
7899	3.47527e-06
7900	3.46599e-06
7901	3.45673e-06
7902	3.4475e-06
7903	3.4383e-06
7904	3.42912e-06
7905	3.41996e-06
7906	3.41083e-06
7907	3.40172e-06
7908	3.39263e-06
7909	3.38357e-06
7910	3.37454e-06
7911	3.36553e-06
7912	3.35654e-06
7913	3.34757e-06
7914	3.33863e-06
7915	3.32972e-06
7916	3.32082e-06
7917	3.31195e-06
7918	3.30311e-06
7919	3.29429e-06
7920	3.28549e-06
7921	3.27671e-06
7922	3.26796e-06
7923	3.25923e-06
7924	3.25053e-06
7925	3.24184e-06
7926	3.23319e-06
7927	3.22455e-06
7928	3.21594e-06
7929	3.20735e-06
7930	3.19878e-06
7931	3.19023e-06
7932	3.18171e-06
7933	3.17321e-06
7934	3.16474e-06
7935	3.15628e-06
7936	3.14785e-06
7937	3.13944e-06
7938	3.13105e-06
7939	3.12269e-06
7940	3.11435e-06
7941	3.10603e-06
7942	3.09773e-06
7943	3.08945e-06
7944	3.0812e-06
7945	3.07297e-06
7946	3.06476e-06
7947	3.05657e-06
7948	3.0484e-06
7949	3.04026e-06
7950	3.03213e-06
7951	3.02403e-06
7952	3.01595e-06
7953	3.00789e-06
7954	2.99985e-06
7955	2.99184e-06
7956	2.98384e-06
7957	2.97587e-06
7958	2.96792e-06
7959	2.95999e-06
7960	2.95208e-06
7961	2.94419e-06
7962	2.93632e-06
7963	2.92848e-06
7964	2.92065e-06
7965	2.91284e-06
7966	2.90506e-06
7967	2.8973e-06
7968	2.88955e-06
7969	2.88183e-06
7970	2.87413e-06
7971	2.86645e-06
7972	2.85879e-06
7973	2.85115e-06
7974	2.84353e-06
7975	2.83593e-06
7976	2.82835e-06
7977	2.82079e-06
7978	2.81325e-06
7979	2.80573e-06
7980	2.79823e-06
7981	2.79075e-06
7982	2.78329e-06
7983	2.77585e-06
7984	2.76843e-06
7985	2.76103e-06
7986	2.75365e-06
7987	2.74629e-06
7988	2.73895e-06
7989	2.73162e-06
7990	2.72432e-06
7991	2.71704e-06
7992	2.70977e-06
7993	2.70253e-06
7994	2.69531e-06
7995	2.6881e-06
7996	2.68091e-06
7997	2.67375e-06
7998	2.6666e-06
7999	2.65947e-06
8000	2.65236e-06
8001	2.64527e-06
8002	2.63819e-06
8003	2.63114e-06
8004	2.62411e-06
8005	2.61709e-06
8006	2.61009e-06
8007	2.60311e-06
8008	2.59615e-06
8009	2.58921e-06
8010	2.58229e-06
8011	2.57538e-06
8012	2.5685e-06
8013	2.56163e-06
8014	2.55478e-06
8015	2.54795e-06
8016	2.54113e-06
8017	2.53434e-06
8018	2.52756e-06
8019	2.5208e-06
8020	2.51406e-06
8021	2.50734e-06
8022	2.50063e-06
8023	2.49394e-06
8024	2.48727e-06
8025	2.48062e-06
8026	2.47399e-06
8027	2.46737e-06
8028	2.46077e-06
8029	2.45419e-06
8030	2.44763e-06
8031	2.44108e-06
8032	2.43455e-06
8033	2.42804e-06
8034	2.42154e-06
8035	2.41507e-06
8036	2.40861e-06
8037	2.40216e-06
8038	2.39574e-06
8039	2.38933e-06
8040	2.38294e-06
8041	2.37657e-06
8042	2.37021e-06
8043	2.36387e-06
8044	2.35754e-06
8045	2.35124e-06
8046	2.34495e-06
8047	2.33867e-06
8048	2.33242e-06
8049	2.32618e-06
8050	2.31996e-06
8051	2.31375e-06
8052	2.30756e-06
8053	2.30139e-06
8054	2.29523e-06
8055	2.28909e-06
8056	2.28296e-06
8057	2.27686e-06
8058	2.27076e-06
8059	2.26469e-06
8060	2.25863e-06
8061	2.25259e-06
8062	2.24656e-06
8063	2.24055e-06
8064	2.23455e-06
8065	2.22857e-06
8066	2.22261e-06
8067	2.21666e-06
8068	2.21073e-06
8069	2.20482e-06
8070	2.19892e-06
8071	2.19303e-06
8072	2.18716e-06
8073	2.18131e-06
8074	2.17547e-06
8075	2.16965e-06
8076	2.16384e-06
8077	2.15805e-06
8078	2.15228e-06
8079	2.14652e-06
8080	2.14077e-06
8081	2.13504e-06
8082	2.12933e-06
8083	2.12363e-06
8084	2.11795e-06
8085	2.11228e-06
8086	2.10663e-06
8087	2.10099e-06
8088	2.09536e-06
8089	2.08976e-06
8090	2.08416e-06
8091	2.07858e-06
8092	2.07302e-06
8093	2.06747e-06
8094	2.06194e-06
8095	2.05642e-06
8096	2.05091e-06
8097	2.04542e-06
8098	2.03995e-06
8099	2.03449e-06
8100	2.02904e-06
8101	2.02361e-06
8102	2.01819e-06
8103	2.01279e-06
8104	2.0074e-06
8105	2.00203e-06
8106	1.99667e-06
8107	1.99132e-06
8108	1.98599e-06
8109	1.98067e-06
8110	1.97537e-06
8111	1.97008e-06
8112	1.96481e-06
8113	1.95955e-06
8114	1.9543e-06
8115	1.94907e-06
8116	1.94385e-06
8117	1.93865e-06
8118	1.93346e-06
8119	1.92828e-06
8120	1.92312e-06
8121	1.91797e-06
8122	1.91283e-06
8123	1.90771e-06
8124	1.9026e-06
8125	1.89751e-06
8126	1.89243e-06
8127	1.88736e-06
8128	1.8823e-06
8129	1.87726e-06
8130	1.87224e-06
8131	1.86722e-06
8132	1.86222e-06
8133	1.85723e-06
8134	1.85226e-06
8135	1.8473e-06
8136	1.84235e-06
8137	1.83742e-06
8138	1.8325e-06
8139	1.82759e-06
8140	1.8227e-06
8141	1.81781e-06
8142	1.81295e-06
8143	1.80809e-06
8144	1.80325e-06
8145	1.79842e-06
8146	1.7936e-06
8147	1.7888e-06
8148	1.78401e-06
8149	1.77923e-06
8150	1.77446e-06
8151	1.76971e-06
8152	1.76497e-06
8153	1.76024e-06
8154	1.75553e-06
8155	1.75082e-06
8156	1.74613e-06
8157	1.74146e-06
8158	1.73679e-06
8159	1.73214e-06
8160	1.7275e-06
8161	1.72287e-06
8162	1.71825e-06
8163	1.71365e-06
8164	1.70906e-06
8165	1.70448e-06
8166	1.69992e-06
8167	1.69536e-06
8168	1.69082e-06
8169	1.68629e-06
8170	1.68177e-06
8171	1.67727e-06
8172	1.67277e-06
8173	1.66829e-06
8174	1.66382e-06
8175	1.65936e-06
8176	1.65492e-06
8177	1.65048e-06
8178	1.64606e-06
8179	1.64165e-06
8180	1.63725e-06
8181	1.63286e-06
8182	1.62849e-06
8183	1.62412e-06
8184	1.61977e-06
8185	1.61543e-06
8186	1.6111e-06
8187	1.60679e-06
8188	1.60248e-06
8189	1.59819e-06
8190	1.5939e-06
8191	1.58963e-06
8192	1.58537e-06
8193	1.58112e-06
8194	1.57688e-06
8195	1.57266e-06
8196	1.56844e-06
8197	1.56424e-06
8198	1.56005e-06
8199	1.55587e-06
8200	1.5517e-06
8201	1.54754e-06
8202	1.54339e-06
8203	1.53925e-06
8204	1.53513e-06
8205	1.53101e-06
8206	1.52691e-06
8207	1.52282e-06
8208	1.51874e-06
8209	1.51466e-06
8210	1.5106e-06
8211	1.50656e-06
8212	1.50252e-06
8213	1.49849e-06
8214	1.49447e-06
8215	1.49047e-06
8216	1.48647e-06
8217	1.48249e-06
8218	1.47851e-06
8219	1.47455e-06
8220	1.4706e-06
8221	1.46665e-06
8222	1.46272e-06
8223	1.4588e-06
8224	1.45489e-06
8225	1.45099e-06
8226	1.4471e-06
8227	1.44322e-06
8228	1.43935e-06
8229	1.43549e-06
8230	1.43164e-06
8231	1.4278e-06
8232	1.42398e-06
8233	1.42016e-06
8234	1.41635e-06
8235	1.41255e-06
8236	1.40876e-06
8237	1.40499e-06
8238	1.40122e-06
8239	1.39746e-06
8240	1.39372e-06
8241	1.38998e-06
8242	1.38625e-06
8243	1.38253e-06
8244	1.37883e-06
8245	1.37513e-06
8246	1.37144e-06
8247	1.36776e-06
8248	1.3641e-06
8249	1.36044e-06
8250	1.35679e-06
8251	1.35315e-06
8252	1.34952e-06
8253	1.3459e-06
8254	1.34229e-06
8255	1.33869e-06
8256	1.3351e-06
8257	1.33152e-06
8258	1.32795e-06
8259	1.32439e-06
8260	1.32084e-06
8261	1.3173e-06
8262	1.31376e-06
8263	1.31024e-06
8264	1.30672e-06
8265	1.30322e-06
8266	1.29972e-06
8267	1.29624e-06
8268	1.29276e-06
8269	1.28929e-06
8270	1.28583e-06
8271	1.28239e-06
8272	1.27895e-06
8273	1.27552e-06
8274	1.27209e-06
8275	1.26868e-06
8276	1.26528e-06
8277	1.26188e-06
8278	1.2585e-06
8279	1.25512e-06
8280	1.25176e-06
8281	1.2484e-06
8282	1.24505e-06
8283	1.24171e-06
8284	1.23838e-06
8285	1.23505e-06
8286	1.23174e-06
8287	1.22844e-06
8288	1.22514e-06
8289	1.22185e-06
8290	1.21858e-06
8291	1.21531e-06
8292	1.21204e-06
8293	1.20879e-06
8294	1.20555e-06
8295	1.20231e-06
8296	1.19909e-06
8297	1.19587e-06
8298	1.19266e-06
8299	1.18946e-06
8300	1.18627e-06
8301	1.18309e-06
8302	1.17991e-06
8303	1.17675e-06
8304	1.17359e-06
8305	1.17044e-06
8306	1.1673e-06
8307	1.16417e-06
8308	1.16104e-06
8309	1.15793e-06
8310	1.15482e-06
8311	1.15172e-06
8312	1.14863e-06
8313	1.14555e-06
8314	1.14247e-06
8315	1.13941e-06
8316	1.13635e-06
8317	1.1333e-06
8318	1.13026e-06
8319	1.12722e-06
8320	1.1242e-06
8321	1.12118e-06
8322	1.11817e-06
8323	1.11517e-06
8324	1.11218e-06
8325	1.10919e-06
8326	1.10621e-06
8327	1.10325e-06
8328	1.10028e-06
8329	1.09733e-06
8330	1.09439e-06
8331	1.09145e-06
8332	1.08852e-06
8333	1.0856e-06
8334	1.08268e-06
8335	1.07978e-06
8336	1.07688e-06
8337	1.07399e-06
8338	1.0711e-06
8339	1.06823e-06
8340	1.06536e-06
8341	1.0625e-06
8342	1.05965e-06
8343	1.0568e-06
8344	1.05397e-06
8345	1.05114e-06
8346	1.04831e-06
8347	1.0455e-06
8348	1.04269e-06
8349	1.03989e-06
8350	1.0371e-06
8351	1.03432e-06
8352	1.03154e-06
8353	1.02877e-06
8354	1.02601e-06
8355	1.02325e-06
8356	1.02051e-06
8357	1.01777e-06
8358	1.01503e-06
8359	1.01231e-06
8360	1.00959e-06
8361	1.00688e-06
8362	1.00417e-06
8363	1.00148e-06
8364	9.98788e-07
8365	9.96106e-07
8366	9.93431e-07
8367	9.90764e-07
8368	9.88103e-07
8369	9.8545e-07
8370	9.82803e-07
8371	9.80164e-07
8372	9.77532e-07
8373	9.74906e-07
8374	9.72288e-07
8375	9.69677e-07
8376	9.67073e-07
8377	9.64476e-07
8378	9.61885e-07
8379	9.59302e-07
8380	9.56725e-07
8381	9.54156e-07
8382	9.51593e-07
8383	9.49037e-07
8384	9.46488e-07
8385	9.43946e-07
8386	9.41411e-07
8387	9.38882e-07
8388	9.3636e-07
8389	9.33845e-07
8390	9.31337e-07
8391	9.28835e-07
8392	9.2634e-07
8393	9.23852e-07
8394	9.2137e-07
8395	9.18895e-07
8396	9.16427e-07
8397	9.13965e-07
8398	9.1151e-07
8399	9.09061e-07
8400	9.06619e-07
8401	9.04183e-07
8402	9.01754e-07
8403	8.99332e-07
8404	8.96916e-07
8405	8.94506e-07
8406	8.92103e-07
8407	8.89706e-07
8408	8.87316e-07
8409	8.84932e-07
8410	8.82555e-07
8411	8.80183e-07
8412	8.77819e-07
8413	8.7546e-07
8414	8.73108e-07
8415	8.70762e-07
8416	8.68422e-07
8417	8.66089e-07
8418	8.63762e-07
8419	8.61441e-07
8420	8.59126e-07
8421	8.56818e-07
8422	8.54516e-07
8423	8.52219e-07
8424	8.49929e-07
8425	8.47646e-07
8426	8.45368e-07
8427	8.43096e-07
8428	8.4083e-07
8429	8.38571e-07
8430	8.36317e-07
8431	8.3407e-07
8432	8.31829e-07
8433	8.29593e-07
8434	8.27364e-07
8435	8.2514e-07
8436	8.22923e-07
8437	8.20711e-07
8438	8.18505e-07
8439	8.16306e-07
8440	8.14112e-07
8441	8.11924e-07
8442	8.09741e-07
8443	8.07565e-07
8444	8.05395e-07
8445	8.0323e-07
8446	8.01071e-07
8447	7.98918e-07
8448	7.96771e-07
8449	7.94629e-07
8450	7.92493e-07
8451	7.90363e-07
8452	7.88238e-07
8453	7.8612e-07
8454	7.84007e-07
8455	7.81899e-07
8456	7.79797e-07
8457	7.77701e-07
8458	7.75611e-07
8459	7.73526e-07
8460	7.71446e-07
8461	7.69372e-07
8462	7.67304e-07
8463	7.65241e-07
8464	7.63184e-07
8465	7.61132e-07
8466	7.59086e-07
8467	7.57046e-07
8468	7.5501e-07
8469	7.5298e-07
8470	7.50956e-07
8471	7.48937e-07
8472	7.46924e-07
8473	7.44915e-07
8474	7.42913e-07
8475	7.40915e-07
8476	7.38923e-07
8477	7.36936e-07
8478	7.34955e-07
8479	7.32979e-07
8480	7.31008e-07
8481	7.29042e-07
8482	7.27082e-07
8483	7.25127e-07
8484	7.23177e-07
8485	7.21233e-07
8486	7.19293e-07
8487	7.17359e-07
8488	7.1543e-07
8489	7.13506e-07
8490	7.11588e-07
8491	7.09674e-07
8492	7.07766e-07
8493	7.05862e-07
8494	7.03964e-07
8495	7.02071e-07
8496	7.00183e-07
8497	6.983e-07
8498	6.96422e-07
8499	6.94549e-07
8500	6.92681e-07
8501	6.90818e-07
8502	6.8896e-07
8503	6.87107e-07
8504	6.85259e-07
8505	6.83416e-07
8506	6.81578e-07
8507	6.79745e-07
8508	6.77917e-07
8509	6.76093e-07
8510	6.74275e-07
8511	6.72461e-07
8512	6.70653e-07
8513	6.68849e-07
8514	6.6705e-07
8515	6.65255e-07
8516	6.63466e-07
8517	6.61681e-07
8518	6.59901e-07
8519	6.58126e-07
8520	6.56356e-07
8521	6.5459e-07
8522	6.52829e-07
8523	6.51073e-07
8524	6.49322e-07
8525	6.47575e-07
8526	6.45833e-07
8527	6.44096e-07
8528	6.42363e-07
8529	6.40635e-07
8530	6.38911e-07
8531	6.37192e-07
8532	6.35478e-07
8533	6.33768e-07
8534	6.32063e-07
8535	6.30363e-07
8536	6.28667e-07
8537	6.26975e-07
8538	6.25289e-07
8539	6.23606e-07
8540	6.21928e-07
8541	6.20255e-07
8542	6.18586e-07
8543	6.16922e-07
8544	6.15262e-07
8545	6.13606e-07
8546	6.11955e-07
8547	6.10309e-07
8548	6.08666e-07
8549	6.07029e-07
8550	6.05395e-07
8551	6.03766e-07
8552	6.02141e-07
8553	6.00521e-07
8554	5.98905e-07
8555	5.97293e-07
8556	5.95686e-07
8557	5.94083e-07
8558	5.92484e-07
8559	5.9089e-07
8560	5.893e-07
8561	5.87714e-07
8562	5.86132e-07
8563	5.84555e-07
8564	5.82981e-07
8565	5.81412e-07
8566	5.79848e-07
8567	5.78287e-07
8568	5.76731e-07
8569	5.75178e-07
8570	5.7363e-07
8571	5.72086e-07
8572	5.70547e-07
8573	5.69011e-07
8574	5.6748e-07
8575	5.65952e-07
8576	5.64429e-07
8577	5.6291e-07
8578	5.61394e-07
8579	5.59883e-07
8580	5.58376e-07
8581	5.56873e-07
8582	5.55374e-07
8583	5.53879e-07
8584	5.52388e-07
8585	5.50901e-07
8586	5.49418e-07
8587	5.47939e-07
8588	5.46464e-07
8589	5.44993e-07
8590	5.43526e-07
8591	5.42063e-07
8592	5.40604e-07
8593	5.39148e-07
8594	5.37697e-07
8595	5.36249e-07
8596	5.34805e-07
8597	5.33366e-07
8598	5.3193e-07
8599	5.30498e-07
8600	5.29069e-07
8601	5.27645e-07
8602	5.26224e-07
8603	5.24807e-07
8604	5.23394e-07
8605	5.21985e-07
8606	5.2058e-07
8607	5.19178e-07
8608	5.1778e-07
8609	5.16386e-07
8610	5.14995e-07
8611	5.13609e-07
8612	5.12226e-07
8613	5.10847e-07
8614	5.09471e-07
8615	5.08099e-07
8616	5.06731e-07
8617	5.05366e-07
8618	5.04005e-07
8619	5.02648e-07
8620	5.01295e-07
8621	4.99945e-07
8622	4.98598e-07
8623	4.97256e-07
8624	4.95917e-07
8625	4.94581e-07
8626	4.93249e-07
8627	4.91921e-07
8628	4.90596e-07
8629	4.89275e-07
8630	4.87957e-07
8631	4.86643e-07
8632	4.85332e-07
8633	4.84025e-07
8634	4.82721e-07
8635	4.81421e-07
8636	4.80125e-07
8637	4.78831e-07
8638	4.77542e-07
8639	4.76255e-07
8640	4.74973e-07
8641	4.73693e-07
8642	4.72417e-07
8643	4.71145e-07
8644	4.69876e-07
8645	4.6861e-07
8646	4.67348e-07
8647	4.66089e-07
8648	4.64834e-07
8649	4.63581e-07
8650	4.62333e-07
8651	4.61087e-07
8652	4.59845e-07
8653	4.58606e-07
8654	4.57371e-07
8655	4.56139e-07
8656	4.5491e-07
8657	4.53684e-07
8658	4.52462e-07
8659	4.51243e-07
8660	4.50028e-07
8661	4.48815e-07
8662	4.47606e-07
8663	4.464e-07
8664	4.45197e-07
8665	4.43998e-07
8666	4.42802e-07
8667	4.41609e-07
8668	4.40419e-07
8669	4.39232e-07
8670	4.38049e-07
8671	4.36869e-07
8672	4.35692e-07
8673	4.34518e-07
8674	4.33347e-07
8675	4.32179e-07
8676	4.31015e-07
8677	4.29853e-07
8678	4.28695e-07
8679	4.2754e-07
8680	4.26388e-07
8681	4.25239e-07
8682	4.24093e-07
8683	4.2295e-07
8684	4.2181e-07
8685	4.20674e-07
8686	4.1954e-07
8687	4.18409e-07
8688	4.17282e-07
8689	4.16157e-07
8690	4.15036e-07
8691	4.13917e-07
8692	4.12802e-07
8693	4.11689e-07
8694	4.1058e-07
8695	4.09473e-07
8696	4.0837e-07
8697	4.07269e-07
8698	4.06172e-07
8699	4.05077e-07
8700	4.03985e-07
8701	4.02896e-07
8702	4.0181e-07
8703	4.00727e-07
8704	3.99647e-07
8705	3.9857e-07
8706	3.97496e-07
8707	3.96424e-07
8708	3.95356e-07
8709	3.9429e-07
8710	3.93227e-07
8711	3.92167e-07
8712	3.9111e-07
8713	3.90056e-07
8714	3.89005e-07
8715	3.87956e-07
8716	3.8691e-07
8717	3.85867e-07
8718	3.84827e-07
8719	3.8379e-07
8720	3.82755e-07
8721	3.81723e-07
8722	3.80694e-07
8723	3.79668e-07
8724	3.78644e-07
8725	3.77624e-07
8726	3.76606e-07
8727	3.7559e-07
8728	3.74578e-07
8729	3.73568e-07
8730	3.72561e-07
8731	3.71556e-07
8732	3.70554e-07
8733	3.69555e-07
8734	3.68559e-07
8735	3.67565e-07
8736	3.66574e-07
8737	3.65586e-07
8738	3.646e-07
8739	3.63617e-07
8740	3.62637e-07
8741	3.61659e-07
8742	3.60684e-07
8743	3.59711e-07
8744	3.58741e-07
8745	3.57774e-07
8746	3.56809e-07
8747	3.55847e-07
8748	3.54888e-07
8749	3.53931e-07
8750	3.52976e-07
8751	3.52024e-07
8752	3.51075e-07
8753	3.50128e-07
8754	3.49184e-07
8755	3.48242e-07
8756	3.47303e-07
8757	3.46367e-07
8758	3.45433e-07
8759	3.44501e-07
8760	3.43572e-07
8761	3.42645e-07
8762	3.41721e-07
8763	3.408e-07
8764	3.3988e-07
8765	3.38964e-07
8766	3.3805e-07
8767	3.37138e-07
8768	3.36229e-07
8769	3.35322e-07
8770	3.34417e-07
8771	3.33515e-07
8772	3.32616e-07
8773	3.31719e-07
8774	3.30824e-07
8775	3.29932e-07
8776	3.29042e-07
8777	3.28154e-07
8778	3.27269e-07
8779	3.26386e-07
8780	3.25506e-07
8781	3.24628e-07
8782	3.23752e-07
8783	3.22879e-07
8784	3.22008e-07
8785	3.21139e-07
8786	3.20273e-07
8787	3.19409e-07
8788	3.18547e-07
8789	3.17688e-07
8790	3.16831e-07
8791	3.15976e-07
8792	3.15124e-07
8793	3.14273e-07
8794	3.13426e-07
8795	3.1258e-07
8796	3.11737e-07
8797	3.10896e-07
8798	3.10057e-07
8799	3.0922e-07
8800	3.08386e-07
8801	3.07554e-07
8802	3.06724e-07
8803	3.05897e-07
8804	3.05071e-07
8805	3.04248e-07
8806	3.03427e-07
8807	3.02609e-07
8808	3.01792e-07
8809	3.00978e-07
8810	3.00166e-07
8811	2.99356e-07
8812	2.98548e-07
8813	2.97742e-07
8814	2.96939e-07
8815	2.96138e-07
8816	2.95339e-07
8817	2.94542e-07
8818	2.93747e-07
8819	2.92954e-07
8820	2.92164e-07
8821	2.91375e-07
8822	2.90589e-07
8823	2.89805e-07
8824	2.89023e-07
8825	2.88243e-07
8826	2.87465e-07
8827	2.86689e-07
8828	2.85915e-07
8829	2.85144e-07
8830	2.84374e-07
8831	2.83607e-07
8832	2.82841e-07
8833	2.82078e-07
8834	2.81317e-07
8835	2.80557e-07
8836	2.798e-07
8837	2.79045e-07
8838	2.78292e-07
8839	2.77541e-07
8840	2.76791e-07
8841	2.76044e-07
8842	2.75299e-07
8843	2.74556e-07
8844	2.73815e-07
8845	2.73076e-07
8846	2.72339e-07
8847	2.71604e-07
8848	2.70871e-07
8849	2.70139e-07
8850	2.6941e-07
8851	2.68683e-07
8852	2.67958e-07
8853	2.67234e-07
8854	2.66513e-07
8855	2.65794e-07
8856	2.65076e-07
8857	2.6436e-07
8858	2.63647e-07
8859	2.62935e-07
8860	2.62225e-07
8861	2.61517e-07
8862	2.60811e-07
8863	2.60107e-07
8864	2.59405e-07
8865	2.58705e-07
8866	2.58006e-07
8867	2.5731e-07
8868	2.56615e-07
8869	2.55922e-07
8870	2.55231e-07
8871	2.54542e-07
8872	2.53855e-07
8873	2.53169e-07
8874	2.52486e-07
8875	2.51804e-07
8876	2.51124e-07
8877	2.50446e-07
8878	2.4977e-07
8879	2.49095e-07
8880	2.48423e-07
8881	2.47752e-07
8882	2.47083e-07
8883	2.46416e-07
8884	2.4575e-07
8885	2.45087e-07
8886	2.44425e-07
8887	2.43765e-07
8888	2.43107e-07
8889	2.4245e-07
8890	2.41795e-07
8891	2.41143e-07
8892	2.40491e-07
8893	2.39842e-07
8894	2.39194e-07
8895	2.38548e-07
8896	2.37904e-07
8897	2.37261e-07
8898	2.36621e-07
8899	2.35982e-07
8900	2.35344e-07
8901	2.34709e-07
8902	2.34075e-07
8903	2.33443e-07
8904	2.32812e-07
8905	2.32183e-07
8906	2.31556e-07
8907	2.30931e-07
8908	2.30307e-07
8909	2.29685e-07
8910	2.29065e-07
8911	2.28446e-07
8912	2.27829e-07
8913	2.27214e-07
8914	2.266e-07
8915	2.25988e-07
8916	2.25377e-07
8917	2.24769e-07
8918	2.24161e-07
8919	2.23556e-07
8920	2.22952e-07
8921	2.2235e-07
8922	2.21749e-07
8923	2.2115e-07
8924	2.20553e-07
8925	2.19957e-07
8926	2.19363e-07
8927	2.1877e-07
8928	2.18179e-07
8929	2.1759e-07
8930	2.17002e-07
8931	2.16416e-07
8932	2.15831e-07
8933	2.15248e-07
8934	2.14666e-07
8935	2.14086e-07
8936	2.13508e-07
8937	2.12931e-07
8938	2.12356e-07
8939	2.11782e-07
8940	2.1121e-07
8941	2.10639e-07
8942	2.1007e-07
8943	2.09502e-07
8944	2.08936e-07
8945	2.08372e-07
8946	2.07809e-07
8947	2.07247e-07
8948	2.06687e-07
8949	2.06129e-07
8950	2.05572e-07
8951	2.05016e-07
8952	2.04462e-07
8953	2.0391e-07
8954	2.03359e-07
8955	2.02809e-07
8956	2.02261e-07
8957	2.01715e-07
8958	2.0117e-07
8959	2.00626e-07
8960	2.00084e-07
8961	1.99543e-07
8962	1.99004e-07
8963	1.98466e-07
8964	1.9793e-07
8965	1.97395e-07
8966	1.96862e-07
8967	1.9633e-07
8968	1.95799e-07
8969	1.9527e-07
8970	1.94742e-07
8971	1.94216e-07
8972	1.93691e-07
8973	1.93167e-07
8974	1.92645e-07
8975	1.92125e-07
8976	1.91605e-07
8977	1.91087e-07
8978	1.90571e-07
8979	1.90056e-07
8980	1.89542e-07
8981	1.8903e-07
8982	1.88519e-07
8983	1.88009e-07
8984	1.87501e-07
8985	1.86994e-07
8986	1.86489e-07
8987	1.85985e-07
8988	1.85482e-07
8989	1.84981e-07
8990	1.84481e-07
8991	1.83982e-07
8992	1.83485e-07
8993	1.82989e-07
8994	1.82494e-07
8995	1.82001e-07
8996	1.81509e-07
8997	1.81018e-07
8998	1.80529e-07
8999	1.80041e-07
9000	1.79554e-07
9001	1.79068e-07
9002	1.78584e-07
9003	1.78102e-07
9004	1.7762e-07
9005	1.7714e-07
9006	1.76661e-07
9007	1.76183e-07
9008	1.75707e-07
9009	1.75232e-07
9010	1.74758e-07
9011	1.74286e-07
9012	1.73814e-07
9013	1.73345e-07
9014	1.72876e-07
9015	1.72408e-07
9016	1.71942e-07
9017	1.71477e-07
9018	1.71014e-07
9019	1.70551e-07
9020	1.7009e-07
9021	1.6963e-07
9022	1.69172e-07
9023	1.68714e-07
9024	1.68258e-07
9025	1.67803e-07
9026	1.67349e-07
9027	1.66897e-07
9028	1.66445e-07
9029	1.65995e-07
9030	1.65546e-07
9031	1.65099e-07
9032	1.64652e-07
9033	1.64207e-07
9034	1.63763e-07
9035	1.6332e-07
9036	1.62878e-07
9037	1.62438e-07
9038	1.61999e-07
9039	1.6156e-07
9040	1.61123e-07
9041	1.60688e-07
9042	1.60253e-07
9043	1.5982e-07
9044	1.59387e-07
9045	1.58956e-07
9046	1.58527e-07
9047	1.58098e-07
9048	1.5767e-07
9049	1.57244e-07
9050	1.56818e-07
9051	1.56394e-07
9052	1.55971e-07
9053	1.55549e-07
9054	1.55129e-07
9055	1.54709e-07
9056	1.54291e-07
9057	1.53873e-07
9058	1.53457e-07
9059	1.53042e-07
9060	1.52628e-07
9061	1.52215e-07
9062	1.51803e-07
9063	1.51393e-07
9064	1.50983e-07
9065	1.50575e-07
9066	1.50167e-07
9067	1.49761e-07
9068	1.49356e-07
9069	1.48952e-07
9070	1.48549e-07
9071	1.48147e-07
9072	1.47746e-07
9073	1.47347e-07
9074	1.46948e-07
9075	1.46551e-07
9076	1.46154e-07
9077	1.45759e-07
9078	1.45364e-07
9079	1.44971e-07
9080	1.44579e-07
9081	1.44188e-07
9082	1.43798e-07
9083	1.43408e-07
9084	1.4302e-07
9085	1.42634e-07
9086	1.42248e-07
9087	1.41863e-07
9088	1.41479e-07
9089	1.41096e-07
9090	1.40714e-07
9091	1.40334e-07
9092	1.39954e-07
9093	1.39575e-07
9094	1.39197e-07
9095	1.38821e-07
9096	1.38445e-07
9097	1.38071e-07
9098	1.37697e-07
9099	1.37324e-07
9100	1.36953e-07
9101	1.36582e-07
9102	1.36213e-07
9103	1.35844e-07
9104	1.35476e-07
9105	1.3511e-07
9106	1.34744e-07
9107	1.34379e-07
9108	1.34016e-07
9109	1.33653e-07
9110	1.33291e-07
9111	1.32931e-07
9112	1.32571e-07
9113	1.32212e-07
9114	1.31854e-07
9115	1.31497e-07
9116	1.31142e-07
9117	1.30787e-07
9118	1.30433e-07
9119	1.3008e-07
9120	1.29728e-07
9121	1.29376e-07
9122	1.29026e-07
9123	1.28677e-07
9124	1.28329e-07
9125	1.27981e-07
9126	1.27635e-07
9127	1.2729e-07
9128	1.26945e-07
9129	1.26601e-07
9130	1.26259e-07
9131	1.25917e-07
9132	1.25576e-07
9133	1.25236e-07
9134	1.24897e-07
9135	1.24559e-07
9136	1.24222e-07
9137	1.23886e-07
9138	1.2355e-07
9139	1.23216e-07
9140	1.22882e-07
9141	1.2255e-07
9142	1.22218e-07
9143	1.21887e-07
9144	1.21557e-07
9145	1.21228e-07
9146	1.209e-07
9147	1.20573e-07
9148	1.20246e-07
9149	1.19921e-07
9150	1.19596e-07
9151	1.19272e-07
9152	1.18949e-07
9153	1.18627e-07
9154	1.18306e-07
9155	1.17986e-07
9156	1.17666e-07
9157	1.17348e-07
9158	1.1703e-07
9159	1.16713e-07
9160	1.16397e-07
9161	1.16082e-07
9162	1.15768e-07
9163	1.15454e-07
9164	1.15142e-07
9165	1.1483e-07
9166	1.14519e-07
9167	1.14209e-07
9168	1.139e-07
9169	1.13591e-07
9170	1.13284e-07
9171	1.12977e-07
9172	1.12671e-07
9173	1.12366e-07
9174	1.12061e-07
9175	1.11758e-07
9176	1.11455e-07
9177	1.11154e-07
9178	1.10853e-07
9179	1.10552e-07
9180	1.10253e-07
9181	1.09954e-07
9182	1.09657e-07
9183	1.0936e-07
9184	1.09063e-07
9185	1.08768e-07
9186	1.08474e-07
9187	1.0818e-07
9188	1.07887e-07
9189	1.07595e-07
9190	1.07303e-07
9191	1.07013e-07
9192	1.06723e-07
9193	1.06434e-07
9194	1.06145e-07
9195	1.05858e-07
9196	1.05571e-07
9197	1.05285e-07
9198	1.05e-07
9199	1.04716e-07
9200	1.04432e-07
9201	1.04149e-07
9202	1.03867e-07
9203	1.03586e-07
9204	1.03305e-07
9205	1.03025e-07
9206	1.02746e-07
9207	1.02468e-07
9208	1.0219e-07
9209	1.01914e-07
9210	1.01638e-07
9211	1.01362e-07
9212	1.01088e-07
9213	1.00814e-07
9214	1.00541e-07
9215	1.00268e-07
9216	9.99967e-08
9217	9.97259e-08
9218	9.94557e-08
9219	9.91863e-08
9220	9.89176e-08
9221	9.86496e-08
9222	9.83823e-08
9223	9.81158e-08
9224	9.785e-08
9225	9.75849e-08
9226	9.73205e-08
9227	9.70568e-08
9228	9.67939e-08
9229	9.65316e-08
9230	9.62701e-08
9231	9.60093e-08
9232	9.57491e-08
9233	9.54897e-08
9234	9.5231e-08
9235	9.4973e-08
9236	9.47156e-08
9237	9.4459e-08
9238	9.42031e-08
9239	9.39478e-08
9240	9.36933e-08
9241	9.34394e-08
9242	9.31862e-08
9243	9.29337e-08
9244	9.26819e-08
9245	9.24307e-08
9246	9.21803e-08
9247	9.19305e-08
9248	9.16814e-08
9249	9.14329e-08
9250	9.11852e-08
9251	9.09381e-08
9252	9.06916e-08
9253	9.04459e-08
9254	9.02008e-08
9255	8.99563e-08
9256	8.97125e-08
9257	8.94694e-08
9258	8.9227e-08
9259	8.89851e-08
9260	8.8744e-08
9261	8.85035e-08
9262	8.82636e-08
9263	8.80244e-08
9264	8.77859e-08
9265	8.75479e-08
9266	8.73107e-08
9267	8.7074e-08
9268	8.6838e-08
9269	8.66027e-08
9270	8.6368e-08
9271	8.61339e-08
9272	8.59004e-08
9273	8.56676e-08
9274	8.54354e-08
9275	8.52038e-08
9276	8.49729e-08
9277	8.47426e-08
9278	8.45129e-08
9279	8.42838e-08
9280	8.40553e-08
9281	8.38275e-08
9282	8.36003e-08
9283	8.33736e-08
9284	8.31476e-08
9285	8.29223e-08
9286	8.26975e-08
9287	8.24733e-08
9288	8.22497e-08
9289	8.20268e-08
9290	8.18044e-08
9291	8.15826e-08
9292	8.13615e-08
9293	8.11409e-08
9294	8.0921e-08
9295	8.07016e-08
9296	8.04828e-08
9297	8.02646e-08
9298	8.0047e-08
9299	7.983e-08
9300	7.96136e-08
9301	7.93977e-08
9302	7.91825e-08
9303	7.89678e-08
9304	7.87537e-08
9305	7.85402e-08
9306	7.83272e-08
9307	7.81149e-08
9308	7.79031e-08
9309	7.76919e-08
9310	7.74812e-08
9311	7.72711e-08
9312	7.70616e-08
9313	7.68527e-08
9314	7.66443e-08
9315	7.64365e-08
9316	7.62292e-08
9317	7.60225e-08
9318	7.58164e-08
9319	7.56108e-08
9320	7.54058e-08
9321	7.52013e-08
9322	7.49974e-08
9323	7.4794e-08
9324	7.45912e-08
9325	7.4389e-08
9326	7.41872e-08
9327	7.39861e-08
9328	7.37854e-08
9329	7.35853e-08
9330	7.33858e-08
9331	7.31868e-08
9332	7.29883e-08
9333	7.27904e-08
9334	7.2593e-08
9335	7.23961e-08
9336	7.21998e-08
9337	7.2004e-08
9338	7.18087e-08
9339	7.16139e-08
9340	7.14197e-08
9341	7.1226e-08
9342	7.10328e-08
9343	7.08402e-08
9344	7.06481e-08
9345	7.04564e-08
9346	7.02654e-08
9347	7.00748e-08
9348	6.98847e-08
9349	6.96952e-08
9350	6.95061e-08
9351	6.93176e-08
9352	6.91296e-08
9353	6.89421e-08
9354	6.87551e-08
9355	6.85686e-08
9356	6.83826e-08
9357	6.81971e-08
9358	6.80121e-08
9359	6.78276e-08
9360	6.76437e-08
9361	6.74602e-08
9362	6.72772e-08
9363	6.70947e-08
9364	6.69127e-08
9365	6.67312e-08
9366	6.65501e-08
9367	6.63696e-08
9368	6.61896e-08
9369	6.601e-08
9370	6.58309e-08
9371	6.56523e-08
9372	6.54742e-08
9373	6.52966e-08
9374	6.51195e-08
9375	6.49428e-08
9376	6.47666e-08
9377	6.45909e-08
9378	6.44157e-08
9379	6.42409e-08
9380	6.40666e-08
9381	6.38928e-08
9382	6.37195e-08
9383	6.35466e-08
9384	6.33742e-08
9385	6.32022e-08
9386	6.30308e-08
9387	6.28597e-08
9388	6.26892e-08
9389	6.25191e-08
9390	6.23495e-08
9391	6.21803e-08
9392	6.20116e-08
9393	6.18433e-08
9394	6.16755e-08
9395	6.15082e-08
9396	6.13413e-08
9397	6.11748e-08
9398	6.10088e-08
9399	6.08433e-08
9400	6.06782e-08
9401	6.05135e-08
9402	6.03493e-08
9403	6.01855e-08
9404	6.00222e-08
9405	5.98593e-08
9406	5.96969e-08
9407	5.95349e-08
9408	5.93733e-08
9409	5.92122e-08
9410	5.90515e-08
9411	5.88913e-08
9412	5.87315e-08
9413	5.85721e-08
9414	5.84131e-08
9415	5.82546e-08
9416	5.80965e-08
9417	5.79388e-08
9418	5.77816e-08
9419	5.76248e-08
9420	5.74684e-08
9421	5.73124e-08
9422	5.71568e-08
9423	5.70017e-08
9424	5.6847e-08
9425	5.66927e-08
9426	5.65388e-08
9427	5.63854e-08
9428	5.62323e-08
9429	5.60797e-08
9430	5.59275e-08
9431	5.57757e-08
9432	5.56243e-08
9433	5.54733e-08
9434	5.53227e-08
9435	5.51726e-08
9436	5.50228e-08
9437	5.48735e-08
9438	5.47245e-08
9439	5.4576e-08
9440	5.44278e-08
9441	5.42801e-08
9442	5.41327e-08
9443	5.39858e-08
9444	5.38392e-08
9445	5.36931e-08
9446	5.35473e-08
9447	5.3402e-08
9448	5.3257e-08
9449	5.31124e-08
9450	5.29682e-08
9451	5.28244e-08
9452	5.2681e-08
9453	5.2538e-08
9454	5.23954e-08
9455	5.22531e-08
9456	5.21113e-08
9457	5.19698e-08
9458	5.18287e-08
9459	5.1688e-08
9460	5.15477e-08
9461	5.14077e-08
9462	5.12681e-08
9463	5.11289e-08
9464	5.09901e-08
9465	5.08517e-08
9466	5.07136e-08
9467	5.05759e-08
9468	5.04386e-08
9469	5.03016e-08
9470	5.01651e-08
9471	5.00288e-08
9472	4.9893e-08
9473	4.97575e-08
9474	4.96224e-08
9475	4.94877e-08
9476	4.93533e-08
9477	4.92193e-08
9478	4.90856e-08
9479	4.89524e-08
9480	4.88194e-08
9481	4.86869e-08
9482	4.85546e-08
9483	4.84228e-08
9484	4.82913e-08
9485	4.81602e-08
9486	4.80294e-08
9487	4.7899e-08
9488	4.77689e-08
9489	4.76392e-08
9490	4.75098e-08
9491	4.73808e-08
9492	4.72521e-08
9493	4.71238e-08
9494	4.69958e-08
9495	4.68681e-08
9496	4.67409e-08
9497	4.66139e-08
9498	4.64873e-08
9499	4.63611e-08
9500	4.62352e-08
9501	4.61096e-08
9502	4.59843e-08
9503	4.58595e-08
9504	4.57349e-08
9505	4.56107e-08
9506	4.54868e-08
9507	4.53633e-08
9508	4.524e-08
9509	4.51172e-08
9510	4.49946e-08
9511	4.48724e-08
9512	4.47505e-08
9513	4.4629e-08
9514	4.45077e-08
9515	4.43868e-08
9516	4.42663e-08
9517	4.4146e-08
9518	4.40261e-08
9519	4.39065e-08
9520	4.37873e-08
9521	4.36683e-08
9522	4.35497e-08
9523	4.34314e-08
9524	4.33134e-08
9525	4.31958e-08
9526	4.30784e-08
9527	4.29614e-08
9528	4.28447e-08
9529	4.27283e-08
9530	4.26122e-08
9531	4.24964e-08
9532	4.2381e-08
9533	4.22659e-08
9534	4.2151e-08
9535	4.20365e-08
9536	4.19223e-08
9537	4.18084e-08
9538	4.16948e-08
9539	4.15816e-08
9540	4.14686e-08
9541	4.13559e-08
9542	4.12436e-08
9543	4.11315e-08
9544	4.10197e-08
9545	4.09083e-08
9546	4.07971e-08
9547	4.06863e-08
9548	4.05758e-08
9549	4.04655e-08
9550	4.03556e-08
9551	4.02459e-08
9552	4.01366e-08
9553	4.00275e-08
9554	3.99187e-08
9555	3.98103e-08
9556	3.97021e-08
9557	3.95942e-08
9558	3.94866e-08
9559	3.93793e-08
9560	3.92723e-08
9561	3.91656e-08
9562	3.90592e-08
9563	3.8953e-08
9564	3.88472e-08
9565	3.87416e-08
9566	3.86363e-08
9567	3.85313e-08
9568	3.84266e-08
9569	3.83222e-08
9570	3.82181e-08
9571	3.81142e-08
9572	3.80106e-08
9573	3.79073e-08
9574	3.78043e-08
9575	3.77016e-08
9576	3.75991e-08
9577	3.74969e-08
9578	3.7395e-08
9579	3.72934e-08
9580	3.7192e-08
9581	3.70909e-08
9582	3.69901e-08
9583	3.68896e-08
9584	3.67893e-08
9585	3.66893e-08
9586	3.65896e-08
9587	3.64902e-08
9588	3.6391e-08
9589	3.62921e-08
9590	3.61934e-08
9591	3.60951e-08
9592	3.5997e-08
9593	3.58991e-08
9594	3.58015e-08
9595	3.57042e-08
9596	3.56072e-08
9597	3.55104e-08
9598	3.54139e-08
9599	3.53176e-08
9600	3.52216e-08
9601	3.51258e-08
9602	3.50304e-08
9603	3.49351e-08
9604	3.48402e-08
9605	3.47455e-08
9606	3.4651e-08
9607	3.45568e-08
9608	3.44629e-08
9609	3.43692e-08
9610	3.42757e-08
9611	3.41826e-08
9612	3.40896e-08
9613	3.3997e-08
9614	3.39045e-08
9615	3.38124e-08
9616	3.37204e-08
9617	3.36288e-08
9618	3.35373e-08
9619	3.34462e-08
9620	3.33552e-08
9621	3.32646e-08
9622	3.31741e-08
9623	3.30839e-08
9624	3.2994e-08
9625	3.29043e-08
9626	3.28148e-08
9627	3.27256e-08
9628	3.26366e-08
9629	3.25479e-08
9630	3.24594e-08
9631	3.23711e-08
9632	3.22831e-08
9633	3.21953e-08
9634	3.21078e-08
9635	3.20205e-08
9636	3.19334e-08
9637	3.18466e-08
9638	3.176e-08
9639	3.16736e-08
9640	3.15875e-08
9641	3.15016e-08
9642	3.14159e-08
9643	3.13305e-08
9644	3.12453e-08
9645	3.11603e-08
9646	3.10756e-08
9647	3.09911e-08
9648	3.09068e-08
9649	3.08228e-08
9650	3.0739e-08
9651	3.06554e-08
9652	3.0572e-08
9653	3.04889e-08
9654	3.04059e-08
9655	3.03233e-08
9656	3.02408e-08
9657	3.01585e-08
9658	3.00765e-08
9659	2.99947e-08
9660	2.99132e-08
9661	2.98318e-08
9662	2.97507e-08
9663	2.96698e-08
9664	2.95891e-08
9665	2.95086e-08
9666	2.94283e-08
9667	2.93483e-08
9668	2.92685e-08
9669	2.91889e-08
9670	2.91095e-08
9671	2.90303e-08
9672	2.89513e-08
9673	2.88726e-08
9674	2.87941e-08
9675	2.87157e-08
9676	2.86376e-08
9677	2.85597e-08
9678	2.8482e-08
9679	2.84046e-08
9680	2.83273e-08
9681	2.82503e-08
9682	2.81734e-08
9683	2.80968e-08
9684	2.80203e-08
9685	2.79441e-08
9686	2.78681e-08
9687	2.77923e-08
9688	2.77167e-08
9689	2.76413e-08
9690	2.75661e-08
9691	2.74911e-08
9692	2.74163e-08
9693	2.73417e-08
9694	2.72674e-08
9695	2.71932e-08
9696	2.71192e-08
9697	2.70454e-08
9698	2.69718e-08
9699	2.68985e-08
9700	2.68253e-08
9701	2.67523e-08
9702	2.66795e-08
9703	2.66069e-08
9704	2.65346e-08
9705	2.64624e-08
9706	2.63904e-08
9707	2.63186e-08
9708	2.6247e-08
9709	2.61755e-08
9710	2.61043e-08
9711	2.60333e-08
9712	2.59625e-08
9713	2.58918e-08
9714	2.58214e-08
9715	2.57511e-08
9716	2.56811e-08
9717	2.56112e-08
9718	2.55415e-08
9719	2.5472e-08
9720	2.54027e-08
9721	2.53336e-08
9722	2.52646e-08
9723	2.51959e-08
9724	2.51273e-08
9725	2.50589e-08
9726	2.49908e-08
9727	2.49227e-08
9728	2.48549e-08
9729	2.47873e-08
9730	2.47198e-08
9731	2.46526e-08
9732	2.45855e-08
9733	2.45186e-08
9734	2.44519e-08
9735	2.43853e-08
9736	2.4319e-08
9737	2.42528e-08
9738	2.41868e-08
9739	2.41209e-08
9740	2.40553e-08
9741	2.39898e-08
9742	2.39245e-08
9743	2.38594e-08
9744	2.37945e-08
9745	2.37297e-08
9746	2.36652e-08
9747	2.36007e-08
9748	2.35365e-08
9749	2.34725e-08
9750	2.34086e-08
9751	2.33449e-08
9752	2.32813e-08
9753	2.3218e-08
9754	2.31548e-08
9755	2.30917e-08
9756	2.30289e-08
9757	2.29662e-08
9758	2.29037e-08
9759	2.28413e-08
9760	2.27792e-08
9761	2.27172e-08
9762	2.26553e-08
9763	2.25937e-08
9764	2.25322e-08
9765	2.24708e-08
9766	2.24097e-08
9767	2.23487e-08
9768	2.22878e-08
9769	2.22272e-08
9770	2.21667e-08
9771	2.21063e-08
9772	2.20461e-08
9773	2.19861e-08
9774	2.19263e-08
9775	2.18666e-08
9776	2.18071e-08
9777	2.17477e-08
9778	2.16885e-08
9779	2.16294e-08
9780	2.15706e-08
9781	2.15118e-08
9782	2.14533e-08
9783	2.13949e-08
9784	2.13366e-08
9785	2.12785e-08
9786	2.12206e-08
9787	2.11628e-08
9788	2.11052e-08
9789	2.10477e-08
9790	2.09904e-08
9791	2.09333e-08
9792	2.08763e-08
9793	2.08195e-08
9794	2.07628e-08
9795	2.07062e-08
9796	2.06499e-08
9797	2.05936e-08
9798	2.05376e-08
9799	2.04817e-08
9800	2.04259e-08
9801	2.03703e-08
9802	2.03148e-08
9803	2.02595e-08
9804	2.02043e-08
9805	2.01493e-08
9806	2.00944e-08
9807	2.00397e-08
9808	1.99852e-08
9809	1.99307e-08
9810	1.98765e-08
9811	1.98223e-08
9812	1.97684e-08
9813	1.97145e-08
9814	1.96608e-08
9815	1.96073e-08
9816	1.95539e-08
9817	1.95007e-08
9818	1.94476e-08
9819	1.93946e-08
9820	1.93418e-08
9821	1.92891e-08
9822	1.92366e-08
9823	1.91842e-08
9824	1.91319e-08
9825	1.90798e-08
9826	1.90279e-08
9827	1.89761e-08
9828	1.89244e-08
9829	1.88728e-08
9830	1.88214e-08
9831	1.87702e-08
9832	1.87191e-08
9833	1.86681e-08
9834	1.86172e-08
9835	1.85665e-08
9836	1.8516e-08
9837	1.84655e-08
9838	1.84152e-08
9839	1.83651e-08
9840	1.83151e-08
9841	1.82652e-08
9842	1.82154e-08
9843	1.81658e-08
9844	1.81163e-08
9845	1.8067e-08
9846	1.80178e-08
9847	1.79687e-08
9848	1.79197e-08
9849	1.78709e-08
9850	1.78223e-08
9851	1.77737e-08
9852	1.77253e-08
9853	1.7677e-08
9854	1.76289e-08
9855	1.75808e-08
9856	1.75329e-08
9857	1.74852e-08
9858	1.74376e-08
9859	1.739e-08
9860	1.73427e-08
9861	1.72954e-08
9862	1.72483e-08
9863	1.72013e-08
9864	1.71545e-08
9865	1.71077e-08
9866	1.70611e-08
9867	1.70146e-08
9868	1.69683e-08
9869	1.69221e-08
9870	1.6876e-08
9871	1.683e-08
9872	1.67841e-08
9873	1.67384e-08
9874	1.66928e-08
9875	1.66473e-08
9876	1.6602e-08
9877	1.65567e-08
9878	1.65116e-08
9879	1.64666e-08
9880	1.64218e-08
9881	1.6377e-08
9882	1.63324e-08
9883	1.62879e-08
9884	1.62435e-08
9885	1.61993e-08
9886	1.61551e-08
9887	1.61111e-08
9888	1.60672e-08
9889	1.60234e-08
9890	1.59798e-08
9891	1.59362e-08
9892	1.58928e-08
9893	1.58495e-08
9894	1.58063e-08
9895	1.57632e-08
9896	1.57203e-08
9897	1.56775e-08
9898	1.56347e-08
9899	1.55921e-08
9900	1.55496e-08
9901	1.55073e-08
9902	1.5465e-08
9903	1.54229e-08
9904	1.53808e-08
9905	1.53389e-08
9906	1.52971e-08
9907	1.52554e-08
9908	1.52139e-08
9909	1.51724e-08
9910	1.51311e-08
9911	1.50898e-08
9912	1.50487e-08
9913	1.50077e-08
9914	1.49668e-08
9915	1.4926e-08
9916	1.48853e-08
9917	1.48447e-08
9918	1.48043e-08
9919	1.47639e-08
9920	1.47237e-08
9921	1.46836e-08
9922	1.46435e-08
9923	1.46036e-08
9924	1.45638e-08
9925	1.45241e-08
9926	1.44846e-08
9927	1.44451e-08
9928	1.44057e-08
9929	1.43664e-08
9930	1.43273e-08
9931	1.42882e-08
9932	1.42493e-08
9933	1.42104e-08
9934	1.41717e-08
9935	1.41331e-08
9936	1.40946e-08
9937	1.40561e-08
9938	1.40178e-08
9939	1.39796e-08
9940	1.39415e-08
9941	1.39035e-08
9942	1.38656e-08
9943	1.38278e-08
9944	1.37901e-08
9945	1.37525e-08
9946	1.3715e-08
9947	1.36776e-08
9948	1.36403e-08
9949	1.36032e-08
9950	1.35661e-08
9951	1.35291e-08
9952	1.34922e-08
9953	1.34554e-08
9954	1.34188e-08
9955	1.33822e-08
9956	1.33457e-08
9957	1.33093e-08
9958	1.3273e-08
9959	1.32368e-08
9960	1.32007e-08
9961	1.31648e-08
9962	1.31289e-08
9963	1.30931e-08
9964	1.30574e-08
9965	1.30218e-08
9966	1.29863e-08
9967	1.29509e-08
9968	1.29155e-08
9969	1.28803e-08
9970	1.28452e-08
9971	1.28102e-08
9972	1.27753e-08
9973	1.27404e-08
9974	1.27057e-08
9975	1.2671e-08
9976	1.26365e-08
9977	1.2602e-08
9978	1.25677e-08
9979	1.25334e-08
9980	1.24992e-08
9981	1.24652e-08
9982	1.24312e-08
9983	1.23973e-08
9984	1.23635e-08
9985	1.23297e-08
9986	1.22961e-08
9987	1.22626e-08
9988	1.22292e-08
9989	1.21958e-08
9990	1.21626e-08
9991	1.21294e-08
9992	1.20963e-08
9993	1.20633e-08
9994	1.20304e-08
9995	1.19976e-08
9996	1.19649e-08
9997	1.19323e-08
9998	1.18997e-08
9999	1.18673e-08
10000	1.18349e-08
10001	1.18026e-08
10002	1.17704e-08
10003	1.17383e-08
10004	1.17063e-08
10005	1.16744e-08
10006	1.16426e-08
10007	1.16108e-08
10008	1.15791e-08
10009	1.15476e-08
10010	1.15161e-08
10011	1.14847e-08
10012	1.14533e-08
10013	1.14221e-08
10014	1.13909e-08
10015	1.13599e-08
10016	1.13289e-08
10017	1.1298e-08
10018	1.12672e-08
10019	1.12364e-08
10020	1.12058e-08
10021	1.11752e-08
10022	1.11447e-08
10023	1.11143e-08
10024	1.1084e-08
10025	1.10538e-08
10026	1.10236e-08
10027	1.09936e-08
10028	1.09636e-08
10029	1.09337e-08
10030	1.09039e-08
10031	1.08741e-08
10032	1.08444e-08
10033	1.08149e-08
10034	1.07854e-08
10035	1.07559e-08
10036	1.07266e-08
10037	1.06973e-08
10038	1.06682e-08
10039	1.06391e-08
10040	1.061e-08
10041	1.05811e-08
10042	1.05522e-08
10043	1.05234e-08
10044	1.04947e-08
10045	1.04661e-08
10046	1.04375e-08
10047	1.04091e-08
10048	1.03807e-08
10049	1.03523e-08
10050	1.03241e-08
10051	1.02959e-08
10052	1.02678e-08
10053	1.02398e-08
10054	1.02119e-08
10055	1.0184e-08
10056	1.01562e-08
10057	1.01285e-08
10058	1.01009e-08
10059	1.00733e-08
10060	1.00459e-08
10061	1.00184e-08
10062	9.99111e-09
10063	9.96385e-09
10064	9.93666e-09
10065	9.90955e-09
10066	9.88251e-09
10067	9.85554e-09
10068	9.82865e-09
10069	9.80183e-09
10070	9.77508e-09
10071	9.74841e-09
10072	9.72181e-09
10073	9.69528e-09
10074	9.66883e-09
10075	9.64244e-09
10076	9.61613e-09
10077	9.58989e-09
10078	9.56372e-09
10079	9.53762e-09
10080	9.51159e-09
10081	9.48564e-09
10082	9.45975e-09
10083	9.43394e-09
10084	9.40819e-09
10085	9.38252e-09
10086	9.35691e-09
10087	9.33138e-09
10088	9.30591e-09
10089	9.28052e-09
10090	9.25519e-09
10091	9.22993e-09
10092	9.20474e-09
10093	9.17962e-09
10094	9.15457e-09
10095	9.12958e-09
10096	9.10466e-09
10097	9.07982e-09
10098	9.05503e-09
10099	9.03032e-09
10100	9.00567e-09
10101	8.9811e-09
10102	8.95658e-09
10103	8.93214e-09
10104	8.90776e-09
10105	8.88344e-09
10106	8.8592e-09
10107	8.83502e-09
10108	8.8109e-09
10109	8.78685e-09
10110	8.76287e-09
10111	8.73895e-09
10112	8.7151e-09
10113	8.69131e-09
10114	8.66759e-09
10115	8.64393e-09
10116	8.62033e-09
10117	8.5968e-09
10118	8.57333e-09
10119	8.54993e-09
10120	8.52659e-09
10121	8.50332e-09
10122	8.48011e-09
10123	8.45696e-09
10124	8.43387e-09
10125	8.41085e-09
10126	8.38789e-09
10127	8.36499e-09
10128	8.34215e-09
10129	8.31938e-09
10130	8.29667e-09
10131	8.27402e-09
10132	8.25143e-09
10133	8.22891e-09
10134	8.20644e-09
10135	8.18404e-09
10136	8.16169e-09
10137	8.13941e-09
10138	8.11719e-09
10139	8.09503e-09
10140	8.07293e-09
10141	8.05089e-09
10142	8.02891e-09
10143	8.00699e-09
10144	7.98513e-09
10145	7.96333e-09
10146	7.94158e-09
10147	7.9199e-09
10148	7.89828e-09
10149	7.87671e-09
10150	7.85521e-09
10151	7.83376e-09
10152	7.81237e-09
10153	7.79104e-09
10154	7.76977e-09
10155	7.74855e-09
10156	7.72739e-09
10157	7.70629e-09
10158	7.68525e-09
10159	7.66427e-09
10160	7.64334e-09
10161	7.62247e-09
10162	7.60165e-09
10163	7.5809e-09
10164	7.5602e-09
10165	7.53955e-09
10166	7.51896e-09
10167	7.49843e-09
10168	7.47796e-09
10169	7.45754e-09
10170	7.43717e-09
10171	7.41686e-09
10172	7.39661e-09
10173	7.37641e-09
10174	7.35627e-09
10175	7.33618e-09
10176	7.31614e-09
10177	7.29616e-09
10178	7.27624e-09
10179	7.25637e-09
10180	7.23655e-09
10181	7.21679e-09
10182	7.19708e-09
10183	7.17742e-09
10184	7.15782e-09
10185	7.13827e-09
10186	7.11878e-09
10187	7.09933e-09
10188	7.07995e-09
10189	7.06061e-09
10190	7.04133e-09
10191	7.02209e-09
10192	7.00292e-09
10193	6.98379e-09
10194	6.96471e-09
10195	6.94569e-09
10196	6.92672e-09
10197	6.9078e-09
10198	6.88893e-09
10199	6.87012e-09
10200	6.85135e-09
10201	6.83264e-09
10202	6.81398e-09
10203	6.79536e-09
10204	6.7768e-09
10205	6.75829e-09
10206	6.73983e-09
10207	6.72142e-09
10208	6.70306e-09
10209	6.68475e-09
10210	6.66649e-09
10211	6.64828e-09
10212	6.63012e-09
10213	6.61201e-09
10214	6.59395e-09
10215	6.57594e-09
10216	6.55797e-09
10217	6.54006e-09
10218	6.52219e-09
10219	6.50438e-09
10220	6.48661e-09
10221	6.46889e-09
10222	6.45121e-09
10223	6.43359e-09
10224	6.41602e-09
10225	6.39849e-09
10226	6.38101e-09
10227	6.36357e-09
10228	6.34619e-09
10229	6.32885e-09
10230	6.31156e-09
10231	6.29432e-09
10232	6.27712e-09
10233	6.25997e-09
10234	6.24287e-09
10235	6.22581e-09
10236	6.2088e-09
10237	6.19184e-09
10238	6.17492e-09
10239	6.15805e-09
10240	6.14123e-09
10241	6.12445e-09
10242	6.10772e-09
10243	6.09103e-09
10244	6.07439e-09
10245	6.05779e-09
10246	6.04124e-09
10247	6.02473e-09
10248	6.00827e-09
10249	5.99185e-09
10250	5.97548e-09
10251	5.95915e-09
10252	5.94287e-09
10253	5.92663e-09
10254	5.91044e-09
10255	5.89429e-09
10256	5.87818e-09
10257	5.86212e-09
10258	5.8461e-09
10259	5.83012e-09
10260	5.81419e-09
10261	5.7983e-09
10262	5.78246e-09
10263	5.76666e-09
10264	5.7509e-09
10265	5.73518e-09
10266	5.71951e-09
10267	5.70388e-09
10268	5.68829e-09
10269	5.67275e-09
10270	5.65725e-09
10271	5.64179e-09
10272	5.62637e-09
10273	5.61099e-09
10274	5.59566e-09
10275	5.58036e-09
10276	5.56511e-09
10277	5.54991e-09
10278	5.53474e-09
10279	5.51961e-09
10280	5.50453e-09
10281	5.48948e-09
10282	5.47448e-09
10283	5.45952e-09
10284	5.4446e-09
10285	5.42971e-09
10286	5.41487e-09
10287	5.40007e-09
10288	5.38532e-09
10289	5.3706e-09
10290	5.35592e-09
10291	5.34128e-09
10292	5.32668e-09
10293	5.31212e-09
10294	5.2976e-09
10295	5.28312e-09
10296	5.26868e-09
10297	5.25428e-09
10298	5.23992e-09
10299	5.22559e-09
10300	5.21131e-09
10301	5.19707e-09
10302	5.18286e-09
10303	5.16869e-09
10304	5.15456e-09
10305	5.14047e-09
10306	5.12642e-09
10307	5.11241e-09
10308	5.09843e-09
10309	5.0845e-09
10310	5.0706e-09
10311	5.05674e-09
10312	5.04291e-09
10313	5.02913e-09
10314	5.01538e-09
10315	5.00167e-09
10316	4.988e-09
10317	4.97436e-09
10318	4.96076e-09
10319	4.9472e-09
10320	4.93367e-09
10321	4.92019e-09
10322	4.90674e-09
10323	4.89332e-09
10324	4.87994e-09
10325	4.8666e-09
10326	4.8533e-09
10327	4.84003e-09
10328	4.8268e-09
10329	4.8136e-09
10330	4.80044e-09
10331	4.78731e-09
10332	4.77423e-09
10333	4.76117e-09
10334	4.74816e-09
10335	4.73517e-09
10336	4.72223e-09
10337	4.70932e-09
10338	4.69644e-09
10339	4.6836e-09
10340	4.67079e-09
10341	4.65802e-09
10342	4.64528e-09
10343	4.63258e-09
10344	4.61992e-09
10345	4.60728e-09
10346	4.59469e-09
10347	4.58212e-09
10348	4.56959e-09
10349	4.5571e-09
10350	4.54464e-09
10351	4.53221e-09
10352	4.51982e-09
10353	4.50746e-09
10354	4.49513e-09
10355	4.48284e-09
10356	4.47058e-09
10357	4.45836e-09
10358	4.44617e-09
10359	4.43401e-09
10360	4.42188e-09
10361	4.40979e-09
10362	4.39773e-09
10363	4.3857e-09
10364	4.37371e-09
10365	4.36175e-09
10366	4.34982e-09
10367	4.33793e-09
10368	4.32606e-09
10369	4.31423e-09
10370	4.30243e-09
10371	4.29067e-09
10372	4.27893e-09
10373	4.26723e-09
10374	4.25556e-09
10375	4.24392e-09
10376	4.23231e-09
10377	4.22074e-09
10378	4.20919e-09
10379	4.19768e-09
10380	4.1862e-09
10381	4.17475e-09
10382	4.16333e-09
10383	4.15195e-09
10384	4.14059e-09
10385	4.12927e-09
10386	4.11797e-09
10387	4.10671e-09
10388	4.09548e-09
10389	4.08427e-09
10390	4.0731e-09
10391	4.06196e-09
10392	4.05085e-09
10393	4.03977e-09
10394	4.02872e-09
10395	4.0177e-09
10396	4.00671e-09
10397	3.99575e-09
10398	3.98482e-09
10399	3.97392e-09
10400	3.96305e-09
10401	3.95221e-09
10402	3.9414e-09
10403	3.93062e-09
10404	3.91987e-09
10405	3.90914e-09
10406	3.89845e-09
10407	3.88779e-09
10408	3.87715e-09
10409	3.86654e-09
10410	3.85597e-09
10411	3.84542e-09
10412	3.8349e-09
10413	3.82441e-09
10414	3.81395e-09
10415	3.80351e-09
10416	3.79311e-09
10417	3.78273e-09
10418	3.77238e-09
10419	3.76206e-09
10420	3.75177e-09
10421	3.7415e-09
10422	3.73127e-09
10423	3.72106e-09
10424	3.71088e-09
10425	3.70073e-09
10426	3.6906e-09
10427	3.6805e-09
10428	3.67043e-09
10429	3.66039e-09
10430	3.65038e-09
10431	3.64039e-09
10432	3.63043e-09
10433	3.6205e-09
10434	3.61059e-09
10435	3.60071e-09
10436	3.59086e-09
10437	3.58104e-09
10438	3.57124e-09
10439	3.56147e-09
10440	3.55172e-09
10441	3.542e-09
10442	3.53231e-09
10443	3.52265e-09
10444	3.51301e-09
10445	3.50339e-09
10446	3.49381e-09
10447	3.48425e-09
10448	3.47471e-09
10449	3.4652e-09
10450	3.45572e-09
10451	3.44627e-09
10452	3.43684e-09
10453	3.42743e-09
10454	3.41805e-09
10455	3.4087e-09
10456	3.39937e-09
10457	3.39007e-09
10458	3.38079e-09
10459	3.37154e-09
10460	3.36231e-09
10461	3.35311e-09
10462	3.34394e-09
10463	3.33478e-09
10464	3.32566e-09
10465	3.31656e-09
10466	3.30748e-09
10467	3.29843e-09
10468	3.2894e-09
10469	3.2804e-09
10470	3.27142e-09
10471	3.26247e-09
10472	3.25354e-09
10473	3.24464e-09
10474	3.23576e-09
10475	3.2269e-09
10476	3.21807e-09
10477	3.20926e-09
10478	3.20048e-09
10479	3.19172e-09
10480	3.18298e-09
10481	3.17427e-09
10482	3.16558e-09
10483	3.15692e-09
10484	3.14828e-09
10485	3.13966e-09
10486	3.13107e-09
10487	3.1225e-09
10488	3.11395e-09
10489	3.10543e-09
10490	3.09693e-09
10491	3.08845e-09
10492	3.07999e-09
10493	3.07156e-09
10494	3.06316e-09
10495	3.05477e-09
10496	3.04641e-09
10497	3.03807e-09
10498	3.02976e-09
10499	3.02146e-09
10500	3.01319e-09
10501	3.00494e-09
10502	2.99672e-09
10503	2.98851e-09
10504	2.98033e-09
10505	2.97217e-09
10506	2.96404e-09
10507	2.95592e-09
10508	2.94783e-09
10509	2.93976e-09
10510	2.93171e-09
10511	2.92369e-09
10512	2.91568e-09
10513	2.9077e-09
10514	2.89974e-09
10515	2.8918e-09
10516	2.88389e-09
10517	2.87599e-09
10518	2.86812e-09
10519	2.86027e-09
10520	2.85244e-09
10521	2.84463e-09
10522	2.83684e-09
10523	2.82907e-09
10524	2.82133e-09
10525	2.8136e-09
10526	2.8059e-09
10527	2.79822e-09
10528	2.79055e-09
10529	2.78291e-09
10530	2.77529e-09
10531	2.7677e-09
10532	2.76012e-09
10533	2.75256e-09
10534	2.74502e-09
10535	2.73751e-09
10536	2.73001e-09
10537	2.72254e-09
10538	2.71508e-09
10539	2.70765e-09
10540	2.70024e-09
10541	2.69284e-09
10542	2.68547e-09
10543	2.67811e-09
10544	2.67078e-09
10545	2.66347e-09
10546	2.65618e-09
10547	2.6489e-09
10548	2.64165e-09
10549	2.63441e-09
10550	2.6272e-09
10551	2.62001e-09
10552	2.61283e-09
10553	2.60568e-09
10554	2.59854e-09
10555	2.59143e-09
10556	2.58433e-09
10557	2.57725e-09
10558	2.57019e-09
10559	2.56316e-09
10560	2.55614e-09
10561	2.54914e-09
10562	2.54216e-09
10563	2.53519e-09
10564	2.52825e-09
10565	2.52133e-09
10566	2.51442e-09
10567	2.50754e-09
10568	2.50067e-09
10569	2.49382e-09
10570	2.48699e-09
10571	2.48018e-09
10572	2.47339e-09
10573	2.46661e-09
10574	2.45986e-09
10575	2.45312e-09
10576	2.4464e-09
10577	2.4397e-09
10578	2.43302e-09
10579	2.42635e-09
10580	2.41971e-09
10581	2.41308e-09
10582	2.40647e-09
10583	2.39988e-09
10584	2.39331e-09
10585	2.38675e-09
10586	2.38022e-09
10587	2.3737e-09
10588	2.36719e-09
10589	2.36071e-09
10590	2.35424e-09
10591	2.3478e-09
10592	2.34136e-09
10593	2.33495e-09
10594	2.32856e-09
10595	2.32218e-09
10596	2.31582e-09
10597	2.30947e-09
10598	2.30315e-09
10599	2.29684e-09
10600	2.29055e-09
10601	2.28427e-09
10602	2.27801e-09
10603	2.27177e-09
10604	2.26555e-09
10605	2.25934e-09
10606	2.25316e-09
10607	2.24698e-09
10608	2.24083e-09
10609	2.23469e-09
10610	2.22857e-09
10611	2.22246e-09
10612	2.21637e-09
10613	2.2103e-09
10614	2.20425e-09
10615	2.19821e-09
10616	2.19219e-09
10617	2.18618e-09
10618	2.18019e-09
10619	2.17422e-09
10620	2.16826e-09
10621	2.16232e-09
10622	2.1564e-09
10623	2.15049e-09
10624	2.1446e-09
10625	2.13872e-09
10626	2.13286e-09
10627	2.12702e-09
10628	2.12119e-09
10629	2.11538e-09
10630	2.10958e-09
10631	2.1038e-09
10632	2.09804e-09
10633	2.09229e-09
10634	2.08656e-09
10635	2.08084e-09
10636	2.07514e-09
10637	2.06945e-09
10638	2.06378e-09
10639	2.05813e-09
10640	2.05249e-09
10641	2.04686e-09
10642	2.04126e-09
10643	2.03566e-09
10644	2.03008e-09
10645	2.02452e-09
10646	2.01897e-09
10647	2.01344e-09
10648	2.00792e-09
10649	2.00242e-09
10650	1.99694e-09
10651	1.99146e-09
10652	1.98601e-09
10653	1.98056e-09
10654	1.97514e-09
10655	1.96972e-09
10656	1.96433e-09
10657	1.95894e-09
10658	1.95358e-09
10659	1.94822e-09
10660	1.94288e-09
10661	1.93756e-09
10662	1.93225e-09
10663	1.92695e-09
10664	1.92167e-09
10665	1.91641e-09
10666	1.91115e-09
10667	1.90592e-09
10668	1.90069e-09
10669	1.89548e-09
10670	1.89029e-09
10671	1.88511e-09
10672	1.87994e-09
10673	1.87479e-09
10674	1.86965e-09
10675	1.86453e-09
10676	1.85942e-09
10677	1.85432e-09
10678	1.84924e-09
10679	1.84417e-09
10680	1.83912e-09
10681	1.83408e-09
10682	1.82905e-09
10683	1.82404e-09
10684	1.81904e-09
10685	1.81405e-09
10686	1.80908e-09
10687	1.80412e-09
10688	1.79917e-09
10689	1.79424e-09
10690	1.78933e-09
10691	1.78442e-09
10692	1.77953e-09
10693	1.77465e-09
10694	1.76979e-09
10695	1.76494e-09
10696	1.7601e-09
10697	1.75527e-09
10698	1.75046e-09
10699	1.74566e-09
10700	1.74088e-09
10701	1.73611e-09
10702	1.73135e-09
10703	1.7266e-09
10704	1.72187e-09
10705	1.71715e-09
10706	1.71244e-09
10707	1.70775e-09
10708	1.70307e-09
10709	1.6984e-09
10710	1.69374e-09
10711	1.6891e-09
10712	1.68447e-09
10713	1.67985e-09
10714	1.67524e-09
10715	1.67065e-09
10716	1.66607e-09
10717	1.6615e-09
10718	1.65695e-09
10719	1.65241e-09
10720	1.64788e-09
10721	1.64336e-09
10722	1.63885e-09
10723	1.63436e-09
10724	1.62988e-09
10725	1.62541e-09
10726	1.62095e-09
10727	1.61651e-09
10728	1.61208e-09
10729	1.60766e-09
10730	1.60325e-09
10731	1.59886e-09
10732	1.59447e-09
10733	1.5901e-09
10734	1.58574e-09
10735	1.58139e-09
10736	1.57706e-09
10737	1.57273e-09
10738	1.56842e-09
10739	1.56412e-09
10740	1.55983e-09
10741	1.55555e-09
10742	1.55129e-09
10743	1.54703e-09
10744	1.54279e-09
10745	1.53856e-09
10746	1.53434e-09
10747	1.53014e-09
10748	1.52594e-09
10749	1.52176e-09
10750	1.51758e-09
10751	1.51342e-09
10752	1.50927e-09
10753	1.50513e-09
10754	1.50101e-09
10755	1.49689e-09
10756	1.49279e-09
10757	1.48869e-09
10758	1.48461e-09
10759	1.48054e-09
10760	1.47648e-09
10761	1.47243e-09
10762	1.46839e-09
10763	1.46436e-09
10764	1.46035e-09
10765	1.45634e-09
10766	1.45235e-09
10767	1.44837e-09
10768	1.4444e-09
10769	1.44043e-09
10770	1.43648e-09
10771	1.43254e-09
10772	1.42862e-09
10773	1.4247e-09
10774	1.42079e-09
10775	1.41689e-09
10776	1.41301e-09
10777	1.40913e-09
10778	1.40527e-09
10779	1.40141e-09
10780	1.39757e-09
10781	1.39374e-09
10782	1.38991e-09
10783	1.3861e-09
10784	1.3823e-09
10785	1.37851e-09
10786	1.37473e-09
10787	1.37096e-09
10788	1.3672e-09
10789	1.36345e-09
10790	1.35971e-09
10791	1.35598e-09
10792	1.35226e-09
10793	1.34855e-09
10794	1.34485e-09
10795	1.34116e-09
10796	1.33748e-09
10797	1.33381e-09
10798	1.33016e-09
10799	1.32651e-09
10800	1.32287e-09
10801	1.31924e-09
10802	1.31562e-09
10803	1.31201e-09
10804	1.30841e-09
10805	1.30482e-09
10806	1.30125e-09
10807	1.29768e-09
10808	1.29412e-09
10809	1.29057e-09
10810	1.28703e-09
10811	1.28349e-09
10812	1.27997e-09
10813	1.27646e-09
10814	1.27296e-09
10815	1.26947e-09
10816	1.26599e-09
10817	1.26251e-09
10818	1.25905e-09
10819	1.2556e-09
10820	1.25215e-09
10821	1.24872e-09
10822	1.24529e-09
10823	1.24187e-09
10824	1.23847e-09
10825	1.23507e-09
10826	1.23168e-09
10827	1.2283e-09
10828	1.22493e-09
10829	1.22157e-09
10830	1.21822e-09
10831	1.21488e-09
10832	1.21154e-09
10833	1.20822e-09
10834	1.20491e-09
10835	1.2016e-09
10836	1.1983e-09
10837	1.19501e-09
10838	1.19174e-09
10839	1.18847e-09
10840	1.18521e-09
10841	1.18195e-09
10842	1.17871e-09
10843	1.17548e-09
10844	1.17225e-09
10845	1.16903e-09
10846	1.16583e-09
10847	1.16263e-09
10848	1.15944e-09
10849	1.15626e-09
10850	1.15308e-09
10851	1.14992e-09
10852	1.14676e-09
10853	1.14362e-09
10854	1.14048e-09
10855	1.13735e-09
10856	1.13423e-09
10857	1.13112e-09
10858	1.12801e-09
10859	1.12492e-09
10860	1.12183e-09
10861	1.11875e-09
10862	1.11568e-09
10863	1.11262e-09
10864	1.10957e-09
10865	1.10652e-09
10866	1.10349e-09
10867	1.10046e-09
10868	1.09744e-09
10869	1.09443e-09
10870	1.09142e-09
10871	1.08843e-09
10872	1.08544e-09
10873	1.08246e-09
10874	1.07949e-09
10875	1.07653e-09
10876	1.07357e-09
10877	1.07063e-09
10878	1.06769e-09
10879	1.06476e-09
10880	1.06184e-09
10881	1.05892e-09
10882	1.05602e-09
10883	1.05312e-09
10884	1.05023e-09
10885	1.04735e-09
10886	1.04447e-09
10887	1.0416e-09
10888	1.03875e-09
10889	1.03589e-09
10890	1.03305e-09
10891	1.03022e-09
10892	1.02739e-09
10893	1.02457e-09
10894	1.02176e-09
10895	1.01895e-09
10896	1.01615e-09
10897	1.01337e-09
10898	1.01058e-09
10899	1.00781e-09
10900	1.00504e-09
10901	1.00229e-09
10902	9.99534e-10
10903	9.96791e-10
10904	9.94055e-10
10905	9.91326e-10
10906	9.88605e-10
10907	9.85891e-10
10908	9.83185e-10
10909	9.80486e-10
10910	9.77795e-10
10911	9.75111e-10
10912	9.72434e-10
10913	9.69765e-10
10914	9.67102e-10
10915	9.64448e-10
10916	9.618e-10
10917	9.5916e-10
10918	9.56527e-10
10919	9.53901e-10
10920	9.51282e-10
10921	9.48671e-10
10922	9.46066e-10
10923	9.43469e-10
10924	9.40879e-10
10925	9.38296e-10
10926	9.3572e-10
10927	9.33151e-10
10928	9.3059e-10
10929	9.28035e-10
10930	9.25487e-10
10931	9.22946e-10
10932	9.20412e-10
10933	9.17885e-10
10934	9.15365e-10
10935	9.12852e-10
10936	9.10346e-10
10937	9.07847e-10
10938	9.05354e-10
10939	9.02869e-10
10940	9.0039e-10
10941	8.97918e-10
10942	8.95452e-10
10943	8.92994e-10
10944	8.90542e-10
10945	8.88097e-10
10946	8.85658e-10
10947	8.83227e-10
10948	8.80802e-10
10949	8.78383e-10
10950	8.75971e-10
10951	8.73566e-10
10952	8.71168e-10
10953	8.68776e-10
10954	8.6639e-10
10955	8.64011e-10
10956	8.61639e-10
10957	8.59273e-10
10958	8.56913e-10
10959	8.5456e-10
10960	8.52214e-10
10961	8.49874e-10
10962	8.4754e-10
10963	8.45213e-10
10964	8.42892e-10
10965	8.40577e-10
10966	8.38269e-10
10967	8.35967e-10
10968	8.33671e-10
10969	8.31382e-10
10970	8.29099e-10
10971	8.26822e-10
10972	8.24552e-10
10973	8.22287e-10
10974	8.20029e-10
10975	8.17777e-10
10976	8.15531e-10
10977	8.13292e-10
10978	8.11058e-10
10979	8.08831e-10
10980	8.0661e-10
10981	8.04395e-10
10982	8.02185e-10
10983	7.99982e-10
10984	7.97785e-10
10985	7.95594e-10
10986	7.93409e-10
10987	7.9123e-10
10988	7.89057e-10
10989	7.8689e-10
10990	7.84729e-10
10991	7.82574e-10
10992	7.80425e-10
10993	7.78281e-10
10994	7.76144e-10
10995	7.74012e-10
10996	7.71886e-10
10997	7.69766e-10
10998	7.67652e-10
10999	7.65543e-10
11000	7.63441e-10
11001	7.61344e-10
11002	7.59253e-10
11003	7.57167e-10
11004	7.55087e-10
11005	7.53013e-10
11006	7.50945e-10
11007	7.48882e-10
11008	7.46825e-10
11009	7.44774e-10
11010	7.42728e-10
11011	7.40688e-10
11012	7.38654e-10
11013	7.36625e-10
11014	7.34601e-10
11015	7.32583e-10
11016	7.30571e-10
11017	7.28564e-10
11018	7.26563e-10
11019	7.24567e-10
11020	7.22577e-10
11021	7.20592e-10
11022	7.18612e-10
11023	7.16638e-10
11024	7.1467e-10
11025	7.12706e-10
11026	7.10749e-10
11027	7.08796e-10
11028	7.06849e-10
11029	7.04907e-10
11030	7.02971e-10
11031	7.0104e-10
11032	6.99114e-10
11033	6.97193e-10
11034	6.95278e-10
11035	6.93368e-10
11036	6.91463e-10
11037	6.89563e-10
11038	6.87669e-10
11039	6.85779e-10
11040	6.83895e-10
11041	6.82017e-10
11042	6.80143e-10
11043	6.78274e-10
11044	6.76411e-10
11045	6.74552e-10
11046	6.72699e-10
11047	6.70851e-10
11048	6.69008e-10
11049	6.6717e-10
11050	6.65337e-10
11051	6.63509e-10
11052	6.61686e-10
11053	6.59868e-10
11054	6.58054e-10
11055	6.56246e-10
11056	6.54443e-10
11057	6.52645e-10
11058	6.50852e-10
11059	6.49064e-10
11060	6.4728e-10
11061	6.45502e-10
11062	6.43728e-10
11063	6.41959e-10
11064	6.40195e-10
11065	6.38436e-10
11066	6.36682e-10
11067	6.34932e-10
11068	6.33188e-10
11069	6.31448e-10
11070	6.29713e-10
11071	6.27982e-10
11072	6.26257e-10
11073	6.24536e-10
11074	6.2282e-10
11075	6.21108e-10
11076	6.19401e-10
11077	6.17699e-10
11078	6.16002e-10
11079	6.14309e-10
11080	6.12621e-10
11081	6.10938e-10
11082	6.09259e-10
11083	6.07584e-10
11084	6.05915e-10
11085	6.0425e-10
11086	6.02589e-10
11087	6.00933e-10
11088	5.99282e-10
11089	5.97635e-10
11090	5.95992e-10
11091	5.94354e-10
11092	5.92721e-10
11093	5.91092e-10
11094	5.89467e-10
11095	5.87847e-10
11096	5.86232e-10
11097	5.84621e-10
11098	5.83014e-10
11099	5.81412e-10
11100	5.79814e-10
11101	5.7822e-10
11102	5.76631e-10
11103	5.75046e-10
11104	5.73466e-10
11105	5.71889e-10
11106	5.70318e-10
11107	5.6875e-10
11108	5.67187e-10
11109	5.65628e-10
11110	5.64073e-10
11111	5.62523e-10
11112	5.60977e-10
11113	5.59435e-10
11114	5.57897e-10
11115	5.56364e-10
11116	5.54835e-10
11117	5.5331e-10
11118	5.51789e-10
11119	5.50272e-10
11120	5.48759e-10
11121	5.47251e-10
11122	5.45747e-10
11123	5.44247e-10
11124	5.42751e-10
11125	5.41259e-10
11126	5.39771e-10
11127	5.38287e-10
11128	5.36807e-10
11129	5.35332e-10
11130	5.3386e-10
11131	5.32393e-10
11132	5.30929e-10
11133	5.2947e-10
11134	5.28014e-10
11135	5.26563e-10
11136	5.25115e-10
11137	5.23672e-10
11138	5.22232e-10
11139	5.20796e-10
11140	5.19365e-10
11141	5.17937e-10
11142	5.16513e-10
11143	5.15093e-10
11144	5.13677e-10
11145	5.12265e-10
11146	5.10857e-10
11147	5.09452e-10
11148	5.08052e-10
11149	5.06655e-10
11150	5.05262e-10
11151	5.03873e-10
11152	5.02488e-10
11153	5.01106e-10
11154	4.99728e-10
11155	4.98355e-10
11156	4.96984e-10
11157	4.95618e-10
11158	4.94255e-10
11159	4.92896e-10
11160	4.91541e-10
11161	4.9019e-10
11162	4.88842e-10
11163	4.87498e-10
11164	4.86158e-10
11165	4.84821e-10
11166	4.83488e-10
11167	4.82159e-10
11168	4.80833e-10
11169	4.79511e-10
11170	4.78192e-10
11171	4.76878e-10
11172	4.75566e-10
11173	4.74259e-10
11174	4.72955e-10
11175	4.71654e-10
11176	4.70357e-10
11177	4.69064e-10
11178	4.67774e-10
11179	4.66488e-10
11180	4.65205e-10
11181	4.63926e-10
11182	4.6265e-10
11183	4.61378e-10
11184	4.60109e-10
11185	4.58844e-10
11186	4.57582e-10
11187	4.56324e-10
11188	4.55069e-10
11189	4.53818e-10
11190	4.5257e-10
11191	4.51325e-10
11192	4.50084e-10
11193	4.48847e-10
11194	4.47612e-10
11195	4.46381e-10
11196	4.45154e-10
11197	4.4393e-10
11198	4.42709e-10
11199	4.41491e-10
11200	4.40277e-10
11201	4.39066e-10
11202	4.37859e-10
11203	4.36655e-10
11204	4.35454e-10
11205	4.34256e-10
11206	4.33062e-10
11207	4.31871e-10
11208	4.30683e-10
11209	4.29499e-10
11210	4.28317e-10
11211	4.27139e-10
11212	4.25965e-10
11213	4.24793e-10
11214	4.23625e-10
11215	4.2246e-10
11216	4.21298e-10
11217	4.20139e-10
11218	4.18984e-10
11219	4.17831e-10
11220	4.16682e-10
11221	4.15536e-10
11222	4.14393e-10
11223	4.13253e-10
11224	4.12117e-10
11225	4.10983e-10
11226	4.09853e-10
11227	4.08725e-10
11228	4.07601e-10
11229	4.0648e-10
11230	4.05362e-10
11231	4.04247e-10
11232	4.03135e-10
11233	4.02026e-10
11234	4.0092e-10
11235	3.99817e-10
11236	3.98718e-10
11237	3.97621e-10
11238	3.96527e-10
11239	3.95436e-10
11240	3.94349e-10
11241	3.93264e-10
11242	3.92182e-10
11243	3.91103e-10
11244	3.90027e-10
11245	3.88954e-10
11246	3.87884e-10
11247	3.86817e-10
11248	3.85753e-10
11249	3.84692e-10
11250	3.83634e-10
11251	3.82579e-10
11252	3.81526e-10
11253	3.80477e-10
11254	3.7943e-10
11255	3.78386e-10
11256	3.77345e-10
11257	3.76307e-10
11258	3.75272e-10
11259	3.74239e-10
11260	3.7321e-10
11261	3.72183e-10
11262	3.71159e-10
11263	3.70138e-10
11264	3.6912e-10
11265	3.68104e-10
11266	3.67091e-10
11267	3.66081e-10
11268	3.65074e-10
11269	3.6407e-10
11270	3.63068e-10
11271	3.62069e-10
11272	3.61073e-10
11273	3.6008e-10
11274	3.59089e-10
11275	3.58101e-10
11276	3.57116e-10
11277	3.56133e-10
11278	3.55153e-10
11279	3.54176e-10
11280	3.53202e-10
11281	3.5223e-10
11282	3.51261e-10
11283	3.50294e-10
11284	3.4933e-10
11285	3.48369e-10
11286	3.47411e-10
11287	3.46455e-10
11288	3.45501e-10
11289	3.44551e-10
11290	3.43603e-10
11291	3.42657e-10
11292	3.41714e-10
11293	3.40774e-10
11294	3.39836e-10
11295	3.38901e-10
11296	3.37969e-10
11297	3.37039e-10
11298	3.36111e-10
11299	3.35186e-10
11300	3.34264e-10
11301	3.33344e-10
11302	3.32427e-10
11303	3.31512e-10
11304	3.306e-10
11305	3.2969e-10
11306	3.28783e-10
11307	3.27878e-10
11308	3.26976e-10
11309	3.26076e-10
11310	3.25179e-10
11311	3.24284e-10
11312	3.23391e-10
11313	3.22501e-10
11314	3.21614e-10
11315	3.20729e-10
11316	3.19846e-10
11317	3.18966e-10
11318	3.18088e-10
11319	3.17212e-10
11320	3.16339e-10
11321	3.15469e-10
11322	3.14601e-10
11323	3.13735e-10
11324	3.12871e-10
11325	3.1201e-10
11326	3.11152e-10
11327	3.10295e-10
11328	3.09441e-10
11329	3.0859e-10
11330	3.0774e-10
11331	3.06893e-10
11332	3.06049e-10
11333	3.05206e-10
11334	3.04366e-10
11335	3.03528e-10
11336	3.02693e-10
11337	3.0186e-10
11338	3.01029e-10
11339	3.00201e-10
11340	2.99374e-10
11341	2.9855e-10
11342	2.97728e-10
11343	2.96909e-10
11344	2.96092e-10
11345	2.95277e-10
11346	2.94464e-10
11347	2.93653e-10
11348	2.92845e-10
11349	2.92039e-10
11350	2.91235e-10
11351	2.90434e-10
11352	2.89634e-10
11353	2.88837e-10
11354	2.88042e-10
11355	2.87249e-10
11356	2.86458e-10
11357	2.8567e-10
11358	2.84883e-10
11359	2.84099e-10
11360	2.83317e-10
11361	2.82537e-10
11362	2.81759e-10
11363	2.80984e-10
11364	2.8021e-10
11365	2.79439e-10
11366	2.78669e-10
11367	2.77902e-10
11368	2.77137e-10
11369	2.76374e-10
11370	2.75613e-10
11371	2.74855e-10
11372	2.74098e-10
11373	2.73343e-10
11374	2.72591e-10
11375	2.71841e-10
11376	2.71092e-10
11377	2.70346e-10
11378	2.69602e-10
11379	2.68859e-10
11380	2.68119e-10
11381	2.67381e-10
11382	2.66645e-10
11383	2.65911e-10
11384	2.65179e-10
11385	2.64448e-10
11386	2.6372e-10
11387	2.62994e-10
11388	2.6227e-10
11389	2.61548e-10
11390	2.60828e-10
11391	2.6011e-10
11392	2.59394e-10
11393	2.5868e-10
11394	2.57967e-10
11395	2.57257e-10
11396	2.56549e-10
11397	2.55842e-10
11398	2.55138e-10
11399	2.54435e-10
11400	2.53735e-10
11401	2.53036e-10
11402	2.52339e-10
11403	2.51645e-10
11404	2.50952e-10
11405	2.50261e-10
11406	2.49572e-10
11407	2.48884e-10
11408	2.48199e-10
11409	2.47516e-10
11410	2.46834e-10
11411	2.46154e-10
11412	2.45477e-10
11413	2.44801e-10
11414	2.44127e-10
11415	2.43454e-10
11416	2.42784e-10
11417	2.42115e-10
11418	2.41449e-10
11419	2.40784e-10
11420	2.40121e-10
11421	2.39459e-10
11422	2.388e-10
11423	2.38142e-10
11424	2.37487e-10
11425	2.36833e-10
11426	2.3618e-10
11427	2.3553e-10
11428	2.34881e-10
11429	2.34235e-10
11430	2.33589e-10
11431	2.32946e-10
11432	2.32305e-10
11433	2.31665e-10
11434	2.31027e-10
11435	2.30391e-10
11436	2.29756e-10
11437	2.29123e-10
11438	2.28492e-10
11439	2.27863e-10
11440	2.27235e-10
11441	2.2661e-10
11442	2.25986e-10
11443	2.25363e-10
11444	2.24742e-10
11445	2.24123e-10
11446	2.23506e-10
11447	2.22891e-10
11448	2.22277e-10
11449	2.21665e-10
11450	2.21054e-10
11451	2.20445e-10
11452	2.19838e-10
11453	2.19232e-10
11454	2.18629e-10
11455	2.18026e-10
11456	2.17426e-10
11457	2.16827e-10
11458	2.1623e-10
11459	2.15634e-10
11460	2.1504e-10
11461	2.14448e-10
11462	2.13857e-10
11463	2.13268e-10
11464	2.12681e-10
11465	2.12095e-10
11466	2.11511e-10
11467	2.10928e-10
11468	2.10347e-10
11469	2.09768e-10
11470	2.0919e-10
11471	2.08614e-10
11472	2.08039e-10
11473	2.07466e-10
11474	2.06894e-10
11475	2.06325e-10
11476	2.05756e-10
11477	2.05189e-10
11478	2.04624e-10
11479	2.0406e-10
11480	2.03498e-10
11481	2.02938e-10
11482	2.02379e-10
11483	2.01821e-10
11484	2.01265e-10
11485	2.00711e-10
11486	2.00158e-10
11487	1.99606e-10
11488	1.99057e-10
11489	1.98508e-10
11490	1.97961e-10
11491	1.97416e-10
11492	1.96872e-10
11493	1.9633e-10
11494	1.95789e-10
11495	1.95249e-10
11496	1.94711e-10
11497	1.94175e-10
11498	1.9364e-10
11499	1.93107e-10
11500	1.92575e-10
11501	1.92044e-10
11502	1.91515e-10
11503	1.90987e-10
11504	1.90461e-10
11505	1.89936e-10
11506	1.89413e-10
11507	1.88891e-10
11508	1.88371e-10
11509	1.87852e-10
11510	1.87334e-10
11511	1.86818e-10
11512	1.86303e-10
11513	1.8579e-10
11514	1.85278e-10
11515	1.84768e-10
11516	1.84258e-10
11517	1.83751e-10
11518	1.83244e-10
11519	1.8274e-10
11520	1.82236e-10
11521	1.81734e-10
11522	1.81233e-10
11523	1.80734e-10
11524	1.80236e-10
11525	1.79739e-10
11526	1.79244e-10
11527	1.7875e-10
11528	1.78257e-10
11529	1.77766e-10
11530	1.77276e-10
11531	1.76788e-10
11532	1.76301e-10
11533	1.75815e-10
11534	1.7533e-10
11535	1.74847e-10
11536	1.74365e-10
11537	1.73885e-10
11538	1.73406e-10
11539	1.72928e-10
11540	1.72451e-10
11541	1.71976e-10
11542	1.71502e-10
11543	1.7103e-10
11544	1.70558e-10
11545	1.70088e-10
11546	1.6962e-10
11547	1.69152e-10
11548	1.68686e-10
11549	1.68221e-10
11550	1.67758e-10
11551	1.67295e-10
11552	1.66834e-10
11553	1.66374e-10
11554	1.65916e-10
11555	1.65459e-10
11556	1.65003e-10
11557	1.64548e-10
11558	1.64094e-10
11559	1.63642e-10
11560	1.63191e-10
11561	1.62741e-10
11562	1.62293e-10
11563	1.61846e-10
11564	1.61399e-10
11565	1.60955e-10
11566	1.60511e-10
11567	1.60069e-10
11568	1.59627e-10
11569	1.59187e-10
11570	1.58749e-10
11571	1.58311e-10
11572	1.57875e-10
11573	1.5744e-10
11574	1.57006e-10
11575	1.56573e-10
11576	1.56141e-10
11577	1.55711e-10
11578	1.55282e-10
11579	1.54854e-10
11580	1.54427e-10
11581	1.54001e-10
11582	1.53577e-10
11583	1.53154e-10
11584	1.52731e-10
11585	1.5231e-10
11586	1.51891e-10
11587	1.51472e-10
11588	1.51054e-10
11589	1.50638e-10
11590	1.50223e-10
11591	1.49809e-10
11592	1.49396e-10
11593	1.48984e-10
11594	1.48573e-10
11595	1.48164e-10
11596	1.47755e-10
11597	1.47348e-10
11598	1.46942e-10
11599	1.46537e-10
11600	1.46133e-10
11601	1.4573e-10
11602	1.45328e-10
11603	1.44928e-10
11604	1.44528e-10
11605	1.4413e-10
11606	1.43732e-10
11607	1.43336e-10
11608	1.42941e-10
11609	1.42547e-10
11610	1.42154e-10
11611	1.41762e-10
11612	1.41371e-10
11613	1.40981e-10
11614	1.40593e-10
11615	1.40205e-10
11616	1.39819e-10
11617	1.39433e-10
11618	1.39049e-10
11619	1.38665e-10
11620	1.38283e-10
11621	1.37902e-10
11622	1.37522e-10
11623	1.37142e-10
11624	1.36764e-10
11625	1.36387e-10
11626	1.36011e-10
11627	1.35636e-10
11628	1.35262e-10
11629	1.34889e-10
11630	1.34517e-10
11631	1.34147e-10
11632	1.33777e-10
11633	1.33408e-10
11634	1.3304e-10
11635	1.32673e-10
11636	1.32307e-10
11637	1.31943e-10
11638	1.31579e-10
11639	1.31216e-10
11640	1.30854e-10
11641	1.30493e-10
11642	1.30134e-10
11643	1.29775e-10
11644	1.29417e-10
11645	1.2906e-10
11646	1.28704e-10
11647	1.28349e-10
11648	1.27995e-10
11649	1.27642e-10
11650	1.2729e-10
11651	1.26939e-10
11652	1.26589e-10
11653	1.2624e-10
11654	1.25892e-10
11655	1.25545e-10
11656	1.25199e-10
11657	1.24854e-10
11658	1.24509e-10
11659	1.24166e-10
11660	1.23824e-10
11661	1.23482e-10
11662	1.23142e-10
11663	1.22802e-10
11664	1.22463e-10
11665	1.22126e-10
11666	1.21789e-10
11667	1.21453e-10
11668	1.21118e-10
11669	1.20784e-10
11670	1.20451e-10
11671	1.20119e-10
11672	1.19788e-10
11673	1.19457e-10
11674	1.19128e-10
11675	1.18799e-10
11676	1.18472e-10
11677	1.18145e-10
11678	1.17819e-10
11679	1.17494e-10
11680	1.1717e-10
11681	1.16847e-10
11682	1.16525e-10
11683	1.16203e-10
11684	1.15883e-10
11685	1.15563e-10
11686	1.15244e-10
11687	1.14927e-10
11688	1.1461e-10
11689	1.14293e-10
11690	1.13978e-10
11691	1.13664e-10
11692	1.1335e-10
11693	1.13038e-10
11694	1.12726e-10
11695	1.12415e-10
11696	1.12105e-10
11697	1.11796e-10
11698	1.11487e-10
11699	1.1118e-10
11700	1.10873e-10
11701	1.10567e-10
11702	1.10262e-10
11703	1.09958e-10
11704	1.09655e-10
11705	1.09353e-10
11706	1.09051e-10
11707	1.0875e-10
11708	1.0845e-10
11709	1.08151e-10
11710	1.07853e-10
11711	1.07555e-10
11712	1.07259e-10
11713	1.06963e-10
11714	1.06668e-10
11715	1.06373e-10
11716	1.0608e-10
11717	1.05787e-10
11718	1.05496e-10
11719	1.05204e-10
11720	1.04914e-10
11721	1.04625e-10
11722	1.04336e-10
11723	1.04048e-10
11724	1.03761e-10
11725	1.03475e-10
11726	1.0319e-10
11727	1.02905e-10
11728	1.02621e-10
11729	1.02338e-10
11730	1.02056e-10
11731	1.01774e-10
11732	1.01493e-10
11733	1.01213e-10
11734	1.00934e-10
11735	1.00656e-10
11736	1.00378e-10
11737	1.00101e-10
11738	9.9825e-11
11739	9.95496e-11
11740	9.92749e-11
11741	9.9001e-11
11742	9.87279e-11
11743	9.84555e-11
11744	9.81839e-11
11745	9.7913e-11
11746	9.76429e-11
11747	9.73735e-11
11748	9.71048e-11
11749	9.68369e-11
11750	9.65697e-11
11751	9.63033e-11
11752	9.60376e-11
11753	9.57726e-11
11754	9.55084e-11
11755	9.52448e-11
11756	9.49821e-11
11757	9.472e-11
11758	9.44586e-11
11759	9.4198e-11
11760	9.39381e-11
11761	9.36789e-11
11762	9.34204e-11
11763	9.31627e-11
11764	9.29056e-11
11765	9.26493e-11
11766	9.23936e-11
11767	9.21387e-11
11768	9.18844e-11
11769	9.16309e-11
11770	9.13781e-11
11771	9.11259e-11
11772	9.08745e-11
11773	9.06237e-11
11774	9.03736e-11
11775	9.01243e-11
11776	8.98756e-11
11777	8.96276e-11
11778	8.93802e-11
11779	8.91336e-11
11780	8.88876e-11
11781	8.86424e-11
11782	8.83977e-11
11783	8.81538e-11
11784	8.79105e-11
11785	8.7668e-11
11786	8.7426e-11
11787	8.71848e-11
11788	8.69442e-11
11789	8.67042e-11
11790	8.6465e-11
11791	8.62264e-11
11792	8.59884e-11
11793	8.57511e-11
11794	8.55144e-11
11795	8.52785e-11
11796	8.50431e-11
11797	8.48084e-11
11798	8.45744e-11
11799	8.4341e-11
11800	8.41082e-11
11801	8.38761e-11
11802	8.36446e-11
11803	8.34137e-11
11804	8.31835e-11
11805	8.2954e-11
11806	8.2725e-11
11807	8.24967e-11
11808	8.2269e-11
11809	8.2042e-11
11810	8.18155e-11
11811	8.15897e-11
11812	8.13645e-11
11813	8.114e-11
11814	8.0916e-11
11815	8.06927e-11
11816	8.047e-11
11817	8.02479e-11
11818	8.00264e-11
11819	7.98055e-11
11820	7.95852e-11
11821	7.93656e-11
11822	7.91465e-11
11823	7.89281e-11
11824	7.87102e-11
11825	7.84929e-11
11826	7.82763e-11
11827	7.80602e-11
11828	7.78448e-11
11829	7.76299e-11
11830	7.74156e-11
11831	7.72019e-11
11832	7.69888e-11
11833	7.67763e-11
11834	7.65644e-11
11835	7.63531e-11
11836	7.61423e-11
11837	7.59321e-11
11838	7.57225e-11
11839	7.55135e-11
11840	7.5305e-11
11841	7.50972e-11
11842	7.48899e-11
11843	7.46831e-11
11844	7.4477e-11
11845	7.42714e-11
11846	7.40664e-11
11847	7.38619e-11
11848	7.3658e-11
11849	7.34547e-11
11850	7.32519e-11
11851	7.30497e-11
11852	7.2848e-11
11853	7.26469e-11
11854	7.24464e-11
11855	7.22464e-11
11856	7.20469e-11
11857	7.1848e-11
11858	7.16497e-11
11859	7.14519e-11
11860	7.12546e-11
11861	7.10579e-11
11862	7.08617e-11
11863	7.06661e-11
11864	7.0471e-11
11865	7.02764e-11
11866	7.00824e-11
11867	6.98889e-11
11868	6.9696e-11
11869	6.95036e-11
11870	6.93117e-11
11871	6.91203e-11
11872	6.89295e-11
11873	6.87392e-11
11874	6.85494e-11
11875	6.83601e-11
11876	6.81714e-11
11877	6.79832e-11
11878	6.77955e-11
11879	6.76083e-11
11880	6.74216e-11
11881	6.72355e-11
11882	6.70498e-11
11883	6.68647e-11
11884	6.66801e-11
11885	6.6496e-11
11886	6.63124e-11
11887	6.61293e-11
11888	6.59467e-11
11889	6.57646e-11
11890	6.5583e-11
11891	6.54019e-11
11892	6.52213e-11
11893	6.50412e-11
11894	6.48616e-11
11895	6.46826e-11
11896	6.45039e-11
11897	6.43258e-11
11898	6.41482e-11
11899	6.39711e-11
11900	6.37944e-11
11901	6.36183e-11
11902	6.34426e-11
11903	6.32674e-11
11904	6.30927e-11
11905	6.29185e-11
11906	6.27447e-11
11907	6.25715e-11
11908	6.23987e-11
11909	6.22264e-11
11910	6.20545e-11
11911	6.18832e-11
11912	6.17123e-11
11913	6.15419e-11
11914	6.13719e-11
11915	6.12024e-11
11916	6.10334e-11
11917	6.08649e-11
11918	6.06968e-11
11919	6.05292e-11
11920	6.0362e-11
11921	6.01953e-11
11922	6.00291e-11
11923	5.98633e-11
11924	5.9698e-11
11925	5.95331e-11
11926	5.93687e-11
11927	5.92047e-11
11928	5.90412e-11
11929	5.88782e-11
11930	5.87156e-11
11931	5.85534e-11
11932	5.83917e-11
11933	5.82304e-11
11934	5.80696e-11
11935	5.79092e-11
11936	5.77493e-11
11937	5.75898e-11
11938	5.74307e-11
11939	5.72721e-11
11940	5.71139e-11
11941	5.69562e-11
11942	5.67989e-11
11943	5.6642e-11
11944	5.64856e-11
11945	5.63296e-11
11946	5.6174e-11
11947	5.60188e-11
11948	5.58641e-11
11949	5.57098e-11
11950	5.55559e-11
11951	5.54025e-11
11952	5.52494e-11
11953	5.50968e-11
11954	5.49447e-11
11955	5.47929e-11
11956	5.46415e-11
11957	5.44906e-11
11958	5.43401e-11
11959	5.419e-11
11960	5.40403e-11
11961	5.3891e-11
11962	5.37422e-11
11963	5.35937e-11
11964	5.34457e-11
11965	5.32981e-11
11966	5.31508e-11
11967	5.3004e-11
11968	5.28576e-11
11969	5.27116e-11
11970	5.2566e-11
11971	5.24208e-11
11972	5.2276e-11
11973	5.21316e-11
11974	5.19875e-11
11975	5.18439e-11
11976	5.17007e-11
11977	5.15579e-11
11978	5.14155e-11
11979	5.12734e-11
11980	5.11318e-11
11981	5.09905e-11
11982	5.08497e-11
11983	5.07092e-11
11984	5.05691e-11
11985	5.04294e-11
11986	5.02901e-11
11987	5.01512e-11
11988	5.00126e-11
11989	4.98744e-11
11990	4.97367e-11
11991	4.95993e-11
11992	4.94622e-11
11993	4.93256e-11
11994	4.91893e-11
11995	4.90534e-11
11996	4.89179e-11
11997	4.87827e-11
11998	4.8648e-11
11999	4.85136e-11
12000	4.83795e-11
12001	4.82459e-11
12002	4.81126e-11
12003	4.79796e-11
12004	4.78471e-11
12005	4.77149e-11
12006	4.7583e-11
12007	4.74516e-11
12008	4.73205e-11
12009	4.71897e-11
12010	4.70593e-11
12011	4.69293e-11
12012	4.67997e-11
12013	4.66703e-11
12014	4.65414e-11
12015	4.64128e-11
12016	4.62846e-11
12017	4.61567e-11
12018	4.60291e-11
12019	4.5902e-11
12020	4.57751e-11
12021	4.56486e-11
12022	4.55225e-11
12023	4.53967e-11
12024	4.52713e-11
12025	4.51462e-11
12026	4.50214e-11
12027	4.4897e-11
12028	4.4773e-11
12029	4.46493e-11
12030	4.45259e-11
12031	4.44028e-11
12032	4.42801e-11
12033	4.41578e-11
12034	4.40358e-11
12035	4.39141e-11
12036	4.37927e-11
12037	4.36717e-11
12038	4.3551e-11
12039	4.34307e-11
12040	4.33107e-11
12041	4.3191e-11
12042	4.30716e-11
12043	4.29526e-11
12044	4.28339e-11
12045	4.27155e-11
12046	4.25975e-11
12047	4.24798e-11
12048	4.23624e-11
12049	4.22453e-11
12050	4.21286e-11
12051	4.20121e-11
12052	4.1896e-11
12053	4.17803e-11
12054	4.16648e-11
12055	4.15496e-11
12056	4.14348e-11
12057	4.13203e-11
12058	4.12061e-11
12059	4.10922e-11
12060	4.09787e-11
12061	4.08654e-11
12062	4.07525e-11
12063	4.06398e-11
12064	4.05275e-11
12065	4.04155e-11
12066	4.03038e-11
12067	4.01924e-11
12068	4.00813e-11
12069	3.99706e-11
12070	3.98601e-11
12071	3.97499e-11
12072	3.964e-11
12073	3.95305e-11
12074	3.94212e-11
12075	3.93123e-11
12076	3.92036e-11
12077	3.90953e-11
12078	3.89872e-11
12079	3.88794e-11
12080	3.8772e-11
12081	3.86648e-11
12082	3.85579e-11
12083	3.84514e-11
12084	3.83451e-11
12085	3.82391e-11
12086	3.81334e-11
12087	3.8028e-11
12088	3.79229e-11
12089	3.78181e-11
12090	3.77135e-11
12091	3.76093e-11
12092	3.75053e-11
12093	3.74017e-11
12094	3.72983e-11
12095	3.71952e-11
12096	3.70924e-11
12097	3.69898e-11
12098	3.68876e-11
12099	3.67856e-11
12100	3.66839e-11
12101	3.65825e-11
12102	3.64814e-11
12103	3.63805e-11
12104	3.628e-11
12105	3.61797e-11
12106	3.60797e-11
12107	3.59799e-11
12108	3.58805e-11
12109	3.57813e-11
12110	3.56824e-11
12111	3.55837e-11
12112	3.54853e-11
12113	3.53873e-11
12114	3.52894e-11
12115	3.51919e-11
12116	3.50946e-11
12117	3.49976e-11
12118	3.49008e-11
12119	3.48043e-11
12120	3.47081e-11
12121	3.46121e-11
12122	3.45165e-11
12123	3.4421e-11
12124	3.43259e-11
12125	3.4231e-11
12126	3.41363e-11
12127	3.4042e-11
12128	3.39478e-11
12129	3.3854e-11
12130	3.37604e-11
12131	3.36671e-11
12132	3.3574e-11
12133	3.34811e-11
12134	3.33886e-11
12135	3.32963e-11
12136	3.32042e-11
12137	3.31124e-11
12138	3.30209e-11
12139	3.29296e-11
12140	3.28385e-11
12141	3.27477e-11
12142	3.26572e-11
12143	3.25669e-11
12144	3.24768e-11
12145	3.2387e-11
12146	3.22975e-11
12147	3.22082e-11
12148	3.21191e-11
12149	3.20303e-11
12150	3.19418e-11
12151	3.18534e-11
12152	3.17654e-11
12153	3.16775e-11
12154	3.15899e-11
12155	3.15026e-11
12156	3.14155e-11
12157	3.13286e-11
12158	3.1242e-11
12159	3.11556e-11
12160	3.10695e-11
12161	3.09835e-11
12162	3.08979e-11
12163	3.08124e-11
12164	3.07272e-11
12165	3.06423e-11
12166	3.05575e-11
12167	3.0473e-11
12168	3.03888e-11
12169	3.03047e-11
12170	3.02209e-11
12171	3.01373e-11
12172	3.0054e-11
12173	2.99709e-11
12174	2.9888e-11
12175	2.98054e-11
12176	2.97229e-11
12177	2.96407e-11
12178	2.95588e-11
12179	2.9477e-11
12180	2.93955e-11
12181	2.93142e-11
12182	2.92332e-11
12183	2.91523e-11
12184	2.90717e-11
12185	2.89913e-11
12186	2.89111e-11
12187	2.88312e-11
12188	2.87514e-11
12189	2.86719e-11
12190	2.85926e-11
12191	2.85135e-11
12192	2.84347e-11
12193	2.83561e-11
12194	2.82776e-11
12195	2.81994e-11
12196	2.81214e-11
12197	2.80437e-11
12198	2.79661e-11
12199	2.78887e-11
12200	2.78116e-11
12201	2.77347e-11
12202	2.7658e-11
12203	2.75815e-11
12204	2.75052e-11
12205	2.74291e-11
12206	2.73533e-11
12207	2.72776e-11
12208	2.72022e-11
12209	2.71269e-11
12210	2.70519e-11
12211	2.69771e-11
12212	2.69025e-11
12213	2.68281e-11
12214	2.67538e-11
12215	2.66798e-11
12216	2.66061e-11
12217	2.65325e-11
12218	2.64591e-11
12219	2.63859e-11
12220	2.63129e-11
12221	2.62401e-11
12222	2.61675e-11
12223	2.60952e-11
12224	2.6023e-11
12225	2.5951e-11
12226	2.58792e-11
12227	2.58076e-11
12228	2.57362e-11
12229	2.56651e-11
12230	2.55941e-11
12231	2.55233e-11
12232	2.54527e-11
12233	2.53823e-11
12234	2.5312e-11
12235	2.5242e-11
12236	2.51722e-11
12237	2.51026e-11
12238	2.50331e-11
12239	2.49639e-11
12240	2.48948e-11
12241	2.48259e-11
12242	2.47573e-11
12243	2.46888e-11
12244	2.46205e-11
12245	2.45524e-11
12246	2.44845e-11
12247	2.44167e-11
12248	2.43492e-11
12249	2.42818e-11
12250	2.42146e-11
12251	2.41476e-11
12252	2.40808e-11
12253	2.40142e-11
12254	2.39478e-11
12255	2.38815e-11
12256	2.38155e-11
12257	2.37496e-11
12258	2.36839e-11
12259	2.36184e-11
12260	2.3553e-11
12261	2.34879e-11
12262	2.34229e-11
12263	2.33581e-11
12264	2.32934e-11
12265	2.3229e-11
12266	2.31647e-11
12267	2.31006e-11
12268	2.30367e-11
12269	2.2973e-11
12270	2.29094e-11
12271	2.2846e-11
12272	2.27828e-11
12273	2.27198e-11
12274	2.26569e-11
12275	2.25943e-11
12276	2.25317e-11
12277	2.24694e-11
12278	2.24072e-11
12279	2.23452e-11
12280	2.22834e-11
12281	2.22217e-11
12282	2.21603e-11
12283	2.20989e-11
12284	2.20378e-11
12285	2.19768e-11
12286	2.1916e-11
12287	2.18554e-11
12288	2.17949e-11
12289	2.17346e-11
12290	2.16745e-11
12291	2.16145e-11
12292	2.15547e-11
12293	2.1495e-11
12294	2.14356e-11
12295	2.13762e-11
12296	2.13171e-11
12297	2.12581e-11
12298	2.11993e-11
12299	2.11406e-11
12300	2.10821e-11
12301	2.10238e-11
12302	2.09656e-11
12303	2.09076e-11
12304	2.08497e-11
12305	2.0792e-11
12306	2.07345e-11
12307	2.06771e-11
12308	2.06199e-11
12309	2.05628e-11
12310	2.05059e-11
12311	2.04492e-11
12312	2.03926e-11
12313	2.03362e-11
12314	2.02799e-11
12315	2.02238e-11
12316	2.01678e-11
12317	2.0112e-11
12318	2.00563e-11
12319	2.00008e-11
12320	1.99455e-11
12321	1.98903e-11
12322	1.98352e-11
12323	1.97803e-11
12324	1.97256e-11
12325	1.9671e-11
12326	1.96166e-11
12327	1.95623e-11
12328	1.95081e-11
12329	1.94541e-11
12330	1.94003e-11
12331	1.93466e-11
12332	1.92931e-11
12333	1.92397e-11
12334	1.91864e-11
12335	1.91333e-11
12336	1.90804e-11
12337	1.90276e-11
12338	1.89749e-11
12339	1.89224e-11
12340	1.887e-11
12341	1.88178e-11
12342	1.87657e-11
12343	1.87138e-11
12344	1.8662e-11
12345	1.86103e-11
12346	1.85588e-11
12347	1.85074e-11
12348	1.84562e-11
12349	1.84051e-11
12350	1.83542e-11
12351	1.83034e-11
12352	1.82527e-11
12353	1.82022e-11
12354	1.81518e-11
12355	1.81016e-11
12356	1.80515e-11
12357	1.80015e-11
12358	1.79517e-11
12359	1.7902e-11
12360	1.78524e-11
12361	1.7803e-11
12362	1.77537e-11
12363	1.77046e-11
12364	1.76556e-11
12365	1.76067e-11
12366	1.7558e-11
12367	1.75094e-11
12368	1.74609e-11
12369	1.74126e-11
12370	1.73644e-11
12371	1.73163e-11
12372	1.72684e-11
12373	1.72206e-11
12374	1.71729e-11
12375	1.71254e-11
12376	1.7078e-11
12377	1.70307e-11
12378	1.69835e-11
12379	1.69365e-11
12380	1.68896e-11
12381	1.68429e-11
12382	1.67963e-11
12383	1.67498e-11
12384	1.67034e-11
12385	1.66571e-11
12386	1.6611e-11
12387	1.6565e-11
12388	1.65192e-11
12389	1.64735e-11
12390	1.64278e-11
12391	1.63824e-11
12392	1.6337e-11
12393	1.62918e-11
12394	1.62467e-11
12395	1.62017e-11
12396	1.61569e-11
12397	1.61121e-11
12398	1.60675e-11
12399	1.6023e-11
12400	1.59787e-11
12401	1.59344e-11
12402	1.58903e-11
12403	1.58463e-11
12404	1.58024e-11
12405	1.57587e-11
12406	1.57151e-11
12407	1.56716e-11
12408	1.56282e-11
12409	1.55849e-11
12410	1.55418e-11
12411	1.54987e-11
12412	1.54558e-11
12413	1.5413e-11
12414	1.53703e-11
12415	1.53278e-11
12416	1.52853e-11
12417	1.5243e-11
12418	1.52008e-11
12419	1.51587e-11
12420	1.51168e-11
12421	1.50749e-11
12422	1.50332e-11
12423	1.49915e-11
12424	1.495e-11
12425	1.49086e-11
12426	1.48673e-11
12427	1.48262e-11
12428	1.47851e-11
12429	1.47442e-11
12430	1.47034e-11
12431	1.46627e-11
12432	1.4622e-11
12433	1.45816e-11
12434	1.45412e-11
12435	1.45009e-11
12436	1.44608e-11
12437	1.44207e-11
12438	1.43808e-11
12439	1.4341e-11
12440	1.43013e-11
12441	1.42617e-11
12442	1.42222e-11
12443	1.41828e-11
12444	1.41435e-11
12445	1.41043e-11
12446	1.40653e-11
12447	1.40263e-11
12448	1.39875e-11
12449	1.39488e-11
12450	1.39101e-11
12451	1.38716e-11
12452	1.38332e-11
12453	1.37949e-11
12454	1.37567e-11
12455	1.37186e-11
12456	1.36806e-11
12457	1.36427e-11
12458	1.36049e-11
12459	1.35672e-11
12460	1.35297e-11
12461	1.34922e-11
12462	1.34548e-11
12463	1.34176e-11
12464	1.33804e-11
12465	1.33434e-11
12466	1.33064e-11
12467	1.32696e-11
12468	1.32328e-11
12469	1.31962e-11
12470	1.31596e-11
12471	1.31232e-11
12472	1.30868e-11
12473	1.30506e-11
12474	1.30144e-11
12475	1.29784e-11
12476	1.29424e-11
12477	1.29066e-11
12478	1.28708e-11
12479	1.28352e-11
12480	1.27997e-11
12481	1.27642e-11
12482	1.27288e-11
12483	1.26936e-11
12484	1.26584e-11
12485	1.26234e-11
12486	1.25884e-11
12487	1.25535e-11
12488	1.25188e-11
12489	1.24841e-11
12490	1.24495e-11
12491	1.2415e-11
12492	1.23806e-11
12493	1.23464e-11
12494	1.23122e-11
12495	1.22781e-11
12496	1.2244e-11
12497	1.22101e-11
12498	1.21763e-11
12499	1.21426e-11
12500	1.2109e-11
12501	1.20754e-11
12502	1.2042e-11
12503	1.20086e-11
12504	1.19753e-11
12505	1.19422e-11
12506	1.19091e-11
12507	1.18761e-11
12508	1.18432e-11
12509	1.18104e-11
12510	1.17777e-11
12511	1.17451e-11
12512	1.17125e-11
12513	1.16801e-11
12514	1.16477e-11
12515	1.16155e-11
12516	1.15833e-11
12517	1.15512e-11
12518	1.15192e-11
12519	1.14873e-11
12520	1.14555e-11
12521	1.14237e-11
12522	1.13921e-11
12523	1.13605e-11
12524	1.1329e-11
12525	1.12977e-11
12526	1.12664e-11
12527	1.12352e-11
12528	1.1204e-11
12529	1.1173e-11
12530	1.1142e-11
12531	1.11112e-11
12532	1.10804e-11
12533	1.10497e-11
12534	1.10191e-11
12535	1.09886e-11
12536	1.09581e-11
12537	1.09277e-11
12538	1.08975e-11
12539	1.08673e-11
12540	1.08372e-11
12541	1.08072e-11
12542	1.07772e-11
12543	1.07474e-11
12544	1.07176e-11
12545	1.06879e-11
12546	1.06583e-11
12547	1.06287e-11
12548	1.05993e-11
12549	1.05699e-11
12550	1.05406e-11
12551	1.05114e-11
12552	1.04823e-11
12553	1.04533e-11
12554	1.04243e-11
12555	1.03954e-11
12556	1.03666e-11
12557	1.03379e-11
12558	1.03093e-11
12559	1.02807e-11
12560	1.02522e-11
12561	1.02238e-11
12562	1.01955e-11
12563	1.01672e-11
12564	1.01391e-11
12565	1.0111e-11
12566	1.00829e-11
12567	1.0055e-11
12568	1.00271e-11
12569	9.99936e-12
12570	9.97165e-12
12571	9.94402e-12
12572	9.91647e-12
12573	9.88899e-12
12574	9.86159e-12
12575	9.83426e-12
12576	9.80701e-12
12577	9.77984e-12
12578	9.75274e-12
12579	9.72571e-12
12580	9.69876e-12
12581	9.67188e-12
12582	9.64508e-12
12583	9.61836e-12
12584	9.5917e-12
12585	9.56512e-12
12586	9.53862e-12
12587	9.51218e-12
12588	9.48583e-12
12589	9.45954e-12
12590	9.43332e-12
12591	9.40718e-12
12592	9.38111e-12
12593	9.35512e-12
12594	9.32919e-12
12595	9.30334e-12
12596	9.27756e-12
12597	9.25185e-12
12598	9.22621e-12
12599	9.20064e-12
12600	9.17514e-12
12601	9.14971e-12
12602	9.12436e-12
12603	9.09907e-12
12604	9.07385e-12
12605	9.04871e-12
12606	9.02363e-12
12607	8.99862e-12
12608	8.97368e-12
12609	8.94881e-12
12610	8.92401e-12
12611	8.89928e-12
12612	8.87462e-12
12613	8.85002e-12
12614	8.82549e-12
12615	8.80103e-12
12616	8.77664e-12
12617	8.75232e-12
12618	8.72806e-12
12619	8.70387e-12
12620	8.67974e-12
12621	8.65569e-12
12622	8.6317e-12
12623	8.60777e-12
12624	8.58392e-12
12625	8.56013e-12
12626	8.5364e-12
12627	8.51274e-12
12628	8.48914e-12
12629	8.46562e-12
12630	8.44215e-12
12631	8.41875e-12
12632	8.39542e-12
12633	8.37215e-12
12634	8.34894e-12
12635	8.3258e-12
12636	8.30272e-12
12637	8.27971e-12
12638	8.25676e-12
12639	8.23387e-12
12640	8.21105e-12
12641	8.18829e-12
12642	8.16559e-12
12643	8.14296e-12
12644	8.12039e-12
12645	8.09788e-12
12646	8.07543e-12
12647	8.05305e-12
12648	8.03073e-12
12649	8.00847e-12
12650	7.98627e-12
12651	7.96413e-12
12652	7.94205e-12
12653	7.92004e-12
12654	7.89808e-12
12655	7.87619e-12
12656	7.85436e-12
12657	7.83258e-12
12658	7.81087e-12
12659	7.78922e-12
12660	7.76763e-12
12661	7.74609e-12
12662	7.72462e-12
12663	7.70321e-12
12664	7.68185e-12
12665	7.66056e-12
12666	7.63932e-12
12667	7.61814e-12
12668	7.59702e-12
12669	7.57596e-12
12670	7.55496e-12
12671	7.53402e-12
12672	7.51313e-12
12673	7.4923e-12
12674	7.47153e-12
12675	7.45082e-12
12676	7.43016e-12
12677	7.40956e-12
12678	7.38902e-12
12679	7.36854e-12
12680	7.34811e-12
12681	7.32774e-12
12682	7.30742e-12
12683	7.28716e-12
12684	7.26696e-12
12685	7.24681e-12
12686	7.22672e-12
12687	7.20668e-12
12688	7.1867e-12
12689	7.16678e-12
12690	7.14691e-12
12691	7.12709e-12
12692	7.10733e-12
12693	7.08763e-12
12694	7.06798e-12
12695	7.04838e-12
12696	7.02884e-12
12697	7.00935e-12
12698	6.98992e-12
12699	6.97054e-12
12700	6.95121e-12
12701	6.93194e-12
12702	6.91272e-12
12703	6.89355e-12
12704	6.87444e-12
12705	6.85537e-12
12706	6.83637e-12
12707	6.81741e-12
12708	6.79851e-12
12709	6.77966e-12
12710	6.76086e-12
12711	6.74211e-12
12712	6.72342e-12
12713	6.70478e-12
12714	6.68618e-12
12715	6.66765e-12
12716	6.64916e-12
12717	6.63072e-12
12718	6.61233e-12
12719	6.594e-12
12720	6.57571e-12
12721	6.55748e-12
12722	6.5393e-12
12723	6.52116e-12
12724	6.50308e-12
12725	6.48505e-12
12726	6.46707e-12
12727	6.44913e-12
12728	6.43125e-12
12729	6.41341e-12
12730	6.39563e-12
12731	6.37789e-12
12732	6.36021e-12
12733	6.34257e-12
12734	6.32498e-12
12735	6.30744e-12
12736	6.28995e-12
12737	6.27251e-12
12738	6.25511e-12
12739	6.23777e-12
12740	6.22047e-12
12741	6.20322e-12
12742	6.18602e-12
12743	6.16886e-12
12744	6.15175e-12
12745	6.13469e-12
12746	6.11768e-12
12747	6.10071e-12
12748	6.0838e-12
12749	6.06692e-12
12750	6.0501e-12
12751	6.03332e-12
12752	6.01659e-12
12753	5.9999e-12
12754	5.98326e-12
12755	5.96667e-12
12756	5.95012e-12
12757	5.93362e-12
12758	5.91716e-12
12759	5.90075e-12
12760	5.88439e-12
12761	5.86807e-12
12762	5.85179e-12
12763	5.83556e-12
12764	5.81938e-12
12765	5.80324e-12
12766	5.78714e-12
12767	5.77109e-12
12768	5.75508e-12
12769	5.73912e-12
12770	5.7232e-12
12771	5.70733e-12
12772	5.6915e-12
12773	5.67571e-12
12774	5.65997e-12
12775	5.64427e-12
12776	5.62862e-12
12777	5.61301e-12
12778	5.59744e-12
12779	5.58191e-12
12780	5.56643e-12
12781	5.55099e-12
12782	5.53559e-12
12783	5.52024e-12
12784	5.50493e-12
12785	5.48966e-12
12786	5.47443e-12
12787	5.45925e-12
12788	5.4441e-12
12789	5.429e-12
12790	5.41394e-12
12791	5.39893e-12
12792	5.38395e-12
12793	5.36902e-12
12794	5.35412e-12
12795	5.33927e-12
12796	5.32446e-12
12797	5.30969e-12
12798	5.29496e-12
12799	5.28028e-12
12800	5.26563e-12
12801	5.25102e-12
12802	5.23646e-12
12803	5.22193e-12
12804	5.20744e-12
12805	5.193e-12
12806	5.17859e-12
12807	5.16423e-12
12808	5.1499e-12
12809	5.13562e-12
12810	5.12137e-12
12811	5.10716e-12
12812	5.09299e-12
12813	5.07887e-12
12814	5.06478e-12
12815	5.05073e-12
12816	5.03671e-12
12817	5.02274e-12
12818	5.00881e-12
12819	4.99491e-12
12820	4.98105e-12
12821	4.96724e-12
12822	4.95346e-12
12823	4.93971e-12
12824	4.92601e-12
12825	4.91234e-12
12826	4.89872e-12
12827	4.88512e-12
12828	4.87157e-12
12829	4.85806e-12
12830	4.84458e-12
12831	4.83114e-12
12832	4.81773e-12
12833	4.80437e-12
12834	4.79104e-12
12835	4.77775e-12
12836	4.76449e-12
12837	4.75127e-12
12838	4.73809e-12
12839	4.72495e-12
12840	4.71184e-12
12841	4.69876e-12
12842	4.68573e-12
12843	4.67273e-12
12844	4.65976e-12
12845	4.64683e-12
12846	4.63394e-12
12847	4.62108e-12
12848	4.60826e-12
12849	4.59548e-12
12850	4.58272e-12
12851	4.57001e-12
12852	4.55733e-12
12853	4.54468e-12
12854	4.53207e-12
12855	4.5195e-12
12856	4.50696e-12
12857	4.49445e-12
12858	4.48198e-12
12859	4.46955e-12
12860	4.45714e-12
12861	4.44478e-12
12862	4.43244e-12
12863	4.42015e-12
12864	4.40788e-12
12865	4.39565e-12
12866	4.38345e-12
12867	4.37129e-12
12868	4.35916e-12
12869	4.34706e-12
12870	4.335e-12
12871	4.32297e-12
12872	4.31098e-12
12873	4.29901e-12
12874	4.28708e-12
12875	4.27519e-12
12876	4.26332e-12
12877	4.25149e-12
12878	4.2397e-12
12879	4.22793e-12
12880	4.2162e-12
12881	4.2045e-12
12882	4.19283e-12
12883	4.1812e-12
12884	4.16959e-12
12885	4.15802e-12
12886	4.14648e-12
12887	4.13498e-12
12888	4.1235e-12
12889	4.11206e-12
12890	4.10065e-12
12891	4.08927e-12
12892	4.07792e-12
12893	4.0666e-12
12894	4.05532e-12
12895	4.04406e-12
12896	4.03284e-12
12897	4.02165e-12
12898	4.01049e-12
12899	3.99936e-12
12900	3.98826e-12
12901	3.97719e-12
12902	3.96615e-12
12903	3.95514e-12
12904	3.94417e-12
12905	3.93322e-12
12906	3.92231e-12
12907	3.91142e-12
12908	3.90056e-12
12909	3.88974e-12
12910	3.87894e-12
12911	3.86818e-12
12912	3.85744e-12
12913	3.84674e-12
12914	3.83606e-12
12915	3.82541e-12
12916	3.8148e-12
12917	3.80421e-12
12918	3.79365e-12
12919	3.78312e-12
12920	3.77262e-12
12921	3.76215e-12
12922	3.75171e-12
12923	3.74129e-12
12924	3.73091e-12
12925	3.72055e-12
12926	3.71023e-12
12927	3.69993e-12
12928	3.68966e-12
12929	3.67942e-12
12930	3.66921e-12
12931	3.65902e-12
12932	3.64887e-12
12933	3.63874e-12
12934	3.62864e-12
12935	3.61857e-12
12936	3.60852e-12
12937	3.59851e-12
12938	3.58852e-12
12939	3.57856e-12
12940	3.56862e-12
12941	3.55872e-12
12942	3.54884e-12
12943	3.53899e-12
12944	3.52916e-12
12945	3.51937e-12
12946	3.5096e-12
12947	3.49986e-12
12948	3.49014e-12
12949	3.48045e-12
12950	3.47079e-12
12951	3.46116e-12
12952	3.45155e-12
12953	3.44197e-12
12954	3.43241e-12
12955	3.42289e-12
12956	3.41338e-12
12957	3.40391e-12
12958	3.39446e-12
12959	3.38504e-12
12960	3.37564e-12
12961	3.36627e-12
12962	3.35692e-12
12963	3.3476e-12
12964	3.33831e-12
12965	3.32904e-12
12966	3.3198e-12
12967	3.31059e-12
12968	3.3014e-12
12969	3.29223e-12
12970	3.28309e-12
12971	3.27398e-12
12972	3.26489e-12
12973	3.25582e-12
12974	3.24678e-12
12975	3.23777e-12
12976	3.22878e-12
12977	3.21982e-12
12978	3.21088e-12
12979	3.20197e-12
12980	3.19308e-12
12981	3.18421e-12
12982	3.17537e-12
12983	3.16655e-12
12984	3.15776e-12
12985	3.149e-12
12986	3.14025e-12
12987	3.13154e-12
12988	3.12284e-12
12989	3.11417e-12
12990	3.10552e-12
12991	3.0969e-12
12992	3.0883e-12
12993	3.07973e-12
12994	3.07118e-12
12995	3.06265e-12
12996	3.05415e-12
12997	3.04567e-12
12998	3.03721e-12
12999	3.02878e-12
13000	3.02037e-12
13001	3.01198e-12
13002	3.00362e-12
13003	2.99528e-12
13004	2.98696e-12
13005	2.97867e-12
13006	2.9704e-12
13007	2.96215e-12
13008	2.95393e-12
13009	2.94573e-12
13010	2.93755e-12
13011	2.92939e-12
13012	2.92126e-12
13013	2.91315e-12
13014	2.90506e-12
13015	2.89699e-12
13016	2.88895e-12
13017	2.88092e-12
13018	2.87292e-12
13019	2.86495e-12
13020	2.85699e-12
13021	2.84906e-12
13022	2.84115e-12
13023	2.83326e-12
13024	2.82539e-12
13025	2.81754e-12
13026	2.80972e-12
13027	2.80192e-12
13028	2.79414e-12
13029	2.78638e-12
13030	2.77864e-12
13031	2.77093e-12
13032	2.76323e-12
13033	2.75556e-12
13034	2.74791e-12
13035	2.74027e-12
13036	2.73266e-12
13037	2.72508e-12
13038	2.71751e-12
13039	2.70996e-12
13040	2.70244e-12
13041	2.69493e-12
13042	2.68745e-12
13043	2.67998e-12
13044	2.67254e-12
13045	2.66512e-12
13046	2.65772e-12
13047	2.65034e-12
13048	2.64298e-12
13049	2.63564e-12
13050	2.62832e-12
13051	2.62102e-12
13052	2.61374e-12
13053	2.60648e-12
13054	2.59924e-12
13055	2.59202e-12
13056	2.58483e-12
13057	2.57765e-12
13058	2.57049e-12
13059	2.56335e-12
13060	2.55623e-12
13061	2.54913e-12
13062	2.54205e-12
13063	2.53499e-12
13064	2.52795e-12
13065	2.52093e-12
13066	2.51393e-12
13067	2.50695e-12
13068	2.49998e-12
13069	2.49304e-12
13070	2.48612e-12
13071	2.47921e-12
13072	2.47232e-12
13073	2.46546e-12
13074	2.45861e-12
13075	2.45178e-12
13076	2.44497e-12
13077	2.43818e-12
13078	2.43141e-12
13079	2.42466e-12
13080	2.41792e-12
13081	2.4112e-12
13082	2.40451e-12
13083	2.39783e-12
13084	2.39117e-12
13085	2.38453e-12
13086	2.3779e-12
13087	2.3713e-12
13088	2.36471e-12
13089	2.35814e-12
13090	2.35159e-12
13091	2.34506e-12
13092	2.33855e-12
13093	2.33205e-12
13094	2.32557e-12
13095	2.31911e-12
13096	2.31267e-12
13097	2.30625e-12
13098	2.29984e-12
13099	2.29345e-12
13100	2.28708e-12
13101	2.28073e-12
13102	2.2744e-12
13103	2.26808e-12
13104	2.26178e-12
13105	2.25549e-12
13106	2.24923e-12
13107	2.24298e-12
13108	2.23675e-12
13109	2.23054e-12
13110	2.22434e-12
13111	2.21816e-12
13112	2.212e-12
13113	2.20585e-12
13114	2.19973e-12
13115	2.19362e-12
13116	2.18752e-12
13117	2.18145e-12
13118	2.17539e-12
13119	2.16934e-12
13120	2.16332e-12
13121	2.15731e-12
13122	2.15131e-12
13123	2.14534e-12
13124	2.13938e-12
13125	2.13343e-12
13126	2.12751e-12
13127	2.1216e-12
13128	2.1157e-12
13129	2.10982e-12
13130	2.10396e-12
13131	2.09812e-12
13132	2.09229e-12
13133	2.08648e-12
13134	2.08068e-12
13135	2.0749e-12
13136	2.06913e-12
13137	2.06339e-12
13138	2.05765e-12
13139	2.05194e-12
13140	2.04624e-12
13141	2.04055e-12
13142	2.03488e-12
13143	2.02923e-12
13144	2.02359e-12
13145	2.01797e-12
13146	2.01236e-12
13147	2.00677e-12
13148	2.00119e-12
13149	1.99563e-12
13150	1.99009e-12
13151	1.98456e-12
13152	1.97905e-12
13153	1.97355e-12
13154	1.96806e-12
13155	1.9626e-12
13156	1.95714e-12
13157	1.95171e-12
13158	1.94628e-12
13159	1.94087e-12
13160	1.93548e-12
13161	1.9301e-12
13162	1.92474e-12
13163	1.91939e-12
13164	1.91406e-12
13165	1.90874e-12
13166	1.90344e-12
13167	1.89815e-12
13168	1.89287e-12
13169	1.88762e-12
13170	1.88237e-12
13171	1.87714e-12
13172	1.87192e-12
13173	1.86672e-12
13174	1.86154e-12
13175	1.85636e-12
13176	1.8512e-12
13177	1.84606e-12
13178	1.84093e-12
13179	1.83582e-12
13180	1.83071e-12
13181	1.82563e-12
13182	1.82055e-12
13183	1.81549e-12
13184	1.81045e-12
13185	1.80542e-12
13186	1.8004e-12
13187	1.7954e-12
13188	1.79041e-12
13189	1.78543e-12
13190	1.78047e-12
13191	1.77552e-12
13192	1.77059e-12
13193	1.76567e-12
13194	1.76076e-12
13195	1.75587e-12
13196	1.75099e-12
13197	1.74613e-12
13198	1.74127e-12
13199	1.73643e-12
13200	1.73161e-12
13201	1.7268e-12
13202	1.722e-12
13203	1.71721e-12
13204	1.71244e-12
13205	1.70768e-12
13206	1.70293e-12
13207	1.6982e-12
13208	1.69348e-12
13209	1.68878e-12
13210	1.68408e-12
13211	1.6794e-12
13212	1.67474e-12
13213	1.67008e-12
13214	1.66544e-12
13215	1.66081e-12
13216	1.6562e-12
13217	1.65159e-12
13218	1.647e-12
13219	1.64242e-12
13220	1.63786e-12
13221	1.63331e-12
13222	1.62877e-12
13223	1.62424e-12
13224	1.61973e-12
13225	1.61523e-12
13226	1.61074e-12
13227	1.60626e-12
13228	1.6018e-12
13229	1.59734e-12
13230	1.5929e-12
13231	1.58848e-12
13232	1.58406e-12
13233	1.57966e-12
13234	1.57527e-12
13235	1.57089e-12
13236	1.56652e-12
13237	1.56217e-12
13238	1.55783e-12
13239	1.5535e-12
13240	1.54918e-12
13241	1.54487e-12
13242	1.54058e-12
13243	1.5363e-12
13244	1.53203e-12
13245	1.52777e-12
13246	1.52352e-12
13247	1.51929e-12
13248	1.51506e-12
13249	1.51085e-12
13250	1.50665e-12
13251	1.50247e-12
13252	1.49829e-12
13253	1.49412e-12
13254	1.48997e-12
13255	1.48583e-12
13256	1.4817e-12
13257	1.47758e-12
13258	1.47347e-12
13259	1.46938e-12
13260	1.46529e-12
13261	1.46122e-12
13262	1.45716e-12
13263	1.45311e-12
13264	1.44907e-12
13265	1.44504e-12
13266	1.44102e-12
13267	1.43702e-12
13268	1.43302e-12
13269	1.42904e-12
13270	1.42507e-12
13271	1.4211e-12
13272	1.41715e-12
13273	1.41321e-12
13274	1.40929e-12
13275	1.40537e-12
13276	1.40146e-12
13277	1.39757e-12
13278	1.39368e-12
13279	1.38981e-12
13280	1.38594e-12
13281	1.38209e-12
13282	1.37825e-12
13283	1.37442e-12
13284	1.37059e-12
13285	1.36678e-12
13286	1.36298e-12
13287	1.3592e-12
13288	1.35542e-12
13289	1.35165e-12
13290	1.34789e-12
13291	1.34414e-12
13292	1.34041e-12
13293	1.33668e-12
13294	1.33296e-12
13295	1.32926e-12
13296	1.32556e-12
13297	1.32188e-12
13298	1.3182e-12
13299	1.31454e-12
13300	1.31088e-12
13301	1.30724e-12
13302	1.3036e-12
13303	1.29998e-12
13304	1.29636e-12
13305	1.29276e-12
13306	1.28917e-12
13307	1.28558e-12
13308	1.28201e-12
13309	1.27844e-12
13310	1.27489e-12
13311	1.27134e-12
13312	1.26781e-12
13313	1.26428e-12
13314	1.26077e-12
13315	1.25726e-12
13316	1.25377e-12
13317	1.25028e-12
13318	1.24681e-12
13319	1.24334e-12
13320	1.23988e-12
13321	1.23643e-12
13322	1.233e-12
13323	1.22957e-12
13324	1.22615e-12
13325	1.22274e-12
13326	1.21934e-12
13327	1.21595e-12
13328	1.21257e-12
13329	1.2092e-12
13330	1.20583e-12
13331	1.20248e-12
13332	1.19914e-12
13333	1.1958e-12
13334	1.19248e-12
13335	1.18916e-12
13336	1.18586e-12
13337	1.18256e-12
13338	1.17927e-12
13339	1.17599e-12
13340	1.17272e-12
13341	1.16946e-12
13342	1.16621e-12
13343	1.16296e-12
13344	1.15973e-12
13345	1.15651e-12
13346	1.15329e-12
13347	1.15008e-12
13348	1.14688e-12
13349	1.1437e-12
13350	1.14052e-12
13351	1.13734e-12
13352	1.13418e-12
13353	1.13103e-12
13354	1.12788e-12
13355	1.12474e-12
13356	1.12162e-12
13357	1.1185e-12
13358	1.11539e-12
13359	1.11229e-12
13360	1.10919e-12
13361	1.10611e-12
13362	1.10303e-12
13363	1.09996e-12
13364	1.09691e-12
13365	1.09385e-12
13366	1.09081e-12
13367	1.08778e-12
13368	1.08475e-12
13369	1.08174e-12
13370	1.07873e-12
13371	1.07573e-12
13372	1.07274e-12
13373	1.06975e-12
13374	1.06678e-12
13375	1.06381e-12
13376	1.06085e-12
13377	1.0579e-12
13378	1.05496e-12
13379	1.05203e-12
13380	1.0491e-12
13381	1.04618e-12
13382	1.04327e-12
13383	1.04037e-12
13384	1.03748e-12
13385	1.03459e-12
13386	1.03171e-12
13387	1.02885e-12
13388	1.02598e-12
13389	1.02313e-12
13390	1.02028e-12
13391	1.01745e-12
13392	1.01462e-12
13393	1.0118e-12
13394	1.00898e-12
13395	1.00617e-12
13396	1.00338e-12
13397	1.00059e-12
13398	9.97802e-13
13399	9.95027e-13
13400	9.92259e-13
13401	9.89499e-13
13402	9.86747e-13
13403	9.84003e-13
13404	9.81266e-13
13405	9.78536e-13
13406	9.75814e-13
13407	9.731e-13
13408	9.70393e-13
13409	9.67694e-13
13410	9.65003e-13
13411	9.62318e-13
13412	9.59642e-13
13413	9.56972e-13
13414	9.5431e-13
13415	9.51656e-13
13416	9.49009e-13
13417	9.46369e-13
13418	9.43736e-13
13419	9.41111e-13
13420	9.38493e-13
13421	9.35883e-13
13422	9.33279e-13
13423	9.30683e-13
13424	9.28094e-13
13425	9.25513e-13
13426	9.22938e-13
13427	9.20371e-13
13428	9.17811e-13
13429	9.15257e-13
13430	9.12711e-13
13431	9.10172e-13
13432	9.0764e-13
13433	9.05116e-13
13434	9.02598e-13
13435	9.00087e-13
13436	8.97583e-13
13437	8.95086e-13
13438	8.92596e-13
13439	8.90113e-13
13440	8.87637e-13
13441	8.85167e-13
13442	8.82705e-13
13443	8.80249e-13
13444	8.778e-13
13445	8.75358e-13
13446	8.72923e-13
13447	8.70495e-13
13448	8.68073e-13
13449	8.65658e-13
13450	8.6325e-13
13451	8.60848e-13
13452	8.58453e-13
13453	8.56065e-13
13454	8.53683e-13
13455	8.51308e-13
13456	8.4894e-13
13457	8.46578e-13
13458	8.44223e-13
13459	8.41874e-13
13460	8.39532e-13
13461	8.37196e-13
13462	8.34867e-13
13463	8.32544e-13
13464	8.30228e-13
13465	8.27918e-13
13466	8.25614e-13
13467	8.23317e-13
13468	8.21027e-13
13469	8.18742e-13
13470	8.16464e-13
13471	8.14193e-13
13472	8.11927e-13
13473	8.09668e-13
13474	8.07416e-13
13475	8.05169e-13
13476	8.02929e-13
13477	8.00695e-13
13478	7.98467e-13
13479	7.96245e-13
13480	7.9403e-13
13481	7.91821e-13
13482	7.89618e-13
13483	7.87421e-13
13484	7.8523e-13
13485	7.83045e-13
13486	7.80866e-13
13487	7.78693e-13
13488	7.76527e-13
13489	7.74366e-13
13490	7.72211e-13
13491	7.70062e-13
13492	7.6792e-13
13493	7.65783e-13
13494	7.63652e-13
13495	7.61527e-13
13496	7.59408e-13
13497	7.57295e-13
13498	7.55188e-13
13499	7.53087e-13
13500	7.50991e-13
13501	7.48901e-13
13502	7.46817e-13
13503	7.44739e-13
13504	7.42667e-13
13505	7.406e-13
13506	7.38539e-13
13507	7.36484e-13
13508	7.34435e-13
13509	7.32391e-13
13510	7.30353e-13
13511	7.28321e-13
13512	7.26294e-13
13513	7.24273e-13
13514	7.22257e-13
13515	7.20247e-13
13516	7.18243e-13
13517	7.16244e-13
13518	7.14251e-13
13519	7.12264e-13
13520	7.10281e-13
13521	7.08305e-13
13522	7.06334e-13
13523	7.04368e-13
13524	7.02408e-13
13525	7.00453e-13
13526	6.98504e-13
13527	6.9656e-13
13528	6.94621e-13
13529	6.92688e-13
13530	6.90761e-13
13531	6.88838e-13
13532	6.86921e-13
13533	6.8501e-13
13534	6.83103e-13
13535	6.81202e-13
13536	6.79306e-13
13537	6.77416e-13
13538	6.7553e-13
13539	6.7365e-13
13540	6.71776e-13
13541	6.69906e-13
13542	6.68041e-13
13543	6.66182e-13
13544	6.64328e-13
13545	6.62479e-13
13546	6.60635e-13
13547	6.58797e-13
13548	6.56963e-13
13549	6.55135e-13
13550	6.53311e-13
13551	6.51493e-13
13552	6.4968e-13
13553	6.47872e-13
13554	6.46068e-13
13555	6.4427e-13
13556	6.42477e-13
13557	6.40689e-13
13558	6.38906e-13
13559	6.37127e-13
13560	6.35354e-13
13561	6.33586e-13
13562	6.31822e-13
13563	6.30064e-13
13564	6.2831e-13
13565	6.26561e-13
13566	6.24817e-13
13567	6.23078e-13
13568	6.21344e-13
13569	6.19614e-13
13570	6.1789e-13
13571	6.1617e-13
13572	6.14455e-13
13573	6.12744e-13
13574	6.11039e-13
13575	6.09338e-13
13576	6.07642e-13
13577	6.05951e-13
13578	6.04264e-13
13579	6.02582e-13
13580	6.00905e-13
13581	5.99232e-13
13582	5.97564e-13
13583	5.959e-13
13584	5.94242e-13
13585	5.92588e-13
13586	5.90938e-13
13587	5.89293e-13
13588	5.87653e-13
13589	5.86017e-13
13590	5.84386e-13
13591	5.82759e-13
13592	5.81137e-13
13593	5.79519e-13
13594	5.77906e-13
13595	5.76297e-13
13596	5.74693e-13
13597	5.73093e-13
13598	5.71498e-13
13599	5.69907e-13
13600	5.6832e-13
13601	5.66738e-13
13602	5.6516e-13
13603	5.63587e-13
13604	5.62018e-13
13605	5.60454e-13
13606	5.58893e-13
13607	5.57338e-13
13608	5.55786e-13
13609	5.54239e-13
13610	5.52696e-13
13611	5.51157e-13
13612	5.49623e-13
13613	5.48093e-13
13614	5.46567e-13
13615	5.45045e-13
13616	5.43528e-13
13617	5.42015e-13
13618	5.40506e-13
13619	5.39001e-13
13620	5.375e-13
13621	5.36004e-13
13622	5.34512e-13
13623	5.33024e-13
13624	5.3154e-13
13625	5.3006e-13
13626	5.28584e-13
13627	5.27112e-13
13628	5.25645e-13
13629	5.24181e-13
13630	5.22722e-13
13631	5.21267e-13
13632	5.19815e-13
13633	5.18368e-13
13634	5.16925e-13
13635	5.15486e-13
13636	5.1405e-13
13637	5.12619e-13
13638	5.11192e-13
13639	5.09769e-13
13640	5.08349e-13
13641	5.06934e-13
13642	5.05523e-13
13643	5.04115e-13
13644	5.02711e-13
13645	5.01312e-13
13646	4.99916e-13
13647	4.98524e-13
13648	4.97136e-13
13649	4.95752e-13
13650	4.94371e-13
13651	4.92995e-13
13652	4.91622e-13
13653	4.90253e-13
13654	4.88888e-13
13655	4.87527e-13
13656	4.8617e-13
13657	4.84816e-13
13658	4.83466e-13
13659	4.8212e-13
13660	4.80777e-13
13661	4.79439e-13
13662	4.78104e-13
13663	4.76772e-13
13664	4.75445e-13
13665	4.74121e-13
13666	4.72801e-13
13667	4.71484e-13
13668	4.70171e-13
13669	4.68862e-13
13670	4.67556e-13
13671	4.66254e-13
13672	4.64956e-13
13673	4.63661e-13
13674	4.6237e-13
13675	4.61083e-13
13676	4.59799e-13
13677	4.58518e-13
13678	4.57241e-13
13679	4.55968e-13
13680	4.54698e-13
13681	4.53432e-13
13682	4.5217e-13
13683	4.5091e-13
13684	4.49655e-13
13685	4.48403e-13
13686	4.47154e-13
13687	4.45909e-13
13688	4.44667e-13
13689	4.43429e-13
13690	4.42194e-13
13691	4.40962e-13
13692	4.39734e-13
13693	4.3851e-13
13694	4.37288e-13
13695	4.36071e-13
13696	4.34856e-13
13697	4.33645e-13
13698	4.32438e-13
13699	4.31233e-13
13700	4.30032e-13
13701	4.28835e-13
13702	4.2764e-13
13703	4.26449e-13
13704	4.25262e-13
13705	4.24077e-13
13706	4.22896e-13
13707	4.21719e-13
13708	4.20544e-13
13709	4.19373e-13
13710	4.18205e-13
13711	4.1704e-13
13712	4.15879e-13
13713	4.1472e-13
13714	4.13565e-13
13715	4.12414e-13
13716	4.11265e-13
13717	4.1012e-13
13718	4.08977e-13
13719	4.07838e-13
13720	4.06702e-13
13721	4.0557e-13
13722	4.0444e-13
13723	4.03314e-13
13724	4.0219e-13
13725	4.0107e-13
13726	3.99953e-13
13727	3.98839e-13
13728	3.97728e-13
13729	3.9662e-13
13730	3.95516e-13
13731	3.94414e-13
13732	3.93316e-13
13733	3.9222e-13
13734	3.91128e-13
13735	3.90038e-13
13736	3.88952e-13
13737	3.87868e-13
13738	3.86788e-13
13739	3.85711e-13
13740	3.84636e-13
13741	3.83565e-13
13742	3.82497e-13
13743	3.81431e-13
13744	3.80369e-13
13745	3.79309e-13
13746	3.78253e-13
13747	3.77199e-13
13748	3.76148e-13
13749	3.75101e-13
13750	3.74056e-13
13751	3.73014e-13
13752	3.71975e-13
13753	3.70939e-13
13754	3.69905e-13
13755	3.68875e-13
13756	3.67847e-13
13757	3.66823e-13
13758	3.65801e-13
13759	3.64782e-13
13760	3.63766e-13
13761	3.62753e-13
13762	3.61742e-13
13763	3.60734e-13
13764	3.5973e-13
13765	3.58727e-13
13766	3.57728e-13
13767	3.56732e-13
13768	3.55738e-13
13769	3.54747e-13
13770	3.53759e-13
13771	3.52773e-13
13772	3.5179e-13
13773	3.5081e-13
13774	3.49833e-13
13775	3.48859e-13
13776	3.47887e-13
13777	3.46918e-13
13778	3.45951e-13
13779	3.44987e-13
13780	3.44026e-13
13781	3.43068e-13
13782	3.42112e-13
13783	3.41159e-13
13784	3.40209e-13
13785	3.39261e-13
13786	3.38316e-13
13787	3.37373e-13
13788	3.36433e-13
13789	3.35496e-13
13790	3.34561e-13
13791	3.33629e-13
13792	3.327e-13
13793	3.31773e-13
13794	3.30849e-13
13795	3.29927e-13
13796	3.29008e-13
13797	3.28091e-13
13798	3.27177e-13
13799	3.26265e-13
13800	3.25356e-13
13801	3.2445e-13
13802	3.23546e-13
13803	3.22645e-13
13804	3.21746e-13
13805	3.20849e-13
13806	3.19955e-13
13807	3.19064e-13
13808	3.18175e-13
13809	3.17288e-13
13810	3.16404e-13
13811	3.15523e-13
13812	3.14644e-13
13813	3.13767e-13
13814	3.12893e-13
13815	3.12021e-13
13816	3.11152e-13
13817	3.10285e-13
13818	3.0942e-13
13819	3.08558e-13
13820	3.07698e-13
13821	3.06841e-13
13822	3.05986e-13
13823	3.05133e-13
13824	3.04283e-13
13825	3.03435e-13
13826	3.0259e-13
13827	3.01747e-13
13828	3.00906e-13
13829	3.00068e-13
13830	2.99231e-13
13831	2.98398e-13
13832	2.97566e-13
13833	2.96737e-13
13834	2.9591e-13
13835	2.95086e-13
13836	2.94263e-13
13837	2.93444e-13
13838	2.92626e-13
13839	2.9181e-13
13840	2.90997e-13
13841	2.90186e-13
13842	2.89378e-13
13843	2.88571e-13
13844	2.87767e-13
13845	2.86965e-13
13846	2.86166e-13
13847	2.85368e-13
13848	2.84573e-13
13849	2.8378e-13
13850	2.82989e-13
13851	2.82201e-13
13852	2.81414e-13
13853	2.8063e-13
13854	2.79848e-13
13855	2.79068e-13
13856	2.78291e-13
13857	2.77515e-13
13858	2.76742e-13
13859	2.75971e-13
13860	2.75202e-13
13861	2.74435e-13
13862	2.7367e-13
13863	2.72907e-13
13864	2.72147e-13
13865	2.71388e-13
13866	2.70632e-13
13867	2.69878e-13
13868	2.69126e-13
13869	2.68376e-13
13870	2.67628e-13
13871	2.66882e-13
13872	2.66138e-13
13873	2.65396e-13
13874	2.64657e-13
13875	2.63919e-13
13876	2.63184e-13
13877	2.6245e-13
13878	2.61719e-13
13879	2.60989e-13
13880	2.60262e-13
13881	2.59537e-13
13882	2.58813e-13
13883	2.58092e-13
13884	2.57373e-13
13885	2.56655e-13
13886	2.5594e-13
13887	2.55227e-13
13888	2.54515e-13
13889	2.53806e-13
13890	2.53099e-13
13891	2.52393e-13
13892	2.5169e-13
13893	2.50988e-13
13894	2.50289e-13
13895	2.49591e-13
13896	2.48896e-13
13897	2.48202e-13
13898	2.4751e-13
13899	2.4682e-13
13900	2.46132e-13
13901	2.45446e-13
13902	2.44762e-13
13903	2.4408e-13
13904	2.434e-13
13905	2.42721e-13
13906	2.42045e-13
13907	2.4137e-13
13908	2.40697e-13
13909	2.40026e-13
13910	2.39357e-13
13911	2.3869e-13
13912	2.38025e-13
13913	2.37362e-13
13914	2.367e-13
13915	2.3604e-13
13916	2.35382e-13
13917	2.34726e-13
13918	2.34072e-13
13919	2.33419e-13
13920	2.32769e-13
13921	2.3212e-13
13922	2.31473e-13
13923	2.30828e-13
13924	2.30184e-13
13925	2.29543e-13
13926	2.28903e-13
13927	2.28265e-13
13928	2.27629e-13
13929	2.26994e-13
13930	2.26361e-13
13931	2.2573e-13
13932	2.25101e-13
13933	2.24474e-13
13934	2.23848e-13
13935	2.23224e-13
13936	2.22602e-13
13937	2.21981e-13
13938	2.21362e-13
13939	2.20745e-13
13940	2.2013e-13
13941	2.19516e-13
13942	2.18904e-13
13943	2.18294e-13
13944	2.17685e-13
13945	2.17079e-13
13946	2.16474e-13
13947	2.1587e-13
13948	2.15268e-13
13949	2.14668e-13
13950	2.1407e-13
13951	2.13473e-13
13952	2.12878e-13
13953	2.12284e-13
13954	2.11693e-13
13955	2.11102e-13
13956	2.10514e-13
13957	2.09927e-13
13958	2.09342e-13
13959	2.08758e-13
13960	2.08176e-13
13961	2.07596e-13
13962	2.07017e-13
13963	2.0644e-13
13964	2.05864e-13
13965	2.05291e-13
13966	2.04718e-13
13967	2.04147e-13
13968	2.03578e-13
13969	2.03011e-13
13970	2.02445e-13
13971	2.0188e-13
13972	2.01317e-13
13973	2.00756e-13
13974	2.00197e-13
13975	1.99638e-13
13976	1.99082e-13
13977	1.98527e-13
13978	1.97973e-13
13979	1.97421e-13
13980	1.96871e-13
13981	1.96322e-13
13982	1.95775e-13
13983	1.95229e-13
13984	1.94684e-13
13985	1.94142e-13
13986	1.936e-13
13987	1.93061e-13
13988	1.92522e-13
13989	1.91985e-13
13990	1.9145e-13
13991	1.90916e-13
13992	1.90384e-13
13993	1.89853e-13
13994	1.89324e-13
13995	1.88796e-13
13996	1.8827e-13
13997	1.87745e-13
13998	1.87221e-13
13999	1.86699e-13
14000	1.86179e-13
14001	1.85659e-13
14002	1.85142e-13
14003	1.84626e-13
14004	1.84111e-13
14005	1.83597e-13
14006	1.83085e-13
14007	1.82575e-13
14008	1.82066e-13
14009	1.81558e-13
14010	1.81052e-13
14011	1.80547e-13
14012	1.80044e-13
14013	1.79542e-13
14014	1.79041e-13
14015	1.78542e-13
14016	1.78044e-13
14017	1.77547e-13
14018	1.77052e-13
14019	1.76559e-13
14020	1.76066e-13
14021	1.75575e-13
14022	1.75086e-13
14023	1.74598e-13
14024	1.74111e-13
14025	1.73625e-13
14026	1.73141e-13
14027	1.72658e-13
14028	1.72177e-13
14029	1.71697e-13
14030	1.71218e-13
14031	1.7074e-13
14032	1.70264e-13
14033	1.69789e-13
14034	1.69316e-13
14035	1.68844e-13
14036	1.68373e-13
14037	1.67903e-13
14038	1.67435e-13
14039	1.66968e-13
14040	1.66503e-13
14041	1.66038e-13
14042	1.65575e-13
14043	1.65113e-13
14044	1.64653e-13
14045	1.64194e-13
14046	1.63736e-13
14047	1.63279e-13
14048	1.62824e-13
14049	1.6237e-13
14050	1.61917e-13
14051	1.61465e-13
14052	1.61015e-13
14053	1.60566e-13
14054	1.60118e-13
14055	1.59672e-13
14056	1.59226e-13
14057	1.58782e-13
14058	1.5834e-13
14059	1.57898e-13
14060	1.57458e-13
14061	1.57018e-13
14062	1.56581e-13
14063	1.56144e-13
14064	1.55708e-13
14065	1.55274e-13
14066	1.54841e-13
14067	1.54409e-13
14068	1.53979e-13
14069	1.53549e-13
14070	1.53121e-13
14071	1.52694e-13
14072	1.52268e-13
14073	1.51843e-13
14074	1.5142e-13
14075	1.50997e-13
14076	1.50576e-13
14077	1.50156e-13
14078	1.49737e-13
14079	1.4932e-13
14080	1.48903e-13
14081	1.48488e-13
14082	1.48074e-13
14083	1.47661e-13
14084	1.47249e-13
14085	1.46838e-13
14086	1.46429e-13
14087	1.4602e-13
14088	1.45613e-13
14089	1.45207e-13
14090	1.44802e-13
14091	1.44398e-13
14092	1.43995e-13
14093	1.43594e-13
14094	1.43193e-13
14095	1.42794e-13
14096	1.42395e-13
14097	1.41998e-13
14098	1.41602e-13
14099	1.41207e-13
14100	1.40813e-13
14101	1.4042e-13
14102	1.40029e-13
14103	1.39638e-13
14104	1.39249e-13
14105	1.3886e-13
14106	1.38473e-13
14107	1.38087e-13
14108	1.37701e-13
14109	1.37317e-13
14110	1.36934e-13
14111	1.36552e-13
14112	1.36171e-13
14113	1.35791e-13
14114	1.35413e-13
14115	1.35035e-13
14116	1.34658e-13
14117	1.34283e-13
14118	1.33908e-13
14119	1.33535e-13
14120	1.33162e-13
14121	1.32791e-13
14122	1.3242e-13
14123	1.32051e-13
14124	1.31682e-13
14125	1.31315e-13
14126	1.30949e-13
14127	1.30583e-13
14128	1.30219e-13
14129	1.29856e-13
14130	1.29494e-13
14131	1.29132e-13
14132	1.28772e-13
14133	1.28413e-13
14134	1.28055e-13
14135	1.27697e-13
14136	1.27341e-13
14137	1.26986e-13
14138	1.26632e-13
14139	1.26278e-13
14140	1.25926e-13
14141	1.25575e-13
14142	1.25224e-13
14143	1.24875e-13
14144	1.24527e-13
14145	1.24179e-13
14146	1.23833e-13
14147	1.23487e-13
14148	1.23143e-13
14149	1.22799e-13
14150	1.22457e-13
14151	1.22115e-13
14152	1.21774e-13
14153	1.21435e-13
14154	1.21096e-13
14155	1.20758e-13
14156	1.20421e-13
14157	1.20085e-13
14158	1.1975e-13
14159	1.19416e-13
14160	1.19083e-13
14161	1.1875e-13
14162	1.18419e-13
14163	1.18089e-13
14164	1.17759e-13
14165	1.17431e-13
14166	1.17103e-13
14167	1.16776e-13
14168	1.16451e-13
14169	1.16126e-13
14170	1.15802e-13
14171	1.15479e-13
14172	1.15156e-13
14173	1.14835e-13
14174	1.14515e-13
14175	1.14195e-13
14176	1.13877e-13
14177	1.13559e-13
14178	1.13242e-13
14179	1.12926e-13
14180	1.12611e-13
14181	1.12297e-13
14182	1.11983e-13
14183	1.11671e-13
14184	1.11359e-13
14185	1.11049e-13
14186	1.10739e-13
14187	1.1043e-13
14188	1.10122e-13
14189	1.09814e-13
14190	1.09508e-13
14191	1.09202e-13
14192	1.08898e-13
14193	1.08594e-13
14194	1.08291e-13
14195	1.07989e-13
14196	1.07687e-13
14197	1.07387e-13
14198	1.07087e-13
14199	1.06788e-13
14200	1.0649e-13
14201	1.06193e-13
14202	1.05897e-13
14203	1.05601e-13
14204	1.05307e-13
14205	1.05013e-13
14206	1.0472e-13
14207	1.04427e-13
14208	1.04136e-13
14209	1.03845e-13
14210	1.03556e-13
14211	1.03267e-13
14212	1.02979e-13
14213	1.02691e-13
14214	1.02405e-13
14215	1.02119e-13
14216	1.01834e-13
14217	1.0155e-13
14218	1.01266e-13
14219	1.00984e-13
14220	1.00702e-13
14221	1.00421e-13
14222	1.00141e-13
14223	9.98612e-14
14224	9.95825e-14
14225	9.93046e-14
14226	9.90274e-14
14227	9.87511e-14
14228	9.84755e-14
14229	9.82007e-14
14230	9.79266e-14
14231	9.76533e-14
14232	9.73808e-14
14233	9.7109e-14
14234	9.6838e-14
14235	9.65678e-14
14236	9.62983e-14
14237	9.60295e-14
14238	9.57615e-14
14239	9.54943e-14
14240	9.52277e-14
14241	9.4962e-14
14242	9.4697e-14
14243	9.44327e-14
14244	9.41691e-14
14245	9.39063e-14
14246	9.36442e-14
14247	9.33829e-14
14248	9.31222e-14
14249	9.28623e-14
14250	9.26032e-14
14251	9.23447e-14
14252	9.2087e-14
14253	9.183e-14
14254	9.15737e-14
14255	9.13181e-14
14256	9.10632e-14
14257	9.0809e-14
14258	9.05556e-14
14259	9.03028e-14
14260	9.00508e-14
14261	8.97995e-14
14262	8.95488e-14
14263	8.92989e-14
14264	8.90496e-14
14265	8.88011e-14
14266	8.85532e-14
14267	8.83061e-14
14268	8.80596e-14
14269	8.78138e-14
14270	8.75687e-14
14271	8.73243e-14
14272	8.70805e-14
14273	8.68375e-14
14274	8.65951e-14
14275	8.63534e-14
14276	8.61124e-14
14277	8.5872e-14
14278	8.56323e-14
14279	8.53933e-14
14280	8.51549e-14
14281	8.49172e-14
14282	8.46802e-14
14283	8.44438e-14
14284	8.42081e-14
14285	8.39731e-14
14286	8.37387e-14
14287	8.35049e-14
14288	8.32718e-14
14289	8.30394e-14
14290	8.28076e-14
14291	8.25765e-14
14292	8.2346e-14
14293	8.21161e-14
14294	8.18869e-14
14295	8.16583e-14
14296	8.14303e-14
14297	8.1203e-14
14298	8.09764e-14
14299	8.07503e-14
14300	8.05249e-14
14301	8.03001e-14
14302	8.0076e-14
14303	7.98524e-14
14304	7.96295e-14
14305	7.94072e-14
14306	7.91856e-14
14307	7.89645e-14
14308	7.87441e-14
14309	7.85242e-14
14310	7.8305e-14
14311	7.80864e-14
14312	7.78685e-14
14313	7.76511e-14
14314	7.74343e-14
14315	7.72181e-14
14316	7.70026e-14
14317	7.67876e-14
14318	7.65732e-14
14319	7.63595e-14
14320	7.61463e-14
14321	7.59337e-14
14322	7.57217e-14
14323	7.55103e-14
14324	7.52995e-14
14325	7.50893e-14
14326	7.48797e-14
14327	7.46706e-14
14328	7.44622e-14
14329	7.42543e-14
14330	7.4047e-14
14331	7.38403e-14
14332	7.36341e-14
14333	7.34285e-14
14334	7.32235e-14
14335	7.30191e-14
14336	7.28152e-14
14337	7.2612e-14
14338	7.24092e-14
14339	7.22071e-14
14340	7.20055e-14
14341	7.18044e-14
14342	7.1604e-14
14343	7.14041e-14
14344	7.12047e-14
14345	7.10059e-14
14346	7.08076e-14
14347	7.061e-14
14348	7.04128e-14
14349	7.02162e-14
14350	7.00202e-14
14351	6.98247e-14
14352	6.96297e-14
14353	6.94353e-14
14354	6.92414e-14
14355	6.90481e-14
14356	6.88553e-14
14357	6.86631e-14
14358	6.84714e-14
14359	6.82802e-14
14360	6.80895e-14
14361	6.78994e-14
14362	6.77098e-14
14363	6.75208e-14
14364	6.73323e-14
14365	6.71443e-14
14366	6.69568e-14
14367	6.67698e-14
14368	6.65834e-14
14369	6.63975e-14
14370	6.62121e-14
14371	6.60272e-14
14372	6.58428e-14
14373	6.5659e-14
14374	6.54756e-14
14375	6.52928e-14
14376	6.51105e-14
14377	6.49287e-14
14378	6.47474e-14
14379	6.45666e-14
14380	6.43863e-14
14381	6.42065e-14
14382	6.40272e-14
14383	6.38485e-14
14384	6.36702e-14
14385	6.34924e-14
14386	6.33151e-14
14387	6.31383e-14
14388	6.2962e-14
14389	6.27862e-14
14390	6.26108e-14
14391	6.2436e-14
14392	6.22616e-14
14393	6.20878e-14
14394	6.19144e-14
14395	6.17415e-14
14396	6.15691e-14
14397	6.13972e-14
14398	6.12257e-14
14399	6.10547e-14
14400	6.08842e-14
14401	6.07142e-14
14402	6.05447e-14
14403	6.03756e-14
14404	6.0207e-14
14405	6.00389e-14
14406	5.98712e-14
14407	5.9704e-14
14408	5.95373e-14
14409	5.9371e-14
14410	5.92052e-14
14411	5.90399e-14
14412	5.8875e-14
14413	5.87106e-14
14414	5.85466e-14
14415	5.83831e-14
14416	5.82201e-14
14417	5.80575e-14
14418	5.78953e-14
14419	5.77336e-14
14420	5.75724e-14
14421	5.74116e-14
14422	5.72513e-14
14423	5.70914e-14
14424	5.6932e-14
14425	5.6773e-14
14426	5.66144e-14
14427	5.64563e-14
14428	5.62986e-14
14429	5.61414e-14
14430	5.59846e-14
14431	5.58282e-14
14432	5.56723e-14
14433	5.55168e-14
14434	5.53618e-14
14435	5.52072e-14
14436	5.5053e-14
14437	5.48992e-14
14438	5.47459e-14
14439	5.4593e-14
14440	5.44405e-14
14441	5.42885e-14
14442	5.41368e-14
14443	5.39856e-14
14444	5.38348e-14
14445	5.36845e-14
14446	5.35345e-14
14447	5.3385e-14
14448	5.32359e-14
14449	5.30872e-14
14450	5.2939e-14
14451	5.27911e-14
14452	5.26436e-14
14453	5.24966e-14
14454	5.235e-14
14455	5.22038e-14
14456	5.20579e-14
14457	5.19125e-14
14458	5.17675e-14
14459	5.16229e-14
14460	5.14788e-14
14461	5.1335e-14
14462	5.11916e-14
14463	5.10486e-14
14464	5.0906e-14
14465	5.07638e-14
14466	5.0622e-14
14467	5.04806e-14
14468	5.03396e-14
14469	5.0199e-14
14470	5.00588e-14
14471	4.9919e-14
14472	4.97795e-14
14473	4.96405e-14
14474	4.95018e-14
14475	4.93635e-14
14476	4.92257e-14
14477	4.90882e-14
14478	4.8951e-14
14479	4.88143e-14
14480	4.86779e-14
14481	4.8542e-14
14482	4.84064e-14
14483	4.82712e-14
14484	4.81363e-14
14485	4.80019e-14
14486	4.78678e-14
14487	4.7734e-14
14488	4.76007e-14
14489	4.74677e-14
14490	4.73351e-14
14491	4.72029e-14
14492	4.7071e-14
14493	4.69396e-14
14494	4.68084e-14
14495	4.66777e-14
14496	4.65473e-14
14497	4.64172e-14
14498	4.62876e-14
14499	4.61583e-14
14500	4.60293e-14
14501	4.59007e-14
14502	4.57725e-14
14503	4.56446e-14
14504	4.55171e-14
14505	4.539e-14
14506	4.52632e-14
14507	4.51367e-14
14508	4.50106e-14
14509	4.48849e-14
14510	4.47595e-14
14511	4.46344e-14
14512	4.45098e-14
14513	4.43854e-14
14514	4.42614e-14
14515	4.41378e-14
14516	4.40144e-14
14517	4.38915e-14
14518	4.37689e-14
14519	4.36466e-14
14520	4.35246e-14
14521	4.3403e-14
14522	4.32818e-14
14523	4.31609e-14
14524	4.30403e-14
14525	4.292e-14
14526	4.28001e-14
14527	4.26805e-14
14528	4.25613e-14
14529	4.24424e-14
14530	4.23238e-14
14531	4.22056e-14
14532	4.20877e-14
14533	4.19701e-14
14534	4.18528e-14
14535	4.17359e-14
14536	4.16193e-14
14537	4.1503e-14
14538	4.1387e-14
14539	4.12714e-14
14540	4.11561e-14
14541	4.10411e-14
14542	4.09264e-14
14543	4.08121e-14
14544	4.0698e-14
14545	4.05843e-14
14546	4.04709e-14
14547	4.03579e-14
14548	4.02451e-14
14549	4.01327e-14
14550	4.00205e-14
14551	3.99087e-14
14552	3.97972e-14
14553	3.9686e-14
14554	3.95751e-14
14555	3.94645e-14
14556	3.93543e-14
14557	3.92443e-14
14558	3.91346e-14
14559	3.90253e-14
14560	3.89163e-14
14561	3.88075e-14
14562	3.86991e-14
14563	3.8591e-14
14564	3.84831e-14
14565	3.83756e-14
14566	3.82684e-14
14567	3.81614e-14
14568	3.80548e-14
14569	3.79485e-14
14570	3.78424e-14
14571	3.77367e-14
14572	3.76312e-14
14573	3.75261e-14
14574	3.74212e-14
14575	3.73167e-14
14576	3.72124e-14
14577	3.71084e-14
14578	3.70047e-14
14579	3.69013e-14
14580	3.67982e-14
14581	3.66954e-14
14582	3.65928e-14
14583	3.64906e-14
14584	3.63886e-14
14585	3.62869e-14
14586	3.61855e-14
14587	3.60844e-14
14588	3.59835e-14
14589	3.5883e-14
14590	3.57827e-14
14591	3.56827e-14
14592	3.5583e-14
14593	3.54836e-14
14594	3.53844e-14
14595	3.52855e-14
14596	3.51869e-14
14597	3.50886e-14
14598	3.49905e-14
14599	3.48928e-14
14600	3.47952e-14
14601	3.4698e-14
14602	3.4601e-14
14603	3.45043e-14
14604	3.44079e-14
14605	3.43118e-14
14606	3.42159e-14
14607	3.41203e-14
14608	3.40249e-14
14609	3.39298e-14
14610	3.3835e-14
14611	3.37404e-14
14612	3.36461e-14
14613	3.35521e-14
14614	3.34583e-14
14615	3.33648e-14
14616	3.32716e-14
14617	3.31786e-14
14618	3.30859e-14
14619	3.29934e-14
14620	3.29012e-14
14621	3.28092e-14
14622	3.27176e-14
14623	3.26261e-14
14624	3.25349e-14
14625	3.2444e-14
14626	3.23533e-14
14627	3.22629e-14
14628	3.21727e-14
14629	3.20828e-14
14630	3.19931e-14
14631	3.19037e-14
14632	3.18146e-14
14633	3.17256e-14
14634	3.1637e-14
14635	3.15485e-14
14636	3.14604e-14
14637	3.13724e-14
14638	3.12848e-14
14639	3.11973e-14
14640	3.11101e-14
14641	3.10232e-14
14642	3.09365e-14
14643	3.085e-14
14644	3.07638e-14
14645	3.06778e-14
14646	3.0592e-14
14647	3.05065e-14
14648	3.04213e-14
14649	3.03362e-14
14650	3.02514e-14
14651	3.01669e-14
14652	3.00826e-14
14653	2.99985e-14
14654	2.99146e-14
14655	2.9831e-14
14656	2.97476e-14
14657	2.96645e-14
14658	2.95816e-14
14659	2.94989e-14
14660	2.94164e-14
14661	2.93342e-14
14662	2.92522e-14
14663	2.91705e-14
14664	2.90889e-14
14665	2.90076e-14
14666	2.89265e-14
14667	2.88457e-14
14668	2.8765e-14
14669	2.86846e-14
14670	2.86044e-14
14671	2.85245e-14
14672	2.84448e-14
14673	2.83652e-14
14674	2.8286e-14
14675	2.82069e-14
14676	2.8128e-14
14677	2.80494e-14
14678	2.7971e-14
14679	2.78928e-14
14680	2.78148e-14
14681	2.77371e-14
14682	2.76596e-14
14683	2.75822e-14
14684	2.75051e-14
14685	2.74282e-14
14686	2.73516e-14
14687	2.72751e-14
14688	2.71989e-14
14689	2.71228e-14
14690	2.7047e-14
14691	2.69714e-14
14692	2.6896e-14
14693	2.68208e-14
14694	2.67458e-14
14695	2.66711e-14
14696	2.65965e-14
14697	2.65222e-14
14698	2.6448e-14
14699	2.63741e-14
14700	2.63003e-14
14701	2.62268e-14
14702	2.61535e-14
14703	2.60804e-14
14704	2.60075e-14
14705	2.59348e-14
14706	2.58623e-14
14707	2.579e-14
14708	2.57179e-14
14709	2.5646e-14
14710	2.55743e-14
14711	2.55028e-14
14712	2.54315e-14
14713	2.53604e-14
14714	2.52895e-14
14715	2.52188e-14
14716	2.51483e-14
14717	2.5078e-14
14718	2.50078e-14
14719	2.49379e-14
14720	2.48682e-14
14721	2.47987e-14
14722	2.47294e-14
14723	2.46602e-14
14724	2.45913e-14
14725	2.45225e-14
14726	2.4454e-14
14727	2.43856e-14
14728	2.43174e-14
14729	2.42494e-14
14730	2.41816e-14
14731	2.4114e-14
14732	2.40466e-14
14733	2.39794e-14
14734	2.39123e-14
14735	2.38455e-14
14736	2.37788e-14
14737	2.37123e-14
14738	2.3646e-14
14739	2.35799e-14
14740	2.3514e-14
14741	2.34482e-14
14742	2.33827e-14
14743	2.33173e-14
14744	2.32521e-14
14745	2.31871e-14
14746	2.31222e-14
14747	2.30576e-14
14748	2.29931e-14
14749	2.29288e-14
14750	2.28647e-14
14751	2.28008e-14
14752	2.2737e-14
14753	2.26735e-14
14754	2.26101e-14
14755	2.25468e-14
14756	2.24838e-14
14757	2.24209e-14
14758	2.23582e-14
14759	2.22957e-14
14760	2.22334e-14
14761	2.21712e-14
14762	2.21092e-14
14763	2.20474e-14
14764	2.19858e-14
14765	2.19243e-14
14766	2.1863e-14
14767	2.18018e-14
14768	2.17409e-14
14769	2.16801e-14
14770	2.16195e-14
14771	2.1559e-14
14772	2.14987e-14
14773	2.14386e-14
14774	2.13787e-14
14775	2.13189e-14
14776	2.12593e-14
14777	2.11998e-14
14778	2.11405e-14
14779	2.10814e-14
14780	2.10225e-14
14781	2.09637e-14
14782	2.09051e-14
14783	2.08466e-14
14784	2.07883e-14
14785	2.07302e-14
14786	2.06722e-14
14787	2.06144e-14
14788	2.05567e-14
14789	2.04993e-14
14790	2.04419e-14
14791	2.03848e-14
14792	2.03278e-14
14793	2.02709e-14
14794	2.02142e-14
14795	2.01577e-14
14796	2.01013e-14
14797	2.00451e-14
14798	1.99891e-14
14799	1.99332e-14
14800	1.98774e-14
14801	1.98218e-14
14802	1.97664e-14
14803	1.97111e-14
14804	1.9656e-14
14805	1.9601e-14
14806	1.95462e-14
14807	1.94915e-14
14808	1.9437e-14
14809	1.93827e-14
14810	1.93285e-14
14811	1.92744e-14
14812	1.92205e-14
14813	1.91667e-14
14814	1.91131e-14
14815	1.90597e-14
14816	1.90064e-14
14817	1.89532e-14
14818	1.89002e-14
14819	1.88474e-14
14820	1.87947e-14
14821	1.87421e-14
14822	1.86897e-14
14823	1.86374e-14
14824	1.85853e-14
14825	1.85333e-14
14826	1.84815e-14
14827	1.84298e-14
14828	1.83782e-14
14829	1.83268e-14
14830	1.82756e-14
14831	1.82245e-14
14832	1.81735e-14
14833	1.81227e-14
14834	1.8072e-14
14835	1.80214e-14
14836	1.7971e-14
14837	1.79208e-14
14838	1.78706e-14
14839	1.78207e-14
14840	1.77708e-14
14841	1.77211e-14
14842	1.76715e-14
14843	1.76221e-14
14844	1.75728e-14
14845	1.75237e-14
14846	1.74747e-14
14847	1.74258e-14
14848	1.7377e-14
14849	1.73284e-14
14850	1.728e-14
14851	1.72316e-14
14852	1.71834e-14
14853	1.71354e-14
14854	1.70874e-14
14855	1.70397e-14
14856	1.6992e-14
14857	1.69445e-14
14858	1.68971e-14
14859	1.68498e-14
14860	1.68027e-14
14861	1.67557e-14
14862	1.67088e-14
14863	1.66621e-14
14864	1.66155e-14
14865	1.6569e-14
14866	1.65226e-14
14867	1.64764e-14
14868	1.64303e-14
14869	1.63844e-14
14870	1.63385e-14
14871	1.62928e-14
14872	1.62473e-14
14873	1.62018e-14
14874	1.61565e-14
14875	1.61113e-14
14876	1.60662e-14
14877	1.60213e-14
14878	1.59765e-14
14879	1.59318e-14
14880	1.58872e-14
14881	1.58428e-14
14882	1.57985e-14
14883	1.57543e-14
14884	1.57102e-14
14885	1.56662e-14
14886	1.56224e-14
14887	1.55787e-14
14888	1.55351e-14
14889	1.54917e-14
14890	1.54483e-14
14891	1.54051e-14
14892	1.5362e-14
14893	1.53191e-14
14894	1.52762e-14
14895	1.52335e-14
14896	1.51909e-14
14897	1.51484e-14
14898	1.5106e-14
14899	1.50637e-14
14900	1.50216e-14
14901	1.49796e-14
14902	1.49376e-14
14903	1.48959e-14
14904	1.48542e-14
14905	1.48126e-14
14906	1.47712e-14
14907	1.47299e-14
14908	1.46887e-14
14909	1.46476e-14
14910	1.46066e-14
14911	1.45657e-14
14912	1.4525e-14
14913	1.44843e-14
14914	1.44438e-14
14915	1.44034e-14
14916	1.43631e-14
14917	1.43229e-14
14918	1.42829e-14
14919	1.42429e-14
14920	1.4203e-14
14921	1.41633e-14
14922	1.41237e-14
14923	1.40842e-14
14924	1.40448e-14
14925	1.40055e-14
14926	1.39663e-14
14927	1.39272e-14
14928	1.38883e-14
14929	1.38494e-14
14930	1.38106e-14
14931	1.3772e-14
14932	1.37335e-14
14933	1.36951e-14
14934	1.36567e-14
14935	1.36185e-14
14936	1.35804e-14
14937	1.35424e-14
14938	1.35045e-14
14939	1.34668e-14
14940	1.34291e-14
14941	1.33915e-14
14942	1.3354e-14
14943	1.33167e-14
14944	1.32794e-14
14945	1.32423e-14
14946	1.32052e-14
14947	1.31683e-14
14948	1.31314e-14
14949	1.30947e-14
14950	1.3058e-14
14951	1.30215e-14
14952	1.29851e-14
14953	1.29487e-14
14954	1.29125e-14
14955	1.28764e-14
14956	1.28403e-14
14957	1.28044e-14
14958	1.27686e-14
14959	1.27329e-14
14960	1.26972e-14
14961	1.26617e-14
14962	1.26263e-14
14963	1.25909e-14
14964	1.25557e-14
14965	1.25206e-14
14966	1.24855e-14
14967	1.24506e-14
14968	1.24158e-14
14969	1.2381e-14
14970	1.23464e-14
14971	1.23118e-14
14972	1.22774e-14
14973	1.2243e-14
14974	1.22088e-14
14975	1.21746e-14
14976	1.21405e-14
14977	1.21066e-14
14978	1.20727e-14
14979	1.20389e-14
14980	1.20052e-14
14981	1.19716e-14
14982	1.19381e-14
14983	1.19047e-14
14984	1.18714e-14
14985	1.18382e-14
14986	1.1805e-14
14987	1.1772e-14
14988	1.17391e-14
14989	1.17062e-14
14990	1.16735e-14
14991	1.16408e-14
14992	1.16082e-14
14993	1.15757e-14
14994	1.15433e-14
14995	1.1511e-14
14996	1.14788e-14
14997	1.14467e-14
14998	1.14147e-14
14999	1.13827e-14
15000	1.13509e-14
15001	1.13191e-14
15002	1.12874e-14
15003	1.12558e-14
15004	1.12243e-14
15005	1.11929e-14
15006	1.11616e-14
15007	1.11304e-14
15008	1.10992e-14
15009	1.10682e-14
15010	1.10372e-14
15011	1.10063e-14
15012	1.09755e-14
15013	1.09448e-14
15014	1.09141e-14
15015	1.08836e-14
15016	1.08531e-14
15017	1.08228e-14
15018	1.07925e-14
15019	1.07623e-14
15020	1.07322e-14
15021	1.07021e-14
15022	1.06722e-14
15023	1.06423e-14
15024	1.06125e-14
15025	1.05828e-14
15026	1.05532e-14
15027	1.05237e-14
15028	1.04942e-14
15029	1.04648e-14
15030	1.04355e-14
15031	1.04063e-14
15032	1.03772e-14
15033	1.03482e-14
15034	1.03192e-14
15035	1.02903e-14
15036	1.02615e-14
15037	1.02328e-14
15038	1.02042e-14
15039	1.01756e-14
15040	1.01471e-14
15041	1.01187e-14
15042	1.00904e-14
15043	1.00622e-14
15044	1.0034e-14
15045	1.00059e-14
15046	9.97791e-15
15047	9.94998e-15
15048	9.92213e-15
15049	9.89436e-15
15050	9.86667e-15
15051	9.83905e-15
15052	9.81151e-15
15053	9.78405e-15
15054	9.75666e-15
15055	9.72935e-15
15056	9.70212e-15
15057	9.67496e-15
15058	9.64788e-15
15059	9.62088e-15
15060	9.59395e-15
15061	9.5671e-15
15062	9.54032e-15
15063	9.51361e-15
15064	9.48698e-15
15065	9.46043e-15
15066	9.43395e-15
15067	9.40754e-15
15068	9.38121e-15
15069	9.35495e-15
15070	9.32876e-15
15071	9.30265e-15
15072	9.27661e-15
15073	9.25064e-15
15074	9.22475e-15
15075	9.19893e-15
15076	9.17318e-15
15077	9.1475e-15
15078	9.12189e-15
15079	9.09636e-15
15080	9.0709e-15
15081	9.04551e-15
15082	9.02018e-15
15083	8.99493e-15
15084	8.96976e-15
15085	8.94465e-15
15086	8.91961e-15
15087	8.89464e-15
15088	8.86974e-15
15089	8.84491e-15
15090	8.82015e-15
15091	8.79546e-15
15092	8.77084e-15
15093	8.74629e-15
15094	8.7218e-15
15095	8.69739e-15
15096	8.67304e-15
15097	8.64876e-15
15098	8.62455e-15
15099	8.6004e-15
15100	8.57633e-15
15101	8.55232e-15
15102	8.52838e-15
15103	8.5045e-15
15104	8.48069e-15
15105	8.45695e-15
15106	8.43328e-15
15107	8.40967e-15
15108	8.38613e-15
15109	8.36265e-15
15110	8.33924e-15
15111	8.31589e-15
15112	8.29261e-15
15113	8.26939e-15
15114	8.24624e-15
15115	8.22316e-15
15116	8.20014e-15
15117	8.17718e-15
15118	8.15429e-15
15119	8.13146e-15
15120	8.10869e-15
15121	8.08599e-15
15122	8.06335e-15
15123	8.04078e-15
15124	8.01827e-15
15125	7.99582e-15
15126	7.97343e-15
15127	7.95111e-15
15128	7.92885e-15
15129	7.90665e-15
15130	7.88452e-15
15131	7.86244e-15
15132	7.84043e-15
15133	7.81848e-15
15134	7.79659e-15
15135	7.77476e-15
15136	7.75299e-15
15137	7.73128e-15
15138	7.70964e-15
15139	7.68805e-15
15140	7.66653e-15
15141	7.64506e-15
15142	7.62366e-15
15143	7.60231e-15
15144	7.58103e-15
15145	7.5598e-15
15146	7.53864e-15
15147	7.51753e-15
15148	7.49648e-15
15149	7.47549e-15
15150	7.45456e-15
15151	7.43369e-15
15152	7.41288e-15
15153	7.39212e-15
15154	7.37142e-15
15155	7.35078e-15
15156	7.3302e-15
15157	7.30968e-15
15158	7.28921e-15
15159	7.2688e-15
15160	7.24845e-15
15161	7.22815e-15
15162	7.20791e-15
15163	7.18773e-15
15164	7.1676e-15
15165	7.14754e-15
15166	7.12752e-15
15167	7.10756e-15
15168	7.08766e-15
15169	7.06782e-15
15170	7.04803e-15
15171	7.02829e-15
15172	7.00861e-15
15173	6.98899e-15
15174	6.96942e-15
15175	6.9499e-15
15176	6.93044e-15
15177	6.91103e-15
15178	6.89168e-15
15179	6.87238e-15
15180	6.85314e-15
15181	6.83395e-15
15182	6.81481e-15
15183	6.79573e-15
15184	6.7767e-15
15185	6.75772e-15
15186	6.7388e-15
15187	6.71993e-15
15188	6.70111e-15
15189	6.68235e-15
15190	6.66364e-15
15191	6.64498e-15
15192	6.62637e-15
15193	6.60781e-15
15194	6.58931e-15
15195	6.57086e-15
15196	6.55246e-15
15197	6.53411e-15
15198	6.51581e-15
15199	6.49756e-15
15200	6.47937e-15
15201	6.46122e-15
15202	6.44313e-15
15203	6.42509e-15
15204	6.40709e-15
15205	6.38915e-15
15206	6.37126e-15
15207	6.35342e-15
15208	6.33562e-15
15209	6.31788e-15
15210	6.30019e-15
15211	6.28254e-15
15212	6.26495e-15
15213	6.24741e-15
15214	6.22991e-15
15215	6.21246e-15
15216	6.19506e-15
15217	6.17771e-15
15218	6.16041e-15
15219	6.14316e-15
15220	6.12596e-15
15221	6.1088e-15
15222	6.09169e-15
15223	6.07463e-15
15224	6.05762e-15
15225	6.04066e-15
15226	6.02374e-15
15227	6.00687e-15
15228	5.99004e-15
15229	5.97327e-15
15230	5.95654e-15
15231	5.93986e-15
15232	5.92322e-15
15233	5.90663e-15
15234	5.89009e-15
15235	5.87359e-15
15236	5.85714e-15
15237	5.84074e-15
15238	5.82438e-15
15239	5.80807e-15
15240	5.7918e-15
15241	5.77558e-15
15242	5.75941e-15
15243	5.74327e-15
15244	5.72719e-15
15245	5.71115e-15
15246	5.69515e-15
15247	5.6792e-15
15248	5.6633e-15
15249	5.64743e-15
15250	5.63162e-15
15251	5.61584e-15
15252	5.60011e-15
15253	5.58443e-15
15254	5.56879e-15
15255	5.55319e-15
15256	5.53764e-15
15257	5.52213e-15
15258	5.50666e-15
15259	5.49123e-15
15260	5.47585e-15
15261	5.46052e-15
15262	5.44522e-15
15263	5.42997e-15
15264	5.41476e-15
15265	5.39959e-15
15266	5.38447e-15
15267	5.36939e-15
15268	5.35435e-15
15269	5.33935e-15
15270	5.3244e-15
15271	5.30948e-15
15272	5.29461e-15
15273	5.27978e-15
15274	5.26499e-15
15275	5.25024e-15
15276	5.23554e-15
15277	5.22087e-15
15278	5.20625e-15
15279	5.19166e-15
15280	5.17712e-15
15281	5.16262e-15
15282	5.14816e-15
15283	5.13374e-15
15284	5.11936e-15
15285	5.10502e-15
15286	5.09072e-15
15287	5.07646e-15
15288	5.06224e-15
15289	5.04806e-15
15290	5.03392e-15
15291	5.01982e-15
15292	5.00576e-15
15293	4.99173e-15
15294	4.97775e-15
15295	4.96381e-15
15296	4.9499e-15
15297	4.93604e-15
15298	4.92221e-15
15299	4.90842e-15
15300	4.89467e-15
15301	4.88096e-15
15302	4.86729e-15
15303	4.85365e-15
15304	4.84005e-15
15305	4.8265e-15
15306	4.81297e-15
15307	4.79949e-15
15308	4.78605e-15
15309	4.77264e-15
15310	4.75927e-15
15311	4.74594e-15
15312	4.73264e-15
15313	4.71938e-15
15314	4.70616e-15
15315	4.69298e-15
15316	4.67983e-15
15317	4.66672e-15
15318	4.65365e-15
15319	4.64061e-15
15320	4.62761e-15
15321	4.61465e-15
15322	4.60172e-15
15323	4.58883e-15
15324	4.57597e-15
15325	4.56315e-15
15326	4.55037e-15
15327	4.53762e-15
15328	4.52491e-15
15329	4.51223e-15
15330	4.49959e-15
15331	4.48698e-15
15332	4.47441e-15
15333	4.46188e-15
15334	4.44938e-15
15335	4.43691e-15
15336	4.42448e-15
15337	4.41208e-15
15338	4.39972e-15
15339	4.3874e-15
15340	4.37511e-15
15341	4.36285e-15
15342	4.35062e-15
15343	4.33844e-15
15344	4.32628e-15
15345	4.31416e-15
15346	4.30207e-15
15347	4.29002e-15
15348	4.278e-15
15349	4.26601e-15
15350	4.25406e-15
15351	4.24214e-15
15352	4.23026e-15
15353	4.21841e-15
15354	4.20659e-15
15355	4.1948e-15
15356	4.18305e-15
15357	4.17133e-15
15358	4.15964e-15
15359	4.14799e-15
15360	4.13636e-15
15361	4.12477e-15
15362	4.11322e-15
15363	4.10169e-15
15364	4.0902e-15
15365	4.07874e-15
15366	4.06731e-15
15367	4.05592e-15
15368	4.04455e-15
15369	4.03322e-15
15370	4.02192e-15
15371	4.01065e-15
15372	3.99941e-15
15373	3.9882e-15
15374	3.97703e-15
15375	3.96589e-15
15376	3.95477e-15
15377	3.94369e-15
15378	3.93264e-15
15379	3.92162e-15
15380	3.91063e-15
15381	3.89968e-15
15382	3.88875e-15
15383	3.87785e-15
15384	3.86699e-15
15385	3.85615e-15
15386	3.84535e-15
15387	3.83457e-15
15388	3.82383e-15
15389	3.81311e-15
15390	3.80243e-15
15391	3.79177e-15
15392	3.78115e-15
15393	3.77055e-15
15394	3.75999e-15
15395	3.74945e-15
15396	3.73894e-15
15397	3.72847e-15
15398	3.71802e-15
15399	3.7076e-15
15400	3.69721e-15
15401	3.68685e-15
15402	3.67652e-15
15403	3.66622e-15
15404	3.65594e-15
15405	3.6457e-15
15406	3.63548e-15
15407	3.6253e-15
15408	3.61514e-15
15409	3.60501e-15
15410	3.5949e-15
15411	3.58483e-15
15412	3.57478e-15
15413	3.56477e-15
15414	3.55478e-15
15415	3.54481e-15
15416	3.53488e-15
15417	3.52497e-15
15418	3.5151e-15
15419	3.50525e-15
15420	3.49542e-15
15421	3.48563e-15
15422	3.47586e-15
15423	3.46612e-15
15424	3.4564e-15
15425	3.44672e-15
15426	3.43706e-15
15427	3.42743e-15
15428	3.41782e-15
15429	3.40824e-15
15430	3.39869e-15
15431	3.38917e-15
15432	3.37967e-15
15433	3.3702e-15
15434	3.36075e-15
15435	3.35133e-15
15436	3.34194e-15
15437	3.33258e-15
15438	3.32324e-15
15439	3.31392e-15
15440	3.30464e-15
15441	3.29537e-15
15442	3.28614e-15
15443	3.27693e-15
15444	3.26775e-15
15445	3.25859e-15
15446	3.24945e-15
15447	3.24035e-15
15448	3.23127e-15
15449	3.22221e-15
15450	3.21318e-15
15451	3.20417e-15
15452	3.19519e-15
15453	3.18624e-15
15454	3.17731e-15
15455	3.1684e-15
15456	3.15952e-15
15457	3.15067e-15
15458	3.14184e-15
15459	3.13303e-15
15460	3.12425e-15
15461	3.11549e-15
15462	3.10676e-15
15463	3.09805e-15
15464	3.08937e-15
15465	3.08071e-15
15466	3.07208e-15
15467	3.06347e-15
15468	3.05488e-15
15469	3.04632e-15
15470	3.03778e-15
15471	3.02927e-15
15472	3.02078e-15
15473	3.01231e-15
15474	3.00387e-15
15475	2.99545e-15
15476	2.98705e-15
15477	2.97868e-15
15478	2.97033e-15
15479	2.962e-15
15480	2.9537e-15
15481	2.94542e-15
15482	2.93717e-15
15483	2.92893e-15
15484	2.92072e-15
15485	2.91254e-15
15486	2.90437e-15
15487	2.89623e-15
15488	2.88811e-15
15489	2.88002e-15
15490	2.87195e-15
15491	2.8639e-15
15492	2.85587e-15
15493	2.84786e-15
15494	2.83988e-15
15495	2.83192e-15
15496	2.82398e-15
15497	2.81607e-15
15498	2.80817e-15
15499	2.8003e-15
15500	2.79245e-15
15501	2.78462e-15
15502	2.77682e-15
15503	2.76904e-15
15504	2.76127e-15
15505	2.75353e-15
15506	2.74581e-15
15507	2.73812e-15
15508	2.73044e-15
15509	2.72279e-15
15510	2.71516e-15
15511	2.70754e-15
15512	2.69996e-15
15513	2.69239e-15
15514	2.68484e-15
15515	2.67731e-15
15516	2.66981e-15
15517	2.66232e-15
15518	2.65486e-15
15519	2.64742e-15
15520	2.64e-15
15521	2.6326e-15
15522	2.62522e-15
15523	2.61786e-15
15524	2.61052e-15
15525	2.6032e-15
15526	2.5959e-15
15527	2.58863e-15
15528	2.58137e-15
15529	2.57413e-15
15530	2.56692e-15
15531	2.55972e-15
15532	2.55254e-15
15533	2.54539e-15
15534	2.53825e-15
15535	2.53114e-15
15536	2.52404e-15
15537	2.51696e-15
15538	2.50991e-15
15539	2.50287e-15
15540	2.49586e-15
15541	2.48886e-15
15542	2.48188e-15
15543	2.47492e-15
15544	2.46798e-15
15545	2.46107e-15
15546	2.45417e-15
15547	2.44729e-15
15548	2.44042e-15
15549	2.43358e-15
15550	2.42676e-15
15551	2.41996e-15
15552	2.41317e-15
15553	2.40641e-15
15554	2.39966e-15
15555	2.39293e-15
15556	2.38622e-15
15557	2.37953e-15
15558	2.37286e-15
15559	2.36621e-15
15560	2.35958e-15
15561	2.35296e-15
15562	2.34636e-15
15563	2.33979e-15
15564	2.33323e-15
15565	2.32668e-15
15566	2.32016e-15
15567	2.31366e-15
15568	2.30717e-15
15569	2.3007e-15
15570	2.29425e-15
15571	2.28782e-15
15572	2.2814e-15
15573	2.27501e-15
15574	2.26863e-15
15575	2.26227e-15
15576	2.25592e-15
15577	2.2496e-15
15578	2.24329e-15
15579	2.237e-15
15580	2.23073e-15
15581	2.22448e-15
15582	2.21824e-15
15583	2.21202e-15
15584	2.20582e-15
15585	2.19963e-15
15586	2.19346e-15
15587	2.18731e-15
15588	2.18118e-15
15589	2.17507e-15
15590	2.16897e-15
15591	2.16288e-15
15592	2.15682e-15
15593	2.15077e-15
15594	2.14474e-15
15595	2.13873e-15
15596	2.13273e-15
15597	2.12675e-15
15598	2.12079e-15
15599	2.11484e-15
15600	2.10891e-15
15601	2.103e-15
15602	2.0971e-15
15603	2.09122e-15
15604	2.08536e-15
15605	2.07951e-15
15606	2.07368e-15
15607	2.06786e-15
15608	2.06207e-15
15609	2.05628e-15
15610	2.05052e-15
15611	2.04477e-15
15612	2.03903e-15
15613	2.03332e-15
15614	2.02761e-15
15615	2.02193e-15
15616	2.01626e-15
15617	2.01061e-15
15618	2.00497e-15
15619	1.99935e-15
15620	1.99374e-15
15621	1.98815e-15
15622	1.98257e-15
15623	1.97701e-15
15624	1.97147e-15
15625	1.96594e-15
15626	1.96043e-15
15627	1.95493e-15
15628	1.94945e-15
15629	1.94398e-15
15630	1.93853e-15
15631	1.93309e-15
15632	1.92767e-15
15633	1.92227e-15
15634	1.91688e-15
15635	1.9115e-15
15636	1.90614e-15
15637	1.9008e-15
15638	1.89547e-15
15639	1.89015e-15
15640	1.88485e-15
15641	1.87956e-15
15642	1.87429e-15
15643	1.86904e-15
15644	1.86379e-15
15645	1.85857e-15
15646	1.85336e-15
15647	1.84816e-15
15648	1.84298e-15
15649	1.83781e-15
15650	1.83265e-15
15651	1.82751e-15
15652	1.82239e-15
15653	1.81728e-15
15654	1.81218e-15
15655	1.8071e-15
15656	1.80203e-15
15657	1.79698e-15
15658	1.79194e-15
15659	1.78691e-15
15660	1.7819e-15
15661	1.7769e-15
15662	1.77192e-15
15663	1.76695e-15
15664	1.76199e-15
15665	1.75705e-15
15666	1.75213e-15
15667	1.74721e-15
15668	1.74231e-15
15669	1.73742e-15
15670	1.73255e-15
15671	1.72769e-15
15672	1.72285e-15
15673	1.71802e-15
15674	1.7132e-15
15675	1.70839e-15
15676	1.7036e-15
15677	1.69882e-15
15678	1.69406e-15
15679	1.68931e-15
15680	1.68457e-15
15681	1.67984e-15
15682	1.67513e-15
15683	1.67043e-15
15684	1.66575e-15
15685	1.66108e-15
15686	1.65642e-15
15687	1.65177e-15
15688	1.64714e-15
15689	1.64252e-15
15690	1.63791e-15
15691	1.63332e-15
15692	1.62874e-15
15693	1.62417e-15
15694	1.61961e-15
15695	1.61507e-15
15696	1.61054e-15
15697	1.60602e-15
15698	1.60152e-15
15699	1.59703e-15
15700	1.59255e-15
15701	1.58808e-15
15702	1.58363e-15
15703	1.57919e-15
15704	1.57476e-15
15705	1.57034e-15
15706	1.56593e-15
15707	1.56154e-15
15708	1.55716e-15
15709	1.55279e-15
15710	1.54844e-15
15711	1.5441e-15
15712	1.53976e-15
15713	1.53544e-15
15714	1.53114e-15
15715	1.52684e-15
15716	1.52256e-15
15717	1.51829e-15
15718	1.51403e-15
15719	1.50978e-15
15720	1.50555e-15
15721	1.50133e-15
15722	1.49711e-15
15723	1.49291e-15
15724	1.48873e-15
15725	1.48455e-15
15726	1.48039e-15
15727	1.47623e-15
15728	1.47209e-15
15729	1.46796e-15
15730	1.46385e-15
15731	1.45974e-15
15732	1.45565e-15
15733	1.45156e-15
15734	1.44749e-15
15735	1.44343e-15
15736	1.43938e-15
15737	1.43534e-15
15738	1.43132e-15
15739	1.4273e-15
15740	1.4233e-15
15741	1.4193e-15
15742	1.41532e-15
15743	1.41135e-15
15744	1.40739e-15
15745	1.40345e-15
15746	1.39951e-15
15747	1.39558e-15
15748	1.39167e-15
15749	1.38776e-15
15750	1.38387e-15
15751	1.37999e-15
15752	1.37612e-15
15753	1.37226e-15
15754	1.36841e-15
15755	1.36457e-15
15756	1.36074e-15
15757	1.35692e-15
15758	1.35312e-15
15759	1.34932e-15
15760	1.34553e-15
15761	1.34176e-15
15762	1.338e-15
15763	1.33424e-15
15764	1.3305e-15
15765	1.32677e-15
15766	1.32304e-15
15767	1.31933e-15
15768	1.31563e-15
15769	1.31194e-15
15770	1.30826e-15
15771	1.30459e-15
15772	1.30093e-15
15773	1.29728e-15
15774	1.29364e-15
15775	1.29001e-15
15776	1.28639e-15
15777	1.28278e-15
15778	1.27918e-15
15779	1.27559e-15
15780	1.27202e-15
15781	1.26845e-15
15782	1.26489e-15
15783	1.26134e-15
15784	1.2578e-15
15785	1.25427e-15
15786	1.25075e-15
15787	1.24724e-15
15788	1.24374e-15
15789	1.24026e-15
15790	1.23678e-15
15791	1.23331e-15
15792	1.22985e-15
15793	1.22639e-15
15794	1.22295e-15
15795	1.21952e-15
15796	1.2161e-15
15797	1.21269e-15
15798	1.20929e-15
15799	1.20589e-15
15800	1.20251e-15
15801	1.19914e-15
15802	1.19577e-15
15803	1.19242e-15
15804	1.18907e-15
15805	1.18574e-15
15806	1.18241e-15
15807	1.17909e-15
15808	1.17578e-15
15809	1.17248e-15
15810	1.16919e-15
15811	1.16591e-15
15812	1.16264e-15
15813	1.15938e-15
15814	1.15613e-15
15815	1.15288e-15
15816	1.14965e-15
15817	1.14642e-15
15818	1.14321e-15
15819	1.14e-15
15820	1.1368e-15
15821	1.13361e-15
15822	1.13043e-15
15823	1.12726e-15
15824	1.12409e-15
15825	1.12094e-15
15826	1.11779e-15
15827	1.11466e-15
15828	1.11153e-15
15829	1.10841e-15
15830	1.1053e-15
15831	1.1022e-15
15832	1.09911e-15
15833	1.09602e-15
15834	1.09295e-15
15835	1.08988e-15
15836	1.08682e-15
15837	1.08377e-15
15838	1.08073e-15
15839	1.0777e-15
15840	1.07467e-15
15841	1.07166e-15
15842	1.06865e-15
15843	1.06565e-15
15844	1.06266e-15
15845	1.05968e-15
15846	1.05671e-15
15847	1.05374e-15
15848	1.05078e-15
15849	1.04784e-15
15850	1.0449e-15
15851	1.04196e-15
15852	1.03904e-15
15853	1.03612e-15
15854	1.03322e-15
15855	1.03032e-15
15856	1.02743e-15
15857	1.02454e-15
15858	1.02167e-15
15859	1.0188e-15
15860	1.01594e-15
15861	1.01309e-15
15862	1.01025e-15
15863	1.00741e-15
15864	1.00459e-15
15865	1.00177e-15
15866	9.98955e-16
15867	9.96152e-16
15868	9.93356e-16
15869	9.90568e-16
15870	9.87789e-16
15871	9.85016e-16
15872	9.82252e-16
15873	9.79496e-16
15874	9.76747e-16
15875	9.74006e-16
15876	9.71272e-16
15877	9.68547e-16
15878	9.65828e-16
15879	9.63118e-16
15880	9.60415e-16
15881	9.5772e-16
15882	9.55032e-16
15883	9.52352e-16
15884	9.49679e-16
15885	9.47014e-16
15886	9.44356e-16
15887	9.41706e-16
15888	9.39063e-16
15889	9.36427e-16
15890	9.33799e-16
15891	9.31179e-16
15892	9.28565e-16
15893	9.25959e-16
15894	9.2336e-16
15895	9.20769e-16
15896	9.18185e-16
15897	9.15608e-16
15898	9.13038e-16
15899	9.10476e-16
15900	9.0792e-16
15901	9.05372e-16
15902	9.02831e-16
15903	9.00297e-16
15904	8.9777e-16
15905	8.95251e-16
15906	8.92738e-16
15907	8.90233e-16
15908	8.87734e-16
15909	8.85242e-16
15910	8.82758e-16
15911	8.8028e-16
15912	8.7781e-16
15913	8.75346e-16
15914	8.72889e-16
15915	8.70439e-16
15916	8.67996e-16
15917	8.6556e-16
15918	8.6313e-16
15919	8.60708e-16
15920	8.58292e-16
15921	8.55883e-16
15922	8.53481e-16
15923	8.51085e-16
15924	8.48696e-16
15925	8.46314e-16
15926	8.43939e-16
15927	8.4157e-16
15928	8.39208e-16
15929	8.36852e-16
15930	8.34503e-16
15931	8.32161e-16
15932	8.29825e-16
15933	8.27496e-16
15934	8.25174e-16
15935	8.22857e-16
15936	8.20548e-16
15937	8.18245e-16
15938	8.15948e-16
15939	8.13657e-16
15940	8.11374e-16
15941	8.09096e-16
15942	8.06825e-16
15943	8.0456e-16
15944	8.02302e-16
15945	8.0005e-16
15946	7.97804e-16
15947	7.95565e-16
15948	7.93332e-16
15949	7.91105e-16
15950	7.88884e-16
15951	7.8667e-16
15952	7.84462e-16
15953	7.8226e-16
15954	7.80064e-16
15955	7.77874e-16
15956	7.75691e-16
15957	7.73513e-16
15958	7.71342e-16
15959	7.69177e-16
15960	7.67017e-16
15961	7.64864e-16
15962	7.62717e-16
15963	7.60576e-16
15964	7.58441e-16
15965	7.56312e-16
15966	7.54189e-16
15967	7.52072e-16
15968	7.49961e-16
15969	7.47856e-16
15970	7.45756e-16
15971	7.43663e-16
15972	7.41575e-16
15973	7.39493e-16
15974	7.37417e-16
15975	7.35347e-16
15976	7.33283e-16
15977	7.31225e-16
15978	7.29172e-16
15979	7.27125e-16
15980	7.25084e-16
15981	7.23048e-16
15982	7.21018e-16
15983	7.18994e-16
15984	7.16976e-16
15985	7.14963e-16
15986	7.12956e-16
15987	7.10955e-16
15988	7.08959e-16
15989	7.06968e-16
15990	7.04984e-16
15991	7.03005e-16
15992	7.01031e-16
15993	6.99063e-16
15994	6.971e-16
15995	6.95143e-16
15996	6.93192e-16
15997	6.91246e-16
15998	6.89305e-16
15999	6.8737e-16
16000	6.8544e-16
16001	6.83516e-16
16002	6.81597e-16
16003	6.79683e-16
16004	6.77775e-16
16005	6.75872e-16
16006	6.73975e-16
16007	6.72083e-16
16008	6.70196e-16
16009	6.68314e-16
16010	6.66438e-16
16011	6.64567e-16
16012	6.62701e-16
16013	6.60841e-16
16014	6.58985e-16
16015	6.57135e-16
16016	6.5529e-16
16017	6.5345e-16
16018	6.51616e-16
16019	6.49786e-16
16020	6.47962e-16
16021	6.46143e-16
16022	6.44329e-16
16023	6.4252e-16
16024	6.40716e-16
16025	6.38917e-16
16026	6.37123e-16
16027	6.35334e-16
16028	6.3355e-16
16029	6.31772e-16
16030	6.29998e-16
16031	6.28229e-16
16032	6.26465e-16
16033	6.24706e-16
16034	6.22952e-16
16035	6.21203e-16
16036	6.19459e-16
16037	6.1772e-16
16038	6.15985e-16
16039	6.14256e-16
16040	6.12531e-16
16041	6.10811e-16
16042	6.09096e-16
16043	6.07386e-16
16044	6.05681e-16
16045	6.0398e-16
16046	6.02284e-16
16047	6.00593e-16
16048	5.98907e-16
16049	5.97225e-16
16050	5.95548e-16
16051	5.93876e-16
16052	5.92208e-16
16053	5.90545e-16
16054	5.88887e-16
16055	5.87234e-16
16056	5.85585e-16
16057	5.83941e-16
16058	5.82301e-16
16059	5.80666e-16
16060	5.79035e-16
16061	5.7741e-16
16062	5.75788e-16
16063	5.74171e-16
16064	5.72559e-16
16065	5.70951e-16
16066	5.69348e-16
16067	5.6775e-16
16068	5.66155e-16
16069	5.64566e-16
16070	5.6298e-16
16071	5.61399e-16
16072	5.59823e-16
16073	5.58251e-16
16074	5.56683e-16
16075	5.5512e-16
16076	5.53561e-16
16077	5.52007e-16
16078	5.50457e-16
16079	5.48911e-16
16080	5.4737e-16
16081	5.45833e-16
16082	5.443e-16
16083	5.42771e-16
16084	5.41247e-16
16085	5.39727e-16
16086	5.38212e-16
16087	5.367e-16
16088	5.35193e-16
16089	5.3369e-16
16090	5.32192e-16
16091	5.30697e-16
16092	5.29207e-16
16093	5.27721e-16
16094	5.26239e-16
16095	5.24761e-16
16096	5.23287e-16
16097	5.21818e-16
16098	5.20352e-16
16099	5.18891e-16
16100	5.17434e-16
16101	5.15981e-16
16102	5.14532e-16
16103	5.13087e-16
16104	5.11646e-16
16105	5.10209e-16
16106	5.08776e-16
16107	5.07348e-16
16108	5.05923e-16
16109	5.04502e-16
16110	5.03085e-16
16111	5.01672e-16
16112	5.00263e-16
16113	4.98858e-16
16114	4.97457e-16
16115	4.9606e-16
16116	4.94667e-16
16117	4.93278e-16
16118	4.91893e-16
16119	4.90511e-16
16120	4.89134e-16
16121	4.8776e-16
16122	4.8639e-16
16123	4.85024e-16
16124	4.83662e-16
16125	4.82304e-16
16126	4.80949e-16
16127	4.79598e-16
16128	4.78251e-16
16129	4.76908e-16
16130	4.75569e-16
16131	4.74233e-16
16132	4.72901e-16
16133	4.71573e-16
16134	4.70249e-16
16135	4.68928e-16
16136	4.67611e-16
16137	4.66298e-16
16138	4.64988e-16
16139	4.63682e-16
16140	4.6238e-16
16141	4.61081e-16
16142	4.59786e-16
16143	4.58495e-16
16144	4.57207e-16
16145	4.55923e-16
16146	4.54643e-16
16147	4.53366e-16
16148	4.52092e-16
16149	4.50822e-16
16150	4.49556e-16
16151	4.48294e-16
16152	4.47034e-16
16153	4.45779e-16
16154	4.44527e-16
16155	4.43278e-16
16156	4.42033e-16
16157	4.40792e-16
16158	4.39554e-16
16159	4.38319e-16
16160	4.37088e-16
16161	4.3586e-16
16162	4.34636e-16
16163	4.33415e-16
16164	4.32198e-16
16165	4.30984e-16
16166	4.29773e-16
16167	4.28566e-16
16168	4.27362e-16
16169	4.26162e-16
16170	4.24965e-16
16171	4.23771e-16
16172	4.22581e-16
16173	4.21394e-16
16174	4.2021e-16
16175	4.1903e-16
16176	4.17853e-16
16177	4.16679e-16
16178	4.15509e-16
16179	4.14342e-16
16180	4.13178e-16
16181	4.12017e-16
16182	4.1086e-16
16183	4.09706e-16
16184	4.08555e-16
16185	4.07408e-16
16186	4.06263e-16
16187	4.05122e-16
16188	4.03984e-16
16189	4.02849e-16
16190	4.01718e-16
16191	4.00589e-16
16192	3.99464e-16
16193	3.98342e-16
16194	3.97223e-16
16195	3.96107e-16
16196	3.94994e-16
16197	3.93885e-16
16198	3.92778e-16
16199	3.91675e-16
16200	3.90575e-16
16201	3.89478e-16
16202	3.88384e-16
16203	3.87293e-16
16204	3.86205e-16
16205	3.8512e-16
16206	3.84038e-16
16207	3.82959e-16
16208	3.81883e-16
16209	3.8081e-16
16210	3.79741e-16
16211	3.78674e-16
16212	3.7761e-16
16213	3.76549e-16
16214	3.75492e-16
16215	3.74437e-16
16216	3.73385e-16
16217	3.72336e-16
16218	3.7129e-16
16219	3.70247e-16
16220	3.69207e-16
16221	3.6817e-16
16222	3.67135e-16
16223	3.66104e-16
16224	3.65075e-16
16225	3.6405e-16
16226	3.63027e-16
16227	3.62007e-16
16228	3.6099e-16
16229	3.59976e-16
16230	3.58965e-16
16231	3.57956e-16
16232	3.56951e-16
16233	3.55948e-16
16234	3.54948e-16
16235	3.53951e-16
16236	3.52956e-16
16237	3.51965e-16
16238	3.50976e-16
16239	3.4999e-16
16240	3.49007e-16
16241	3.48026e-16
16242	3.47049e-16
16243	3.46074e-16
16244	3.45101e-16
16245	3.44132e-16
16246	3.43165e-16
16247	3.42201e-16
16248	3.41239e-16
16249	3.40281e-16
16250	3.39325e-16
16251	3.38371e-16
16252	3.37421e-16
16253	3.36473e-16
16254	3.35527e-16
16255	3.34585e-16
16256	3.33645e-16
16257	3.32707e-16
16258	3.31773e-16
16259	3.3084e-16
16260	3.29911e-16
16261	3.28984e-16
16262	3.2806e-16
16263	3.27138e-16
16264	3.26219e-16
16265	3.25302e-16
16266	3.24388e-16
16267	3.23477e-16
16268	3.22568e-16
16269	3.21662e-16
16270	3.20758e-16
16271	3.19857e-16
16272	3.18958e-16
16273	3.18062e-16
16274	3.17168e-16
16275	3.16277e-16
16276	3.15388e-16
16277	3.14502e-16
16278	3.13619e-16
16279	3.12737e-16
16280	3.11859e-16
16281	3.10982e-16
16282	3.10109e-16
16283	3.09237e-16
16284	3.08368e-16
16285	3.07502e-16
16286	3.06638e-16
16287	3.05776e-16
16288	3.04917e-16
16289	3.04061e-16
16290	3.03206e-16
16291	3.02354e-16
16292	3.01505e-16
16293	3.00657e-16
16294	2.99813e-16
16295	2.9897e-16
16296	2.9813e-16
16297	2.97292e-16
16298	2.96457e-16
16299	2.95624e-16
16300	2.94793e-16
16301	2.93965e-16
16302	2.93139e-16
16303	2.92315e-16
16304	2.91494e-16
16305	2.90675e-16
16306	2.89858e-16
16307	2.89044e-16
16308	2.88231e-16
16309	2.87422e-16
16310	2.86614e-16
16311	2.85809e-16
16312	2.85005e-16
16313	2.84205e-16
16314	2.83406e-16
16315	2.8261e-16
16316	2.81815e-16
16317	2.81023e-16
16318	2.80234e-16
16319	2.79446e-16
16320	2.78661e-16
16321	2.77878e-16
16322	2.77097e-16
16323	2.76318e-16
16324	2.75542e-16
16325	2.74768e-16
16326	2.73996e-16
16327	2.73226e-16
16328	2.72458e-16
16329	2.71692e-16
16330	2.70929e-16
16331	2.70167e-16
16332	2.69408e-16
16333	2.68651e-16
16334	2.67896e-16
16335	2.67143e-16
16336	2.66393e-16
16337	2.65644e-16
16338	2.64897e-16
16339	2.64153e-16
16340	2.63411e-16
16341	2.6267e-16
16342	2.61932e-16
16343	2.61196e-16
16344	2.60462e-16
16345	2.5973e-16
16346	2.59e-16
16347	2.58272e-16
16348	2.57547e-16
16349	2.56823e-16
16350	2.56101e-16
16351	2.55381e-16
16352	2.54664e-16
16353	2.53948e-16
16354	2.53234e-16
16355	2.52523e-16
16356	2.51813e-16
16357	2.51105e-16
16358	2.504e-16
16359	2.49696e-16
16360	2.48994e-16
16361	2.48294e-16
16362	2.47597e-16
16363	2.46901e-16
16364	2.46207e-16
16365	2.45515e-16
16366	2.44825e-16
16367	2.44137e-16
16368	2.43451e-16
16369	2.42766e-16
16370	2.42084e-16
16371	2.41404e-16
16372	2.40725e-16
16373	2.40049e-16
16374	2.39374e-16
16375	2.38701e-16
16376	2.3803e-16
16377	2.37361e-16
16378	2.36694e-16
16379	2.36029e-16
16380	2.35366e-16
16381	2.34704e-16
16382	2.34045e-16
16383	2.33387e-16
16384	2.32731e-16
16385	2.32077e-16
16386	2.31425e-16
16387	2.30774e-16
16388	2.30125e-16
16389	2.29479e-16
16390	2.28834e-16
16391	2.28191e-16
16392	2.27549e-16
16393	2.2691e-16
16394	2.26272e-16
16395	2.25636e-16
16396	2.25002e-16
16397	2.24369e-16
16398	2.23739e-16
16399	2.2311e-16
16400	2.22483e-16
16401	2.21857e-16
16402	2.21234e-16
16403	2.20612e-16
16404	2.19992e-16
16405	2.19374e-16
16406	2.18757e-16
16407	2.18142e-16
16408	2.17529e-16
16409	2.16917e-16
16410	2.16308e-16
16411	2.157e-16
16412	2.15093e-16
16413	2.14489e-16
16414	2.13886e-16
16415	2.13285e-16
16416	2.12685e-16
16417	2.12087e-16
16418	2.11491e-16
16419	2.10897e-16
16420	2.10304e-16
16421	2.09713e-16
16422	2.09123e-16
16423	2.08536e-16
16424	2.07949e-16
16425	2.07365e-16
16426	2.06782e-16
16427	2.06201e-16
16428	2.05621e-16
16429	2.05043e-16
16430	2.04467e-16
16431	2.03892e-16
16432	2.03319e-16
16433	2.02747e-16
16434	2.02178e-16
16435	2.01609e-16
16436	2.01043e-16
16437	2.00477e-16
16438	1.99914e-16
16439	1.99352e-16
16440	1.98792e-16
16441	1.98233e-16
16442	1.97675e-16
16443	1.9712e-16
16444	1.96566e-16
16445	1.96013e-16
16446	1.95462e-16
16447	1.94913e-16
16448	1.94365e-16
16449	1.93818e-16
16450	1.93274e-16
16451	1.9273e-16
16452	1.92188e-16
16453	1.91648e-16
16454	1.91109e-16
16455	1.90572e-16
16456	1.90036e-16
16457	1.89502e-16
16458	1.8897e-16
16459	1.88438e-16
16460	1.87909e-16
16461	1.8738e-16
16462	1.86854e-16
16463	1.86328e-16
16464	1.85804e-16
16465	1.85282e-16
16466	1.84761e-16
16467	1.84242e-16
16468	1.83724e-16
16469	1.83207e-16
16470	1.82692e-16
16471	1.82179e-16
16472	1.81667e-16
16473	1.81156e-16
16474	1.80647e-16
16475	1.80139e-16
16476	1.79632e-16
16477	1.79127e-16
16478	1.78624e-16
16479	1.78122e-16
16480	1.77621e-16
16481	1.77121e-16
16482	1.76624e-16
16483	1.76127e-16
16484	1.75632e-16
16485	1.75138e-16
16486	1.74646e-16
16487	1.74155e-16
16488	1.73665e-16
16489	1.73177e-16
16490	1.7269e-16
16491	1.72204e-16
16492	1.7172e-16
16493	1.71238e-16
16494	1.70756e-16
16495	1.70276e-16
16496	1.69797e-16
16497	1.6932e-16
16498	1.68844e-16
16499	1.68369e-16
16500	1.67896e-16
16501	1.67424e-16
16502	1.66953e-16
16503	1.66484e-16
16504	1.66016e-16
16505	1.65549e-16
16506	1.65083e-16
16507	1.64619e-16
16508	1.64156e-16
16509	1.63695e-16
16510	1.63235e-16
16511	1.62776e-16
16512	1.62318e-16
16513	1.61862e-16
16514	1.61407e-16
16515	1.60953e-16
16516	1.605e-16
16517	1.60049e-16
16518	1.59599e-16
16519	1.5915e-16
16520	1.58703e-16
16521	1.58257e-16
16522	1.57812e-16
16523	1.57368e-16
16524	1.56925e-16
16525	1.56484e-16
16526	1.56044e-16
16527	1.55605e-16
16528	1.55168e-16
16529	1.54732e-16
16530	1.54297e-16
16531	1.53863e-16
16532	1.5343e-16
16533	1.52999e-16
16534	1.52568e-16
16535	1.52139e-16
16536	1.51712e-16
16537	1.51285e-16
16538	1.5086e-16
16539	1.50436e-16
16540	1.50013e-16
16541	1.49591e-16
16542	1.4917e-16
16543	1.48751e-16
16544	1.48332e-16
16545	1.47915e-16
16546	1.47499e-16
16547	1.47085e-16
16548	1.46671e-16
16549	1.46259e-16
16550	1.45847e-16
16551	1.45437e-16
16552	1.45028e-16
16553	1.44621e-16
16554	1.44214e-16
16555	1.43808e-16
16556	1.43404e-16
16557	1.43001e-16
16558	1.42599e-16
16559	1.42198e-16
16560	1.41798e-16
16561	1.41399e-16
16562	1.41001e-16
16563	1.40605e-16
16564	1.4021e-16
16565	1.39815e-16
16566	1.39422e-16
16567	1.3903e-16
16568	1.38639e-16
16569	1.38249e-16
16570	1.37861e-16
16571	1.37473e-16
16572	1.37086e-16
16573	1.36701e-16
16574	1.36316e-16
16575	1.35933e-16
16576	1.35551e-16
16577	1.3517e-16
16578	1.34789e-16
16579	1.3441e-16
16580	1.34032e-16
16581	1.33656e-16
16582	1.3328e-16
16583	1.32905e-16
16584	1.32531e-16
16585	1.32158e-16
16586	1.31787e-16
16587	1.31416e-16
16588	1.31047e-16
16589	1.30678e-16
16590	1.30311e-16
16591	1.29944e-16
16592	1.29579e-16
16593	1.29214e-16
16594	1.28851e-16
16595	1.28489e-16
16596	1.28127e-16
16597	1.27767e-16
16598	1.27408e-16
16599	1.27049e-16
16600	1.26692e-16
16601	1.26336e-16
16602	1.2598e-16
16603	1.25626e-16
16604	1.25273e-16
16605	1.2492e-16
16606	1.24569e-16
16607	1.24219e-16
16608	1.23869e-16
16609	1.23521e-16
16610	1.23174e-16
16611	1.22827e-16
16612	1.22482e-16
16613	1.22137e-16
16614	1.21794e-16
16615	1.21451e-16
16616	1.2111e-16
16617	1.20769e-16
16618	1.2043e-16
16619	1.20091e-16
16620	1.19753e-16
16621	1.19416e-16
16622	1.1908e-16
16623	1.18746e-16
16624	1.18412e-16
16625	1.18079e-16
16626	1.17746e-16
16627	1.17415e-16
16628	1.17085e-16
16629	1.16756e-16
16630	1.16427e-16
16631	1.161e-16
16632	1.15773e-16
16633	1.15448e-16
16634	1.15123e-16
16635	1.14799e-16
16636	1.14476e-16
16637	1.14154e-16
16638	1.13833e-16
16639	1.13513e-16
16640	1.13194e-16
16641	1.12876e-16
16642	1.12558e-16
16643	1.12242e-16
16644	1.11926e-16
16645	1.11611e-16
16646	1.11297e-16
16647	1.10984e-16
16648	1.10672e-16
16649	1.10361e-16
16650	1.1005e-16
16651	1.09741e-16
16652	1.09432e-16
16653	1.09124e-16
16654	1.08817e-16
16655	1.08511e-16
16656	1.08206e-16
16657	1.07902e-16
16658	1.07598e-16
16659	1.07296e-16
16660	1.06994e-16
16661	1.06693e-16
16662	1.06393e-16
16663	1.06093e-16
16664	1.05795e-16
16665	1.05497e-16
16666	1.05201e-16
16667	1.04905e-16
16668	1.0461e-16
16669	1.04315e-16
16670	1.04022e-16
16671	1.03729e-16
16672	1.03438e-16
16673	1.03147e-16
16674	1.02857e-16
16675	1.02567e-16
16676	1.02279e-16
16677	1.01991e-16
16678	1.01704e-16
16679	1.01418e-16
16680	1.01133e-16
16681	1.00848e-16
16682	1.00565e-16
16683	1.00282e-16
16684	9.99997e-17
16685	9.97184e-17
16686	9.94379e-17
16687	9.91582e-17
16688	9.88792e-17
16689	9.86011e-17
16690	9.83237e-17
16691	9.80471e-17
16692	9.77713e-17
16693	9.74963e-17
16694	9.72221e-17
16695	9.69486e-17
16696	9.66759e-17
16697	9.64039e-17
16698	9.61327e-17
16699	9.58623e-17
16700	9.55926e-17
16701	9.53237e-17
16702	9.50556e-17
16703	9.47882e-17
16704	9.45215e-17
16705	9.42556e-17
16706	9.39905e-17
16707	9.37261e-17
16708	9.34624e-17
16709	9.31995e-17
16710	9.29373e-17
16711	9.26759e-17
16712	9.24151e-17
16713	9.21552e-17
16714	9.18959e-17
16715	9.16374e-17
16716	9.13796e-17
16717	9.11225e-17
16718	9.08662e-17
16719	9.06106e-17
16720	9.03557e-17
16721	9.01015e-17
16722	8.9848e-17
16723	8.95952e-17
16724	8.93432e-17
16725	8.90918e-17
16726	8.88412e-17
16727	8.85913e-17
16728	8.8342e-17
16729	8.80935e-17
16730	8.78457e-17
16731	8.75985e-17
16732	8.73521e-17
16733	8.71064e-17
16734	8.68613e-17
16735	8.66169e-17
16736	8.63732e-17
16737	8.61302e-17
16738	8.58879e-17
16739	8.56463e-17
16740	8.54053e-17
16741	8.51651e-17
16742	8.49255e-17
16743	8.46865e-17
16744	8.44483e-17
16745	8.42107e-17
16746	8.39738e-17
16747	8.37375e-17
16748	8.35019e-17
16749	8.3267e-17
16750	8.30327e-17
16751	8.27991e-17
16752	8.25662e-17
16753	8.23339e-17
16754	8.21022e-17
16755	8.18713e-17
16756	8.16409e-17
16757	8.14112e-17
16758	8.11822e-17
16759	8.09538e-17
16760	8.0726e-17
16761	8.04989e-17
16762	8.02724e-17
16763	8.00465e-17
16764	7.98213e-17
16765	7.95967e-17
16766	7.93728e-17
16767	7.91495e-17
16768	7.89268e-17
16769	7.87047e-17
16770	7.84833e-17
16771	7.82624e-17
16772	7.80422e-17
16773	7.78227e-17
16774	7.76037e-17
16775	7.73854e-17
16776	7.71676e-17
16777	7.69505e-17
16778	7.6734e-17
16779	7.65181e-17
16780	7.63028e-17
16781	7.60881e-17
16782	7.5874e-17
16783	7.56605e-17
16784	7.54476e-17
16785	7.52354e-17
16786	7.50237e-17
16787	7.48126e-17
16788	7.46021e-17
16789	7.43922e-17
16790	7.41828e-17
16791	7.39741e-17
16792	7.3766e-17
16793	7.35584e-17
16794	7.33514e-17
16795	7.3145e-17
16796	7.29392e-17
16797	7.2734e-17
16798	7.25293e-17
16799	7.23252e-17
16800	7.21217e-17
16801	7.19188e-17
16802	7.17164e-17
16803	7.15146e-17
16804	7.13134e-17
16805	7.11127e-17
16806	7.09126e-17
16807	7.07131e-17
16808	7.05141e-17
16809	7.03157e-17
16810	7.01178e-17
16811	6.99205e-17
16812	6.97238e-17
16813	6.95276e-17
16814	6.93319e-17
16815	6.91368e-17
16816	6.89423e-17
16817	6.87483e-17
16818	6.85548e-17
16819	6.83619e-17
16820	6.81696e-17
16821	6.79777e-17
16822	6.77864e-17
16823	6.75957e-17
16824	6.74055e-17
16825	6.72158e-17
16826	6.70266e-17
16827	6.6838e-17
16828	6.66499e-17
16829	6.64624e-17
16830	6.62754e-17
16831	6.60889e-17
16832	6.59029e-17
16833	6.57174e-17
16834	6.55325e-17
16835	6.53481e-17
16836	6.51642e-17
16837	6.49808e-17
16838	6.47979e-17
16839	6.46156e-17
16840	6.44338e-17
16841	6.42524e-17
16842	6.40716e-17
16843	6.38913e-17
16844	6.37115e-17
16845	6.35322e-17
16846	6.33534e-17
16847	6.31751e-17
16848	6.29974e-17
16849	6.28201e-17
16850	6.26433e-17
16851	6.2467e-17
16852	6.22912e-17
16853	6.21159e-17
16854	6.19411e-17
16855	6.17668e-17
16856	6.15929e-17
16857	6.14196e-17
16858	6.12468e-17
16859	6.10744e-17
16860	6.09025e-17
16861	6.07311e-17
16862	6.05602e-17
16863	6.03898e-17
16864	6.02198e-17
16865	6.00503e-17
16866	5.98813e-17
16867	5.97128e-17
16868	5.95448e-17
16869	5.93772e-17
16870	5.92101e-17
16871	5.90434e-17
16872	5.88773e-17
16873	5.87116e-17
16874	5.85463e-17
16875	5.83815e-17
16876	5.82172e-17
16877	5.80534e-17
16878	5.789e-17
16879	5.77271e-17
16880	5.75646e-17
16881	5.74026e-17
16882	5.7241e-17
16883	5.70799e-17
16884	5.69193e-17
16885	5.67591e-17
16886	5.65993e-17
16887	5.644e-17
16888	5.62812e-17
16889	5.61228e-17
16890	5.59648e-17
16891	5.58073e-17
16892	5.56503e-17
16893	5.54936e-17
16894	5.53374e-17
16895	5.51817e-17
16896	5.50264e-17
16897	5.48715e-17
16898	5.47171e-17
16899	5.45631e-17
16900	5.44095e-17
16901	5.42563e-17
16902	5.41036e-17
16903	5.39514e-17
16904	5.37995e-17
16905	5.36481e-17
16906	5.34971e-17
16907	5.33465e-17
16908	5.31964e-17
16909	5.30466e-17
16910	5.28973e-17
16911	5.27484e-17
16912	5.26e-17
16913	5.24519e-17
16914	5.23043e-17
16915	5.21571e-17
16916	5.20103e-17
16917	5.18639e-17
16918	5.17179e-17
16919	5.15723e-17
16920	5.14271e-17
16921	5.12824e-17
16922	5.1138e-17
16923	5.09941e-17
16924	5.08506e-17
16925	5.07074e-17
16926	5.05647e-17
16927	5.04224e-17
16928	5.02804e-17
16929	5.01389e-17
16930	4.99978e-17
16931	4.98571e-17
16932	4.97167e-17
16933	4.95768e-17
16934	4.94372e-17
16935	4.92981e-17
16936	4.91593e-17
16937	4.90209e-17
16938	4.88829e-17
16939	4.87453e-17
16940	4.86081e-17
16941	4.84713e-17
16942	4.83349e-17
16943	4.81988e-17
16944	4.80631e-17
16945	4.79278e-17
16946	4.77929e-17
16947	4.76584e-17
16948	4.75242e-17
16949	4.73904e-17
16950	4.7257e-17
16951	4.7124e-17
16952	4.69914e-17
16953	4.68591e-17
16954	4.67272e-17
16955	4.65956e-17
16956	4.64645e-17
16957	4.63337e-17
16958	4.62033e-17
16959	4.60732e-17
16960	4.59435e-17
16961	4.58142e-17
16962	4.56852e-17
16963	4.55566e-17
16964	4.54283e-17
16965	4.53005e-17
16966	4.51729e-17
16967	4.50458e-17
16968	4.4919e-17
16969	4.47925e-17
16970	4.46664e-17
16971	4.45407e-17
16972	4.44153e-17
16973	4.42903e-17
16974	4.41656e-17
16975	4.40412e-17
16976	4.39173e-17
16977	4.37936e-17
16978	4.36703e-17
16979	4.35474e-17
16980	4.34248e-17
16981	4.33026e-17
16982	4.31806e-17
16983	4.30591e-17
16984	4.29379e-17
16985	4.2817e-17
16986	4.26964e-17
16987	4.25762e-17
16988	4.24564e-17
16989	4.23369e-17
16990	4.22177e-17
16991	4.20988e-17
16992	4.19803e-17
16993	4.18621e-17
16994	4.17443e-17
16995	4.16267e-17
16996	4.15095e-17
16997	4.13927e-17
16998	4.12762e-17
16999	4.11599e-17
17000	4.10441e-17
17001	4.09285e-17
17002	4.08133e-17
17003	4.06984e-17
17004	4.05838e-17
17005	4.04695e-17
17006	4.03556e-17
17007	4.0242e-17
17008	4.01287e-17
17009	4.00157e-17
17010	3.99031e-17
17011	3.97907e-17
17012	3.96787e-17
17013	3.9567e-17
17014	3.94556e-17
17015	3.93445e-17
17016	3.92337e-17
17017	3.91233e-17
17018	3.90131e-17
17019	3.89033e-17
17020	3.87937e-17
17021	3.86845e-17
17022	3.85756e-17
17023	3.8467e-17
17024	3.83587e-17
17025	3.82507e-17
17026	3.8143e-17
17027	3.80356e-17
17028	3.79285e-17
17029	3.78217e-17
17030	3.77152e-17
17031	3.7609e-17
17032	3.75032e-17
17033	3.73976e-17
17034	3.72923e-17
17035	3.71873e-17
17036	3.70826e-17
17037	3.69782e-17
17038	3.6874e-17
17039	3.67702e-17
17040	3.66667e-17
17041	3.65634e-17
17042	3.64605e-17
17043	3.63578e-17
17044	3.62555e-17
17045	3.61534e-17
17046	3.60516e-17
17047	3.59501e-17
17048	3.58488e-17
17049	3.57479e-17
17050	3.56473e-17
17051	3.55469e-17
17052	3.54468e-17
17053	3.5347e-17
17054	3.52475e-17
17055	3.51482e-17
17056	3.50492e-17
17057	3.49506e-17
17058	3.48521e-17
17059	3.4754e-17
17060	3.46561e-17
17061	3.45586e-17
17062	3.44613e-17
17063	3.43642e-17
17064	3.42675e-17
17065	3.4171e-17
17066	3.40747e-17
17067	3.39788e-17
17068	3.38831e-17
17069	3.37877e-17
17070	3.36926e-17
17071	3.35977e-17
17072	3.35031e-17
17073	3.34087e-17
17074	3.33147e-17
17075	3.32209e-17
17076	3.31273e-17
17077	3.3034e-17
17078	3.2941e-17
17079	3.28483e-17
17080	3.27558e-17
17081	3.26635e-17
17082	3.25715e-17
17083	3.24798e-17
17084	3.23884e-17
17085	3.22972e-17
17086	3.22062e-17
17087	3.21155e-17
17088	3.20251e-17
17089	3.19349e-17
17090	3.1845e-17
17091	3.17553e-17
17092	3.16659e-17
17093	3.15767e-17
17094	3.14878e-17
17095	3.13991e-17
17096	3.13107e-17
17097	3.12225e-17
17098	3.11346e-17
17099	3.10469e-17
17100	3.09595e-17
17101	3.08723e-17
17102	3.07854e-17
17103	3.06987e-17
17104	3.06122e-17
17105	3.0526e-17
17106	3.044e-17
17107	3.03543e-17
17108	3.02688e-17
17109	3.01836e-17
17110	3.00986e-17
17111	3.00138e-17
17112	2.99293e-17
17113	2.9845e-17
17114	2.9761e-17
17115	2.96772e-17
17116	2.95936e-17
17117	2.95103e-17
17118	2.94271e-17
17119	2.93443e-17
17120	2.92616e-17
17121	2.91792e-17
17122	2.90971e-17
17123	2.90151e-17
17124	2.89334e-17
17125	2.88519e-17
17126	2.87707e-17
17127	2.86896e-17
17128	2.86088e-17
17129	2.85283e-17
17130	2.84479e-17
17131	2.83678e-17
17132	2.82879e-17
17133	2.82082e-17
17134	2.81288e-17
17135	2.80496e-17
17136	2.79706e-17
17137	2.78918e-17
17138	2.78133e-17
17139	2.77349e-17
17140	2.76568e-17
17141	2.75789e-17
17142	2.75012e-17
17143	2.74238e-17
17144	2.73466e-17
17145	2.72695e-17
17146	2.71927e-17
17147	2.71161e-17
17148	2.70398e-17
17149	2.69636e-17
17150	2.68877e-17
17151	2.6812e-17
17152	2.67364e-17
17153	2.66611e-17
17154	2.6586e-17
17155	2.65112e-17
17156	2.64365e-17
17157	2.6362e-17
17158	2.62878e-17
17159	2.62138e-17
17160	2.61399e-17
17161	2.60663e-17
17162	2.59929e-17
17163	2.59197e-17
17164	2.58467e-17
17165	2.57739e-17
17166	2.57013e-17
17167	2.56289e-17
17168	2.55567e-17
17169	2.54847e-17
17170	2.54129e-17
17171	2.53414e-17
17172	2.527e-17
17173	2.51988e-17
17174	2.51278e-17
17175	2.50571e-17
17176	2.49865e-17
17177	2.49161e-17
17178	2.48459e-17
17179	2.47759e-17
17180	2.47062e-17
17181	2.46366e-17
17182	2.45672e-17
17183	2.4498e-17
17184	2.4429e-17
17185	2.43602e-17
17186	2.42916e-17
17187	2.42231e-17
17188	2.41549e-17
17189	2.40869e-17
17190	2.4019e-17
17191	2.39514e-17
17192	2.38839e-17
17193	2.38166e-17
17194	2.37495e-17
17195	2.36826e-17
17196	2.36159e-17
17197	2.35494e-17
17198	2.34831e-17
17199	2.34169e-17
17200	2.3351e-17
17201	2.32852e-17
17202	2.32196e-17
17203	2.31542e-17
17204	2.3089e-17
17205	2.30239e-17
17206	2.29591e-17
17207	2.28944e-17
17208	2.28299e-17
17209	2.27656e-17
17210	2.27015e-17
17211	2.26375e-17
17212	2.25738e-17
17213	2.25102e-17
17214	2.24468e-17
17215	2.23836e-17
17216	2.23205e-17
17217	2.22576e-17
17218	2.21949e-17
17219	2.21324e-17
17220	2.20701e-17
17221	2.20079e-17
17222	2.19459e-17
17223	2.18841e-17
17224	2.18224e-17
17225	2.1761e-17
17226	2.16997e-17
17227	2.16385e-17
17228	2.15776e-17
17229	2.15168e-17
17230	2.14562e-17
17231	2.13957e-17
17232	2.13355e-17
17233	2.12754e-17
17234	2.12154e-17
17235	2.11557e-17
17236	2.10961e-17
17237	2.10366e-17
17238	2.09774e-17
17239	2.09183e-17
17240	2.08593e-17
17241	2.08006e-17
17242	2.0742e-17
17243	2.06836e-17
17244	2.06253e-17
17245	2.05672e-17
17246	2.05092e-17
17247	2.04515e-17
17248	2.03938e-17
17249	2.03364e-17
17250	2.02791e-17
17251	2.0222e-17
17252	2.0165e-17
17253	2.01082e-17
17254	2.00516e-17
17255	1.99951e-17
17256	1.99387e-17
17257	1.98826e-17
17258	1.98265e-17
17259	1.97707e-17
17260	1.9715e-17
17261	1.96595e-17
17262	1.96041e-17
17263	1.95488e-17
17264	1.94938e-17
17265	1.94388e-17
17266	1.93841e-17
17267	1.93295e-17
17268	1.9275e-17
17269	1.92207e-17
17270	1.91666e-17
17271	1.91126e-17
17272	1.90587e-17
17273	1.9005e-17
17274	1.89515e-17
17275	1.88981e-17
17276	1.88448e-17
17277	1.87917e-17
17278	1.87388e-17
17279	1.8686e-17
17280	1.86334e-17
17281	1.85809e-17
17282	1.85285e-17
17283	1.84763e-17
17284	1.84243e-17
17285	1.83724e-17
17286	1.83206e-17
17287	1.8269e-17
17288	1.82175e-17
17289	1.81662e-17
17290	1.8115e-17
17291	1.8064e-17
17292	1.80131e-17
17293	1.79623e-17
17294	1.79117e-17
17295	1.78612e-17
17296	1.78109e-17
17297	1.77607e-17
17298	1.77107e-17
17299	1.76608e-17
17300	1.7611e-17
17301	1.75614e-17
17302	1.75119e-17
17303	1.74626e-17
17304	1.74134e-17
17305	1.73643e-17
17306	1.73154e-17
17307	1.72666e-17
17308	1.7218e-17
17309	1.71694e-17
17310	1.71211e-17
17311	1.70728e-17
17312	1.70247e-17
17313	1.69768e-17
17314	1.69289e-17
17315	1.68812e-17
17316	1.68337e-17
17317	1.67862e-17
17318	1.67389e-17
17319	1.66918e-17
17320	1.66447e-17
17321	1.65978e-17
17322	1.65511e-17
17323	1.65044e-17
17324	1.64579e-17
17325	1.64116e-17
17326	1.63653e-17
17327	1.63192e-17
17328	1.62732e-17
17329	1.62274e-17
17330	1.61816e-17
17331	1.6136e-17
17332	1.60906e-17
17333	1.60452e-17
17334	1.6e-17
17335	1.59549e-17
17336	1.591e-17
17337	1.58652e-17
17338	1.58204e-17
17339	1.57759e-17
17340	1.57314e-17
17341	1.56871e-17
17342	1.56429e-17
17343	1.55988e-17
17344	1.55548e-17
17345	1.5511e-17
17346	1.54673e-17
17347	1.54237e-17
17348	1.53803e-17
17349	1.53369e-17
17350	1.52937e-17
17351	1.52506e-17
17352	1.52076e-17
17353	1.51648e-17
17354	1.5122e-17
17355	1.50794e-17
17356	1.50369e-17
17357	1.49946e-17
17358	1.49523e-17
17359	1.49102e-17
17360	1.48682e-17
17361	1.48263e-17
17362	1.47845e-17
17363	1.47428e-17
17364	1.47013e-17
17365	1.46599e-17
17366	1.46185e-17
17367	1.45773e-17
17368	1.45363e-17
17369	1.44953e-17
17370	1.44545e-17
17371	1.44137e-17
17372	1.43731e-17
17373	1.43326e-17
17374	1.42922e-17
17375	1.42519e-17
17376	1.42118e-17
17377	1.41717e-17
17378	1.41318e-17
17379	1.4092e-17
17380	1.40522e-17
17381	1.40126e-17
17382	1.39732e-17
17383	1.39338e-17
17384	1.38945e-17
17385	1.38554e-17
17386	1.38163e-17
17387	1.37774e-17
17388	1.37385e-17
17389	1.36998e-17
17390	1.36612e-17
17391	1.36227e-17
17392	1.35843e-17
17393	1.3546e-17
17394	1.35079e-17
17395	1.34698e-17
17396	1.34318e-17
17397	1.3394e-17
17398	1.33562e-17
17399	1.33186e-17
17400	1.32811e-17
17401	1.32436e-17
17402	1.32063e-17
17403	1.31691e-17
17404	1.3132e-17
17405	1.3095e-17
17406	1.30581e-17
17407	1.30213e-17
17408	1.29846e-17
17409	1.2948e-17
17410	1.29115e-17
17411	1.28751e-17
17412	1.28388e-17
17413	1.28026e-17
17414	1.27665e-17
17415	1.27306e-17
17416	1.26947e-17
17417	1.26589e-17
17418	1.26232e-17
17419	1.25877e-17
17420	1.25522e-17
17421	1.25168e-17
17422	1.24815e-17
17423	1.24463e-17
17424	1.24113e-17
17425	1.23763e-17
17426	1.23414e-17
17427	1.23066e-17
17428	1.22719e-17
17429	1.22373e-17
17430	1.22029e-17
17431	1.21685e-17
17432	1.21342e-17
17433	1.21e-17
17434	1.20659e-17
17435	1.20319e-17
17436	1.19979e-17
17437	1.19641e-17
17438	1.19304e-17
17439	1.18968e-17
17440	1.18632e-17
17441	1.18298e-17
17442	1.17965e-17
17443	1.17632e-17
17444	1.17301e-17
17445	1.1697e-17
17446	1.1664e-17
17447	1.16312e-17
17448	1.15984e-17
17449	1.15657e-17
17450	1.15331e-17
17451	1.15006e-17
17452	1.14682e-17
17453	1.14358e-17
17454	1.14036e-17
17455	1.13715e-17
17456	1.13394e-17
17457	1.13075e-17
17458	1.12756e-17
17459	1.12438e-17
17460	1.12121e-17
17461	1.11805e-17
17462	1.1149e-17
17463	1.11176e-17
17464	1.10862e-17
17465	1.1055e-17
17466	1.10238e-17
17467	1.09927e-17
17468	1.09618e-17
17469	1.09309e-17
17470	1.09e-17
17471	1.08693e-17
17472	1.08387e-17
17473	1.08081e-17
17474	1.07777e-17
17475	1.07473e-17
17476	1.0717e-17
17477	1.06868e-17
17478	1.06567e-17
17479	1.06266e-17
17480	1.05967e-17
17481	1.05668e-17
17482	1.0537e-17
17483	1.05073e-17
17484	1.04777e-17
17485	1.04482e-17
17486	1.04187e-17
17487	1.03893e-17
17488	1.03601e-17
17489	1.03308e-17
17490	1.03017e-17
17491	1.02727e-17
17492	1.02437e-17
17493	1.02149e-17
17494	1.01861e-17
17495	1.01573e-17
17496	1.01287e-17
17497	1.01002e-17
17498	1.00717e-17
17499	1.00433e-17
17500	1.0015e-17
17501	9.98676e-18
17502	9.9586e-18
17503	9.93053e-18
17504	9.90254e-18
17505	9.87462e-18
17506	9.84679e-18
17507	9.81903e-18
17508	9.79135e-18
17509	9.76375e-18
17510	9.73622e-18
17511	9.70877e-18
17512	9.68141e-18
17513	9.65411e-18
17514	9.6269e-18
17515	9.59976e-18
17516	9.5727e-18
17517	9.54571e-18
17518	9.5188e-18
17519	9.49197e-18
17520	9.46521e-18
17521	9.43853e-18
17522	9.41192e-18
17523	9.38538e-18
17524	9.35893e-18
17525	9.33254e-18
17526	9.30623e-18
17527	9.28e-18
17528	9.25384e-18
17529	9.22775e-18
17530	9.20173e-18
17531	9.17579e-18
17532	9.14992e-18
17533	9.12413e-18
17534	9.09841e-18
17535	9.07276e-18
17536	9.04718e-18
17537	9.02167e-18
17538	8.99624e-18
17539	8.97088e-18
17540	8.94559e-18
17541	8.92037e-18
17542	8.89522e-18
17543	8.87014e-18
17544	8.84513e-18
17545	8.8202e-18
17546	8.79533e-18
17547	8.77053e-18
17548	8.74581e-18
17549	8.72115e-18
17550	8.69656e-18
17551	8.67204e-18
17552	8.64759e-18
17553	8.62321e-18
17554	8.5989e-18
17555	8.57466e-18
17556	8.55048e-18
17557	8.52638e-18
17558	8.50234e-18
17559	8.47837e-18
17560	8.45446e-18
17561	8.43063e-18
17562	8.40686e-18
17563	8.38316e-18
17564	8.35952e-18
17565	8.33595e-18
17566	8.31245e-18
17567	8.28901e-18
17568	8.26564e-18
17569	8.24234e-18
17570	8.2191e-18
17571	8.19593e-18
17572	8.17282e-18
17573	8.14978e-18
17574	8.1268e-18
17575	8.10389e-18
17576	8.08104e-18
17577	8.05825e-18
17578	8.03553e-18
17579	8.01288e-18
17580	7.99028e-18
17581	7.96776e-18
17582	7.94529e-18
17583	7.92289e-18
17584	7.90055e-18
17585	7.87827e-18
17586	7.85606e-18
17587	7.83391e-18
17588	7.81182e-18
17589	7.7898e-18
17590	7.76783e-18
17591	7.74593e-18
17592	7.72409e-18
17593	7.70231e-18
17594	7.68059e-18
17595	7.65894e-18
17596	7.63734e-18
17597	7.61581e-18
17598	7.59433e-18
17599	7.57292e-18
17600	7.55157e-18
17601	7.53028e-18
17602	7.50904e-18
17603	7.48787e-18
17604	7.46676e-18
17605	7.4457e-18
17606	7.42471e-18
17607	7.40377e-18
17608	7.3829e-18
17609	7.36208e-18
17610	7.34132e-18
17611	7.32062e-18
17612	7.29998e-18
17613	7.27939e-18
17614	7.25887e-18
17615	7.2384e-18
17616	7.21799e-18
17617	7.19764e-18
17618	7.17734e-18
17619	7.1571e-18
17620	7.13692e-18
17621	7.1168e-18
17622	7.09673e-18
17623	7.07672e-18
17624	7.05676e-18
17625	7.03686e-18
17626	7.01702e-18
17627	6.99723e-18
17628	6.9775e-18
17629	6.95783e-18
17630	6.93821e-18
17631	6.91864e-18
17632	6.89913e-18
17633	6.87968e-18
17634	6.86028e-18
17635	6.84093e-18
17636	6.82164e-18
17637	6.80241e-18
17638	6.78322e-18
17639	6.7641e-18
17640	6.74502e-18
17641	6.726e-18
17642	6.70703e-18
17643	6.68812e-18
17644	6.66926e-18
17645	6.65045e-18
17646	6.6317e-18
17647	6.613e-18
17648	6.59435e-18
17649	6.57575e-18
17650	6.55721e-18
17651	6.53872e-18
17652	6.52028e-18
17653	6.50189e-18
17654	6.48356e-18
17655	6.46527e-18
17656	6.44704e-18
17657	6.42886e-18
17658	6.41073e-18
17659	6.39265e-18
17660	6.37463e-18
17661	6.35665e-18
17662	6.33872e-18
17663	6.32085e-18
17664	6.30302e-18
17665	6.28525e-18
17666	6.26752e-18
17667	6.24985e-18
17668	6.23222e-18
17669	6.21465e-18
17670	6.19712e-18
17671	6.17964e-18
17672	6.16222e-18
17673	6.14484e-18
17674	6.12751e-18
17675	6.11023e-18
17676	6.093e-18
17677	6.07581e-18
17678	6.05868e-18
17679	6.04159e-18
17680	6.02455e-18
17681	6.00756e-18
17682	5.99062e-18
17683	5.97372e-18
17684	5.95688e-18
17685	5.94008e-18
17686	5.92332e-18
17687	5.90662e-18
17688	5.88996e-18
17689	5.87335e-18
17690	5.85679e-18
17691	5.84027e-18
17692	5.8238e-18
17693	5.80737e-18
17694	5.79099e-18
17695	5.77466e-18
17696	5.75838e-18
17697	5.74213e-18
17698	5.72594e-18
17699	5.70979e-18
17700	5.69369e-18
17701	5.67763e-18
17702	5.66162e-18
17703	5.64565e-18
17704	5.62973e-18
17705	5.61385e-18
17706	5.59802e-18
17707	5.58223e-18
17708	5.56648e-18
17709	5.55078e-18
17710	5.53513e-18
17711	5.51952e-18
17712	5.50395e-18
17713	5.48843e-18
17714	5.47295e-18
17715	5.45751e-18
17716	5.44212e-18
17717	5.42677e-18
17718	5.41146e-18
17719	5.3962e-18
17720	5.38098e-18
17721	5.3658e-18
17722	5.35067e-18
17723	5.33558e-18
17724	5.32053e-18
17725	5.30552e-18
17726	5.29056e-18
17727	5.27564e-18
17728	5.26076e-18
17729	5.24592e-18
17730	5.23112e-18
17731	5.21637e-18
17732	5.20165e-18
17733	5.18698e-18
17734	5.17235e-18
17735	5.15776e-18
17736	5.14321e-18
17737	5.12871e-18
17738	5.11424e-18
17739	5.09982e-18
17740	5.08543e-18
17741	5.07109e-18
17742	5.05678e-18
17743	5.04252e-18
17744	5.0283e-18
17745	5.01411e-18
17746	4.99997e-18
17747	4.98587e-18
17748	4.97181e-18
17749	4.95778e-18
17750	4.9438e-18
17751	4.92985e-18
17752	4.91595e-18
17753	4.90208e-18
17754	4.88825e-18
17755	4.87446e-18
17756	4.86072e-18
17757	4.847e-18
17758	4.83333e-18
17759	4.8197e-18
17760	4.8061e-18
17761	4.79255e-18
17762	4.77903e-18
17763	4.76555e-18
17764	4.75211e-18
17765	4.7387e-18
17766	4.72533e-18
17767	4.712e-18
17768	4.69871e-18
17769	4.68546e-18
17770	4.67224e-18
17771	4.65906e-18
17772	4.64592e-18
17773	4.63282e-18
17774	4.61975e-18
17775	4.60672e-18
17776	4.59372e-18
17777	4.58076e-18
17778	4.56784e-18
17779	4.55496e-18
17780	4.54211e-18
17781	4.52929e-18
17782	4.51652e-18
17783	4.50378e-18
17784	4.49107e-18
17785	4.4784e-18
17786	4.46577e-18
17787	4.45317e-18
17788	4.44061e-18
17789	4.42808e-18
17790	4.41559e-18
17791	4.40314e-18
17792	4.39071e-18
17793	4.37833e-18
17794	4.36598e-18
17795	4.35366e-18
17796	4.34138e-18
17797	4.32913e-18
17798	4.31692e-18
17799	4.30474e-18
17800	4.2926e-18
17801	4.28049e-18
17802	4.26841e-18
17803	4.25637e-18
17804	4.24436e-18
17805	4.23239e-18
17806	4.22045e-18
17807	4.20854e-18
17808	4.19667e-18
17809	4.18483e-18
17810	4.17303e-18
17811	4.16125e-18
17812	4.14952e-18
17813	4.13781e-18
17814	4.12614e-18
17815	4.1145e-18
17816	4.10289e-18
17817	4.09131e-18
17818	4.07977e-18
17819	4.06826e-18
17820	4.05678e-18
17821	4.04534e-18
17822	4.03393e-18
17823	4.02255e-18
17824	4.0112e-18
17825	3.99988e-18
17826	3.9886e-18
17827	3.97735e-18
17828	3.96612e-18
17829	3.95494e-18
17830	3.94378e-18
17831	3.93265e-18
17832	3.92156e-18
17833	3.91049e-18
17834	3.89946e-18
17835	3.88846e-18
17836	3.87749e-18
17837	3.86655e-18
17838	3.85564e-18
17839	3.84476e-18
17840	3.83392e-18
17841	3.8231e-18
17842	3.81231e-18
17843	3.80156e-18
17844	3.79083e-18
17845	3.78014e-18
17846	3.76947e-18
17847	3.75884e-18
17848	3.74823e-18
17849	3.73766e-18
17850	3.72711e-18
17851	3.7166e-18
17852	3.70611e-18
17853	3.69565e-18
17854	3.68523e-18
17855	3.67483e-18
17856	3.66446e-18
17857	3.65412e-18
17858	3.64381e-18
17859	3.63353e-18
17860	3.62328e-18
17861	3.61306e-18
17862	3.60286e-18
17863	3.5927e-18
17864	3.58256e-18
17865	3.57245e-18
17866	3.56237e-18
17867	3.55232e-18
17868	3.5423e-18
17869	3.53231e-18
17870	3.52234e-18
17871	3.5124e-18
17872	3.50249e-18
17873	3.49261e-18
17874	3.48275e-18
17875	3.47293e-18
17876	3.46313e-18
17877	3.45336e-18
17878	3.44361e-18
17879	3.4339e-18
17880	3.42421e-18
17881	3.41455e-18
17882	3.40491e-18
17883	3.3953e-18
17884	3.38572e-18
17885	3.37617e-18
17886	3.36665e-18
17887	3.35715e-18
17888	3.34767e-18
17889	3.33823e-18
17890	3.32881e-18
17891	3.31942e-18
17892	3.31005e-18
17893	3.30071e-18
17894	3.2914e-18
17895	3.28211e-18
17896	3.27285e-18
17897	3.26361e-18
17898	3.2544e-18
17899	3.24522e-18
17900	3.23606e-18
17901	3.22693e-18
17902	3.21783e-18
17903	3.20875e-18
17904	3.19969e-18
17905	3.19067e-18
17906	3.18166e-18
17907	3.17268e-18
17908	3.16373e-18
17909	3.1548e-18
17910	3.1459e-18
17911	3.13703e-18
17912	3.12817e-18
17913	3.11935e-18
17914	3.11054e-18
17915	3.10177e-18
17916	3.09301e-18
17917	3.08429e-18
17918	3.07558e-18
17919	3.0669e-18
17920	3.05825e-18
17921	3.04962e-18
17922	3.04101e-18
17923	3.03243e-18
17924	3.02388e-18
17925	3.01534e-18
17926	3.00683e-18
17927	2.99835e-18
17928	2.98989e-18
17929	2.98145e-18
17930	2.97304e-18
17931	2.96465e-18
17932	2.95628e-18
17933	2.94794e-18
17934	2.93962e-18
17935	2.93133e-18
17936	2.92305e-18
17937	2.91481e-18
17938	2.90658e-18
17939	2.89838e-18
17940	2.8902e-18
17941	2.88204e-18
17942	2.87391e-18
17943	2.8658e-18
17944	2.85771e-18
17945	2.84965e-18
17946	2.84161e-18
17947	2.83359e-18
17948	2.82559e-18
17949	2.81762e-18
17950	2.80967e-18
17951	2.80174e-18
17952	2.79383e-18
17953	2.78595e-18
17954	2.77808e-18
17955	2.77024e-18
17956	2.76243e-18
17957	2.75463e-18
17958	2.74686e-18
17959	2.7391e-18
17960	2.73137e-18
17961	2.72367e-18
17962	2.71598e-18
17963	2.70832e-18
17964	2.70067e-18
17965	2.69305e-18
17966	2.68545e-18
17967	2.67787e-18
17968	2.67031e-18
17969	2.66278e-18
17970	2.65526e-18
17971	2.64777e-18
17972	2.6403e-18
17973	2.63285e-18
17974	2.62542e-18
17975	2.61801e-18
17976	2.61062e-18
17977	2.60325e-18
17978	2.5959e-18
17979	2.58858e-18
17980	2.58127e-18
17981	2.57399e-18
17982	2.56672e-18
17983	2.55948e-18
17984	2.55225e-18
17985	2.54505e-18
17986	2.53787e-18
17987	2.53071e-18
17988	2.52356e-18
17989	2.51644e-18
17990	2.50934e-18
17991	2.50226e-18
17992	2.49519e-18
17993	2.48815e-18
17994	2.48113e-18
17995	2.47413e-18
17996	2.46715e-18
17997	2.46018e-18
17998	2.45324e-18
17999	2.44631e-18
18000	2.43941e-18
18001	2.43253e-18
18002	2.42566e-18
18003	2.41881e-18
18004	2.41199e-18
18005	2.40518e-18
18006	2.39839e-18
18007	2.39162e-18
18008	2.38487e-18
18009	2.37814e-18
18010	2.37143e-18
18011	2.36474e-18
18012	2.35806e-18
18013	2.35141e-18
18014	2.34477e-18
18015	2.33815e-18
18016	2.33155e-18
18017	2.32497e-18
18018	2.31841e-18
18019	2.31186e-18
18020	2.30534e-18
18021	2.29883e-18
18022	2.29234e-18
18023	2.28587e-18
18024	2.27942e-18
18025	2.27299e-18
18026	2.26657e-18
18027	2.26018e-18
18028	2.2538e-18
18029	2.24743e-18
18030	2.24109e-18
18031	2.23477e-18
18032	2.22846e-18
18033	2.22217e-18
18034	2.2159e-18
18035	2.20964e-18
18036	2.2034e-18
18037	2.19718e-18
18038	2.19098e-18
18039	2.1848e-18
18040	2.17863e-18
18041	2.17248e-18
18042	2.16635e-18
18043	2.16024e-18
18044	2.15414e-18
18045	2.14806e-18
18046	2.14199e-18
18047	2.13595e-18
18048	2.12992e-18
18049	2.12391e-18
18050	2.11791e-18
18051	2.11193e-18
18052	2.10597e-18
18053	2.10003e-18
18054	2.0941e-18
18055	2.08819e-18
18056	2.08229e-18
18057	2.07642e-18
18058	2.07056e-18
18059	2.06471e-18
18060	2.05888e-18
18061	2.05307e-18
18062	2.04728e-18
18063	2.0415e-18
18064	2.03573e-18
18065	2.02999e-18
18066	2.02426e-18
18067	2.01854e-18
18068	2.01284e-18
18069	2.00716e-18
18070	2.0015e-18
18071	1.99585e-18
18072	1.99021e-18
18073	1.9846e-18
18074	1.97899e-18
18075	1.97341e-18
18076	1.96784e-18
18077	1.96228e-18
18078	1.95674e-18
18079	1.95122e-18
18080	1.94571e-18
18081	1.94022e-18
18082	1.93474e-18
18083	1.92928e-18
18084	1.92383e-18
18085	1.9184e-18
18086	1.91299e-18
18087	1.90759e-18
18088	1.9022e-18
18089	1.89683e-18
18090	1.89148e-18
18091	1.88614e-18
18092	1.88081e-18
18093	1.8755e-18
18094	1.87021e-18
18095	1.86493e-18
18096	1.85966e-18
18097	1.85441e-18
18098	1.84918e-18
18099	1.84396e-18
18100	1.83875e-18
18101	1.83356e-18
18102	1.82839e-18
18103	1.82322e-18
18104	1.81808e-18
18105	1.81295e-18
18106	1.80783e-18
18107	1.80272e-18
18108	1.79763e-18
18109	1.79256e-18
18110	1.7875e-18
18111	1.78245e-18
18112	1.77742e-18
18113	1.7724e-18
18114	1.7674e-18
18115	1.76241e-18
18116	1.75743e-18
18117	1.75247e-18
18118	1.74753e-18
18119	1.74259e-18
18120	1.73767e-18
18121	1.73277e-18
18122	1.72787e-18
18123	1.723e-18
18124	1.71813e-18
18125	1.71328e-18
18126	1.70844e-18
18127	1.70362e-18
18128	1.69881e-18
18129	1.69402e-18
18130	1.68923e-18
18131	1.68446e-18
18132	1.67971e-18
18133	1.67497e-18
18134	1.67024e-18
18135	1.66552e-18
18136	1.66082e-18
18137	1.65613e-18
18138	1.65145e-18
18139	1.64679e-18
18140	1.64214e-18
18141	1.63751e-18
18142	1.63288e-18
18143	1.62827e-18
18144	1.62368e-18
18145	1.61909e-18
18146	1.61452e-18
18147	1.60996e-18
18148	1.60542e-18
18149	1.60088e-18
18150	1.59636e-18
18151	1.59186e-18
18152	1.58736e-18
18153	1.58288e-18
18154	1.57841e-18
18155	1.57396e-18
18156	1.56951e-18
18157	1.56508e-18
18158	1.56066e-18
18159	1.55626e-18
18160	1.55186e-18
18161	1.54748e-18
18162	1.54311e-18
18163	1.53875e-18
18164	1.53441e-18
18165	1.53008e-18
18166	1.52576e-18
18167	1.52145e-18
18168	1.51715e-18
18169	1.51287e-18
18170	1.5086e-18
18171	1.50434e-18
18172	1.50009e-18
18173	1.49586e-18
18174	1.49163e-18
18175	1.48742e-18
18176	1.48322e-18
18177	1.47903e-18
18178	1.47486e-18
18179	1.47069e-18
18180	1.46654e-18
18181	1.4624e-18
18182	1.45827e-18
18183	1.45415e-18
18184	1.45005e-18
18185	1.44595e-18
18186	1.44187e-18
18187	1.4378e-18
18188	1.43374e-18
18189	1.42969e-18
18190	1.42565e-18
18191	1.42163e-18
18192	1.41761e-18
18193	1.41361e-18
18194	1.40962e-18
18195	1.40564e-18
18196	1.40167e-18
18197	1.39771e-18
18198	1.39377e-18
18199	1.38983e-18
18200	1.38591e-18
18201	1.38199e-18
18202	1.37809e-18
18203	1.3742e-18
18204	1.37032e-18
18205	1.36645e-18
18206	1.36259e-18
18207	1.35874e-18
18208	1.35491e-18
18209	1.35108e-18
18210	1.34727e-18
18211	1.34346e-18
18212	1.33967e-18
18213	1.33588e-18
18214	1.33211e-18
18215	1.32835e-18
18216	1.3246e-18
18217	1.32086e-18
18218	1.31713e-18
18219	1.31341e-18
18220	1.3097e-18
18221	1.306e-18
18222	1.30231e-18
18223	1.29864e-18
18224	1.29497e-18
18225	1.29131e-18
18226	1.28767e-18
18227	1.28403e-18
18228	1.2804e-18
18229	1.27679e-18
18230	1.27318e-18
18231	1.26959e-18
18232	1.266e-18
18233	1.26243e-18
18234	1.25886e-18
18235	1.25531e-18
18236	1.25176e-18
18237	1.24823e-18
18238	1.2447e-18
18239	1.24119e-18
18240	1.23768e-18
18241	1.23419e-18
18242	1.2307e-18
18243	1.22723e-18
18244	1.22376e-18
18245	1.22031e-18
18246	1.21686e-18
18247	1.21342e-18
18248	1.21e-18
18249	1.20658e-18
18250	1.20317e-18
18251	1.19977e-18
18252	1.19639e-18
18253	1.19301e-18
18254	1.18964e-18
18255	1.18628e-18
18256	1.18293e-18
18257	1.17959e-18
18258	1.17626e-18
18259	1.17294e-18
18260	1.16962e-18
18261	1.16632e-18
18262	1.16303e-18
18263	1.15974e-18
18264	1.15647e-18
18265	1.1532e-18
18266	1.14994e-18
18267	1.1467e-18
18268	1.14346e-18
18269	1.14023e-18
18270	1.13701e-18
18271	1.1338e-18
18272	1.1306e-18
18273	1.1274e-18
18274	1.12422e-18
18275	1.12104e-18
18276	1.11788e-18
18277	1.11472e-18
18278	1.11157e-18
18279	1.10843e-18
18280	1.1053e-18
18281	1.10218e-18
18282	1.09907e-18
18283	1.09596e-18
18284	1.09287e-18
18285	1.08978e-18
18286	1.0867e-18
18287	1.08364e-18
18288	1.08058e-18
18289	1.07752e-18
18290	1.07448e-18
18291	1.07145e-18
18292	1.06842e-18
18293	1.0654e-18
18294	1.06239e-18
18295	1.05939e-18
18296	1.0564e-18
18297	1.05342e-18
18298	1.05044e-18
18299	1.04747e-18
18300	1.04452e-18
18301	1.04157e-18
18302	1.03862e-18
18303	1.03569e-18
18304	1.03277e-18
18305	1.02985e-18
18306	1.02694e-18
18307	1.02404e-18
18308	1.02115e-18
18309	1.01826e-18
18310	1.01539e-18
18311	1.01252e-18
18312	1.00966e-18
18313	1.00681e-18
18314	1.00396e-18
18315	1.00113e-18
18316	9.98302e-19
18317	9.95482e-19
18318	9.9267e-19
18319	9.89867e-19
18320	9.87071e-19
18321	9.84283e-19
18322	9.81503e-19
18323	9.7873e-19
18324	9.75966e-19
18325	9.73209e-19
18326	9.70461e-19
18327	9.6772e-19
18328	9.64986e-19
18329	9.62261e-19
18330	9.59543e-19
18331	9.56833e-19
18332	9.5413e-19
18333	9.51435e-19
18334	9.48748e-19
18335	9.46068e-19
18336	9.43396e-19
18337	9.40731e-19
18338	9.38074e-19
18339	9.35424e-19
18340	9.32782e-19
18341	9.30147e-19
18342	9.2752e-19
18343	9.249e-19
18344	9.22288e-19
18345	9.19682e-19
18346	9.17085e-19
18347	9.14494e-19
18348	9.11911e-19
18349	9.09335e-19
18350	9.06767e-19
18351	9.04206e-19
18352	9.01651e-19
18353	8.99105e-19
18354	8.96565e-19
18355	8.94032e-19
18356	8.91507e-19
18357	8.88989e-19
18358	8.86478e-19
18359	8.83974e-19
18360	8.81477e-19
18361	8.78987e-19
18362	8.76504e-19
18363	8.74028e-19
18364	8.71559e-19
18365	8.69097e-19
18366	8.66642e-19
18367	8.64194e-19
18368	8.61753e-19
18369	8.59319e-19
18370	8.56891e-19
18371	8.54471e-19
18372	8.52057e-19
18373	8.4965e-19
18374	8.4725e-19
18375	8.44857e-19
18376	8.4247e-19
18377	8.40091e-19
18378	8.37717e-19
18379	8.35351e-19
18380	8.32991e-19
18381	8.30638e-19
18382	8.28292e-19
18383	8.25952e-19
18384	8.23619e-19
18385	8.21292e-19
18386	8.18972e-19
18387	8.16659e-19
18388	8.14352e-19
18389	8.12051e-19
18390	8.09757e-19
18391	8.0747e-19
18392	8.05189e-19
18393	8.02914e-19
18394	8.00646e-19
18395	7.98384e-19
18396	7.96129e-19
18397	7.9388e-19
18398	7.91637e-19
18399	7.89401e-19
18400	7.87171e-19
18401	7.84947e-19
18402	7.8273e-19
18403	7.80518e-19
18404	7.78313e-19
18405	7.76115e-19
18406	7.73922e-19
18407	7.71736e-19
18408	7.69556e-19
18409	7.67382e-19
18410	7.65214e-19
18411	7.63052e-19
18412	7.60896e-19
18413	7.58747e-19
18414	7.56603e-19
18415	7.54466e-19
18416	7.52335e-19
18417	7.50209e-19
18418	7.4809e-19
18419	7.45976e-19
18420	7.43869e-19
18421	7.41767e-19
18422	7.39672e-19
18423	7.37582e-19
18424	7.35498e-19
18425	7.33421e-19
18426	7.31348e-19
18427	7.29282e-19
18428	7.27222e-19
18429	7.25168e-19
18430	7.23119e-19
18431	7.21076e-19
18432	7.19039e-19
18433	7.17007e-19
18434	7.14982e-19
18435	7.12962e-19
18436	7.10947e-19
18437	7.08939e-19
18438	7.06936e-19
18439	7.04939e-19
18440	7.02947e-19
18441	7.00961e-19
18442	6.98981e-19
18443	6.97006e-19
18444	6.95037e-19
18445	6.93073e-19
18446	6.91115e-19
18447	6.89162e-19
18448	6.87215e-19
18449	6.85274e-19
18450	6.83338e-19
18451	6.81407e-19
18452	6.79482e-19
18453	6.77562e-19
18454	6.75648e-19
18455	6.73739e-19
18456	6.71835e-19
18457	6.69937e-19
18458	6.68044e-19
18459	6.66157e-19
18460	6.64275e-19
18461	6.62398e-19
18462	6.60527e-19
18463	6.5866e-19
18464	6.56799e-19
18465	6.54944e-19
18466	6.53093e-19
18467	6.51248e-19
18468	6.49408e-19
18469	6.47573e-19
18470	6.45743e-19
18471	6.43919e-19
18472	6.421e-19
18473	6.40285e-19
18474	6.38476e-19
18475	6.36672e-19
18476	6.34873e-19
18477	6.3308e-19
18478	6.31291e-19
18479	6.29507e-19
18480	6.27729e-19
18481	6.25955e-19
18482	6.24186e-19
18483	6.22423e-19
18484	6.20664e-19
18485	6.1891e-19
18486	6.17162e-19
18487	6.15418e-19
18488	6.13679e-19
18489	6.11945e-19
18490	6.10216e-19
18491	6.08492e-19
18492	6.06772e-19
18493	6.05058e-19
18494	6.03348e-19
18495	6.01644e-19
18496	5.99944e-19
18497	5.98248e-19
18498	5.96558e-19
18499	5.94872e-19
18500	5.93191e-19
18501	5.91515e-19
18502	5.89844e-19
18503	5.88177e-19
18504	5.86515e-19
18505	5.84858e-19
18506	5.83205e-19
18507	5.81558e-19
18508	5.79914e-19
18509	5.78276e-19
18510	5.76642e-19
18511	5.75012e-19
18512	5.73387e-19
18513	5.71767e-19
18514	5.70152e-19
18515	5.68541e-19
18516	5.66934e-19
18517	5.65332e-19
18518	5.63735e-19
18519	5.62142e-19
18520	5.60553e-19
18521	5.58969e-19
18522	5.5739e-19
18523	5.55815e-19
18524	5.54244e-19
18525	5.52678e-19
18526	5.51116e-19
18527	5.49559e-19
18528	5.48006e-19
18529	5.46457e-19
18530	5.44913e-19
18531	5.43373e-19
18532	5.41838e-19
18533	5.40307e-19
18534	5.3878e-19
18535	5.37257e-19
18536	5.35739e-19
18537	5.34225e-19
18538	5.32716e-19
18539	5.3121e-19
18540	5.29709e-19
18541	5.28212e-19
18542	5.2672e-19
18543	5.25231e-19
18544	5.23747e-19
18545	5.22267e-19
18546	5.20791e-19
18547	5.19319e-19
18548	5.17852e-19
18549	5.16389e-19
18550	5.14929e-19
18551	5.13474e-19
18552	5.12023e-19
18553	5.10576e-19
18554	5.09133e-19
18555	5.07694e-19
18556	5.0626e-19
18557	5.04829e-19
18558	5.03402e-19
18559	5.0198e-19
18560	5.00561e-19
18561	4.99147e-19
18562	4.97736e-19
18563	4.9633e-19
18564	4.94927e-19
18565	4.93528e-19
18566	4.92134e-19
18567	4.90743e-19
18568	4.89356e-19
18569	4.87973e-19
18570	4.86594e-19
18571	4.85219e-19
18572	4.83848e-19
18573	4.8248e-19
18574	4.81117e-19
18575	4.79757e-19
18576	4.78401e-19
18577	4.77049e-19
18578	4.75701e-19
18579	4.74357e-19
18580	4.73016e-19
18581	4.71679e-19
18582	4.70346e-19
18583	4.69017e-19
18584	4.67691e-19
18585	4.6637e-19
18586	4.65052e-19
18587	4.63737e-19
18588	4.62427e-19
18589	4.6112e-19
18590	4.59817e-19
18591	4.58517e-19
18592	4.57221e-19
18593	4.55929e-19
18594	4.54641e-19
18595	4.53356e-19
18596	4.52074e-19
18597	4.50797e-19
18598	4.49523e-19
18599	4.48252e-19
18600	4.46985e-19
18601	4.45722e-19
18602	4.44462e-19
18603	4.43206e-19
18604	4.41954e-19
18605	4.40705e-19
18606	4.39459e-19
18607	4.38217e-19
18608	4.36979e-19
18609	4.35743e-19
18610	4.34512e-19
18611	4.33284e-19
18612	4.32059e-19
18613	4.30838e-19
18614	4.29621e-19
18615	4.28406e-19
18616	4.27195e-19
18617	4.25988e-19
18618	4.24784e-19
18619	4.23583e-19
18620	4.22386e-19
18621	4.21192e-19
18622	4.20002e-19
18623	4.18815e-19
18624	4.17631e-19
18625	4.16451e-19
18626	4.15274e-19
18627	4.141e-19
18628	4.1293e-19
18629	4.11763e-19
18630	4.10599e-19
18631	4.09438e-19
18632	4.08281e-19
18633	4.07127e-19
18634	4.05976e-19
18635	4.04829e-19
18636	4.03685e-19
18637	4.02544e-19
18638	4.01406e-19
18639	4.00271e-19
18640	3.9914e-19
18641	3.98012e-19
18642	3.96887e-19
18643	3.95765e-19
18644	3.94646e-19
18645	3.93531e-19
18646	3.92419e-19
18647	3.91309e-19
18648	3.90203e-19
18649	3.891e-19
18650	3.88001e-19
18651	3.86904e-19
18652	3.8581e-19
18653	3.8472e-19
18654	3.83632e-19
18655	3.82548e-19
18656	3.81467e-19
18657	3.80388e-19
18658	3.79313e-19
18659	3.78241e-19
18660	3.77172e-19
18661	3.76106e-19
18662	3.75043e-19
18663	3.73983e-19
18664	3.72926e-19
18665	3.71871e-19
18666	3.7082e-19
18667	3.69772e-19
18668	3.68727e-19
18669	3.67685e-19
18670	3.66645e-19
18671	3.65609e-19
18672	3.64575e-19
18673	3.63545e-19
18674	3.62517e-19
18675	3.61493e-19
18676	3.60471e-19
18677	3.59452e-19
18678	3.58436e-19
18679	3.57423e-19
18680	3.56412e-19
18681	3.55405e-19
18682	3.544e-19
18683	3.53398e-19
18684	3.52399e-19
18685	3.51403e-19
18686	3.5041e-19
18687	3.49419e-19
18688	3.48432e-19
18689	3.47447e-19
18690	3.46465e-19
18691	3.45485e-19
18692	3.44509e-19
18693	3.43535e-19
18694	3.42564e-19
18695	3.41595e-19
18696	3.4063e-19
18697	3.39667e-19
18698	3.38707e-19
18699	3.37749e-19
18700	3.36794e-19
18701	3.35842e-19
18702	3.34893e-19
18703	3.33946e-19
18704	3.33002e-19
18705	3.32061e-19
18706	3.31122e-19
18707	3.30186e-19
18708	3.29253e-19
18709	3.28322e-19
18710	3.27394e-19
18711	3.26468e-19
18712	3.25545e-19
18713	3.24625e-19
18714	3.23707e-19
18715	3.22792e-19
18716	3.2188e-19
18717	3.2097e-19
18718	3.20062e-19
18719	3.19158e-19
18720	3.18255e-19
18721	3.17356e-19
18722	3.16459e-19
18723	3.15564e-19
18724	3.14672e-19
18725	3.13782e-19
18726	3.12895e-19
18727	3.12011e-19
18728	3.11129e-19
18729	3.10249e-19
18730	3.09372e-19
18731	3.08497e-19
18732	3.07625e-19
18733	3.06755e-19
18734	3.05888e-19
18735	3.05024e-19
18736	3.04161e-19
18737	3.03301e-19
18738	3.02444e-19
18739	3.01589e-19
18740	3.00736e-19
18741	2.99886e-19
18742	2.99038e-19
18743	2.98193e-19
18744	2.9735e-19
18745	2.96509e-19
18746	2.95671e-19
18747	2.94835e-19
18748	2.94001e-19
18749	2.9317e-19
18750	2.92341e-19
18751	2.91515e-19
18752	2.90691e-19
18753	2.89869e-19
18754	2.89049e-19
18755	2.88232e-19
18756	2.87417e-19
18757	2.86605e-19
18758	2.85794e-19
18759	2.84986e-19
18760	2.84181e-19
18761	2.83377e-19
18762	2.82576e-19
18763	2.81777e-19
18764	2.80981e-19
18765	2.80186e-19
18766	2.79394e-19
18767	2.78604e-19
18768	2.77816e-19
18769	2.77031e-19
18770	2.76248e-19
18771	2.75467e-19
18772	2.74688e-19
18773	2.73911e-19
18774	2.73137e-19
18775	2.72365e-19
18776	2.71594e-19
18777	2.70827e-19
18778	2.70061e-19
18779	2.69297e-19
18780	2.68536e-19
18781	2.67777e-19
18782	2.6702e-19
18783	2.66265e-19
18784	2.65512e-19
18785	2.64761e-19
18786	2.64013e-19
18787	2.63266e-19
18788	2.62522e-19
18789	2.61779e-19
18790	2.61039e-19
18791	2.60301e-19
18792	2.59565e-19
18793	2.58831e-19
18794	2.581e-19
18795	2.5737e-19
18796	2.56642e-19
18797	2.55916e-19
18798	2.55193e-19
18799	2.54471e-19
18800	2.53752e-19
18801	2.53034e-19
18802	2.52319e-19
18803	2.51605e-19
18804	2.50894e-19
18805	2.50185e-19
18806	2.49477e-19
18807	2.48772e-19
18808	2.48068e-19
18809	2.47367e-19
18810	2.46668e-19
18811	2.4597e-19
18812	2.45275e-19
18813	2.44581e-19
18814	2.4389e-19
18815	2.432e-19
18816	2.42512e-19
18817	2.41827e-19
18818	2.41143e-19
18819	2.40461e-19
18820	2.39781e-19
18821	2.39103e-19
18822	2.38427e-19
18823	2.37753e-19
18824	2.37081e-19
18825	2.3641e-19
18826	2.35742e-19
18827	2.35075e-19
18828	2.3441e-19
18829	2.33748e-19
18830	2.33087e-19
18831	2.32428e-19
18832	2.3177e-19
18833	2.31115e-19
18834	2.30461e-19
18835	2.2981e-19
18836	2.2916e-19
18837	2.28512e-19
18838	2.27866e-19
18839	2.27221e-19
18840	2.26579e-19
18841	2.25938e-19
18842	2.25299e-19
18843	2.24662e-19
18844	2.24027e-19
18845	2.23393e-19
18846	2.22762e-19
18847	2.22132e-19
18848	2.21504e-19
18849	2.20877e-19
18850	2.20253e-19
18851	2.1963e-19
18852	2.19009e-19
18853	2.1839e-19
18854	2.17772e-19
18855	2.17156e-19
18856	2.16542e-19
18857	2.1593e-19
18858	2.15319e-19
18859	2.1471e-19
18860	2.14103e-19
18861	2.13498e-19
18862	2.12894e-19
18863	2.12292e-19
18864	2.11692e-19
18865	2.11093e-19
18866	2.10496e-19
18867	2.09901e-19
18868	2.09307e-19
18869	2.08715e-19
18870	2.08125e-19
18871	2.07537e-19
18872	2.0695e-19
18873	2.06364e-19
18874	2.05781e-19
18875	2.05199e-19
18876	2.04619e-19
18877	2.0404e-19
18878	2.03463e-19
18879	2.02888e-19
18880	2.02314e-19
18881	2.01742e-19
18882	2.01171e-19
18883	2.00602e-19
18884	2.00035e-19
18885	1.99469e-19
18886	1.98905e-19
18887	1.98343e-19
18888	1.97782e-19
18889	1.97222e-19
18890	1.96665e-19
18891	1.96109e-19
18892	1.95554e-19
18893	1.95001e-19
18894	1.94449e-19
18895	1.939e-19
18896	1.93351e-19
18897	1.92804e-19
18898	1.92259e-19
18899	1.91715e-19
18900	1.91173e-19
18901	1.90633e-19
18902	1.90093e-19
18903	1.89556e-19
18904	1.8902e-19
18905	1.88485e-19
18906	1.87952e-19
18907	1.87421e-19
18908	1.86891e-19
18909	1.86362e-19
18910	1.85835e-19
18911	1.85309e-19
18912	1.84785e-19
18913	1.84263e-19
18914	1.83742e-19
18915	1.83222e-19
18916	1.82704e-19
18917	1.82187e-19
18918	1.81672e-19
18919	1.81158e-19
18920	1.80646e-19
18921	1.80135e-19
18922	1.79625e-19
18923	1.79117e-19
18924	1.78611e-19
18925	1.78106e-19
18926	1.77602e-19
18927	1.77099e-19
18928	1.76599e-19
18929	1.76099e-19
18930	1.75601e-19
18931	1.75104e-19
18932	1.74609e-19
18933	1.74115e-19
18934	1.73623e-19
18935	1.73132e-19
18936	1.72642e-19
18937	1.72154e-19
18938	1.71667e-19
18939	1.71181e-19
18940	1.70697e-19
18941	1.70215e-19
18942	1.69733e-19
18943	1.69253e-19
18944	1.68774e-19
18945	1.68297e-19
18946	1.67821e-19
18947	1.67346e-19
18948	1.66873e-19
18949	1.66401e-19
18950	1.6593e-19
18951	1.65461e-19
18952	1.64993e-19
18953	1.64526e-19
18954	1.64061e-19
18955	1.63597e-19
18956	1.63134e-19
18957	1.62673e-19
18958	1.62213e-19
18959	1.61754e-19
18960	1.61297e-19
18961	1.6084e-19
18962	1.60385e-19
18963	1.59932e-19
18964	1.59479e-19
18965	1.59028e-19
18966	1.58579e-19
18967	1.5813e-19
18968	1.57683e-19
18969	1.57237e-19
18970	1.56792e-19
18971	1.56348e-19
18972	1.55906e-19
18973	1.55465e-19
18974	1.55026e-19
18975	1.54587e-19
18976	1.5415e-19
18977	1.53714e-19
18978	1.53279e-19
18979	1.52845e-19
18980	1.52413e-19
18981	1.51982e-19
18982	1.51552e-19
18983	1.51123e-19
18984	1.50696e-19
18985	1.5027e-19
18986	1.49845e-19
18987	1.49421e-19
18988	1.48998e-19
18989	1.48577e-19
18990	1.48156e-19
18991	1.47737e-19
18992	1.47319e-19
18993	1.46903e-19
18994	1.46487e-19
18995	1.46073e-19
18996	1.4566e-19
18997	1.45248e-19
18998	1.44837e-19
18999	1.44427e-19
19000	1.44019e-19
19001	1.43611e-19
19002	1.43205e-19
19003	1.428e-19
19004	1.42396e-19
19005	1.41993e-19
19006	1.41591e-19
19007	1.41191e-19
19008	1.40792e-19
19009	1.40393e-19
19010	1.39996e-19
19011	1.396e-19
19012	1.39205e-19
19013	1.38812e-19
19014	1.38419e-19
19015	1.38027e-19
19016	1.37637e-19
19017	1.37248e-19
19018	1.36859e-19
19019	1.36472e-19
19020	1.36086e-19
19021	1.35701e-19
19022	1.35317e-19
19023	1.34934e-19
19024	1.34553e-19
19025	1.34172e-19
19026	1.33793e-19
19027	1.33414e-19
19028	1.33037e-19
19029	1.3266e-19
19030	1.32285e-19
19031	1.31911e-19
19032	1.31538e-19
19033	1.31166e-19
19034	1.30795e-19
19035	1.30425e-19
19036	1.30056e-19
19037	1.29688e-19
19038	1.29321e-19
19039	1.28955e-19
19040	1.2859e-19
19041	1.28226e-19
19042	1.27864e-19
19043	1.27502e-19
19044	1.27141e-19
19045	1.26782e-19
19046	1.26423e-19
19047	1.26065e-19
19048	1.25709e-19
19049	1.25353e-19
19050	1.24998e-19
19051	1.24645e-19
19052	1.24292e-19
19053	1.23941e-19
19054	1.2359e-19
19055	1.2324e-19
19056	1.22892e-19
19057	1.22544e-19
19058	1.22197e-19
19059	1.21852e-19
19060	1.21507e-19
19061	1.21163e-19
19062	1.2082e-19
19063	1.20479e-19
19064	1.20138e-19
19065	1.19798e-19
19066	1.19459e-19
19067	1.19121e-19
19068	1.18784e-19
19069	1.18448e-19
19070	1.18113e-19
19071	1.17779e-19
19072	1.17445e-19
19073	1.17113e-19
19074	1.16782e-19
19075	1.16451e-19
19076	1.16122e-19
19077	1.15794e-19
19078	1.15466e-19
19079	1.15139e-19
19080	1.14814e-19
19081	1.14489e-19
19082	1.14165e-19
19083	1.13842e-19
19084	1.1352e-19
19085	1.13199e-19
19086	1.12878e-19
19087	1.12559e-19
19088	1.1224e-19
19089	1.11923e-19
19090	1.11606e-19
19091	1.11291e-19
19092	1.10976e-19
19093	1.10662e-19
19094	1.10349e-19
19095	1.10036e-19
19096	1.09725e-19
19097	1.09415e-19
19098	1.09105e-19
19099	1.08796e-19
19100	1.08489e-19
19101	1.08182e-19
19102	1.07876e-19
19103	1.0757e-19
19104	1.07266e-19
19105	1.06963e-19
19106	1.0666e-19
19107	1.06358e-19
19108	1.06057e-19
19109	1.05757e-19
19110	1.05458e-19
19111	1.0516e-19
19112	1.04862e-19
19113	1.04565e-19
19114	1.04269e-19
19115	1.03974e-19
19116	1.0368e-19
19117	1.03387e-19
19118	1.03094e-19
19119	1.02803e-19
19120	1.02512e-19
19121	1.02222e-19
19122	1.01933e-19
19123	1.01644e-19
19124	1.01357e-19
19125	1.0107e-19
19126	1.00784e-19
19127	1.00499e-19
19128	1.00214e-19
19129	9.99307e-20
19130	9.9648e-20
19131	9.9366e-20
19132	9.90849e-20
19133	9.88045e-20
19134	9.8525e-20
19135	9.82462e-20
19136	9.79682e-20
19137	9.7691e-20
19138	9.74146e-20
19139	9.7139e-20
19140	9.68641e-20
19141	9.659e-20
19142	9.63167e-20
19143	9.60442e-20
19144	9.57725e-20
19145	9.55015e-20
19146	9.52312e-20
19147	9.49618e-20
19148	9.46931e-20
19149	9.44251e-20
19150	9.4158e-20
19151	9.38915e-20
19152	9.36259e-20
19153	9.33609e-20
19154	9.30968e-20
19155	9.28333e-20
19156	9.25707e-20
19157	9.23087e-20
19158	9.20475e-20
19159	9.17871e-20
19160	9.15273e-20
19161	9.12684e-20
19162	9.10101e-20
19163	9.07526e-20
19164	9.04958e-20
19165	9.02397e-20
19166	8.99844e-20
19167	8.97297e-20
19168	8.94758e-20
19169	8.92226e-20
19170	8.89702e-20
19171	8.87184e-20
19172	8.84674e-20
19173	8.8217e-20
19174	8.79674e-20
19175	8.77185e-20
19176	8.74703e-20
19177	8.72228e-20
19178	8.69759e-20
19179	8.67298e-20
19180	8.64844e-20
19181	8.62397e-20
19182	8.59956e-20
19183	8.57523e-20
19184	8.55096e-20
19185	8.52677e-20
19186	8.50264e-20
19187	8.47858e-20
19188	8.45458e-20
19189	8.43066e-20
19190	8.4068e-20
19191	8.38301e-20
19192	8.35929e-20
19193	8.33564e-20
19194	8.31205e-20
19195	8.28853e-20
19196	8.26507e-20
19197	8.24168e-20
19198	8.21836e-20
19199	8.1951e-20
19200	8.17191e-20
19201	8.14879e-20
19202	8.12573e-20
19203	8.10273e-20
19204	8.0798e-20
19205	8.05694e-20
19206	8.03414e-20
19207	8.0114e-20
19208	7.98873e-20
19209	7.96612e-20
19210	7.94358e-20
19211	7.9211e-20
19212	7.89868e-20
19213	7.87633e-20
19214	7.85404e-20
19215	7.83181e-20
19216	7.80965e-20
19217	7.78755e-20
19218	7.76551e-20
19219	7.74354e-20
19220	7.72162e-20
19221	7.69977e-20
19222	7.67798e-20
19223	7.65625e-20
19224	7.63458e-20
19225	7.61298e-20
19226	7.59143e-20
19227	7.56995e-20
19228	7.54853e-20
19229	7.52716e-20
19230	7.50586e-20
19231	7.48462e-20
19232	7.46344e-20
19233	7.44232e-20
19234	7.42125e-20
19235	7.40025e-20
19236	7.37931e-20
19237	7.35842e-20
19238	7.3376e-20
19239	7.31683e-20
19240	7.29613e-20
19241	7.27548e-20
19242	7.25489e-20
19243	7.23436e-20
19244	7.21388e-20
19245	7.19347e-20
19246	7.17311e-20
19247	7.15281e-20
19248	7.13256e-20
19249	7.11238e-20
19250	7.09225e-20
19251	7.07218e-20
19252	7.05216e-20
19253	7.0322e-20
19254	7.0123e-20
19255	6.99245e-20
19256	6.97266e-20
19257	6.95293e-20
19258	6.93325e-20
19259	6.91363e-20
19260	6.89406e-20
19261	6.87455e-20
19262	6.85509e-20
19263	6.83569e-20
19264	6.81635e-20
19265	6.79705e-20
19266	6.77782e-20
19267	6.75863e-20
19268	6.73951e-20
19269	6.72043e-20
19270	6.70141e-20
19271	6.68244e-20
19272	6.66353e-20
19273	6.64467e-20
19274	6.62586e-20
19275	6.60711e-20
19276	6.58841e-20
19277	6.56976e-20
19278	6.55117e-20
19279	6.53263e-20
19280	6.51414e-20
19281	6.4957e-20
19282	6.47732e-20
19283	6.45898e-20
19284	6.4407e-20
19285	6.42247e-20
19286	6.4043e-20
19287	6.38617e-20
19288	6.36809e-20
19289	6.35007e-20
19290	6.3321e-20
19291	6.31417e-20
19292	6.2963e-20
19293	6.27848e-20
19294	6.26071e-20
19295	6.24299e-20
19296	6.22532e-20
19297	6.2077e-20
19298	6.19013e-20
19299	6.17261e-20
19300	6.15514e-20
19301	6.13772e-20
19302	6.12034e-20
19303	6.10302e-20
19304	6.08575e-20
19305	6.06852e-20
19306	6.05134e-20
19307	6.03422e-20
19308	6.01714e-20
19309	6.0001e-20
19310	5.98312e-20
19311	5.96619e-20
19312	5.9493e-20
19313	5.93246e-20
19314	5.91567e-20
19315	5.89892e-20
19316	5.88223e-20
19317	5.86558e-20
19318	5.84897e-20
19319	5.83242e-20
19320	5.81591e-20
19321	5.79945e-20
19322	5.78303e-20
19323	5.76666e-20
19324	5.75034e-20
19325	5.73406e-20
19326	5.71783e-20
19327	5.70165e-20
19328	5.68551e-20
19329	5.66941e-20
19330	5.65337e-20
19331	5.63736e-20
19332	5.62141e-20
19333	5.60549e-20
19334	5.58963e-20
19335	5.57381e-20
19336	5.55803e-20
19337	5.54229e-20
19338	5.52661e-20
19339	5.51096e-20
19340	5.49536e-20
19341	5.47981e-20
19342	5.4643e-20
19343	5.44883e-20
19344	5.4334e-20
19345	5.41802e-20
19346	5.40269e-20
19347	5.38739e-20
19348	5.37214e-20
19349	5.35694e-20
19350	5.34177e-20
19351	5.32665e-20
19352	5.31157e-20
19353	5.29654e-20
19354	5.28154e-20
19355	5.26659e-20
19356	5.25169e-20
19357	5.23682e-20
19358	5.22199e-20
19359	5.20721e-20
19360	5.19247e-20
19361	5.17777e-20
19362	5.16312e-20
19363	5.1485e-20
19364	5.13393e-20
19365	5.11939e-20
19366	5.1049e-20
19367	5.09045e-20
19368	5.07604e-20
19369	5.06167e-20
19370	5.04734e-20
19371	5.03305e-20
19372	5.01881e-20
19373	5.0046e-20
19374	4.99043e-20
19375	4.9763e-20
19376	4.96222e-20
19377	4.94817e-20
19378	4.93416e-20
19379	4.92019e-20
19380	4.90626e-20
19381	4.89237e-20
19382	4.87853e-20
19383	4.86471e-20
19384	4.85094e-20
19385	4.83721e-20
19386	4.82352e-20
19387	4.80986e-20
19388	4.79624e-20
19389	4.78267e-20
19390	4.76913e-20
19391	4.75563e-20
19392	4.74216e-20
19393	4.72874e-20
19394	4.71535e-20
19395	4.702e-20
19396	4.68869e-20
19397	4.67542e-20
19398	4.66218e-20
19399	4.64898e-20
19400	4.63582e-20
19401	4.6227e-20
19402	4.60961e-20
19403	4.59656e-20
19404	4.58355e-20
19405	4.57057e-20
19406	4.55763e-20
19407	4.54473e-20
19408	4.53186e-20
19409	4.51903e-20
19410	4.50624e-20
19411	4.49348e-20
19412	4.48076e-20
19413	4.46807e-20
19414	4.45542e-20
19415	4.44281e-20
19416	4.43023e-20
19417	4.41769e-20
19418	4.40518e-20
19419	4.39271e-20
19420	4.38028e-20
19421	4.36787e-20
19422	4.35551e-20
19423	4.34318e-20
19424	4.33088e-20
19425	4.31862e-20
19426	4.30639e-20
19427	4.2942e-20
19428	4.28204e-20
19429	4.26992e-20
19430	4.25783e-20
19431	4.24578e-20
19432	4.23376e-20
19433	4.22177e-20
19434	4.20982e-20
19435	4.1979e-20
19436	4.18601e-20
19437	4.17416e-20
19438	4.16234e-20
19439	4.15056e-20
19440	4.13881e-20
19441	4.12709e-20
19442	4.1154e-20
19443	4.10375e-20
19444	4.09213e-20
19445	4.08055e-20
19446	4.06899e-20
19447	4.05747e-20
19448	4.04599e-20
19449	4.03453e-20
19450	4.02311e-20
19451	4.01172e-20
19452	4.00036e-20
19453	3.98903e-20
19454	3.97774e-20
19455	3.96648e-20
19456	3.95525e-20
19457	3.94405e-20
19458	3.93288e-20
19459	3.92175e-20
19460	3.91064e-20
19461	3.89957e-20
19462	3.88853e-20
19463	3.87752e-20
19464	3.86654e-20
19465	3.85559e-20
19466	3.84467e-20
19467	3.83379e-20
19468	3.82293e-20
19469	3.81211e-20
19470	3.80132e-20
19471	3.79055e-20
19472	3.77982e-20
19473	3.76912e-20
19474	3.75845e-20
19475	3.7478e-20
19476	3.73719e-20
19477	3.72661e-20
19478	3.71606e-20
19479	3.70554e-20
19480	3.69505e-20
19481	3.68458e-20
19482	3.67415e-20
19483	3.66375e-20
19484	3.65337e-20
19485	3.64303e-20
19486	3.63271e-20
19487	3.62243e-20
19488	3.61217e-20
19489	3.60194e-20
19490	3.59174e-20
19491	3.58157e-20
19492	3.57143e-20
19493	3.56132e-20
19494	3.55124e-20
19495	3.54118e-20
19496	3.53115e-20
19497	3.52115e-20
19498	3.51118e-20
19499	3.50124e-20
19500	3.49133e-20
19501	3.48144e-20
19502	3.47158e-20
19503	3.46175e-20
19504	3.45195e-20
19505	3.44218e-20
19506	3.43243e-20
19507	3.42271e-20
19508	3.41302e-20
19509	3.40335e-20
19510	3.39372e-20
19511	3.38411e-20
19512	3.37452e-20
19513	3.36497e-20
19514	3.35544e-20
19515	3.34594e-20
19516	3.33646e-20
19517	3.32702e-20
19518	3.3176e-20
19519	3.3082e-20
19520	3.29883e-20
19521	3.28949e-20
19522	3.28018e-20
19523	3.27089e-20
19524	3.26163e-20
19525	3.25239e-20
19526	3.24318e-20
19527	3.234e-20
19528	3.22484e-20
19529	3.21571e-20
19530	3.2066e-20
19531	3.19752e-20
19532	3.18847e-20
19533	3.17944e-20
19534	3.17043e-20
19535	3.16146e-20
19536	3.1525e-20
19537	3.14358e-20
19538	3.13467e-20
19539	3.1258e-20
19540	3.11695e-20
19541	3.10812e-20
19542	3.09932e-20
19543	3.09054e-20
19544	3.08179e-20
19545	3.07306e-20
19546	3.06436e-20
19547	3.05568e-20
19548	3.04703e-20
19549	3.0384e-20
19550	3.02979e-20
19551	3.02121e-20
19552	3.01266e-20
19553	3.00413e-20
19554	2.99562e-20
19555	2.98714e-20
19556	2.97868e-20
19557	2.97024e-20
19558	2.96183e-20
19559	2.95344e-20
19560	2.94508e-20
19561	2.93674e-20
19562	2.92842e-20
19563	2.92013e-20
19564	2.91186e-20
19565	2.90361e-20
19566	2.89539e-20
19567	2.88719e-20
19568	2.87901e-20
19569	2.87086e-20
19570	2.86273e-20
19571	2.85462e-20
19572	2.84654e-20
19573	2.83848e-20
19574	2.83044e-20
19575	2.82242e-20
19576	2.81443e-20
19577	2.80646e-20
19578	2.79851e-20
19579	2.79059e-20
19580	2.78268e-20
19581	2.7748e-20
19582	2.76694e-20
19583	2.75911e-20
19584	2.75129e-20
19585	2.7435e-20
19586	2.73573e-20
19587	2.72798e-20
19588	2.72026e-20
19589	2.71255e-20
19590	2.70487e-20
19591	2.69721e-20
19592	2.68957e-20
19593	2.68196e-20
19594	2.67436e-20
19595	2.66679e-20
19596	2.65923e-20
19597	2.6517e-20
19598	2.64419e-20
19599	2.6367e-20
19600	2.62924e-20
19601	2.62179e-20
19602	2.61436e-20
19603	2.60696e-20
19604	2.59958e-20
19605	2.59221e-20
19606	2.58487e-20
19607	2.57755e-20
19608	2.57025e-20
19609	2.56297e-20
19610	2.55571e-20
19611	2.54848e-20
19612	2.54126e-20
19613	2.53406e-20
19614	2.52688e-20
19615	2.51973e-20
19616	2.51259e-20
19617	2.50547e-20
19618	2.49838e-20
19619	2.4913e-20
19620	2.48425e-20
19621	2.47721e-20
19622	2.47019e-20
19623	2.4632e-20
19624	2.45622e-20
19625	2.44926e-20
19626	2.44233e-20
19627	2.43541e-20
19628	2.42851e-20
19629	2.42163e-20
19630	2.41477e-20
19631	2.40794e-20
19632	2.40112e-20
19633	2.39431e-20
19634	2.38753e-20
19635	2.38077e-20
19636	2.37403e-20
19637	2.3673e-20
19638	2.3606e-20
19639	2.35391e-20
19640	2.34724e-20
19641	2.3406e-20
19642	2.33397e-20
19643	2.32736e-20
19644	2.32076e-20
19645	2.31419e-20
19646	2.30764e-20
19647	2.3011e-20
19648	2.29458e-20
19649	2.28808e-20
19650	2.2816e-20
19651	2.27514e-20
19652	2.2687e-20
19653	2.26227e-20
19654	2.25586e-20
19655	2.24947e-20
19656	2.2431e-20
19657	2.23675e-20
19658	2.23041e-20
19659	2.22409e-20
19660	2.21779e-20
19661	2.21151e-20
19662	2.20525e-20
19663	2.199e-20
19664	2.19277e-20
19665	2.18656e-20
19666	2.18037e-20
19667	2.17419e-20
19668	2.16803e-20
19669	2.16189e-20
19670	2.15577e-20
19671	2.14966e-20
19672	2.14357e-20
19673	2.1375e-20
19674	2.13145e-20
19675	2.12541e-20
19676	2.11939e-20
19677	2.11339e-20
19678	2.1074e-20
19679	2.10143e-20
19680	2.09548e-20
19681	2.08954e-20
19682	2.08362e-20
19683	2.07772e-20
19684	2.07184e-20
19685	2.06597e-20
19686	2.06012e-20
19687	2.05428e-20
19688	2.04846e-20
19689	2.04266e-20
19690	2.03687e-20
19691	2.0311e-20
19692	2.02535e-20
19693	2.01961e-20
19694	2.01389e-20
19695	2.00819e-20
19696	2.0025e-20
19697	1.99683e-20
19698	1.99117e-20
19699	1.98553e-20
19700	1.9799e-20
19701	1.9743e-20
19702	1.9687e-20
19703	1.96313e-20
19704	1.95757e-20
19705	1.95202e-20
19706	1.94649e-20
19707	1.94098e-20
19708	1.93548e-20
19709	1.93e-20
19710	1.92453e-20
19711	1.91908e-20
19712	1.91364e-20
19713	1.90822e-20
19714	1.90281e-20
19715	1.89742e-20
19716	1.89205e-20
19717	1.88669e-20
19718	1.88134e-20
19719	1.87601e-20
19720	1.8707e-20
19721	1.8654e-20
19722	1.86012e-20
19723	1.85485e-20
19724	1.84959e-20
19725	1.84435e-20
19726	1.83913e-20
19727	1.83392e-20
19728	1.82872e-20
19729	1.82354e-20
19730	1.81838e-20
19731	1.81323e-20
19732	1.80809e-20
19733	1.80297e-20
19734	1.79786e-20
19735	1.79277e-20
19736	1.78769e-20
19737	1.78262e-20
19738	1.77757e-20
19739	1.77254e-20
19740	1.76752e-20
19741	1.76251e-20
19742	1.75752e-20
19743	1.75254e-20
19744	1.74757e-20
19745	1.74262e-20
19746	1.73768e-20
19747	1.73276e-20
19748	1.72785e-20
19749	1.72296e-20
19750	1.71808e-20
19751	1.71321e-20
19752	1.70836e-20
19753	1.70352e-20
19754	1.69869e-20
19755	1.69388e-20
19756	1.68908e-20
19757	1.68429e-20
19758	1.67952e-20
19759	1.67476e-20
19760	1.67002e-20
19761	1.66529e-20
19762	1.66057e-20
19763	1.65586e-20
19764	1.65117e-20
19765	1.6465e-20
19766	1.64183e-20
19767	1.63718e-20
19768	1.63254e-20
19769	1.62792e-20
19770	1.6233e-20
19771	1.61871e-20
19772	1.61412e-20
19773	1.60955e-20
19774	1.60499e-20
19775	1.60044e-20
19776	1.59591e-20
19777	1.59138e-20
19778	1.58687e-20
19779	1.58238e-20
19780	1.5779e-20
19781	1.57343e-20
19782	1.56897e-20
19783	1.56452e-20
19784	1.56009e-20
19785	1.55567e-20
19786	1.55126e-20
19787	1.54687e-20
19788	1.54248e-20
19789	1.53811e-20
19790	1.53376e-20
19791	1.52941e-20
19792	1.52508e-20
19793	1.52076e-20
19794	1.51645e-20
19795	1.51215e-20
19796	1.50787e-20
19797	1.5036e-20
19798	1.49934e-20
19799	1.49509e-20
19800	1.49085e-20
19801	1.48663e-20
19802	1.48242e-20
19803	1.47822e-20
19804	1.47403e-20
19805	1.46985e-20
19806	1.46569e-20
19807	1.46153e-20
19808	1.45739e-20
19809	1.45326e-20
19810	1.44915e-20
19811	1.44504e-20
19812	1.44095e-20
19813	1.43686e-20
19814	1.43279e-20
19815	1.42873e-20
19816	1.42468e-20
19817	1.42065e-20
19818	1.41662e-20
19819	1.41261e-20
19820	1.40861e-20
19821	1.40462e-20
19822	1.40064e-20
19823	1.39667e-20
19824	1.39271e-20
19825	1.38876e-20
19826	1.38483e-20
19827	1.3809e-20
19828	1.37699e-20
19829	1.37309e-20
19830	1.3692e-20
19831	1.36532e-20
19832	1.36145e-20
19833	1.35759e-20
19834	1.35375e-20
19835	1.34991e-20
19836	1.34609e-20
19837	1.34227e-20
19838	1.33847e-20
19839	1.33468e-20
19840	1.3309e-20
19841	1.32712e-20
19842	1.32336e-20
19843	1.31961e-20
19844	1.31587e-20
19845	1.31215e-20
19846	1.30843e-20
19847	1.30472e-20
19848	1.30102e-20
19849	1.29734e-20
19850	1.29366e-20
19851	1.29e-20
19852	1.28634e-20
19853	1.2827e-20
19854	1.27906e-20
19855	1.27544e-20
19856	1.27182e-20
19857	1.26822e-20
19858	1.26463e-20
19859	1.26104e-20
19860	1.25747e-20
19861	1.25391e-20
19862	1.25035e-20
19863	1.24681e-20
19864	1.24328e-20
19865	1.23975e-20
19866	1.23624e-20
19867	1.23274e-20
19868	1.22924e-20
19869	1.22576e-20
19870	1.22229e-20
19871	1.21882e-20
19872	1.21537e-20
19873	1.21193e-20
19874	1.20849e-20
19875	1.20507e-20
19876	1.20165e-20
19877	1.19825e-20
19878	1.19485e-20
19879	1.19147e-20
19880	1.18809e-20
19881	1.18472e-20
19882	1.18137e-20
19883	1.17802e-20
19884	1.17468e-20
19885	1.17135e-20
19886	1.16803e-20
19887	1.16472e-20
19888	1.16142e-20
19889	1.15813e-20
19890	1.15485e-20
19891	1.15158e-20
19892	1.14831e-20
19893	1.14506e-20
19894	1.14181e-20
19895	1.13858e-20
19896	1.13535e-20
19897	1.13213e-20
19898	1.12893e-20
19899	1.12573e-20
19900	1.12254e-20
19901	1.11936e-20
19902	1.11618e-20
19903	1.11302e-20
19904	1.10987e-20
19905	1.10672e-20
19906	1.10359e-20
19907	1.10046e-20
19908	1.09734e-20
19909	1.09423e-20
19910	1.09113e-20
19911	1.08804e-20
19912	1.08495e-20
19913	1.08188e-20
19914	1.07881e-20
19915	1.07576e-20
19916	1.07271e-20
19917	1.06967e-20
19918	1.06664e-20
19919	1.06361e-20
19920	1.0606e-20
19921	1.05759e-20
19922	1.0546e-20
19923	1.05161e-20
19924	1.04863e-20
19925	1.04566e-20
19926	1.04269e-20
19927	1.03974e-20
19928	1.03679e-20
19929	1.03385e-20
19930	1.03092e-20
19931	1.028e-20
19932	1.02509e-20
19933	1.02218e-20
19934	1.01929e-20
19935	1.0164e-20
19936	1.01352e-20
19937	1.01064e-20
19938	1.00778e-20
19939	1.00492e-20
19940	1.00208e-20
19941	9.99236e-21
19942	9.96404e-21
19943	9.9358e-21
19944	9.90764e-21
19945	9.87956e-21
19946	9.85157e-21
19947	9.82365e-21
19948	9.7958e-21
19949	9.76804e-21
19950	9.74036e-21
19951	9.71275e-21
19952	9.68523e-21
19953	9.65778e-21
19954	9.63041e-21
19955	9.60311e-21
19956	9.5759e-21
19957	9.54876e-21
19958	9.52169e-21
19959	9.49471e-21
19960	9.4678e-21
19961	9.44097e-21
19962	9.41421e-21
19963	9.38753e-21
19964	9.36092e-21
19965	9.33439e-21
19966	9.30794e-21
19967	9.28156e-21
19968	9.25525e-21
19969	9.22902e-21
19970	9.20286e-21
19971	9.17678e-21
19972	9.15077e-21
19973	9.12484e-21
19974	9.09897e-21
19975	9.07319e-21
19976	9.04747e-21
19977	9.02183e-21
19978	8.99626e-21
19979	8.97076e-21
19980	8.94533e-21
19981	8.91998e-21
19982	8.8947e-21
19983	8.86949e-21
19984	8.84435e-21
19985	8.81928e-21
19986	8.79429e-21
19987	8.76936e-21
19988	8.74451e-21
19989	8.71972e-21
19990	8.69501e-21
19991	8.67036e-21
19992	8.64579e-21
19993	8.62129e-21
19994	8.59685e-21
19995	8.57248e-21
19996	8.54819e-21
19997	8.52396e-21
19998	8.4998e-21
19999	8.47571e-21
