1	1.87898e-12
2	5.18533e-10
3	7.46435e-09
4	4.15678e-08
5	1.09888e-07
6	2.15513e-07
7	3.86136e-07
8	6.25086e-07
9	9.05076e-07
10	1.21907e-06
11	1.59363e-06
12	2.0323e-06
13	2.53826e-06
14	3.11432e-06
15	3.76296e-06
16	4.48633e-06
17	5.28628e-06
18	6.16435e-06
19	7.1218e-06
20	8.15964e-06
21	9.27861e-06
22	1.04792e-05
23	1.17617e-05
24	1.31262e-05
25	1.45725e-05
26	1.61004e-05
27	1.77092e-05
28	1.93983e-05
29	2.1167e-05
30	2.30142e-05
31	2.49387e-05
32	2.69394e-05
33	2.9015e-05
34	3.11638e-05
35	3.33844e-05
36	3.56751e-05
37	3.80341e-05
38	4.04596e-05
39	4.29497e-05
40	4.55025e-05
41	4.81159e-05
42	5.07879e-05
43	5.35162e-05
44	5.62989e-05
45	5.91336e-05
46	6.20182e-05
47	6.49504e-05
48	6.79279e-05
49	7.09485e-05
50	7.40098e-05
51	7.71095e-05
52	8.02453e-05
53	8.3415e-05
54	8.66161e-05
55	8.98464e-05
56	9.31035e-05
57	9.63853e-05
58	9.96893e-05
59	0.000103013
60	0.000106355
61	0.000109713
62	0.000113084
63	0.000116466
64	0.000119857
65	0.000123255
66	0.000126658
67	0.000130063
68	0.00013347
69	0.000136875
70	0.000140277
71	0.000143674
72	0.000147063
73	0.000150444
74	0.000153815
75	0.000157173
76	0.000160516
77	0.000163844
78	0.000167154
79	0.000170446
80	0.000173716
81	0.000176964
82	0.000180189
83	0.000183389
84	0.000186562
85	0.000189707
86	0.000192823
87	0.000195908
88	0.000198962
89	0.000201983
90	0.00020497
91	0.000207922
92	0.000210837
93	0.000213716
94	0.000216557
95	0.000219358
96	0.000222119
97	0.00022484
98	0.000227519
99	0.000230156
100	0.00023275
101	0.0002353
102	0.000237805
103	0.000240265
104	0.00024268
105	0.000245049
106	0.00024737
107	0.000249645
108	0.000251872
109	0.000254051
110	0.000256182
111	0.000258264
112	0.000260298
113	0.000262281
114	0.000264216
115	0.0002661
116	0.000267935
117	0.00026972
118	0.000271455
119	0.000273139
120	0.000274773
121	0.000276357
122	0.00027789
123	0.000279373
124	0.000280806
125	0.000282188
126	0.000283521
127	0.000284803
128	0.000286035
129	0.000287217
130	0.00028835
131	0.000289434
132	0.000290468
133	0.000291453
134	0.00029239
135	0.000293278
136	0.000294118
137	0.00029491
138	0.000295654
139	0.000296351
140	0.000297001
141	0.000297605
142	0.000298162
143	0.000298674
144	0.00029914
145	0.000299562
146	0.000299938
147	0.000300271
148	0.00030056
149	0.000300806
150	0.000301009
151	0.000301169
152	0.000301288
153	0.000301365
154	0.000301402
155	0.000301398
156	0.000301355
157	0.000301272
158	0.00030115
159	0.00030099
160	0.000300792
161	0.000300557
162	0.000300285
163	0.000299978
164	0.000299634
165	0.000299256
166	0.000298843
167	0.000298396
168	0.000297916
169	0.000297403
170	0.000296857
171	0.00029628
172	0.000295672
173	0.000295033
174	0.000294365
175	0.000293666
176	0.000292939
177	0.000292184
178	0.000291401
179	0.00029059
180	0.000289753
181	0.00028889
182	0.000288001
183	0.000287088
184	0.000286149
185	0.000285187
186	0.000284202
187	0.000283194
188	0.000282164
189	0.000281111
190	0.000280038
191	0.000278944
192	0.00027783
193	0.000276696
194	0.000275544
195	0.000274372
196	0.000273183
197	0.000271976
198	0.000270752
199	0.000269512
200	0.000268256
201	0.000266983
202	0.000265696
203	0.000264395
204	0.000263079
205	0.00026175
206	0.000260407
207	0.000259052
208	0.000257684
209	0.000256305
210	0.000254915
211	0.000253513
212	0.000252101
213	0.000250679
214	0.000249247
215	0.000247807
216	0.000246357
217	0.000244899
218	0.000243433
219	0.00024196
220	0.000240479
221	0.000238991
222	0.000237497
223	0.000235998
224	0.000234492
225	0.000232981
226	0.000231465
227	0.000229945
228	0.00022842
229	0.000226892
230	0.000225359
231	0.000223824
232	0.000222286
233	0.000220745
234	0.000219202
235	0.000217657
236	0.00021611
237	0.000214562
238	0.000213013
239	0.000211463
240	0.000209912
241	0.000208361
242	0.00020681
243	0.00020526
244	0.00020371
245	0.000202161
246	0.000200613
247	0.000199066
248	0.000197521
249	0.000195978
250	0.000194436
251	0.000192897
252	0.000191361
253	0.000189827
254	0.000188295
255	0.000186767
256	0.000185242
257	0.000183721
258	0.000182203
259	0.00018069
260	0.00017918
261	0.000177674
262	0.000176173
263	0.000174676
264	0.000173184
265	0.000171697
266	0.000170215
267	0.000168738
268	0.000167266
269	0.0001658
270	0.00016434
271	0.000162885
272	0.000161436
273	0.000159993
274	0.000158556
275	0.000157125
276	0.000155701
277	0.000154283
278	0.000152872
279	0.000151467
280	0.000150069
281	0.000148678
282	0.000147294
283	0.000145916
284	0.000144547
285	0.000143184
286	0.000141828
287	0.00014048
288	0.000139139
289	0.000137806
290	0.000136481
291	0.000135163
292	0.000133852
293	0.00013255
294	0.000131255
295	0.000129968
296	0.000128689
297	0.000127418
298	0.000126155
299	0.0001249
300	0.000123653
301	0.000122415
302	0.000121184
303	0.000119962
304	0.000118748
305	0.000117542
306	0.000116344
307	0.000115155
308	0.000113974
309	0.000112802
310	0.000111637
311	0.000110481
312	0.000109334
313	0.000108195
314	0.000107064
315	0.000105942
316	0.000104828
317	0.000103723
318	0.000102626
319	0.000101537
320	0.000100457
321	9.93856e-05
322	9.83223e-05
323	9.72675e-05
324	9.62211e-05
325	9.5183e-05
326	9.41534e-05
327	9.31321e-05
328	9.21192e-05
329	9.11147e-05
330	9.01185e-05
331	8.91306e-05
332	8.8151e-05
333	8.71797e-05
334	8.62166e-05
335	8.52618e-05
336	8.43152e-05
337	8.33768e-05
338	8.24466e-05
339	8.15245e-05
340	8.06105e-05
341	7.97046e-05
342	7.88067e-05
343	7.79169e-05
344	7.70351e-05
345	7.61612e-05
346	7.52953e-05
347	7.44373e-05
348	7.35871e-05
349	7.27448e-05
350	7.19103e-05
351	7.10835e-05
352	7.02645e-05
353	6.94531e-05
354	6.86494e-05
355	6.78533e-05
356	6.70648e-05
357	6.62838e-05
358	6.55103e-05
359	6.47443e-05
360	6.39857e-05
361	6.32344e-05
362	6.24905e-05
363	6.17538e-05
364	6.10244e-05
365	6.03022e-05
366	5.95872e-05
367	5.88793e-05
368	5.81784e-05
369	5.74846e-05
370	5.67978e-05
371	5.61179e-05
372	5.54448e-05
373	5.47787e-05
374	5.41193e-05
375	5.34667e-05
376	5.28208e-05
377	5.21815e-05
378	5.15489e-05
379	5.09228e-05
380	5.03033e-05
381	4.96902e-05
382	4.90836e-05
383	4.84833e-05
384	4.78894e-05
385	4.73018e-05
386	4.67204e-05
387	4.61452e-05
388	4.55761e-05
389	4.50131e-05
390	4.44562e-05
391	4.39053e-05
392	4.33604e-05
393	4.28213e-05
394	4.22881e-05
395	4.17608e-05
396	4.12392e-05
397	4.07233e-05
398	4.02131e-05
399	3.97085e-05
400	3.92095e-05
401	3.8716e-05
402	3.8228e-05
403	3.77454e-05
404	3.72683e-05
405	3.67964e-05
406	3.63299e-05
407	3.58686e-05
408	3.54126e-05
409	3.49616e-05
410	3.45158e-05
411	3.40751e-05
412	3.36394e-05
413	3.32086e-05
414	3.27828e-05
415	3.23619e-05
416	3.19458e-05
417	3.15345e-05
418	3.1128e-05
419	3.07262e-05
420	3.0329e-05
421	2.99365e-05
422	2.95485e-05
423	2.91651e-05
424	2.87861e-05
425	2.84116e-05
426	2.80415e-05
427	2.76757e-05
428	2.73143e-05
429	2.69572e-05
430	2.66043e-05
431	2.62555e-05
432	2.59109e-05
433	2.55705e-05
434	2.52341e-05
435	2.49017e-05
436	2.45733e-05
437	2.42489e-05
438	2.39284e-05
439	2.36117e-05
440	2.32988e-05
441	2.29898e-05
442	2.26845e-05
443	2.23829e-05
444	2.2085e-05
445	2.17907e-05
446	2.15e-05
447	2.12129e-05
448	2.09293e-05
449	2.06491e-05
450	2.03724e-05
451	2.00992e-05
452	1.98293e-05
453	1.95627e-05
454	1.92995e-05
455	1.90395e-05
456	1.87827e-05
457	1.85292e-05
458	1.82788e-05
459	1.80315e-05
460	1.77873e-05
461	1.75462e-05
462	1.73081e-05
463	1.7073e-05
464	1.68409e-05
465	1.66116e-05
466	1.63853e-05
467	1.61619e-05
468	1.59412e-05
469	1.57234e-05
470	1.55084e-05
471	1.5296e-05
472	1.50864e-05
473	1.48795e-05
474	1.46752e-05
475	1.44735e-05
476	1.42744e-05
477	1.40778e-05
478	1.38838e-05
479	1.36923e-05
480	1.35032e-05
481	1.33166e-05
482	1.31324e-05
483	1.29506e-05
484	1.27712e-05
485	1.2594e-05
486	1.24192e-05
487	1.22466e-05
488	1.20763e-05
489	1.19082e-05
490	1.17423e-05
491	1.15786e-05
492	1.1417e-05
493	1.12576e-05
494	1.11002e-05
495	1.09449e-05
496	1.07917e-05
497	1.06404e-05
498	1.04912e-05
499	1.03439e-05
500	1.01986e-05
501	1.00552e-05
502	9.91369e-06
503	9.77407e-06
504	9.6363e-06
505	9.50037e-06
506	9.36625e-06
507	9.23392e-06
508	9.10335e-06
509	8.97453e-06
510	8.84743e-06
511	8.72204e-06
512	8.59832e-06
513	8.47627e-06
514	8.35586e-06
515	8.23706e-06
516	8.11987e-06
517	8.00426e-06
518	7.89021e-06
519	7.77769e-06
520	7.66671e-06
521	7.55722e-06
522	7.44922e-06
523	7.34268e-06
524	7.23759e-06
525	7.13393e-06
526	7.03168e-06
527	6.93083e-06
528	6.83135e-06
529	6.73322e-06
530	6.63644e-06
531	6.54099e-06
532	6.44684e-06
533	6.35398e-06
534	6.26239e-06
535	6.17206e-06
536	6.08298e-06
537	5.99512e-06
538	5.90847e-06
539	5.82301e-06
540	5.73874e-06
541	5.65563e-06
542	5.57366e-06
543	5.49284e-06
544	5.41313e-06
545	5.33452e-06
546	5.25701e-06
547	5.18057e-06
548	5.1052e-06
549	5.03088e-06
550	4.95759e-06
551	4.88532e-06
552	4.81406e-06
553	4.74379e-06
554	4.67451e-06
555	4.6062e-06
556	4.53884e-06
557	4.47243e-06
558	4.40694e-06
559	4.34238e-06
560	4.27872e-06
561	4.21596e-06
562	4.15408e-06
563	4.09308e-06
564	4.03293e-06
565	3.97363e-06
566	3.91517e-06
567	3.85754e-06
568	3.80072e-06
569	3.7447e-06
570	3.68948e-06
571	3.63504e-06
572	3.58137e-06
573	3.52846e-06
574	3.47631e-06
575	3.42489e-06
576	3.37421e-06
577	3.32425e-06
578	3.27501e-06
579	3.22646e-06
580	3.17861e-06
581	3.13144e-06
582	3.08494e-06
583	3.03912e-06
584	2.99394e-06
585	2.94942e-06
586	2.90553e-06
587	2.86227e-06
588	2.81963e-06
589	2.77761e-06
590	2.73619e-06
591	2.69536e-06
592	2.65513e-06
593	2.61547e-06
594	2.57638e-06
595	2.53786e-06
596	2.4999e-06
597	2.46248e-06
598	2.42561e-06
599	2.38927e-06
600	2.35345e-06
601	2.31815e-06
602	2.28337e-06
603	2.24909e-06
604	2.21531e-06
605	2.18201e-06
606	2.14921e-06
607	2.11688e-06
608	2.08502e-06
609	2.05362e-06
610	2.02268e-06
611	1.99219e-06
612	1.96215e-06
613	1.93255e-06
614	1.90338e-06
615	1.87463e-06
616	1.84631e-06
617	1.8184e-06
618	1.7909e-06
619	1.7638e-06
620	1.7371e-06
621	1.7108e-06
622	1.68487e-06
623	1.65933e-06
624	1.63417e-06
625	1.60937e-06
626	1.58494e-06
627	1.56087e-06
628	1.53716e-06
629	1.51379e-06
630	1.49077e-06
631	1.46809e-06
632	1.44575e-06
633	1.42373e-06
634	1.40204e-06
635	1.38067e-06
636	1.35962e-06
637	1.33888e-06
638	1.31845e-06
639	1.29832e-06
640	1.27849e-06
641	1.25895e-06
642	1.2397e-06
643	1.22074e-06
644	1.20206e-06
645	1.18366e-06
646	1.16554e-06
647	1.14768e-06
648	1.13009e-06
649	1.11276e-06
650	1.09569e-06
651	1.07888e-06
652	1.06232e-06
653	1.046e-06
654	1.02993e-06
655	1.0141e-06
656	9.98505e-07
657	9.83144e-07
658	9.68014e-07
659	9.53111e-07
660	9.38431e-07
661	9.23971e-07
662	9.09729e-07
663	8.957e-07
664	8.81883e-07
665	8.68273e-07
666	8.54868e-07
667	8.41665e-07
668	8.28661e-07
669	8.15852e-07
670	8.03237e-07
671	7.90812e-07
672	7.78575e-07
673	7.66522e-07
674	7.54652e-07
675	7.42961e-07
676	7.31446e-07
677	7.20106e-07
678	7.08938e-07
679	6.97938e-07
680	6.87105e-07
681	6.76437e-07
682	6.6593e-07
683	6.55583e-07
684	6.45392e-07
685	6.35357e-07
686	6.25473e-07
687	6.1574e-07
688	6.06156e-07
689	5.96716e-07
690	5.87421e-07
691	5.78267e-07
692	5.69253e-07
693	5.60375e-07
694	5.51634e-07
695	5.43025e-07
696	5.34548e-07
697	5.26201e-07
698	5.1798e-07
699	5.09886e-07
700	5.01915e-07
701	4.94066e-07
702	4.86337e-07
703	4.78727e-07
704	4.71233e-07
705	4.63854e-07
706	4.56588e-07
707	4.49433e-07
708	4.42388e-07
709	4.35452e-07
710	4.28621e-07
711	4.21896e-07
712	4.15274e-07
713	4.08754e-07
714	4.02334e-07
715	3.96013e-07
716	3.89789e-07
717	3.83661e-07
718	3.77627e-07
719	3.71686e-07
720	3.65837e-07
721	3.60078e-07
722	3.54408e-07
723	3.48825e-07
724	3.43329e-07
725	3.37917e-07
726	3.32589e-07
727	3.27344e-07
728	3.22179e-07
729	3.17095e-07
730	3.12089e-07
731	3.07161e-07
732	3.02309e-07
733	2.97532e-07
734	2.92829e-07
735	2.88199e-07
736	2.83641e-07
737	2.79154e-07
738	2.74736e-07
739	2.70387e-07
740	2.66105e-07
741	2.6189e-07
742	2.57741e-07
743	2.53656e-07
744	2.49635e-07
745	2.45676e-07
746	2.41779e-07
747	2.37942e-07
748	2.34165e-07
749	2.30447e-07
750	2.26788e-07
751	2.23185e-07
752	2.19638e-07
753	2.16147e-07
754	2.1271e-07
755	2.09327e-07
756	2.05997e-07
757	2.02719e-07
758	1.99492e-07
759	1.96315e-07
760	1.93189e-07
761	1.90111e-07
762	1.87081e-07
763	1.84099e-07
764	1.81164e-07
765	1.78274e-07
766	1.7543e-07
767	1.72631e-07
768	1.69875e-07
769	1.67163e-07
770	1.64493e-07
771	1.61865e-07
772	1.59279e-07
773	1.56733e-07
774	1.54227e-07
775	1.5176e-07
776	1.49332e-07
777	1.46943e-07
778	1.44591e-07
779	1.42276e-07
780	1.39998e-07
781	1.37755e-07
782	1.35548e-07
783	1.33376e-07
784	1.31238e-07
785	1.29133e-07
786	1.27062e-07
787	1.25024e-07
788	1.23017e-07
789	1.21043e-07
790	1.19099e-07
791	1.17187e-07
792	1.15304e-07
793	1.13451e-07
794	1.11628e-07
795	1.09834e-07
796	1.08067e-07
797	1.06329e-07
798	1.04619e-07
799	1.02935e-07
800	1.01278e-07
801	9.96477e-08
802	9.80429e-08
803	9.64637e-08
804	9.49094e-08
805	9.33799e-08
806	9.18746e-08
807	9.03933e-08
808	8.89355e-08
809	8.75008e-08
810	8.60889e-08
811	8.46995e-08
812	8.33322e-08
813	8.19867e-08
814	8.06625e-08
815	7.93594e-08
816	7.80771e-08
817	7.68152e-08
818	7.55734e-08
819	7.43514e-08
820	7.31489e-08
821	7.19655e-08
822	7.0801e-08
823	6.96551e-08
824	6.85275e-08
825	6.74179e-08
826	6.6326e-08
827	6.52515e-08
828	6.41942e-08
829	6.31538e-08
830	6.213e-08
831	6.11226e-08
832	6.01313e-08
833	5.91559e-08
834	5.8196e-08
835	5.72516e-08
836	5.63222e-08
837	5.54077e-08
838	5.45079e-08
839	5.36225e-08
840	5.27513e-08
841	5.18941e-08
842	5.10506e-08
843	5.02206e-08
844	4.94039e-08
845	4.86004e-08
846	4.78097e-08
847	4.70318e-08
848	4.62663e-08
849	4.55131e-08
850	4.47721e-08
851	4.40429e-08
852	4.33255e-08
853	4.26196e-08
854	4.19251e-08
855	4.12417e-08
856	4.05693e-08
857	3.99078e-08
858	3.92569e-08
859	3.86164e-08
860	3.79863e-08
861	3.73664e-08
862	3.67564e-08
863	3.61563e-08
864	3.55659e-08
865	3.4985e-08
866	3.44134e-08
867	3.38511e-08
868	3.32978e-08
869	3.27535e-08
870	3.2218e-08
871	3.16911e-08
872	3.11727e-08
873	3.06627e-08
874	3.0161e-08
875	2.96673e-08
876	2.91817e-08
877	2.87039e-08
878	2.82338e-08
879	2.77713e-08
880	2.73163e-08
881	2.68687e-08
882	2.64284e-08
883	2.59951e-08
884	2.55689e-08
885	2.51496e-08
886	2.47371e-08
887	2.43313e-08
888	2.3932e-08
889	2.35392e-08
890	2.31528e-08
891	2.27727e-08
892	2.23988e-08
893	2.20309e-08
894	2.1669e-08
895	2.13129e-08
896	2.09627e-08
897	2.06181e-08
898	2.02792e-08
899	1.99457e-08
900	1.96177e-08
901	1.9295e-08
902	1.89775e-08
903	1.86652e-08
904	1.8358e-08
905	1.80558e-08
906	1.77586e-08
907	1.74661e-08
908	1.71784e-08
909	1.68955e-08
910	1.66171e-08
911	1.63432e-08
912	1.60739e-08
913	1.58089e-08
914	1.55482e-08
915	1.52918e-08
916	1.50396e-08
917	1.47915e-08
918	1.45474e-08
919	1.43073e-08
920	1.40711e-08
921	1.38388e-08
922	1.36103e-08
923	1.33856e-08
924	1.31645e-08
925	1.2947e-08
926	1.2733e-08
927	1.25226e-08
928	1.23156e-08
929	1.2112e-08
930	1.19117e-08
931	1.17147e-08
932	1.1521e-08
933	1.13304e-08
934	1.11429e-08
935	1.09585e-08
936	1.07771e-08
937	1.05987e-08
938	1.04232e-08
939	1.02506e-08
940	1.00808e-08
941	9.91378e-09
942	9.74952e-09
943	9.58795e-09
944	9.42903e-09
945	9.27272e-09
946	9.11898e-09
947	8.96776e-09
948	8.81902e-09
949	8.67273e-09
950	8.52883e-09
951	8.38731e-09
952	8.24811e-09
953	8.11119e-09
954	7.97653e-09
955	7.84408e-09
956	7.71381e-09
957	7.58568e-09
958	7.45966e-09
959	7.33571e-09
960	7.21381e-09
961	7.09391e-09
962	6.97598e-09
963	6.86e-09
964	6.74592e-09
965	6.63373e-09
966	6.52338e-09
967	6.41485e-09
968	6.30811e-09
969	6.20313e-09
970	6.09988e-09
971	5.99833e-09
972	5.89846e-09
973	5.80024e-09
974	5.70363e-09
975	5.60862e-09
976	5.51518e-09
977	5.42328e-09
978	5.3329e-09
979	5.24401e-09
980	5.15659e-09
981	5.07061e-09
982	4.98606e-09
983	4.9029e-09
984	4.82111e-09
985	4.74068e-09
986	4.66158e-09
987	4.58378e-09
988	4.50727e-09
989	4.43203e-09
990	4.35804e-09
991	4.28526e-09
992	4.21369e-09
993	4.14331e-09
994	4.07409e-09
995	4.00602e-09
996	3.93908e-09
997	3.87324e-09
998	3.8085e-09
999	3.74482e-09
1000	3.68221e-09
1001	3.62063e-09
1002	3.56007e-09
1003	3.50052e-09
1004	3.44195e-09
1005	3.38436e-09
1006	3.32772e-09
1007	3.27202e-09
1008	3.21725e-09
1009	3.16338e-09
1010	3.11041e-09
1011	3.05832e-09
1012	3.00709e-09
1013	2.95672e-09
1014	2.90718e-09
1015	2.85846e-09
1016	2.81055e-09
1017	2.76344e-09
1018	2.71712e-09
1019	2.67156e-09
1020	2.62676e-09
1021	2.58271e-09
1022	2.53939e-09
1023	2.49679e-09
1024	2.45489e-09
1025	2.4137e-09
1026	2.37319e-09
1027	2.33336e-09
1028	2.29418e-09
1029	2.25567e-09
1030	2.21779e-09
1031	2.18054e-09
1032	2.14392e-09
1033	2.1079e-09
1034	2.07248e-09
1035	2.03766e-09
1036	2.00341e-09
1037	1.96974e-09
1038	1.93663e-09
1039	1.90407e-09
1040	1.87205e-09
1041	1.84057e-09
1042	1.80961e-09
1043	1.77917e-09
1044	1.74924e-09
1045	1.7198e-09
1046	1.69086e-09
1047	1.6624e-09
1048	1.63442e-09
1049	1.6069e-09
1050	1.57985e-09
1051	1.55324e-09
1052	1.52708e-09
1053	1.50136e-09
1054	1.47607e-09
1055	1.4512e-09
1056	1.42675e-09
1057	1.4027e-09
1058	1.37906e-09
1059	1.35581e-09
1060	1.33295e-09
1061	1.31048e-09
1062	1.28838e-09
1063	1.26665e-09
1064	1.24528e-09
1065	1.22427e-09
1066	1.20362e-09
1067	1.18331e-09
1068	1.16334e-09
1069	1.1437e-09
1070	1.12439e-09
1071	1.10541e-09
1072	1.08675e-09
1073	1.06839e-09
1074	1.05035e-09
1075	1.03261e-09
1076	1.01516e-09
1077	9.9801e-10
1078	9.81146e-10
1079	9.64565e-10
1080	9.48262e-10
1081	9.32232e-10
1082	9.16472e-10
1083	9.00976e-10
1084	8.8574e-10
1085	8.7076e-10
1086	8.56031e-10
1087	8.4155e-10
1088	8.27312e-10
1089	8.13313e-10
1090	7.9955e-10
1091	7.86017e-10
1092	7.72713e-10
1093	7.59631e-10
1094	7.4677e-10
1095	7.34125e-10
1096	7.21693e-10
1097	7.09469e-10
1098	6.97451e-10
1099	6.85636e-10
1100	6.74019e-10
1101	6.62598e-10
1102	6.51368e-10
1103	6.40328e-10
1104	6.29474e-10
1105	6.18802e-10
1106	6.0831e-10
1107	5.97995e-10
1108	5.87854e-10
1109	5.77883e-10
1110	5.6808e-10
1111	5.58443e-10
1112	5.48968e-10
1113	5.39652e-10
1114	5.30494e-10
1115	5.2149e-10
1116	5.12637e-10
1117	5.03934e-10
1118	4.95378e-10
1119	4.86966e-10
1120	4.78696e-10
1121	4.70566e-10
1122	4.62572e-10
1123	4.54714e-10
1124	4.46988e-10
1125	4.39393e-10
1126	4.31926e-10
1127	4.24584e-10
1128	4.17367e-10
1129	4.10272e-10
1130	4.03297e-10
1131	3.96439e-10
1132	3.89697e-10
1133	3.83069e-10
1134	3.76553e-10
1135	3.70148e-10
1136	3.6385e-10
1137	3.57659e-10
1138	3.51573e-10
1139	3.45589e-10
1140	3.39707e-10
1141	3.33924e-10
1142	3.28239e-10
1143	3.22651e-10
1144	3.17156e-10
1145	3.11755e-10
1146	3.06445e-10
1147	3.01225e-10
1148	2.96094e-10
1149	2.91049e-10
1150	2.8609e-10
1151	2.81214e-10
1152	2.76421e-10
1153	2.7171e-10
1154	2.67078e-10
1155	2.62525e-10
1156	2.58048e-10
1157	2.53648e-10
1158	2.49322e-10
1159	2.4507e-10
1160	2.4089e-10
1161	2.3678e-10
1162	2.3274e-10
1163	2.28769e-10
1164	2.24865e-10
1165	2.21027e-10
1166	2.17255e-10
1167	2.13546e-10
1168	2.099e-10
1169	2.06316e-10
1170	2.02793e-10
1171	1.9933e-10
1172	1.95926e-10
1173	1.92579e-10
1174	1.89289e-10
1175	1.86055e-10
1176	1.82876e-10
1177	1.79751e-10
1178	1.76679e-10
1179	1.7366e-10
1180	1.70691e-10
1181	1.67773e-10
1182	1.64905e-10
1183	1.62085e-10
1184	1.59313e-10
1185	1.56589e-10
1186	1.53911e-10
1187	1.51278e-10
1188	1.4869e-10
1189	1.46146e-10
1190	1.43645e-10
1191	1.41187e-10
1192	1.38771e-10
1193	1.36396e-10
1194	1.34061e-10
1195	1.31766e-10
1196	1.2951e-10
1197	1.27292e-10
1198	1.25112e-10
1199	1.2297e-10
1200	1.20863e-10
1201	1.18793e-10
1202	1.16758e-10
1203	1.14758e-10
1204	1.12791e-10
1205	1.10858e-10
1206	1.08959e-10
1207	1.07091e-10
1208	1.05255e-10
1209	1.03451e-10
1210	1.01677e-10
1211	9.99339e-11
1212	9.82202e-11
1213	9.65357e-11
1214	9.488e-11
1215	9.32525e-11
1216	9.16528e-11
1217	9.00804e-11
1218	8.85348e-11
1219	8.70156e-11
1220	8.55223e-11
1221	8.40545e-11
1222	8.26117e-11
1223	8.11936e-11
1224	7.97996e-11
1225	7.84295e-11
1226	7.70828e-11
1227	7.57591e-11
1228	7.4458e-11
1229	7.31791e-11
1230	7.19221e-11
1231	7.06865e-11
1232	6.9472e-11
1233	6.82783e-11
1234	6.7105e-11
1235	6.59518e-11
1236	6.48183e-11
1237	6.37041e-11
1238	6.2609e-11
1239	6.15326e-11
1240	6.04747e-11
1241	5.94348e-11
1242	5.84127e-11
1243	5.74081e-11
1244	5.64207e-11
1245	5.54502e-11
1246	5.44963e-11
1247	5.35587e-11
1248	5.26371e-11
1249	5.17314e-11
1250	5.08411e-11
1251	4.99661e-11
1252	4.9106e-11
1253	4.82607e-11
1254	4.74299e-11
1255	4.66133e-11
1256	4.58106e-11
1257	4.50218e-11
1258	4.42464e-11
1259	4.34843e-11
1260	4.27353e-11
1261	4.19991e-11
1262	4.12756e-11
1263	4.05644e-11
1264	3.98655e-11
1265	3.91785e-11
1266	3.85033e-11
1267	3.78396e-11
1268	3.71874e-11
1269	3.65463e-11
1270	3.59163e-11
1271	3.5297e-11
1272	3.46884e-11
1273	3.40902e-11
1274	3.35022e-11
1275	3.29244e-11
1276	3.23565e-11
1277	3.17983e-11
1278	3.12497e-11
1279	3.07105e-11
1280	3.01806e-11
1281	2.96598e-11
1282	2.91479e-11
1283	2.86448e-11
1284	2.81504e-11
1285	2.76644e-11
1286	2.71868e-11
1287	2.67174e-11
1288	2.62561e-11
1289	2.58027e-11
1290	2.53571e-11
1291	2.49191e-11
1292	2.44887e-11
1293	2.40656e-11
1294	2.36499e-11
1295	2.32413e-11
1296	2.28397e-11
1297	2.2445e-11
1298	2.20571e-11
1299	2.16759e-11
1300	2.13012e-11
1301	2.0933e-11
1302	2.05711e-11
1303	2.02155e-11
1304	1.98659e-11
1305	1.95224e-11
1306	1.91848e-11
1307	1.8853e-11
1308	1.85269e-11
1309	1.82064e-11
1310	1.78915e-11
1311	1.75819e-11
1312	1.72777e-11
1313	1.69788e-11
1314	1.66849e-11
1315	1.63962e-11
1316	1.61124e-11
1317	1.58335e-11
1318	1.55594e-11
1319	1.52901e-11
1320	1.50253e-11
1321	1.47652e-11
1322	1.45095e-11
1323	1.42582e-11
1324	1.40113e-11
1325	1.37686e-11
1326	1.35301e-11
1327	1.32957e-11
1328	1.30654e-11
1329	1.2839e-11
1330	1.26165e-11
1331	1.23979e-11
1332	1.2183e-11
1333	1.19719e-11
1334	1.17644e-11
1335	1.15605e-11
1336	1.136e-11
1337	1.11631e-11
1338	1.09695e-11
1339	1.07793e-11
1340	1.05924e-11
1341	1.04087e-11
1342	1.02282e-11
1343	1.00508e-11
1344	9.87642e-12
1345	9.70508e-12
1346	9.5367e-12
1347	9.37123e-12
1348	9.20862e-12
1349	9.04882e-12
1350	8.89177e-12
1351	8.73745e-12
1352	8.58578e-12
1353	8.43674e-12
1354	8.29028e-12
1355	8.14635e-12
1356	8.0049e-12
1357	7.8659e-12
1358	7.7293e-12
1359	7.59507e-12
1360	7.46315e-12
1361	7.33352e-12
1362	7.20613e-12
1363	7.08094e-12
1364	6.95792e-12
1365	6.83703e-12
1366	6.71822e-12
1367	6.60148e-12
1368	6.48675e-12
1369	6.37401e-12
1370	6.26322e-12
1371	6.15434e-12
1372	6.04735e-12
1373	5.94222e-12
1374	5.8389e-12
1375	5.73737e-12
1376	5.6376e-12
1377	5.53956e-12
1378	5.44322e-12
1379	5.34854e-12
1380	5.2555e-12
1381	5.16408e-12
1382	5.07424e-12
1383	4.98595e-12
1384	4.8992e-12
1385	4.81394e-12
1386	4.73017e-12
1387	4.64785e-12
1388	4.56695e-12
1389	4.48746e-12
1390	4.40934e-12
1391	4.33258e-12
1392	4.25715e-12
1393	4.18302e-12
1394	4.11019e-12
1395	4.03861e-12
1396	3.96828e-12
1397	3.89916e-12
1398	3.83125e-12
1399	3.76451e-12
1400	3.69893e-12
1401	3.63449e-12
1402	3.57117e-12
1403	3.50894e-12
1404	3.4478e-12
1405	3.38771e-12
1406	3.32867e-12
1407	3.27066e-12
1408	3.21365e-12
1409	3.15763e-12
1410	3.10258e-12
1411	3.04849e-12
1412	2.99534e-12
1413	2.94311e-12
1414	2.89179e-12
1415	2.84136e-12
1416	2.7918e-12
1417	2.74311e-12
1418	2.69526e-12
1419	2.64825e-12
1420	2.60205e-12
1421	2.55665e-12
1422	2.51204e-12
1423	2.46821e-12
1424	2.42514e-12
1425	2.38282e-12
1426	2.34123e-12
1427	2.30037e-12
1428	2.26021e-12
1429	2.22076e-12
1430	2.18199e-12
1431	2.14389e-12
1432	2.10646e-12
1433	2.06968e-12
1434	2.03354e-12
1435	1.99802e-12
1436	1.96313e-12
1437	1.92884e-12
1438	1.89515e-12
1439	1.86204e-12
1440	1.82951e-12
1441	1.79755e-12
1442	1.76614e-12
1443	1.73528e-12
1444	1.70496e-12
1445	1.67516e-12
1446	1.64589e-12
1447	1.61712e-12
1448	1.58885e-12
1449	1.56108e-12
1450	1.53379e-12
1451	1.50698e-12
1452	1.48063e-12
1453	1.45474e-12
1454	1.4293e-12
1455	1.40431e-12
1456	1.37975e-12
1457	1.35561e-12
1458	1.3319e-12
1459	1.3086e-12
1460	1.28571e-12
1461	1.26322e-12
1462	1.24112e-12
1463	1.2194e-12
1464	1.19807e-12
1465	1.1771e-12
1466	1.1565e-12
1467	1.13626e-12
1468	1.11637e-12
1469	1.09683e-12
1470	1.07763e-12
1471	1.05877e-12
1472	1.04023e-12
1473	1.02202e-12
1474	1.00412e-12
1475	9.86538e-13
1476	9.69262e-13
1477	9.52287e-13
1478	9.35608e-13
1479	9.19221e-13
1480	9.03119e-13
1481	8.87299e-13
1482	8.71754e-13
1483	8.56481e-13
1484	8.41474e-13
1485	8.2673e-13
1486	8.12243e-13
1487	7.98008e-13
1488	7.84023e-13
1489	7.70281e-13
1490	7.5678e-13
1491	7.43514e-13
1492	7.3048e-13
1493	7.17674e-13
1494	7.05091e-13
1495	6.92728e-13
1496	6.80582e-13
1497	6.68647e-13
1498	6.56921e-13
1499	6.454e-13
1500	6.3408e-13
1501	6.22958e-13
1502	6.1203e-13
1503	6.01294e-13
1504	5.90745e-13
1505	5.80381e-13
1506	5.70197e-13
1507	5.60192e-13
1508	5.50362e-13
1509	5.40703e-13
1510	5.31214e-13
1511	5.2189e-13
1512	5.1273e-13
1513	5.03729e-13
1514	4.94887e-13
1515	4.86199e-13
1516	4.77662e-13
1517	4.69276e-13
1518	4.61036e-13
1519	4.5294e-13
1520	4.44985e-13
1521	4.3717e-13
1522	4.29492e-13
1523	4.21948e-13
1524	4.14537e-13
1525	4.07255e-13
1526	4.001e-13
1527	3.93071e-13
1528	3.86164e-13
1529	3.79379e-13
1530	3.72713e-13
1531	3.66163e-13
1532	3.59728e-13
1533	3.53406e-13
1534	3.47194e-13
1535	3.41091e-13
1536	3.35095e-13
1537	3.29204e-13
1538	3.23417e-13
1539	3.17731e-13
1540	3.12144e-13
1541	3.06655e-13
1542	3.01263e-13
1543	2.95965e-13
1544	2.9076e-13
1545	2.85646e-13
1546	2.80621e-13
1547	2.75685e-13
1548	2.70835e-13
1549	2.66071e-13
1550	2.6139e-13
1551	2.56791e-13
1552	2.52272e-13
1553	2.47833e-13
1554	2.43472e-13
1555	2.39187e-13
1556	2.34978e-13
1557	2.30842e-13
1558	2.26779e-13
1559	2.22787e-13
1560	2.18865e-13
1561	2.15012e-13
1562	2.11226e-13
1563	2.07507e-13
1564	2.03853e-13
1565	2.00264e-13
1566	1.96737e-13
1567	1.93272e-13
1568	1.89868e-13
1569	1.86524e-13
1570	1.83239e-13
1571	1.80011e-13
1572	1.7684e-13
1573	1.73724e-13
1574	1.70664e-13
1575	1.67657e-13
1576	1.64702e-13
1577	1.618e-13
1578	1.58949e-13
1579	1.56148e-13
1580	1.53396e-13
1581	1.50692e-13
1582	1.48036e-13
1583	1.45426e-13
1584	1.42863e-13
1585	1.40344e-13
1586	1.3787e-13
1587	1.35439e-13
1588	1.33051e-13
1589	1.30704e-13
1590	1.284e-13
1591	1.26135e-13
1592	1.23911e-13
1593	1.21725e-13
1594	1.19578e-13
1595	1.17469e-13
1596	1.15396e-13
1597	1.13361e-13
1598	1.11361e-13
1599	1.09396e-13
1600	1.07466e-13
1601	1.05569e-13
1602	1.03706e-13
1603	1.01876e-13
1604	1.00078e-13
1605	9.8312e-14
1606	9.65767e-14
1607	9.4872e-14
1608	9.31973e-14
1609	9.1552e-14
1610	8.99357e-14
1611	8.83479e-14
1612	8.6788e-14
1613	8.52555e-14
1614	8.375e-14
1615	8.22711e-14
1616	8.08181e-14
1617	7.93908e-14
1618	7.79885e-14
1619	7.6611e-14
1620	7.52577e-14
1621	7.39283e-14
1622	7.26223e-14
1623	7.13392e-14
1624	7.00788e-14
1625	6.88406e-14
1626	6.76241e-14
1627	6.64292e-14
1628	6.52552e-14
1629	6.4102e-14
1630	6.2969e-14
1631	6.18561e-14
1632	6.07627e-14
1633	5.96886e-14
1634	5.86335e-14
1635	5.75969e-14
1636	5.65786e-14
1637	5.55782e-14
1638	5.45955e-14
1639	5.36301e-14
1640	5.26818e-14
1641	5.17501e-14
1642	5.08349e-14
1643	4.99358e-14
1644	4.90526e-14
1645	4.81849e-14
1646	4.73326e-14
1647	4.64953e-14
1648	4.56727e-14
1649	4.48647e-14
1650	4.40709e-14
1651	4.32911e-14
1652	4.25251e-14
1653	4.17725e-14
1654	4.10333e-14
1655	4.03071e-14
1656	3.95937e-14
1657	3.88929e-14
1658	3.82045e-14
1659	3.75282e-14
1660	3.68639e-14
1661	3.62113e-14
1662	3.55702e-14
1663	3.49404e-14
1664	3.43218e-14
1665	3.3714e-14
1666	3.3117e-14
1667	3.25306e-14
1668	3.19545e-14
1669	3.13885e-14
1670	3.08326e-14
1671	3.02865e-14
1672	2.975e-14
1673	2.9223e-14
1674	2.87053e-14
1675	2.81967e-14
1676	2.76972e-14
1677	2.72064e-14
1678	2.67244e-14
1679	2.62508e-14
1680	2.57856e-14
1681	2.53287e-14
1682	2.48798e-14
1683	2.44388e-14
1684	2.40056e-14
1685	2.35801e-14
1686	2.31621e-14
1687	2.27515e-14
1688	2.23482e-14
1689	2.1952e-14
1690	2.15628e-14
1691	2.11805e-14
1692	2.08049e-14
1693	2.0436e-14
1694	2.00736e-14
1695	1.97176e-14
1696	1.93679e-14
1697	1.90244e-14
1698	1.86869e-14
1699	1.83555e-14
1700	1.80299e-14
1701	1.771e-14
1702	1.73958e-14
1703	1.70872e-14
1704	1.6784e-14
1705	1.64862e-14
1706	1.61937e-14
1707	1.59063e-14
1708	1.56241e-14
1709	1.53468e-14
1710	1.50744e-14
1711	1.48069e-14
1712	1.4544e-14
1713	1.42859e-14
1714	1.40323e-14
1715	1.37832e-14
1716	1.35385e-14
1717	1.32981e-14
1718	1.3062e-14
1719	1.28301e-14
1720	1.26023e-14
1721	1.23785e-14
1722	1.21587e-14
1723	1.19427e-14
1724	1.17306e-14
1725	1.15223e-14
1726	1.13176e-14
1727	1.11166e-14
1728	1.09191e-14
1729	1.07252e-14
1730	1.05346e-14
1731	1.03475e-14
1732	1.01636e-14
1733	9.98304e-15
1734	9.80565e-15
1735	9.63141e-15
1736	9.46026e-15
1737	9.29214e-15
1738	9.12699e-15
1739	8.96478e-15
1740	8.80544e-15
1741	8.64893e-15
1742	8.49519e-15
1743	8.34417e-15
1744	8.19583e-15
1745	8.05013e-15
1746	7.907e-15
1747	7.76642e-15
1748	7.62833e-15
1749	7.49268e-15
1750	7.35944e-15
1751	7.22857e-15
1752	7.10001e-15
1753	6.97374e-15
1754	6.84971e-15
1755	6.72787e-15
1756	6.6082e-15
1757	6.49065e-15
1758	6.37519e-15
1759	6.26177e-15
1760	6.15037e-15
1761	6.04095e-15
1762	5.93346e-15
1763	5.82788e-15
1764	5.72418e-15
1765	5.62232e-15
1766	5.52227e-15
1767	5.42399e-15
1768	5.32745e-15
1769	5.23263e-15
1770	5.1395e-15
1771	5.04801e-15
1772	4.95815e-15
1773	4.86989e-15
1774	4.78319e-15
1775	4.69803e-15
1776	4.61439e-15
1777	4.53223e-15
1778	4.45153e-15
1779	4.37226e-15
1780	4.2944e-15
1781	4.21793e-15
1782	4.14281e-15
1783	4.06903e-15
1784	3.99655e-15
1785	3.92537e-15
1786	3.85545e-15
1787	3.78677e-15
1788	3.71931e-15
1789	3.65305e-15
1790	3.58797e-15
1791	3.52404e-15
1792	3.46125e-15
1793	3.39958e-15
1794	3.339e-15
1795	3.2795e-15
1796	3.22106e-15
1797	3.16366e-15
1798	3.10727e-15
1799	3.05189e-15
1800	2.99749e-15
1801	2.94407e-15
1802	2.89159e-15
1803	2.84004e-15
1804	2.78941e-15
1805	2.73968e-15
1806	2.69084e-15
1807	2.64286e-15
1808	2.59574e-15
1809	2.54945e-15
1810	2.50399e-15
1811	2.45934e-15
1812	2.41548e-15
1813	2.3724e-15
1814	2.33009e-15
1815	2.28853e-15
1816	2.24771e-15
1817	2.20761e-15
1818	2.16823e-15
1819	2.12955e-15
1820	2.09156e-15
1821	2.05425e-15
1822	2.0176e-15
1823	1.9816e-15
1824	1.94624e-15
1825	1.91151e-15
1826	1.8774e-15
1827	1.8439e-15
1828	1.81099e-15
1829	1.77867e-15
1830	1.74693e-15
1831	1.71575e-15
1832	1.68512e-15
1833	1.65504e-15
1834	1.6255e-15
1835	1.59648e-15
1836	1.56798e-15
1837	1.53998e-15
1838	1.51249e-15
1839	1.48548e-15
1840	1.45896e-15
1841	1.43291e-15
1842	1.40732e-15
1843	1.38219e-15
1844	1.3575e-15
1845	1.33326e-15
1846	1.30945e-15
1847	1.28606e-15
1848	1.26309e-15
1849	1.24053e-15
1850	1.21837e-15
1851	1.1966e-15
1852	1.17522e-15
1853	1.15423e-15
1854	1.13361e-15
1855	1.11335e-15
1856	1.09346e-15
1857	1.07392e-15
1858	1.05473e-15
1859	1.03588e-15
1860	1.01737e-15
1861	9.99186e-16
1862	9.81328e-16
1863	9.63788e-16
1864	9.46561e-16
1865	9.29642e-16
1866	9.13024e-16
1867	8.96702e-16
1868	8.80672e-16
1869	8.64927e-16
1870	8.49463e-16
1871	8.34275e-16
1872	8.19358e-16
1873	8.04708e-16
1874	7.90318e-16
1875	7.76185e-16
1876	7.62305e-16
1877	7.48672e-16
1878	7.35282e-16
1879	7.22131e-16
1880	7.09215e-16
1881	6.96529e-16
1882	6.8407e-16
1883	6.71833e-16
1884	6.59814e-16
1885	6.4801e-16
1886	6.36417e-16
1887	6.2503e-16
1888	6.13847e-16
1889	6.02864e-16
1890	5.92076e-16
1891	5.81481e-16
1892	5.71076e-16
1893	5.60856e-16
1894	5.50818e-16
1895	5.4096e-16
1896	5.31278e-16
1897	5.21769e-16
1898	5.12429e-16
1899	5.03257e-16
1900	4.94248e-16
1901	4.854e-16
1902	4.7671e-16
1903	4.68175e-16
1904	4.59793e-16
1905	4.51561e-16
1906	4.43475e-16
1907	4.35534e-16
1908	4.27735e-16
1909	4.20075e-16
1910	4.12553e-16
1911	4.05164e-16
1912	3.97908e-16
1913	3.90781e-16
1914	3.83782e-16
1915	3.76907e-16
1916	3.70156e-16
1917	3.63525e-16
1918	3.57013e-16
1919	3.50617e-16
1920	3.44335e-16
1921	3.38166e-16
1922	3.32107e-16
1923	3.26157e-16
1924	3.20312e-16
1925	3.14573e-16
1926	3.08935e-16
1927	3.03399e-16
1928	2.97962e-16
1929	2.92622e-16
1930	2.87377e-16
1931	2.82226e-16
1932	2.77167e-16
1933	2.72199e-16
1934	2.6732e-16
1935	2.62528e-16
1936	2.57821e-16
1937	2.53199e-16
1938	2.4866e-16
1939	2.44201e-16
1940	2.39823e-16
1941	2.35523e-16
1942	2.31299e-16
1943	2.27152e-16
1944	2.23078e-16
1945	2.19078e-16
1946	2.15149e-16
1947	2.1129e-16
1948	2.075e-16
1949	2.03779e-16
1950	2.00123e-16
1951	1.96534e-16
1952	1.93008e-16
1953	1.89546e-16
1954	1.86145e-16
1955	1.82806e-16
1956	1.79526e-16
1957	1.76305e-16
1958	1.73142e-16
1959	1.70035e-16
1960	1.66984e-16
1961	1.63987e-16
1962	1.61044e-16
1963	1.58154e-16
1964	1.55316e-16
1965	1.52528e-16
1966	1.49791e-16
1967	1.47102e-16
1968	1.44462e-16
1969	1.41869e-16
1970	1.39322e-16
1971	1.36821e-16
1972	1.34365e-16
1973	1.31952e-16
1974	1.29583e-16
1975	1.27257e-16
1976	1.24972e-16
1977	1.22728e-16
1978	1.20524e-16
1979	1.1836e-16
1980	1.16234e-16
1981	1.14147e-16
1982	1.12097e-16
1983	1.10084e-16
1984	1.08107e-16
1985	1.06165e-16
1986	1.04258e-16
1987	1.02385e-16
1988	1.00546e-16
1989	9.87397e-17
1990	9.69659e-17
1991	9.52239e-17
1992	9.35131e-17
1993	9.18329e-17
1994	9.01829e-17
1995	8.85625e-17
1996	8.69712e-17
1997	8.54083e-17
1998	8.38735e-17
1999	8.23663e-17
2000	8.0886e-17
2001	7.94323e-17
2002	7.80047e-17
2003	7.66027e-17
2004	7.52258e-17
2005	7.38737e-17
2006	7.25457e-17
2007	7.12416e-17
2008	6.99609e-17
2009	6.87032e-17
2010	6.74681e-17
2011	6.62551e-17
2012	6.50638e-17
2013	6.3894e-17
2014	6.27451e-17
2015	6.16169e-17
2016	6.05089e-17
2017	5.94207e-17
2018	5.83521e-17
2019	5.73027e-17
2020	5.62722e-17
2021	5.52601e-17
2022	5.42662e-17
2023	5.32901e-17
2024	5.23315e-17
2025	5.13902e-17
2026	5.04657e-17
2027	4.95579e-17
2028	4.86663e-17
2029	4.77908e-17
2030	4.6931e-17
2031	4.60866e-17
2032	4.52574e-17
2033	4.4443e-17
2034	4.36433e-17
2035	4.2858e-17
2036	4.20867e-17
2037	4.13293e-17
2038	4.05856e-17
2039	3.98551e-17
2040	3.91378e-17
2041	3.84334e-17
2042	3.77416e-17
2043	3.70623e-17
2044	3.63951e-17
2045	3.574e-17
2046	3.50966e-17
2047	3.44648e-17
2048	3.38443e-17
2049	3.3235e-17
2050	3.26366e-17
2051	3.2049e-17
2052	3.14719e-17
2053	3.09052e-17
2054	3.03487e-17
2055	2.98022e-17
2056	2.92655e-17
2057	2.87385e-17
2058	2.82209e-17
2059	2.77126e-17
2060	2.72135e-17
2061	2.67234e-17
2062	2.6242e-17
2063	2.57693e-17
2064	2.53051e-17
2065	2.48493e-17
2066	2.44016e-17
2067	2.3962e-17
2068	2.35303e-17
2069	2.31064e-17
2070	2.26901e-17
2071	2.22813e-17
2072	2.18798e-17
2073	2.14855e-17
2074	2.10984e-17
2075	2.07182e-17
2076	2.03448e-17
2077	1.99782e-17
2078	1.96181e-17
2079	1.92645e-17
2080	1.89173e-17
2081	1.85763e-17
2082	1.82415e-17
2083	1.79127e-17
2084	1.75898e-17
2085	1.72727e-17
2086	1.69613e-17
2087	1.66556e-17
2088	1.63553e-17
2089	1.60604e-17
2090	1.57709e-17
2091	1.54865e-17
2092	1.52073e-17
2093	1.49331e-17
2094	1.46638e-17
2095	1.43993e-17
2096	1.41397e-17
2097	1.38847e-17
2098	1.36343e-17
2099	1.33884e-17
2100	1.31469e-17
2101	1.29098e-17
2102	1.26769e-17
2103	1.24483e-17
2104	1.22237e-17
2105	1.20032e-17
2106	1.17867e-17
2107	1.1574e-17
2108	1.13652e-17
2109	1.11602e-17
2110	1.09588e-17
2111	1.07611e-17
2112	1.05669e-17
2113	1.03763e-17
2114	1.0189e-17
2115	1.00052e-17
2116	9.82462e-18
2117	9.64732e-18
2118	9.47321e-18
2119	9.30224e-18
2120	9.13435e-18
2121	8.96949e-18
2122	8.8076e-18
2123	8.64862e-18
2124	8.49251e-18
2125	8.3392e-18
2126	8.18867e-18
2127	8.04084e-18
2128	7.89568e-18
2129	7.75313e-18
2130	7.61316e-18
2131	7.4757e-18
2132	7.34072e-18
2133	7.20818e-18
2134	7.07802e-18
2135	6.95021e-18
2136	6.82471e-18
2137	6.70146e-18
2138	6.58044e-18
2139	6.4616e-18
2140	6.3449e-18
2141	6.23031e-18
2142	6.11778e-18
2143	6.00728e-18
2144	5.89877e-18
2145	5.79222e-18
2146	5.68759e-18
2147	5.58485e-18
2148	5.48396e-18
2149	5.38488e-18
2150	5.2876e-18
2151	5.19207e-18
2152	5.09826e-18
2153	5.00615e-18
2154	4.91569e-18
2155	4.82687e-18
2156	4.73965e-18
2157	4.654e-18
2158	4.5699e-18
2159	4.48731e-18
2160	4.40622e-18
2161	4.32659e-18
2162	4.24839e-18
2163	4.17161e-18
2164	4.09621e-18
2165	4.02217e-18
2166	3.94946e-18
2167	3.87807e-18
2168	3.80797e-18
2169	3.73913e-18
2170	3.67153e-18
2171	3.60516e-18
2172	3.53998e-18
2173	3.47598e-18
2174	3.41313e-18
2175	3.35142e-18
2176	3.29082e-18
2177	3.23131e-18
2178	3.17288e-18
2179	3.11551e-18
2180	3.05917e-18
2181	3.00384e-18
2182	2.94952e-18
2183	2.89618e-18
2184	2.8438e-18
2185	2.79236e-18
2186	2.74185e-18
2187	2.69226e-18
2188	2.64356e-18
2189	2.59574e-18
2190	2.54879e-18
2191	2.50268e-18
2192	2.4574e-18
2193	2.41294e-18
2194	2.36929e-18
2195	2.32642e-18
2196	2.28433e-18
2197	2.243e-18
2198	2.20241e-18
2199	2.16256e-18
2200	2.12343e-18
2201	2.085e-18
2202	2.04727e-18
2203	2.01022e-18
2204	1.97384e-18
2205	1.93812e-18
2206	1.90304e-18
2207	1.8686e-18
2208	1.83478e-18
2209	1.80157e-18
2210	1.76896e-18
2211	1.73694e-18
2212	1.70549e-18
2213	1.67462e-18
2214	1.6443e-18
2215	1.61454e-18
2216	1.58531e-18
2217	1.5566e-18
2218	1.52842e-18
2219	1.50075e-18
2220	1.47357e-18
2221	1.44689e-18
2222	1.42069e-18
2223	1.39497e-18
2224	1.3697e-18
2225	1.3449e-18
2226	1.32054e-18
2227	1.29663e-18
2228	1.27314e-18
2229	1.25009e-18
2230	1.22744e-18
2231	1.20521e-18
2232	1.18338e-18
2233	1.16195e-18
2234	1.1409e-18
2235	1.12023e-18
2236	1.09994e-18
2237	1.08001e-18
2238	1.06044e-18
2239	1.04123e-18
2240	1.02237e-18
2241	1.00384e-18
2242	9.85655e-19
2243	9.67796e-19
2244	9.50259e-19
2245	9.3304e-19
2246	9.16132e-19
2247	8.99531e-19
2248	8.83229e-19
2249	8.67223e-19
2250	8.51506e-19
2251	8.36073e-19
2252	8.2092e-19
2253	8.06041e-19
2254	7.91431e-19
2255	7.77086e-19
2256	7.63e-19
2257	7.49169e-19
2258	7.35588e-19
2259	7.22253e-19
2260	7.0916e-19
2261	6.96303e-19
2262	6.8368e-19
2263	6.71284e-19
2264	6.59113e-19
2265	6.47163e-19
2266	6.35428e-19
2267	6.23906e-19
2268	6.12593e-19
2269	6.01485e-19
2270	5.90577e-19
2271	5.79867e-19
2272	5.69351e-19
2273	5.59026e-19
2274	5.48887e-19
2275	5.38932e-19
2276	5.29157e-19
2277	5.19559e-19
2278	5.10135e-19
2279	5.00882e-19
2280	4.91796e-19
2281	4.82875e-19
2282	4.74116e-19
2283	4.65515e-19
2284	4.57069e-19
2285	4.48777e-19
2286	4.40635e-19
2287	4.32641e-19
2288	4.24791e-19
2289	4.17083e-19
2290	4.09515e-19
2291	4.02085e-19
2292	3.94789e-19
2293	3.87625e-19
2294	3.8059e-19
2295	3.73684e-19
2296	3.66902e-19
2297	3.60243e-19
2298	3.53705e-19
2299	3.47286e-19
2300	3.40982e-19
2301	3.34793e-19
2302	3.28716e-19
2303	3.2275e-19
2304	3.16891e-19
2305	3.11139e-19
2306	3.0549e-19
2307	2.99945e-19
2308	2.94499e-19
2309	2.89153e-19
2310	2.83903e-19
2311	2.78749e-19
2312	2.73688e-19
2313	2.68718e-19
2314	2.63839e-19
2315	2.59048e-19
2316	2.54344e-19
2317	2.49726e-19
2318	2.45191e-19
2319	2.40738e-19
2320	2.36366e-19
2321	2.32074e-19
2322	2.27859e-19
2323	2.2372e-19
2324	2.19657e-19
2325	2.15667e-19
2326	2.1175e-19
2327	2.07904e-19
2328	2.04127e-19
2329	2.00419e-19
2330	1.96778e-19
2331	1.93204e-19
2332	1.89694e-19
2333	1.86248e-19
2334	1.82864e-19
2335	1.79542e-19
2336	1.7628e-19
2337	1.73077e-19
2338	1.69932e-19
2339	1.66844e-19
2340	1.63812e-19
2341	1.60836e-19
2342	1.57913e-19
2343	1.55043e-19
2344	1.52226e-19
2345	1.49459e-19
2346	1.46743e-19
2347	1.44076e-19
2348	1.41458e-19
2349	1.38887e-19
2350	1.36362e-19
2351	1.33884e-19
2352	1.3145e-19
2353	1.29061e-19
2354	1.26715e-19
2355	1.24411e-19
2356	1.22149e-19
2357	1.19929e-19
2358	1.17748e-19
2359	1.15608e-19
2360	1.13506e-19
2361	1.11442e-19
2362	1.09416e-19
2363	1.07426e-19
2364	1.05473e-19
2365	1.03555e-19
2366	1.01672e-19
2367	9.98234e-20
2368	9.80081e-20
2369	9.62257e-20
2370	9.44758e-20
2371	9.27576e-20
2372	9.10706e-20
2373	8.94143e-20
2374	8.7788e-20
2375	8.61913e-20
2376	8.46235e-20
2377	8.30843e-20
2378	8.1573e-20
2379	8.00891e-20
2380	7.86322e-20
2381	7.72018e-20
2382	7.57974e-20
2383	7.44184e-20
2384	7.30645e-20
2385	7.17352e-20
2386	7.04301e-20
2387	6.91486e-20
2388	6.78905e-20
2389	6.66552e-20
2390	6.54423e-20
2391	6.42515e-20
2392	6.30824e-20
2393	6.19344e-20
2394	6.08073e-20
2395	5.97008e-20
2396	5.86143e-20
2397	5.75475e-20
2398	5.65002e-20
2399	5.54718e-20
2400	5.44622e-20
2401	5.34709e-20
2402	5.24977e-20
2403	5.15421e-20
2404	5.06039e-20
2405	4.96827e-20
2406	4.87783e-20
2407	4.78903e-20
2408	4.70185e-20
2409	4.61625e-20
2410	4.53221e-20
2411	4.4497e-20
2412	4.36868e-20
2413	4.28914e-20
2414	4.21105e-20
2415	4.13437e-20
2416	4.05909e-20
2417	3.98518e-20
2418	3.91261e-20
2419	3.84136e-20
2420	3.77141e-20
2421	3.70273e-20
2422	3.6353e-20
2423	3.56909e-20
2424	3.50409e-20
2425	3.44027e-20
2426	3.37761e-20
2427	3.31609e-20
2428	3.25569e-20
2429	3.19639e-20
2430	3.13816e-20
2431	3.081e-20
2432	3.02488e-20
2433	2.96977e-20
2434	2.91567e-20
2435	2.86256e-20
2436	2.8104e-20
2437	2.7592e-20
2438	2.70893e-20
2439	2.65958e-20
2440	2.61112e-20
2441	2.56354e-20
2442	2.51683e-20
2443	2.47097e-20
2444	2.42595e-20
2445	2.38174e-20
2446	2.33834e-20
2447	2.29573e-20
2448	2.25389e-20
2449	2.21281e-20
2450	2.17249e-20
2451	2.13289e-20
2452	2.09402e-20
2453	2.05585e-20
2454	2.01838e-20
2455	1.98159e-20
2456	1.94547e-20
2457	1.91001e-20
2458	1.87519e-20
2459	1.84101e-20
2460	1.80745e-20
2461	1.7745e-20
2462	1.74215e-20
2463	1.71039e-20
2464	1.67921e-20
2465	1.64859e-20
2466	1.61853e-20
2467	1.58902e-20
2468	1.56005e-20
2469	1.5316e-20
2470	1.50368e-20
2471	1.47626e-20
2472	1.44934e-20
2473	1.42291e-20
2474	1.39696e-20
2475	1.37149e-20
2476	1.34647e-20
2477	1.32192e-20
2478	1.29781e-20
2479	1.27414e-20
2480	1.2509e-20
2481	1.22808e-20
2482	1.20569e-20
2483	1.18369e-20
2484	1.1621e-20
2485	1.1409e-20
2486	1.12009e-20
2487	1.09966e-20
2488	1.0796e-20
2489	1.0599e-20
2490	1.04057e-20
2491	1.02158e-20
2492	1.00295e-20
2493	9.84648e-21
2494	9.66682e-21
2495	9.49045e-21
2496	9.31728e-21
2497	9.14728e-21
2498	8.98037e-21
2499	8.8165e-21
2500	8.65561e-21
2501	8.49766e-21
2502	8.34259e-21
2503	8.19035e-21
2504	8.04087e-21
2505	7.89413e-21
2506	7.75005e-21
2507	7.60861e-21
2508	7.46974e-21
2509	7.3334e-21
2510	7.19955e-21
2511	7.06814e-21
2512	6.93912e-21
2513	6.81245e-21
2514	6.6881e-21
2515	6.56601e-21
2516	6.44615e-21
2517	6.32847e-21
2518	6.21294e-21
2519	6.09951e-21
2520	5.98815e-21
2521	5.87882e-21
2522	5.77149e-21
2523	5.66611e-21
2524	5.56266e-21
2525	5.46109e-21
2526	5.36137e-21
2527	5.26347e-21
2528	5.16736e-21
2529	5.073e-21
2530	4.98036e-21
2531	4.88941e-21
2532	4.80012e-21
2533	4.71245e-21
2534	4.62639e-21
2535	4.54189e-21
2536	4.45894e-21
2537	4.3775e-21
2538	4.29755e-21
2539	4.21905e-21
2540	4.14198e-21
2541	4.06633e-21
2542	3.99205e-21
2543	3.91912e-21
2544	3.84753e-21
2545	3.77725e-21
2546	3.70824e-21
2547	3.6405e-21
2548	3.57399e-21
2549	3.50869e-21
2550	3.44459e-21
2551	3.38165e-21
2552	3.31986e-21
2553	3.25921e-21
2554	3.19965e-21
2555	3.14119e-21
2556	3.08379e-21
2557	3.02744e-21
2558	2.97212e-21
2559	2.9178e-21
2560	2.86448e-21
2561	2.81213e-21
2562	2.76074e-21
2563	2.71029e-21
2564	2.66075e-21
2565	2.61212e-21
2566	2.56438e-21
2567	2.51751e-21
2568	2.47149e-21
2569	2.42632e-21
2570	2.38197e-21
2571	2.33843e-21
2572	2.29568e-21
2573	2.25372e-21
2574	2.21252e-21
2575	2.17207e-21
2576	2.13236e-21
2577	2.09338e-21
2578	2.05511e-21
2579	2.01753e-21
2580	1.98065e-21
2581	1.94443e-21
2582	1.90888e-21
2583	1.87398e-21
2584	1.83971e-21
2585	1.80607e-21
2586	1.77305e-21
2587	1.74062e-21
2588	1.70879e-21
2589	1.67755e-21
2590	1.64687e-21
2591	1.61675e-21
2592	1.58718e-21
2593	1.55815e-21
2594	1.52966e-21
2595	1.50168e-21
2596	1.47421e-21
2597	1.44725e-21
2598	1.42078e-21
2599	1.39479e-21
2600	1.36928e-21
2601	1.34423e-21
2602	1.31964e-21
2603	1.2955e-21
2604	1.2718e-21
2605	1.24854e-21
2606	1.2257e-21
2607	1.20327e-21
2608	1.18126e-21
2609	1.15965e-21
2610	1.13843e-21
2611	1.1176e-21
2612	1.09715e-21
2613	1.07708e-21
2614	1.05737e-21
2615	1.03802e-21
2616	1.01903e-21
2617	1.00038e-21
2618	9.82074e-22
2619	9.64102e-22
2620	9.46459e-22
2621	9.29138e-22
2622	9.12134e-22
2623	8.95441e-22
2624	8.79053e-22
2625	8.62964e-22
2626	8.47169e-22
2627	8.31664e-22
2628	8.16441e-22
2629	8.01497e-22
2630	7.86826e-22
2631	7.72424e-22
2632	7.58285e-22
2633	7.44404e-22
2634	7.30777e-22
2635	7.17399e-22
2636	7.04266e-22
2637	6.91373e-22
2638	6.78715e-22
2639	6.66289e-22
2640	6.54091e-22
2641	6.42115e-22
2642	6.30358e-22
2643	6.18817e-22
2644	6.07486e-22
2645	5.96363e-22
2646	5.85443e-22
2647	5.74723e-22
2648	5.64199e-22
2649	5.53867e-22
2650	5.43724e-22
2651	5.33767e-22
2652	5.23992e-22
2653	5.14396e-22
2654	5.04975e-22
2655	4.95727e-22
2656	4.86647e-22
2657	4.77734e-22
2658	4.68984e-22
2659	4.60394e-22
2660	4.51961e-22
2661	4.43683e-22
2662	4.35556e-22
2663	4.27577e-22
2664	4.19745e-22
2665	4.12056e-22
2666	4.04507e-22
2667	3.97097e-22
2668	3.89822e-22
2669	3.8268e-22
2670	3.7567e-22
2671	3.68787e-22
2672	3.6203e-22
2673	3.55397e-22
2674	3.48885e-22
2675	3.42493e-22
2676	3.36217e-22
2677	3.30057e-22
2678	3.24009e-22
2679	3.18072e-22
2680	3.12243e-22
2681	3.06521e-22
2682	3.00904e-22
2683	2.9539e-22
2684	2.89976e-22
2685	2.84662e-22
2686	2.79445e-22
2687	2.74324e-22
2688	2.69296e-22
2689	2.6436e-22
2690	2.59515e-22
2691	2.54758e-22
2692	2.50088e-22
2693	2.45504e-22
2694	2.41004e-22
2695	2.36587e-22
2696	2.3225e-22
2697	2.27992e-22
2698	2.23813e-22
2699	2.1971e-22
2700	2.15682e-22
2701	2.11728e-22
2702	2.07846e-22
2703	2.04035e-22
2704	2.00295e-22
2705	1.96622e-22
2706	1.93017e-22
2707	1.89478e-22
2708	1.86004e-22
2709	1.82593e-22
2710	1.79245e-22
2711	1.75958e-22
2712	1.72732e-22
2713	1.69564e-22
2714	1.66455e-22
2715	1.63402e-22
2716	1.60406e-22
2717	1.57464e-22
2718	1.54576e-22
2719	1.51741e-22
2720	1.48958e-22
2721	1.46226e-22
2722	1.43544e-22
2723	1.40911e-22
2724	1.38327e-22
2725	1.3579e-22
2726	1.33299e-22
2727	1.30854e-22
2728	1.28453e-22
2729	1.26097e-22
2730	1.23784e-22
2731	1.21513e-22
2732	1.19284e-22
2733	1.17096e-22
2734	1.14947e-22
2735	1.12838e-22
2736	1.10768e-22
2737	1.08736e-22
2738	1.06741e-22
2739	1.04783e-22
2740	1.0286e-22
2741	1.00973e-22
2742	9.91199e-23
2743	9.73011e-23
2744	9.55156e-23
2745	9.37629e-23
2746	9.20423e-23
2747	9.03532e-23
2748	8.86951e-23
2749	8.70674e-23
2750	8.54696e-23
2751	8.3901e-23
2752	8.23612e-23
2753	8.08496e-23
2754	7.93657e-23
2755	7.7909e-23
2756	7.64791e-23
2757	7.50753e-23
2758	7.36973e-23
2759	7.23446e-23
2760	7.10166e-23
2761	6.9713e-23
2762	6.84333e-23
2763	6.71771e-23
2764	6.59439e-23
2765	6.47333e-23
2766	6.35449e-23
2767	6.23784e-23
2768	6.12332e-23
2769	6.0109e-23
2770	5.90054e-23
2771	5.7922e-23
2772	5.68586e-23
2773	5.58146e-23
2774	5.47898e-23
2775	5.37838e-23
2776	5.27962e-23
2777	5.18267e-23
2778	5.08751e-23
2779	4.99408e-23
2780	4.90238e-23
2781	4.81235e-23
2782	4.72398e-23
2783	4.63722e-23
2784	4.55206e-23
2785	4.46846e-23
2786	4.38639e-23
2787	4.30583e-23
2788	4.22675e-23
2789	4.14912e-23
2790	4.07291e-23
2791	3.9981e-23
2792	3.92467e-23
2793	3.85258e-23
2794	3.78181e-23
2795	3.71234e-23
2796	3.64415e-23
2797	3.57721e-23
2798	3.51149e-23
2799	3.44699e-23
2800	3.38366e-23
2801	3.3215e-23
2802	3.26048e-23
2803	3.20058e-23
2804	3.14178e-23
2805	3.08405e-23
2806	3.02739e-23
2807	2.97177e-23
2808	2.91716e-23
2809	2.86356e-23
2810	2.81095e-23
2811	2.7593e-23
2812	2.70859e-23
2813	2.65882e-23
2814	2.60996e-23
2815	2.562e-23
2816	2.51492e-23
2817	2.4687e-23
2818	2.42333e-23
2819	2.3788e-23
2820	2.33508e-23
2821	2.29217e-23
2822	2.25004e-23
2823	2.20868e-23
2824	2.16809e-23
2825	2.12824e-23
2826	2.08912e-23
2827	2.05072e-23
2828	2.01303e-23
2829	1.97603e-23
2830	1.9397e-23
2831	1.90405e-23
2832	1.86905e-23
2833	1.83469e-23
2834	1.80096e-23
2835	1.76785e-23
2836	1.73535e-23
2837	1.70345e-23
2838	1.67213e-23
2839	1.64139e-23
2840	1.61121e-23
2841	1.58159e-23
2842	1.55251e-23
2843	1.52396e-23
2844	1.49594e-23
2845	1.46844e-23
2846	1.44143e-23
2847	1.41493e-23
2848	1.38891e-23
2849	1.36337e-23
2850	1.3383e-23
2851	1.31369e-23
2852	1.28953e-23
2853	1.26582e-23
2854	1.24254e-23
2855	1.21969e-23
2856	1.19725e-23
2857	1.17524e-23
2858	1.15362e-23
2859	1.1324e-23
2860	1.11158e-23
2861	1.09113e-23
2862	1.07106e-23
2863	1.05136e-23
2864	1.03202e-23
2865	1.01304e-23
2866	9.94403e-24
2867	9.76111e-24
2868	9.58155e-24
2869	9.40529e-24
2870	9.23227e-24
2871	9.06243e-24
2872	8.89571e-24
2873	8.73205e-24
2874	8.5714e-24
2875	8.41371e-24
2876	8.25891e-24
2877	8.10696e-24
2878	7.9578e-24
2879	7.81138e-24
2880	7.66765e-24
2881	7.52657e-24
2882	7.38808e-24
2883	7.25213e-24
2884	7.11868e-24
2885	6.98769e-24
2886	6.8591e-24
2887	6.73288e-24
2888	6.60898e-24
2889	6.48736e-24
2890	6.36797e-24
2891	6.25078e-24
2892	6.13574e-24
2893	6.02281e-24
2894	5.91197e-24
2895	5.80316e-24
2896	5.69635e-24
2897	5.5915e-24
2898	5.48859e-24
2899	5.38756e-24
2900	5.2884e-24
2901	5.19105e-24
2902	5.0955e-24
2903	5.0017e-24
2904	4.90963e-24
2905	4.81925e-24
2906	4.73054e-24
2907	4.64345e-24
2908	4.55797e-24
2909	4.47406e-24
2910	4.39169e-24
2911	4.31084e-24
2912	4.23147e-24
2913	4.15356e-24
2914	4.07709e-24
2915	4.00202e-24
2916	3.92834e-24
2917	3.85601e-24
2918	3.78501e-24
2919	3.71531e-24
2920	3.6469e-24
2921	3.57975e-24
2922	3.51383e-24
2923	3.44912e-24
2924	3.38561e-24
2925	3.32326e-24
2926	3.26206e-24
2927	3.20199e-24
2928	3.14302e-24
2929	3.08514e-24
2930	3.02832e-24
2931	2.97254e-24
2932	2.9178e-24
2933	2.86406e-24
2934	2.81131e-24
2935	2.75953e-24
2936	2.7087e-24
2937	2.65881e-24
2938	2.60983e-24
2939	2.56176e-24
2940	2.51457e-24
2941	2.46825e-24
2942	2.42278e-24
2943	2.37815e-24
2944	2.33434e-24
2945	2.29134e-24
2946	2.24913e-24
2947	2.20769e-24
2948	2.16702e-24
2949	2.12709e-24
2950	2.08791e-24
2951	2.04944e-24
2952	2.01168e-24
2953	1.97461e-24
2954	1.93823e-24
2955	1.90252e-24
2956	1.86746e-24
2957	1.83305e-24
2958	1.79928e-24
2959	1.76612e-24
2960	1.73358e-24
2961	1.70163e-24
2962	1.67028e-24
2963	1.6395e-24
2964	1.60928e-24
2965	1.57962e-24
2966	1.55051e-24
2967	1.52194e-24
2968	1.49389e-24
2969	1.46636e-24
2970	1.43933e-24
2971	1.4128e-24
2972	1.38676e-24
2973	1.3612e-24
2974	1.33612e-24
2975	1.31149e-24
2976	1.28731e-24
2977	1.26359e-24
2978	1.24029e-24
2979	1.21743e-24
2980	1.19499e-24
2981	1.17296e-24
2982	1.15134e-24
2983	1.13011e-24
2984	1.10928e-24
2985	1.08883e-24
2986	1.06876e-24
2987	1.04905e-24
2988	1.02971e-24
2989	1.01073e-24
2990	9.92093e-25
2991	9.73801e-25
2992	9.55847e-25
2993	9.38223e-25
2994	9.20924e-25
2995	9.03943e-25
2996	8.87275e-25
2997	8.70915e-25
2998	8.54855e-25
2999	8.39092e-25
3000	8.23619e-25
3001	8.08431e-25
3002	7.93522e-25
3003	7.78889e-25
3004	7.64525e-25
3005	7.50426e-25
3006	7.36586e-25
3007	7.23002e-25
3008	7.09667e-25
3009	6.96579e-25
3010	6.83732e-25
3011	6.71121e-25
3012	6.58743e-25
3013	6.46593e-25
3014	6.34666e-25
3015	6.2296e-25
3016	6.11469e-25
3017	6.0019e-25
3018	5.89119e-25
3019	5.78252e-25
3020	5.67585e-25
3021	5.57115e-25
3022	5.46837e-25
3023	5.36749e-25
3024	5.26847e-25
3025	5.17128e-25
3026	5.07588e-25
3027	4.98223e-25
3028	4.89031e-25
3029	4.80009e-25
3030	4.71153e-25
3031	4.6246e-25
3032	4.53927e-25
3033	4.45552e-25
3034	4.37331e-25
3035	4.29261e-25
3036	4.21341e-25
3037	4.13566e-25
3038	4.05935e-25
3039	3.98444e-25
3040	3.91092e-25
3041	3.83875e-25
3042	3.76791e-25
3043	3.69837e-25
3044	3.63012e-25
3045	3.56313e-25
3046	3.49737e-25
3047	3.43283e-25
3048	3.36947e-25
3049	3.30728e-25
3050	3.24624e-25
3051	3.18633e-25
3052	3.12752e-25
3053	3.06979e-25
3054	3.01313e-25
3055	2.95752e-25
3056	2.90293e-25
3057	2.84934e-25
3058	2.79675e-25
3059	2.74512e-25
3060	2.69445e-25
3061	2.64471e-25
3062	2.59589e-25
3063	2.54797e-25
3064	2.50093e-25
3065	2.45476e-25
3066	2.40944e-25
3067	2.36496e-25
3068	2.3213e-25
3069	2.27844e-25
3070	2.23637e-25
3071	2.19508e-25
3072	2.15456e-25
3073	2.11478e-25
3074	2.07573e-25
3075	2.0374e-25
3076	1.99978e-25
3077	1.96286e-25
3078	1.92661e-25
3079	1.89104e-25
3080	1.85612e-25
3081	1.82184e-25
3082	1.7882e-25
3083	1.75518e-25
3084	1.72277e-25
3085	1.69095e-25
3086	1.65972e-25
3087	1.62907e-25
3088	1.59899e-25
3089	1.56945e-25
3090	1.54047e-25
3091	1.51202e-25
3092	1.48409e-25
3093	1.45668e-25
3094	1.42978e-25
3095	1.40337e-25
3096	1.37745e-25
3097	1.352e-25
3098	1.32703e-25
3099	1.30252e-25
3100	1.27846e-25
3101	1.25484e-25
3102	1.23166e-25
3103	1.20891e-25
3104	1.18658e-25
3105	1.16466e-25
3106	1.14314e-25
3107	1.12202e-25
3108	1.10129e-25
3109	1.08095e-25
3110	1.06098e-25
3111	1.04138e-25
3112	1.02214e-25
3113	1.00325e-25
3114	9.84715e-26
3115	9.66521e-26
3116	9.48663e-26
3117	9.31135e-26
3118	9.1393e-26
3119	8.97042e-26
3120	8.80467e-26
3121	8.64197e-26
3122	8.48228e-26
3123	8.32554e-26
3124	8.17169e-26
3125	8.02068e-26
3126	7.87246e-26
3127	7.72698e-26
3128	7.58418e-26
3129	7.44402e-26
3130	7.30645e-26
3131	7.17141e-26
3132	7.03887e-26
3133	6.90878e-26
3134	6.78109e-26
3135	6.65576e-26
3136	6.53274e-26
3137	6.412e-26
3138	6.29348e-26
3139	6.17716e-26
3140	6.06298e-26
3141	5.95091e-26
3142	5.84091e-26
3143	5.73294e-26
3144	5.62696e-26
3145	5.52295e-26
3146	5.42085e-26
3147	5.32064e-26
3148	5.22228e-26
3149	5.12574e-26
3150	5.03098e-26
3151	4.93797e-26
3152	4.84668e-26
3153	4.75707e-26
3154	4.66912e-26
3155	4.5828e-26
3156	4.49807e-26
3157	4.4149e-26
3158	4.33328e-26
3159	4.25315e-26
3160	4.17451e-26
3161	4.09733e-26
3162	4.02156e-26
3163	3.9472e-26
3164	3.87421e-26
3165	3.80257e-26
3166	3.73226e-26
3167	3.66324e-26
3168	3.5955e-26
3169	3.52901e-26
3170	3.46375e-26
3171	3.39969e-26
3172	3.33682e-26
3173	3.27511e-26
3174	3.21454e-26
3175	3.15509e-26
3176	3.09674e-26
3177	3.03946e-26
3178	2.98325e-26
3179	2.92807e-26
3180	2.87391e-26
3181	2.82076e-26
3182	2.76858e-26
3183	2.71737e-26
3184	2.66711e-26
3185	2.61778e-26
3186	2.56935e-26
3187	2.52182e-26
3188	2.47518e-26
3189	2.42939e-26
3190	2.38445e-26
3191	2.34034e-26
3192	2.29704e-26
3193	2.25455e-26
3194	2.21284e-26
3195	2.1719e-26
3196	2.13172e-26
3197	2.09228e-26
3198	2.05357e-26
3199	2.01558e-26
3200	1.97829e-26
3201	1.94169e-26
3202	1.90576e-26
3203	1.8705e-26
3204	1.83589e-26
3205	1.80192e-26
3206	1.76858e-26
3207	1.73585e-26
3208	1.70373e-26
3209	1.67221e-26
3210	1.64126e-26
3211	1.61089e-26
3212	1.58108e-26
3213	1.55182e-26
3214	1.52311e-26
3215	1.49492e-26
3216	1.46725e-26
3217	1.4401e-26
3218	1.41345e-26
3219	1.38729e-26
3220	1.36161e-26
3221	1.33641e-26
3222	1.31168e-26
3223	1.2874e-26
3224	1.26357e-26
3225	1.24019e-26
3226	1.21723e-26
3227	1.1947e-26
3228	1.17259e-26
3229	1.15088e-26
3230	1.12958e-26
3231	1.10867e-26
3232	1.08815e-26
3233	1.06801e-26
3234	1.04824e-26
3235	1.02883e-26
3236	1.00979e-26
3237	9.91093e-27
3238	9.72745e-27
3239	9.54737e-27
3240	9.37062e-27
3241	9.19713e-27
3242	9.02686e-27
3243	8.85974e-27
3244	8.69571e-27
3245	8.53471e-27
3246	8.37669e-27
3247	8.2216e-27
3248	8.06937e-27
3249	7.91996e-27
3250	7.77332e-27
3251	7.62938e-27
3252	7.48812e-27
3253	7.34946e-27
3254	7.21337e-27
3255	7.0798e-27
3256	6.9487e-27
3257	6.82002e-27
3258	6.69373e-27
3259	6.56977e-27
3260	6.44811e-27
3261	6.32869e-27
3262	6.21149e-27
3263	6.09646e-27
3264	5.98355e-27
3265	5.87274e-27
3266	5.76397e-27
3267	5.65722e-27
3268	5.55244e-27
3269	5.4496e-27
3270	5.34867e-27
3271	5.2496e-27
3272	5.15237e-27
3273	5.05693e-27
3274	4.96327e-27
3275	4.87133e-27
3276	4.7811e-27
3277	4.69254e-27
3278	4.60561e-27
3279	4.5203e-27
3280	4.43656e-27
3281	4.35438e-27
3282	4.27372e-27
3283	4.19454e-27
3284	4.11684e-27
3285	4.04057e-27
3286	3.96572e-27
3287	3.89225e-27
3288	3.82014e-27
3289	3.74936e-27
3290	3.6799e-27
3291	3.61172e-27
3292	3.5448e-27
3293	3.47913e-27
3294	3.41466e-27
3295	3.3514e-27
3296	3.2893e-27
3297	3.22835e-27
3298	3.16853e-27
3299	3.10982e-27
3300	3.0522e-27
3301	2.99564e-27
3302	2.94013e-27
3303	2.88565e-27
3304	2.83217e-27
3305	2.77969e-27
3306	2.72818e-27
3307	2.67762e-27
3308	2.628e-27
3309	2.5793e-27
3310	2.5315e-27
3311	2.48458e-27
3312	2.43853e-27
3313	2.39334e-27
3314	2.34898e-27
3315	2.30545e-27
3316	2.26272e-27
3317	2.22078e-27
3318	2.17962e-27
3319	2.13922e-27
3320	2.09957e-27
3321	2.06065e-27
3322	2.02246e-27
3323	1.98497e-27
3324	1.94817e-27
3325	1.91206e-27
3326	1.87662e-27
3327	1.84183e-27
3328	1.80769e-27
3329	1.77418e-27
3330	1.74129e-27
3331	1.70901e-27
3332	1.67733e-27
3333	1.64623e-27
3334	1.61571e-27
3335	1.58576e-27
3336	1.55636e-27
3337	1.5275e-27
3338	1.49918e-27
3339	1.47139e-27
3340	1.44411e-27
3341	1.41733e-27
3342	1.39105e-27
3343	1.36526e-27
3344	1.33995e-27
3345	1.3151e-27
3346	1.29072e-27
3347	1.26679e-27
3348	1.2433e-27
3349	1.22024e-27
3350	1.19761e-27
3351	1.17541e-27
3352	1.15361e-27
3353	1.13222e-27
3354	1.11122e-27
3355	1.09061e-27
3356	1.07039e-27
3357	1.05054e-27
3358	1.03106e-27
3359	1.01193e-27
3360	9.93167e-28
3361	9.74747e-28
3362	9.56669e-28
3363	9.38926e-28
3364	9.21512e-28
3365	9.04421e-28
3366	8.87646e-28
3367	8.71182e-28
3368	8.55023e-28
3369	8.39164e-28
3370	8.23599e-28
3371	8.08322e-28
3372	7.93329e-28
3373	7.78613e-28
3374	7.6417e-28
3375	7.49995e-28
3376	7.36082e-28
3377	7.22428e-28
3378	7.09026e-28
3379	6.95873e-28
3380	6.82964e-28
3381	6.70294e-28
3382	6.57859e-28
3383	6.45655e-28
3384	6.33676e-28
3385	6.2192e-28
3386	6.10382e-28
3387	5.99057e-28
3388	5.87943e-28
3389	5.77035e-28
3390	5.66328e-28
3391	5.55821e-28
3392	5.45508e-28
3393	5.35386e-28
3394	5.25452e-28
3395	5.15703e-28
3396	5.06134e-28
3397	4.96742e-28
3398	4.87525e-28
3399	4.78478e-28
3400	4.69599e-28
3401	4.60885e-28
3402	4.52332e-28
3403	4.43939e-28
3404	4.357e-28
3405	4.27615e-28
3406	4.19679e-28
3407	4.11891e-28
3408	4.04247e-28
3409	3.96744e-28
3410	3.89381e-28
3411	3.82155e-28
3412	3.75062e-28
3413	3.68101e-28
3414	3.61269e-28
3415	3.54564e-28
3416	3.47983e-28
3417	3.41524e-28
3418	3.35185e-28
3419	3.28964e-28
3420	3.22858e-28
3421	3.16865e-28
3422	3.10983e-28
3423	3.05211e-28
3424	2.99545e-28
3425	2.93985e-28
3426	2.88528e-28
3427	2.83172e-28
3428	2.77915e-28
3429	2.72756e-28
3430	2.67692e-28
3431	2.62723e-28
3432	2.57846e-28
3433	2.53059e-28
3434	2.48361e-28
3435	2.4375e-28
3436	2.39224e-28
3437	2.34783e-28
3438	2.30424e-28
3439	2.26146e-28
3440	2.21947e-28
3441	2.17826e-28
3442	2.13782e-28
3443	2.09813e-28
3444	2.05917e-28
3445	2.02094e-28
3446	1.98341e-28
3447	1.94658e-28
3448	1.91044e-28
3449	1.87496e-28
3450	1.84015e-28
3451	1.80598e-28
3452	1.77244e-28
3453	1.73953e-28
3454	1.70722e-28
3455	1.67552e-28
3456	1.6444e-28
3457	1.61387e-28
3458	1.58389e-28
3459	1.55448e-28
3460	1.52561e-28
3461	1.49728e-28
3462	1.46947e-28
3463	1.44218e-28
3464	1.41539e-28
3465	1.38911e-28
3466	1.36331e-28
3467	1.33798e-28
3468	1.31313e-28
3469	1.28874e-28
3470	1.26481e-28
3471	1.24131e-28
3472	1.21826e-28
3473	1.19563e-28
3474	1.17342e-28
3475	1.15162e-28
3476	1.13023e-28
3477	1.10923e-28
3478	1.08863e-28
3479	1.06841e-28
3480	1.04856e-28
3481	1.02908e-28
3482	1.00996e-28
3483	9.91201e-29
3484	9.72787e-29
3485	9.54715e-29
3486	9.36978e-29
3487	9.19571e-29
3488	9.02487e-29
3489	8.8572e-29
3490	8.69264e-29
3491	8.53114e-29
3492	8.37263e-29
3493	8.21707e-29
3494	8.0644e-29
3495	7.91456e-29
3496	7.7675e-29
3497	7.62318e-29
3498	7.48153e-29
3499	7.34251e-29
3500	7.20608e-29
3501	7.07218e-29
3502	6.94076e-29
3503	6.81179e-29
3504	6.68521e-29
3505	6.56098e-29
3506	6.43906e-29
3507	6.3194e-29
3508	6.20196e-29
3509	6.08671e-29
3510	5.97359e-29
3511	5.86258e-29
3512	5.75363e-29
3513	5.6467e-29
3514	5.54176e-29
3515	5.43876e-29
3516	5.33768e-29
3517	5.23848e-29
3518	5.14112e-29
3519	5.04556e-29
3520	4.95178e-29
3521	4.85975e-29
3522	4.76942e-29
3523	4.68077e-29
3524	4.59377e-29
3525	4.50838e-29
3526	4.42458e-29
3527	4.34234e-29
3528	4.26162e-29
3529	4.1824e-29
3530	4.10466e-29
3531	4.02836e-29
3532	3.95347e-29
3533	3.87998e-29
3534	3.80785e-29
3535	3.73706e-29
3536	3.66759e-29
3537	3.59941e-29
3538	3.53249e-29
3539	3.46682e-29
3540	3.40237e-29
3541	3.33911e-29
3542	3.27703e-29
3543	3.21611e-29
3544	3.15631e-29
3545	3.09763e-29
3546	3.04004e-29
3547	2.98352e-29
3548	2.92804e-29
3549	2.8736e-29
3550	2.82017e-29
3551	2.76773e-29
3552	2.71627e-29
3553	2.66576e-29
3554	2.61619e-29
3555	2.56755e-29
3556	2.5198e-29
3557	2.47295e-29
3558	2.42696e-29
3559	2.38183e-29
3560	2.33754e-29
3561	2.29407e-29
3562	2.25141e-29
3563	2.20954e-29
3564	2.16845e-29
3565	2.12812e-29
3566	2.08854e-29
3567	2.0497e-29
3568	2.01158e-29
3569	1.97417e-29
3570	1.93746e-29
3571	1.90142e-29
3572	1.86606e-29
3573	1.83135e-29
3574	1.79729e-29
3575	1.76386e-29
3576	1.73105e-29
3577	1.69886e-29
3578	1.66726e-29
3579	1.63625e-29
3580	1.60581e-29
3581	1.57594e-29
3582	1.54663e-29
3583	1.51786e-29
3584	1.48962e-29
3585	1.46191e-29
3586	1.43472e-29
3587	1.40803e-29
3588	1.38184e-29
3589	1.35613e-29
3590	1.3309e-29
3591	1.30614e-29
3592	1.28184e-29
3593	1.258e-29
3594	1.23459e-29
3595	1.21163e-29
3596	1.18908e-29
3597	1.16696e-29
3598	1.14525e-29
3599	1.12394e-29
3600	1.10303e-29
3601	1.08251e-29
3602	1.06237e-29
3603	1.0426e-29
3604	1.0232e-29
3605	1.00417e-29
3606	9.85481e-30
3607	9.67144e-30
3608	9.49149e-30
3609	9.31487e-30
3610	9.14155e-30
3611	8.97144e-30
3612	8.8045e-30
3613	8.64066e-30
3614	8.47987e-30
3615	8.32207e-30
3616	8.16721e-30
3617	8.01522e-30
3618	7.86607e-30
3619	7.71968e-30
3620	7.57602e-30
3621	7.43503e-30
3622	7.29666e-30
3623	7.16086e-30
3624	7.02759e-30
3625	6.8968e-30
3626	6.76845e-30
3627	6.64247e-30
3628	6.51885e-30
3629	6.39752e-30
3630	6.27845e-30
3631	6.16159e-30
3632	6.04691e-30
3633	5.93436e-30
3634	5.8239e-30
3635	5.7155e-30
3636	5.60911e-30
3637	5.5047e-30
3638	5.40224e-30
3639	5.30168e-30
3640	5.20299e-30
3641	5.10614e-30
3642	5.01109e-30
3643	4.91781e-30
3644	4.82626e-30
3645	4.73642e-30
3646	4.64825e-30
3647	4.56171e-30
3648	4.47679e-30
3649	4.39345e-30
3650	4.31166e-30
3651	4.23139e-30
3652	4.15261e-30
3653	4.0753e-30
3654	3.99943e-30
3655	3.92497e-30
3656	3.85189e-30
3657	3.78018e-30
3658	3.70979e-30
3659	3.64072e-30
3660	3.57294e-30
3661	3.50641e-30
3662	3.44112e-30
3663	3.37705e-30
3664	3.31417e-30
3665	3.25246e-30
3666	3.1919e-30
3667	3.13246e-30
3668	3.07413e-30
3669	3.01689e-30
3670	2.96071e-30
3671	2.90558e-30
3672	2.85147e-30
3673	2.79837e-30
3674	2.74626e-30
3675	2.69512e-30
3676	2.64493e-30
3677	2.59567e-30
3678	2.54733e-30
3679	2.4999e-30
3680	2.45334e-30
3681	2.40765e-30
3682	2.36281e-30
3683	2.3188e-30
3684	2.27562e-30
3685	2.23323e-30
3686	2.19164e-30
3687	2.15082e-30
3688	2.11076e-30
3689	2.07145e-30
3690	2.03287e-30
3691	1.995e-30
3692	1.95784e-30
3693	1.92138e-30
3694	1.88559e-30
3695	1.85046e-30
3696	1.816e-30
3697	1.78217e-30
3698	1.74897e-30
3699	1.71639e-30
3700	1.68442e-30
3701	1.65304e-30
3702	1.62225e-30
3703	1.59203e-30
3704	1.56237e-30
3705	1.53327e-30
3706	1.5047e-30
3707	1.47667e-30
3708	1.44916e-30
3709	1.42216e-30
3710	1.39567e-30
3711	1.36967e-30
3712	1.34415e-30
3713	1.31911e-30
3714	1.29453e-30
3715	1.27041e-30
3716	1.24674e-30
3717	1.22351e-30
3718	1.20072e-30
3719	1.17834e-30
3720	1.15639e-30
3721	1.13484e-30
3722	1.1137e-30
3723	1.09295e-30
3724	1.07258e-30
3725	1.0526e-30
3726	1.03298e-30
3727	1.01373e-30
3728	9.94844e-31
3729	9.76305e-31
3730	9.58112e-31
3731	9.40258e-31
3732	9.22737e-31
3733	9.05541e-31
3734	8.88666e-31
3735	8.72106e-31
3736	8.55853e-31
3737	8.39904e-31
3738	8.24251e-31
3739	8.0889e-31
3740	7.93815e-31
3741	7.79021e-31
3742	7.64502e-31
3743	7.50254e-31
3744	7.36271e-31
3745	7.22549e-31
3746	7.09082e-31
3747	6.95866e-31
3748	6.82896e-31
3749	6.70168e-31
3750	6.57677e-31
3751	6.45418e-31
3752	6.33388e-31
3753	6.21582e-31
3754	6.09996e-31
3755	5.98626e-31
3756	5.87468e-31
3757	5.76517e-31
3758	5.6577e-31
3759	5.55224e-31
3760	5.44874e-31
3761	5.34717e-31
3762	5.24749e-31
3763	5.14967e-31
3764	5.05367e-31
3765	4.95946e-31
3766	4.86701e-31
3767	4.77627e-31
3768	4.68723e-31
3769	4.59985e-31
3770	4.51409e-31
3771	4.42994e-31
3772	4.34735e-31
3773	4.2663e-31
3774	4.18676e-31
3775	4.1087e-31
3776	4.03209e-31
3777	3.95692e-31
3778	3.88314e-31
3779	3.81074e-31
3780	3.73969e-31
3781	3.66996e-31
3782	3.60153e-31
3783	3.53438e-31
3784	3.46848e-31
3785	3.4038e-31
3786	3.34033e-31
3787	3.27805e-31
3788	3.21692e-31
3789	3.15694e-31
3790	3.09807e-31
3791	3.0403e-31
3792	2.9836e-31
3793	2.92796e-31
3794	2.87336e-31
3795	2.81978e-31
3796	2.76719e-31
3797	2.71559e-31
3798	2.66495e-31
3799	2.61525e-31
3800	2.56648e-31
3801	2.51861e-31
3802	2.47164e-31
3803	2.42554e-31
3804	2.38031e-31
3805	2.33591e-31
3806	2.29235e-31
3807	2.24959e-31
3808	2.20764e-31
3809	2.16646e-31
3810	2.12605e-31
3811	2.0864e-31
3812	2.04748e-31
3813	2.00929e-31
3814	1.97182e-31
3815	1.93504e-31
3816	1.89894e-31
3817	1.86352e-31
3818	1.82876e-31
3819	1.79465e-31
3820	1.76117e-31
3821	1.72832e-31
3822	1.69608e-31
3823	1.66444e-31
3824	1.63339e-31
3825	1.60292e-31
3826	1.57302e-31
3827	1.54367e-31
3828	1.51488e-31
3829	1.48662e-31
3830	1.45888e-31
3831	1.43167e-31
3832	1.40496e-31
3833	1.37875e-31
3834	1.35302e-31
3835	1.32778e-31
3836	1.30301e-31
3837	1.2787e-31
3838	1.25484e-31
3839	1.23143e-31
3840	1.20845e-31
3841	1.18591e-31
3842	1.16378e-31
3843	1.14206e-31
3844	1.12076e-31
3845	1.09984e-31
3846	1.07932e-31
3847	1.05918e-31
3848	1.03942e-31
3849	1.02002e-31
3850	1.00099e-31
3851	9.82312e-32
3852	9.63982e-32
3853	9.45994e-32
3854	9.28341e-32
3855	9.11017e-32
3856	8.94017e-32
3857	8.77333e-32
3858	8.60961e-32
3859	8.44894e-32
3860	8.29127e-32
3861	8.13654e-32
3862	7.98469e-32
3863	7.83568e-32
3864	7.68945e-32
3865	7.54594e-32
3866	7.40511e-32
3867	7.26691e-32
3868	7.13128e-32
3869	6.99819e-32
3870	6.86757e-32
3871	6.7394e-32
3872	6.61361e-32
3873	6.49017e-32
3874	6.36904e-32
3875	6.25016e-32
3876	6.1335e-32
3877	6.01902e-32
3878	5.90667e-32
3879	5.79642e-32
3880	5.68822e-32
3881	5.58205e-32
3882	5.47785e-32
3883	5.3756e-32
3884	5.27525e-32
3885	5.17678e-32
3886	5.08015e-32
3887	4.98531e-32
3888	4.89225e-32
3889	4.80092e-32
3890	4.7113e-32
3891	4.62335e-32
3892	4.53704e-32
3893	4.45234e-32
3894	4.36922e-32
3895	4.28765e-32
3896	4.20761e-32
3897	4.12906e-32
3898	4.05197e-32
3899	3.97632e-32
3900	3.90208e-32
3901	3.82923e-32
3902	3.75774e-32
3903	3.68758e-32
3904	3.61873e-32
3905	3.55117e-32
3906	3.48486e-32
3907	3.41979e-32
3908	3.35594e-32
3909	3.29328e-32
3910	3.23179e-32
3911	3.17145e-32
3912	3.11223e-32
3913	3.05411e-32
3914	2.99709e-32
3915	2.94112e-32
3916	2.8862e-32
3917	2.83231e-32
3918	2.77942e-32
3919	2.72752e-32
3920	2.67658e-32
3921	2.6266e-32
3922	2.57755e-32
3923	2.52942e-32
3924	2.48218e-32
3925	2.43583e-32
3926	2.39034e-32
3927	2.3457e-32
3928	2.30189e-32
3929	2.2589e-32
3930	2.21672e-32
3931	2.17532e-32
3932	2.13469e-32
3933	2.09482e-32
3934	2.0557e-32
3935	2.0173e-32
3936	1.97963e-32
3937	1.94265e-32
3938	1.90637e-32
3939	1.87076e-32
3940	1.83582e-32
3941	1.80153e-32
3942	1.76788e-32
3943	1.73486e-32
3944	1.70246e-32
3945	1.67066e-32
3946	1.63945e-32
3947	1.60883e-32
3948	1.57878e-32
3949	1.54929e-32
3950	1.52035e-32
3951	1.49195e-32
3952	1.46408e-32
3953	1.43673e-32
3954	1.40989e-32
3955	1.38355e-32
3956	1.3577e-32
3957	1.33234e-32
3958	1.30745e-32
3959	1.28303e-32
3960	1.25906e-32
3961	1.23554e-32
3962	1.21245e-32
3963	1.1898e-32
3964	1.16757e-32
3965	1.14576e-32
3966	1.12435e-32
3967	1.10335e-32
3968	1.08273e-32
3969	1.0625e-32
3970	1.04265e-32
3971	1.02317e-32
3972	1.00406e-32
3973	9.85296e-33
3974	9.66886e-33
3975	9.48821e-33
3976	9.31092e-33
3977	9.13695e-33
3978	8.96622e-33
3979	8.79869e-33
3980	8.63428e-33
3981	8.47294e-33
3982	8.31462e-33
3983	8.15925e-33
3984	8.00678e-33
3985	7.85716e-33
3986	7.71034e-33
3987	7.56626e-33
3988	7.42487e-33
3989	7.28612e-33
3990	7.14996e-33
3991	7.01634e-33
3992	6.88522e-33
3993	6.75655e-33
3994	6.63029e-33
3995	6.50638e-33
3996	6.38478e-33
3997	6.26546e-33
3998	6.14836e-33
3999	6.03346e-33
4000	5.92069e-33
4001	5.81004e-33
4002	5.70145e-33
4003	5.59489e-33
4004	5.49032e-33
4005	5.38771e-33
4006	5.28701e-33
4007	5.18819e-33
4008	5.09122e-33
4009	4.99606e-33
4010	4.90268e-33
4011	4.81104e-33
4012	4.72111e-33
4013	4.63287e-33
4014	4.54627e-33
4015	4.46129e-33
4016	4.3779e-33
4017	4.29606e-33
4018	4.21576e-33
4019	4.13695e-33
4020	4.05962e-33
4021	3.98373e-33
4022	3.90926e-33
4023	3.83619e-33
4024	3.76447e-33
4025	3.6941e-33
4026	3.62504e-33
4027	3.55727e-33
4028	3.49077e-33
4029	3.42551e-33
4030	3.36147e-33
4031	3.29863e-33
4032	3.23696e-33
4033	3.17644e-33
4034	3.11706e-33
4035	3.05878e-33
4036	3.00159e-33
4037	2.94548e-33
4038	2.89041e-33
4039	2.83636e-33
4040	2.78333e-33
4041	2.73129e-33
4042	2.68023e-33
4043	2.63011e-33
4044	2.58094e-33
4045	2.53268e-33
4046	2.48532e-33
4047	2.43885e-33
4048	2.39325e-33
4049	2.3485e-33
4050	2.30458e-33
4051	2.26149e-33
4052	2.2192e-33
4053	2.17771e-33
4054	2.13698e-33
4055	2.09702e-33
4056	2.05781e-33
4057	2.01933e-33
4058	1.98157e-33
4059	1.94451e-33
4060	1.90815e-33
4061	1.87246e-33
4062	1.83745e-33
4063	1.80308e-33
4064	1.76936e-33
4065	1.73627e-33
4066	1.7038e-33
4067	1.67194e-33
4068	1.64067e-33
4069	1.60999e-33
4070	1.57988e-33
4071	1.55033e-33
4072	1.52133e-33
4073	1.49288e-33
4074	1.46496e-33
4075	1.43756e-33
4076	1.41067e-33
4077	1.38429e-33
4078	1.35839e-33
4079	1.33299e-33
4080	1.30805e-33
4081	1.28359e-33
4082	1.25958e-33
4083	1.23602e-33
4084	1.2129e-33
4085	1.19021e-33
4086	1.16795e-33
4087	1.1461e-33
4088	1.12466e-33
4089	1.10362e-33
4090	1.08298e-33
4091	1.06272e-33
4092	1.04284e-33
4093	1.02333e-33
4094	1.00419e-33
4095	9.85405e-34
4096	9.66971e-34
4097	9.48881e-34
4098	9.3113e-34
4099	9.13711e-34
4100	8.96617e-34
4101	8.79843e-34
4102	8.63383e-34
4103	8.4723e-34
4104	8.3138e-34
4105	8.15826e-34
4106	8.00562e-34
4107	7.85585e-34
4108	7.70887e-34
4109	7.56464e-34
4110	7.42311e-34
4111	7.28422e-34
4112	7.14793e-34
4113	7.01419e-34
4114	6.88295e-34
4115	6.75417e-34
4116	6.62779e-34
4117	6.50378e-34
4118	6.38209e-34
4119	6.26267e-34
4120	6.14549e-34
4121	6.0305e-34
4122	5.91765e-34
4123	5.80692e-34
4124	5.69826e-34
4125	5.59163e-34
4126	5.487e-34
4127	5.38432e-34
4128	5.28357e-34
4129	5.18469e-34
4130	5.08767e-34
4131	4.99246e-34
4132	4.89904e-34
4133	4.80736e-34
4134	4.71739e-34
4135	4.62911e-34
4136	4.54248e-34
4137	4.45747e-34
4138	4.37405e-34
4139	4.29219e-34
4140	4.21186e-34
4141	4.13303e-34
4142	4.05568e-34
4143	3.97978e-34
4144	3.90529e-34
4145	3.8322e-34
4146	3.76048e-34
4147	3.69009e-34
4148	3.62103e-34
4149	3.55325e-34
4150	3.48675e-34
4151	3.42149e-34
4152	3.35745e-34
4153	3.2946e-34
4154	3.23294e-34
4155	3.17242e-34
4156	3.11304e-34
4157	3.05477e-34
4158	2.99759e-34
4159	2.94148e-34
4160	2.88642e-34
4161	2.83239e-34
4162	2.77937e-34
4163	2.72734e-34
4164	2.67629e-34
4165	2.62619e-34
4166	2.57703e-34
4167	2.52879e-34
4168	2.48145e-34
4169	2.435e-34
4170	2.38941e-34
4171	2.34468e-34
4172	2.30079e-34
4173	2.25771e-34
4174	2.21545e-34
4175	2.17397e-34
4176	2.13327e-34
4177	2.09333e-34
4178	2.05414e-34
4179	2.01568e-34
4180	1.97795e-34
4181	1.94091e-34
4182	1.90458e-34
4183	1.86892e-34
4184	1.83393e-34
4185	1.79959e-34
4186	1.76589e-34
4187	1.73283e-34
4188	1.70039e-34
4189	1.66855e-34
4190	1.63731e-34
4191	1.60665e-34
4192	1.57657e-34
4193	1.54705e-34
4194	1.51808e-34
4195	1.48965e-34
4196	1.46176e-34
4197	1.43439e-34
4198	1.40753e-34
4199	1.38117e-34
4200	1.35531e-34
4201	1.32993e-34
4202	1.30502e-34
4203	1.28059e-34
4204	1.25661e-34
4205	1.23307e-34
4206	1.20998e-34
4207	1.18732e-34
4208	1.16509e-34
4209	1.14327e-34
4210	1.12186e-34
4211	1.10085e-34
4212	1.08023e-34
4213	1.06e-34
4214	1.04015e-34
4215	1.02067e-34
4216	1.00156e-34
4217	9.82798e-35
4218	9.64391e-35
4219	9.46329e-35
4220	9.28605e-35
4221	9.11213e-35
4222	8.94147e-35
4223	8.774e-35
4224	8.60966e-35
4225	8.4484e-35
4226	8.29016e-35
4227	8.13489e-35
4228	7.98252e-35
4229	7.833e-35
4230	7.68628e-35
4231	7.54231e-35
4232	7.40103e-35
4233	7.2624e-35
4234	7.12637e-35
4235	6.99288e-35
4236	6.86189e-35
4237	6.73335e-35
4238	6.60722e-35
4239	6.48345e-35
4240	6.362e-35
4241	6.24282e-35
4242	6.12588e-35
4243	6.01112e-35
4244	5.89851e-35
4245	5.78802e-35
4246	5.67959e-35
4247	5.57319e-35
4248	5.46878e-35
4249	5.36633e-35
4250	5.26579e-35
4251	5.16714e-35
4252	5.07034e-35
4253	4.97535e-35
4254	4.88213e-35
4255	4.79067e-35
4256	4.70091e-35
4257	4.61284e-35
4258	4.52641e-35
4259	4.44161e-35
4260	4.35839e-35
4261	4.27673e-35
4262	4.1966e-35
4263	4.11797e-35
4264	4.04082e-35
4265	3.9651e-35
4266	3.89081e-35
4267	3.81791e-35
4268	3.74637e-35
4269	3.67617e-35
4270	3.60729e-35
4271	3.5397e-35
4272	3.47337e-35
4273	3.40829e-35
4274	3.34442e-35
4275	3.28175e-35
4276	3.22026e-35
4277	3.15991e-35
4278	3.1007e-35
4279	3.0426e-35
4280	2.98558e-35
4281	2.92963e-35
4282	2.87473e-35
4283	2.82086e-35
4284	2.768e-35
4285	2.71613e-35
4286	2.66522e-35
4287	2.61528e-35
4288	2.56627e-35
4289	2.51817e-35
4290	2.47098e-35
4291	2.42467e-35
4292	2.37923e-35
4293	2.33464e-35
4294	2.29088e-35
4295	2.24795e-35
4296	2.20582e-35
4297	2.16448e-35
4298	2.12391e-35
4299	2.0841e-35
4300	2.04504e-35
4301	2.00671e-35
4302	1.9691e-35
4303	1.93219e-35
4304	1.89598e-35
4305	1.86044e-35
4306	1.82557e-35
4307	1.79135e-35
4308	1.75777e-35
4309	1.72483e-35
4310	1.69249e-35
4311	1.66077e-35
4312	1.62964e-35
4313	1.59909e-35
4314	1.56912e-35
4315	1.5397e-35
4316	1.51084e-35
4317	1.48252e-35
4318	1.45473e-35
4319	1.42746e-35
4320	1.4007e-35
4321	1.37444e-35
4322	1.34868e-35
4323	1.32339e-35
4324	1.29859e-35
4325	1.27424e-35
4326	1.25035e-35
4327	1.22691e-35
4328	1.20391e-35
4329	1.18134e-35
4330	1.15919e-35
4331	1.13746e-35
4332	1.11614e-35
4333	1.09521e-35
4334	1.07468e-35
4335	1.05453e-35
4336	1.03476e-35
4337	1.01536e-35
4338	9.96322e-36
4339	9.77642e-36
4340	9.59312e-36
4341	9.41326e-36
4342	9.23676e-36
4343	9.06358e-36
4344	8.89364e-36
4345	8.72688e-36
4346	8.56325e-36
4347	8.40269e-36
4348	8.24513e-36
4349	8.09053e-36
4350	7.93883e-36
4351	7.78997e-36
4352	7.6439e-36
4353	7.50056e-36
4354	7.35992e-36
4355	7.22191e-36
4356	7.08648e-36
4357	6.9536e-36
4358	6.8232e-36
4359	6.69525e-36
4360	6.5697e-36
4361	6.4465e-36
4362	6.32561e-36
4363	6.20699e-36
4364	6.09059e-36
4365	5.97637e-36
4366	5.8643e-36
4367	5.75432e-36
4368	5.6464e-36
4369	5.54051e-36
4370	5.43661e-36
4371	5.33465e-36
4372	5.2346e-36
4373	5.13643e-36
4374	5.04009e-36
4375	4.94557e-36
4376	4.85281e-36
4377	4.7618e-36
4378	4.67249e-36
4379	4.58486e-36
4380	4.49886e-36
4381	4.41448e-36
4382	4.33169e-36
4383	4.25044e-36
4384	4.17072e-36
4385	4.09249e-36
4386	4.01573e-36
4387	3.94041e-36
4388	3.8665e-36
4389	3.79397e-36
4390	3.72281e-36
4391	3.65298e-36
4392	3.58446e-36
4393	3.51722e-36
4394	3.45125e-36
4395	3.38651e-36
4396	3.32298e-36
4397	3.26065e-36
4398	3.19948e-36
4399	3.13947e-36
4400	3.08057e-36
4401	3.02279e-36
4402	2.96608e-36
4403	2.91044e-36
4404	2.85584e-36
4405	2.80227e-36
4406	2.7497e-36
4407	2.69811e-36
4408	2.6475e-36
4409	2.59783e-36
4410	2.54909e-36
4411	2.50127e-36
4412	2.45434e-36
4413	2.4083e-36
4414	2.36312e-36
4415	2.31878e-36
4416	2.27528e-36
4417	2.23259e-36
4418	2.1907e-36
4419	2.1496e-36
4420	2.10927e-36
4421	2.0697e-36
4422	2.03086e-36
4423	1.99276e-36
4424	1.95537e-36
4425	1.91868e-36
4426	1.88268e-36
4427	1.84736e-36
4428	1.8127e-36
4429	1.77868e-36
4430	1.74531e-36
4431	1.71256e-36
4432	1.68043e-36
4433	1.64889e-36
4434	1.61795e-36
4435	1.58759e-36
4436	1.5578e-36
4437	1.52857e-36
4438	1.49989e-36
4439	1.47174e-36
4440	1.44413e-36
4441	1.41703e-36
4442	1.39044e-36
4443	1.36434e-36
4444	1.33874e-36
4445	1.31362e-36
4446	1.28897e-36
4447	1.26478e-36
4448	1.24104e-36
4449	1.21775e-36
4450	1.1949e-36
4451	1.17247e-36
4452	1.15047e-36
4453	1.12888e-36
4454	1.10769e-36
4455	1.08691e-36
4456	1.06651e-36
4457	1.04649e-36
4458	1.02685e-36
4459	1.00758e-36
4460	9.88668e-37
4461	9.70112e-37
4462	9.51905e-37
4463	9.34039e-37
4464	9.16508e-37
4465	8.99306e-37
4466	8.82427e-37
4467	8.65864e-37
4468	8.49612e-37
4469	8.33666e-37
4470	8.18018e-37
4471	8.02664e-37
4472	7.87598e-37
4473	7.72814e-37
4474	7.58308e-37
4475	7.44074e-37
4476	7.30108e-37
4477	7.16403e-37
4478	7.02955e-37
4479	6.8976e-37
4480	6.76812e-37
4481	6.64108e-37
4482	6.51641e-37
4483	6.39409e-37
4484	6.27406e-37
4485	6.15628e-37
4486	6.04072e-37
4487	5.92732e-37
4488	5.81605e-37
4489	5.70686e-37
4490	5.59973e-37
4491	5.49461e-37
4492	5.39145e-37
4493	5.29024e-37
4494	5.19092e-37
4495	5.09347e-37
4496	4.99785e-37
4497	4.90402e-37
4498	4.81195e-37
4499	4.72161e-37
4500	4.63296e-37
4501	4.54598e-37
4502	4.46063e-37
4503	4.37689e-37
4504	4.29471e-37
4505	4.21408e-37
4506	4.13496e-37
4507	4.05732e-37
4508	3.98114e-37
4509	3.90639e-37
4510	3.83305e-37
4511	3.76108e-37
4512	3.69046e-37
4513	3.62117e-37
4514	3.55317e-37
4515	3.48646e-37
4516	3.42099e-37
4517	3.35676e-37
4518	3.29373e-37
4519	3.23188e-37
4520	3.17119e-37
4521	3.11165e-37
4522	3.05322e-37
4523	2.99588e-37
4524	2.93963e-37
4525	2.88443e-37
4526	2.83026e-37
4527	2.77711e-37
4528	2.72496e-37
4529	2.67379e-37
4530	2.62358e-37
4531	2.57431e-37
4532	2.52597e-37
4533	2.47853e-37
4534	2.43199e-37
4535	2.38632e-37
4536	2.3415e-37
4537	2.29753e-37
4538	2.25438e-37
4539	2.21204e-37
4540	2.1705e-37
4541	2.12974e-37
4542	2.08974e-37
4543	2.05049e-37
4544	2.01198e-37
4545	1.9742e-37
4546	1.93712e-37
4547	1.90074e-37
4548	1.86504e-37
4549	1.83001e-37
4550	1.79564e-37
4551	1.76191e-37
4552	1.72882e-37
4553	1.69635e-37
4554	1.66449e-37
4555	1.63322e-37
4556	1.60255e-37
4557	1.57245e-37
4558	1.54291e-37
4559	1.51393e-37
4560	1.48549e-37
4561	1.45759e-37
4562	1.43021e-37
4563	1.40335e-37
4564	1.37699e-37
4565	1.35112e-37
4566	1.32574e-37
4567	1.30084e-37
4568	1.2764e-37
4569	1.25243e-37
4570	1.2289e-37
4571	1.20581e-37
4572	1.18316e-37
4573	1.16094e-37
4574	1.13913e-37
4575	1.11773e-37
4576	1.09673e-37
4577	1.07613e-37
4578	1.05591e-37
4579	1.03608e-37
4580	1.01661e-37
4581	9.97513e-38
4582	9.78773e-38
4583	9.60385e-38
4584	9.42343e-38
4585	9.24639e-38
4586	9.07267e-38
4587	8.90222e-38
4588	8.73497e-38
4589	8.57086e-38
4590	8.40984e-38
4591	8.25183e-38
4592	8.0968e-38
4593	7.94467e-38
4594	7.7954e-38
4595	7.64894e-38
4596	7.50523e-38
4597	7.36421e-38
4598	7.22585e-38
4599	7.09008e-38
4600	6.95686e-38
4601	6.82615e-38
4602	6.69789e-38
4603	6.57204e-38
4604	6.44855e-38
4605	6.32738e-38
4606	6.20849e-38
4607	6.09183e-38
4608	5.97736e-38
4609	5.86504e-38
4610	5.75484e-38
4611	5.6467e-38
4612	5.54059e-38
4613	5.43648e-38
4614	5.33432e-38
4615	5.23408e-38
4616	5.13572e-38
4617	5.03921e-38
4618	4.94452e-38
4619	4.8516e-38
4620	4.76043e-38
4621	4.67097e-38
4622	4.58319e-38
4623	4.49706e-38
4624	4.41255e-38
4625	4.32962e-38
4626	4.24826e-38
4627	4.16842e-38
4628	4.09008e-38
4629	4.01321e-38
4630	3.93779e-38
4631	3.86379e-38
4632	3.79117e-38
4633	3.71992e-38
4634	3.65001e-38
4635	3.58141e-38
4636	3.5141e-38
4637	3.44805e-38
4638	3.38325e-38
4639	3.31966e-38
4640	3.25726e-38
4641	3.19604e-38
4642	3.13597e-38
4643	3.07703e-38
4644	3.0192e-38
4645	2.96245e-38
4646	2.90677e-38
4647	2.85213e-38
4648	2.79852e-38
4649	2.74592e-38
4650	2.69431e-38
4651	2.64366e-38
4652	2.59397e-38
4653	2.54521e-38
4654	2.49737e-38
4655	2.45043e-38
4656	2.40436e-38
4657	2.35917e-38
4658	2.31482e-38
4659	2.27131e-38
4660	2.22861e-38
4661	2.18672e-38
4662	2.14561e-38
4663	2.10528e-38
4664	2.0657e-38
4665	2.02687e-38
4666	1.98877e-38
4667	1.95138e-38
4668	1.9147e-38
4669	1.8787e-38
4670	1.84338e-38
4671	1.80873e-38
4672	1.77473e-38
4673	1.74136e-38
4674	1.70863e-38
4675	1.6765e-38
4676	1.64498e-38
4677	1.61406e-38
4678	1.58371e-38
4679	1.55394e-38
4680	1.52472e-38
4681	1.49606e-38
4682	1.46793e-38
4683	1.44033e-38
4684	1.41325e-38
4685	1.38668e-38
4686	1.36061e-38
4687	1.33503e-38
4688	1.30993e-38
4689	1.2853e-38
4690	1.26113e-38
4691	1.23742e-38
4692	1.21415e-38
4693	1.19132e-38
4694	1.16892e-38
4695	1.14694e-38
4696	1.12538e-38
4697	1.10422e-38
4698	1.08345e-38
4699	1.06308e-38
4700	1.04309e-38
4701	1.02348e-38
4702	1.00423e-38
4703	9.85349e-39
4704	9.6682e-39
4705	9.4864e-39
4706	9.30802e-39
4707	9.13298e-39
4708	8.96124e-39
4709	8.79273e-39
4710	8.62738e-39
4711	8.46514e-39
4712	8.30595e-39
4713	8.14976e-39
4714	7.9965e-39
4715	7.84612e-39
4716	7.69857e-39
4717	7.55379e-39
4718	7.41173e-39
4719	7.27234e-39
4720	7.13558e-39
4721	7.00138e-39
4722	6.86971e-39
4723	6.74052e-39
4724	6.61375e-39
4725	6.48936e-39
4726	6.36732e-39
4727	6.24756e-39
4728	6.13006e-39
4729	6.01477e-39
4730	5.90165e-39
4731	5.79065e-39
4732	5.68174e-39
4733	5.57488e-39
4734	5.47002e-39
4735	5.36714e-39
4736	5.26619e-39
4737	5.16714e-39
4738	5.06996e-39
4739	4.9746e-39
4740	4.88103e-39
4741	4.78922e-39
4742	4.69914e-39
4743	4.61075e-39
4744	4.52402e-39
4745	4.43893e-39
4746	4.35543e-39
4747	4.27351e-39
4748	4.19312e-39
4749	4.11425e-39
4750	4.03686e-39
4751	3.96092e-39
4752	3.88641e-39
4753	3.81331e-39
4754	3.74157e-39
4755	3.67119e-39
4756	3.60213e-39
4757	3.53437e-39
4758	3.46788e-39
4759	3.40265e-39
4760	3.33864e-39
4761	3.27583e-39
4762	3.2142e-39
4763	3.15374e-39
4764	3.09441e-39
4765	3.0362e-39
4766	2.97908e-39
4767	2.92303e-39
4768	2.86804e-39
4769	2.81408e-39
4770	2.76114e-39
4771	2.7092e-39
4772	2.65823e-39
4773	2.60822e-39
4774	2.55915e-39
4775	2.511e-39
4776	2.46376e-39
4777	2.4174e-39
4778	2.37192e-39
4779	2.3273e-39
4780	2.28351e-39
4781	2.24055e-39
4782	2.19839e-39
4783	2.15703e-39
4784	2.11644e-39
4785	2.07662e-39
4786	2.03755e-39
4787	1.99921e-39
4788	1.9616e-39
4789	1.92469e-39
4790	1.88847e-39
4791	1.85294e-39
4792	1.81807e-39
4793	1.78386e-39
4794	1.7503e-39
4795	1.71736e-39
4796	1.68505e-39
4797	1.65334e-39
4798	1.62223e-39
4799	1.5917e-39
4800	1.56175e-39
4801	1.53236e-39
4802	1.50353e-39
4803	1.47524e-39
4804	1.44748e-39
4805	1.42024e-39
4806	1.39351e-39
4807	1.36729e-39
4808	1.34156e-39
4809	1.31631e-39
4810	1.29154e-39
4811	1.26724e-39
4812	1.24339e-39
4813	1.21999e-39
4814	1.19703e-39
4815	1.1745e-39
4816	1.1524e-39
4817	1.13071e-39
4818	1.10943e-39
4819	1.08855e-39
4820	1.06807e-39
4821	1.04796e-39
4822	1.02824e-39
4823	1.00889e-39
4824	9.89902e-40
4825	9.71272e-40
4826	9.52992e-40
4827	9.35056e-40
4828	9.17457e-40
4829	9.0019e-40
4830	8.83247e-40
4831	8.66623e-40
4832	8.50312e-40
4833	8.34308e-40
4834	8.18604e-40
4835	8.03197e-40
4836	7.88079e-40
4837	7.73246e-40
4838	7.58691e-40
4839	7.44411e-40
4840	7.30399e-40
4841	7.16651e-40
4842	7.03162e-40
4843	6.89926e-40
4844	6.7694e-40
4845	6.64197e-40
4846	6.51695e-40
4847	6.39428e-40
4848	6.27391e-40
4849	6.15582e-40
4850	6.03994e-40
4851	5.92624e-40
4852	5.81469e-40
4853	5.70523e-40
4854	5.59783e-40
4855	5.49246e-40
4856	5.38906e-40
4857	5.28761e-40
4858	5.18807e-40
4859	5.09041e-40
4860	4.99458e-40
4861	4.90056e-40
4862	4.8083e-40
4863	4.71778e-40
4864	4.62897e-40
4865	4.54182e-40
4866	4.45632e-40
4867	4.37242e-40
4868	4.29011e-40
4869	4.20934e-40
4870	4.13009e-40
4871	4.05234e-40
4872	3.97604e-40
4873	3.90119e-40
4874	3.82774e-40
4875	3.75567e-40
4876	3.68496e-40
4877	3.61559e-40
4878	3.54751e-40
4879	3.48072e-40
4880	3.41519e-40
4881	3.35089e-40
4882	3.2878e-40
4883	3.22589e-40
4884	3.16515e-40
4885	3.10556e-40
4886	3.04709e-40
4887	2.98971e-40
4888	2.93342e-40
4889	2.87819e-40
4890	2.82399e-40
4891	2.77082e-40
4892	2.71865e-40
4893	2.66746e-40
4894	2.61723e-40
4895	2.56795e-40
4896	2.51959e-40
4897	2.47215e-40
4898	2.4256e-40
4899	2.37992e-40
4900	2.33511e-40
4901	2.29114e-40
4902	2.24799e-40
4903	2.20566e-40
4904	2.16413e-40
4905	2.12337e-40
4906	2.08339e-40
4907	2.04416e-40
4908	2.00566e-40
4909	1.96789e-40
4910	1.93083e-40
4911	1.89447e-40
4912	1.8588e-40
4913	1.82379e-40
4914	1.78944e-40
4915	1.75574e-40
4916	1.72268e-40
4917	1.69024e-40
4918	1.65841e-40
4919	1.62717e-40
4920	1.59653e-40
4921	1.56646e-40
4922	1.53696e-40
4923	1.50801e-40
4924	1.47961e-40
4925	1.45175e-40
4926	1.4244e-40
4927	1.39758e-40
4928	1.37125e-40
4929	1.34543e-40
4930	1.32009e-40
4931	1.29523e-40
4932	1.27083e-40
4933	1.24689e-40
4934	1.22341e-40
4935	1.20037e-40
4936	1.17776e-40
4937	1.15557e-40
4938	1.13381e-40
4939	1.11245e-40
4940	1.0915e-40
4941	1.07094e-40
4942	1.05077e-40
4943	1.03098e-40
4944	1.01156e-40
4945	9.92503e-41
4946	9.73808e-41
4947	9.55465e-41
4948	9.37467e-41
4949	9.19808e-41
4950	9.02482e-41
4951	8.85482e-41
4952	8.68802e-41
4953	8.52437e-41
4954	8.36379e-41
4955	8.20624e-41
4956	8.05165e-41
4957	7.89998e-41
4958	7.75116e-41
4959	7.60514e-41
4960	7.46188e-41
4961	7.32131e-41
4962	7.18339e-41
4963	7.04806e-41
4964	6.91529e-41
4965	6.78501e-41
4966	6.65719e-41
4967	6.53178e-41
4968	6.40872e-41
4969	6.28799e-41
4970	6.16953e-41
4971	6.0533e-41
4972	5.93925e-41
4973	5.82736e-41
4974	5.71757e-41
4975	5.60986e-41
4976	5.50417e-41
4977	5.40047e-41
4978	5.29872e-41
4979	5.19889e-41
4980	5.10094e-41
4981	5.00483e-41
4982	4.91054e-41
4983	4.81802e-41
4984	4.72724e-41
4985	4.63818e-41
4986	4.55079e-41
4987	4.46504e-41
4988	4.38091e-41
4989	4.29837e-41
4990	4.21738e-41
4991	4.13792e-41
4992	4.05995e-41
4993	3.98345e-41
4994	3.90839e-41
4995	3.83475e-41
4996	3.76249e-41
4997	3.6916e-41
4998	3.62204e-41
4999	3.55379e-41
5000	3.48682e-41
5001	3.42112e-41
5002	3.35666e-41
5003	3.2934e-41
5004	3.23135e-41
5005	3.17045e-41
5006	3.11071e-41
5007	3.05209e-41
5008	2.99458e-41
5009	2.93815e-41
5010	2.88278e-41
5011	2.82846e-41
5012	2.77516e-41
5013	2.72286e-41
5014	2.67155e-41
5015	2.6212e-41
5016	2.57181e-41
5017	2.52334e-41
5018	2.47579e-41
5019	2.42913e-41
5020	2.38335e-41
5021	2.33843e-41
5022	2.29437e-41
5023	2.25113e-41
5024	2.2087e-41
5025	2.16708e-41
5026	2.12623e-41
5027	2.08616e-41
5028	2.04685e-41
5029	2.00827e-41
5030	1.97042e-41
5031	1.93328e-41
5032	1.89685e-41
5033	1.8611e-41
5034	1.82602e-41
5035	1.7916e-41
5036	1.75784e-41
5037	1.72471e-41
5038	1.6922e-41
5039	1.6603e-41
5040	1.62901e-41
5041	1.59831e-41
5042	1.56818e-41
5043	1.53862e-41
5044	1.50962e-41
5045	1.48117e-41
5046	1.45325e-41
5047	1.42586e-41
5048	1.39898e-41
5049	1.37261e-41
5050	1.34674e-41
5051	1.32136e-41
5052	1.29645e-41
5053	1.27201e-41
5054	1.24803e-41
5055	1.22451e-41
5056	1.20143e-41
5057	1.17878e-41
5058	1.15656e-41
5059	1.13476e-41
5060	1.11337e-41
5061	1.09238e-41
5062	1.07179e-41
5063	1.05158e-41
5064	1.03176e-41
5065	1.01231e-41
5066	9.93227e-42
5067	9.74503e-42
5068	9.56133e-42
5069	9.38108e-42
5070	9.20423e-42
5071	9.03072e-42
5072	8.86047e-42
5073	8.69343e-42
5074	8.52954e-42
5075	8.36874e-42
5076	8.21097e-42
5077	8.05617e-42
5078	7.90429e-42
5079	7.75527e-42
5080	7.60907e-42
5081	7.46561e-42
5082	7.32486e-42
5083	7.18676e-42
5084	7.05127e-42
5085	6.91833e-42
5086	6.78789e-42
5087	6.65992e-42
5088	6.53435e-42
5089	6.41115e-42
5090	6.29028e-42
5091	6.17168e-42
5092	6.05532e-42
5093	5.94115e-42
5094	5.82913e-42
5095	5.71922e-42
5096	5.61139e-42
5097	5.50559e-42
5098	5.40178e-42
5099	5.29993e-42
5100	5.19999e-42
5101	5.10195e-42
5102	5.00575e-42
5103	4.91136e-42
5104	4.81875e-42
5105	4.72789e-42
5106	4.63874e-42
5107	4.55127e-42
5108	4.46545e-42
5109	4.38125e-42
5110	4.29864e-42
5111	4.21758e-42
5112	4.13805e-42
5113	4.06002e-42
5114	3.98346e-42
5115	3.90834e-42
5116	3.83464e-42
5117	3.76233e-42
5118	3.69138e-42
5119	3.62177e-42
5120	3.55347e-42
5121	3.48646e-42
5122	3.42072e-42
5123	3.35621e-42
5124	3.29292e-42
5125	3.23082e-42
5126	3.16989e-42
5127	3.11011e-42
5128	3.05146e-42
5129	2.99391e-42
5130	2.93745e-42
5131	2.88205e-42
5132	2.8277e-42
5133	2.77437e-42
5134	2.72205e-42
5135	2.67071e-42
5136	2.62034e-42
5137	2.57093e-42
5138	2.52244e-42
5139	2.47487e-42
5140	2.42819e-42
5141	2.38239e-42
5142	2.33746e-42
5143	2.29338e-42
5144	2.25012e-42
5145	2.20768e-42
5146	2.16604e-42
5147	2.12519e-42
5148	2.08511e-42
5149	2.04578e-42
5150	2.00719e-42
5151	1.96934e-42
5152	1.93219e-42
5153	1.89575e-42
5154	1.85999e-42
5155	1.82491e-42
5156	1.79049e-42
5157	1.75671e-42
5158	1.72358e-42
5159	1.69107e-42
5160	1.65917e-42
5161	1.62787e-42
5162	1.59717e-42
5163	1.56704e-42
5164	1.53748e-42
5165	1.50848e-42
5166	1.48003e-42
5167	1.45211e-42
5168	1.42472e-42
5169	1.39784e-42
5170	1.37147e-42
5171	1.3456e-42
5172	1.32022e-42
5173	1.29532e-42
5174	1.27088e-42
5175	1.24691e-42
5176	1.22338e-42
5177	1.20031e-42
5178	1.17766e-42
5179	1.15545e-42
5180	1.13365e-42
5181	1.11226e-42
5182	1.09128e-42
5183	1.07069e-42
5184	1.05049e-42
5185	1.03068e-42
5186	1.01123e-42
5187	9.92155e-43
5188	9.73438e-43
5189	9.55073e-43
5190	9.37055e-43
5191	9.19376e-43
5192	9.02031e-43
5193	8.85013e-43
5194	8.68317e-43
5195	8.51934e-43
5196	8.35861e-43
5197	8.20091e-43
5198	8.04619e-43
5199	7.89438e-43
5200	7.74544e-43
5201	7.59931e-43
5202	7.45593e-43
5203	7.31525e-43
5204	7.17723e-43
5205	7.04182e-43
5206	6.90895e-43
5207	6.7786e-43
5208	6.6507e-43
5209	6.52521e-43
5210	6.40209e-43
5211	6.2813e-43
5212	6.16278e-43
5213	6.0465e-43
5214	5.93241e-43
5215	5.82047e-43
5216	5.71064e-43
5217	5.60289e-43
5218	5.49717e-43
5219	5.39344e-43
5220	5.29167e-43
5221	5.19182e-43
5222	5.09385e-43
5223	4.99773e-43
5224	4.90343e-43
5225	4.8109e-43
5226	4.72012e-43
5227	4.63105e-43
5228	4.54366e-43
5229	4.45792e-43
5230	4.3738e-43
5231	4.29126e-43
5232	4.21028e-43
5233	4.13083e-43
5234	4.05288e-43
5235	3.9764e-43
5236	3.90136e-43
5237	3.82773e-43
5238	3.7555e-43
5239	3.68463e-43
5240	3.61509e-43
5241	3.54687e-43
5242	3.47993e-43
5243	3.41426e-43
5244	3.34983e-43
5245	3.28661e-43
5246	3.22458e-43
5247	3.16373e-43
5248	3.10402e-43
5249	3.04544e-43
5250	2.98796e-43
5251	2.93157e-43
5252	2.87624e-43
5253	2.82196e-43
5254	2.7687e-43
5255	2.71645e-43
5256	2.66518e-43
5257	2.61488e-43
5258	2.56552e-43
5259	2.5171e-43
5260	2.4696e-43
5261	2.42298e-43
5262	2.37725e-43
5263	2.33238e-43
5264	2.28836e-43
5265	2.24517e-43
5266	2.20279e-43
5267	2.16122e-43
5268	2.12042e-43
5269	2.0804e-43
5270	2.04113e-43
5271	2.00261e-43
5272	1.96481e-43
5273	1.92772e-43
5274	1.89134e-43
5275	1.85564e-43
5276	1.82061e-43
5277	1.78624e-43
5278	1.75253e-43
5279	1.71945e-43
5280	1.68699e-43
5281	1.65515e-43
5282	1.6239e-43
5283	1.59325e-43
5284	1.56317e-43
5285	1.53367e-43
5286	1.50472e-43
5287	1.47631e-43
5288	1.44844e-43
5289	1.4211e-43
5290	1.39427e-43
5291	1.36795e-43
5292	1.34213e-43
5293	1.31679e-43
5294	1.29194e-43
5295	1.26755e-43
5296	1.24362e-43
5297	1.22014e-43
5298	1.19711e-43
5299	1.17451e-43
5300	1.15234e-43
5301	1.13058e-43
5302	1.10924e-43
5303	1.0883e-43
5304	1.06775e-43
5305	1.04759e-43
5306	1.02782e-43
5307	1.00841e-43
5308	9.89373e-44
5309	9.70695e-44
5310	9.52369e-44
5311	9.34388e-44
5312	9.16747e-44
5313	8.99439e-44
5314	8.82458e-44
5315	8.65797e-44
5316	8.49451e-44
5317	8.33413e-44
5318	8.17678e-44
5319	8.0224e-44
5320	7.87093e-44
5321	7.72232e-44
5322	7.57652e-44
5323	7.43347e-44
5324	7.29312e-44
5325	7.15541e-44
5326	7.02031e-44
5327	6.88776e-44
5328	6.75771e-44
5329	6.63011e-44
5330	6.50493e-44
5331	6.3821e-44
5332	6.26159e-44
5333	6.14336e-44
5334	6.02736e-44
5335	5.91355e-44
5336	5.80189e-44
5337	5.69234e-44
5338	5.58485e-44
5339	5.4794e-44
5340	5.37593e-44
5341	5.27442e-44
5342	5.17482e-44
5343	5.0771e-44
5344	4.98123e-44
5345	4.88717e-44
5346	4.79488e-44
5347	4.70434e-44
5348	4.6155e-44
5349	4.52835e-44
5350	4.44283e-44
5351	4.35894e-44
5352	4.27662e-44
5353	4.19586e-44
5354	4.11662e-44
5355	4.03889e-44
5356	3.96261e-44
5357	3.88778e-44
5358	3.81436e-44
5359	3.74233e-44
5360	3.67165e-44
5361	3.60231e-44
5362	3.53428e-44
5363	3.46754e-44
5364	3.40205e-44
5365	3.3378e-44
5366	3.27477e-44
5367	3.21292e-44
5368	3.15224e-44
5369	3.09271e-44
5370	3.0343e-44
5371	2.97699e-44
5372	2.92077e-44
5373	2.86561e-44
5374	2.81149e-44
5375	2.75839e-44
5376	2.70629e-44
5377	2.65518e-44
5378	2.60503e-44
5379	2.55583e-44
5380	2.50756e-44
5381	2.46019e-44
5382	2.41373e-44
5383	2.36814e-44
5384	2.32341e-44
5385	2.27953e-44
5386	2.23647e-44
5387	2.19423e-44
5388	2.15279e-44
5389	2.11212e-44
5390	2.07223e-44
5391	2.03309e-44
5392	1.99469e-44
5393	1.95701e-44
5394	1.92004e-44
5395	1.88378e-44
5396	1.8482e-44
5397	1.81328e-44
5398	1.77903e-44
5399	1.74543e-44
5400	1.71246e-44
5401	1.68011e-44
5402	1.64838e-44
5403	1.61724e-44
5404	1.58669e-44
5405	1.55672e-44
5406	1.52731e-44
5407	1.49846e-44
5408	1.47015e-44
5409	1.44238e-44
5410	1.41514e-44
5411	1.3884e-44
5412	1.36218e-44
5413	1.33644e-44
5414	1.3112e-44
5415	1.28643e-44
5416	1.26213e-44
5417	1.23828e-44
5418	1.21489e-44
5419	1.19194e-44
5420	1.16942e-44
5421	1.14733e-44
5422	1.12565e-44
5423	1.10439e-44
5424	1.08353e-44
5425	1.06306e-44
5426	1.04297e-44
5427	1.02327e-44
5428	1.00394e-44
5429	9.84969e-45
5430	9.66361e-45
5431	9.48104e-45
5432	9.30192e-45
5433	9.12618e-45
5434	8.95376e-45
5435	8.7846e-45
5436	8.61863e-45
5437	8.45579e-45
5438	8.29604e-45
5439	8.1393e-45
5440	7.98552e-45
5441	7.83464e-45
5442	7.68662e-45
5443	7.54139e-45
5444	7.3989e-45
5445	7.2591e-45
5446	7.12195e-45
5447	6.98739e-45
5448	6.85536e-45
5449	6.72584e-45
5450	6.59875e-45
5451	6.47407e-45
5452	6.35175e-45
5453	6.23173e-45
5454	6.11398e-45
5455	5.99846e-45
5456	5.88512e-45
5457	5.77392e-45
5458	5.66482e-45
5459	5.55778e-45
5460	5.45276e-45
5461	5.34972e-45
5462	5.24864e-45
5463	5.14946e-45
5464	5.05215e-45
5465	4.95669e-45
5466	4.86303e-45
5467	4.77113e-45
5468	4.68097e-45
5469	4.59252e-45
5470	4.50574e-45
5471	4.42059e-45
5472	4.33706e-45
5473	4.2551e-45
5474	4.17469e-45
5475	4.0958e-45
5476	4.0184e-45
5477	3.94247e-45
5478	3.86796e-45
5479	3.79487e-45
5480	3.72315e-45
5481	3.65279e-45
5482	3.58376e-45
5483	3.51604e-45
5484	3.44959e-45
5485	3.3844e-45
5486	3.32044e-45
5487	3.25769e-45
5488	3.19612e-45
5489	3.13572e-45
5490	3.07646e-45
5491	3.01832e-45
5492	2.96128e-45
5493	2.90531e-45
5494	2.8504e-45
5495	2.79653e-45
5496	2.74368e-45
5497	2.69183e-45
5498	2.64095e-45
5499	2.59104e-45
5500	2.54207e-45
5501	2.49402e-45
5502	2.44689e-45
5503	2.40064e-45
5504	2.35527e-45
5505	2.31075e-45
5506	2.26708e-45
5507	2.22423e-45
5508	2.18219e-45
5509	2.14094e-45
5510	2.10048e-45
5511	2.06078e-45
5512	2.02183e-45
5513	1.98361e-45
5514	1.94612e-45
5515	1.90934e-45
5516	1.87325e-45
5517	1.83784e-45
5518	1.8031e-45
5519	1.76902e-45
5520	1.73558e-45
5521	1.70278e-45
5522	1.67059e-45
5523	1.63901e-45
5524	1.60803e-45
5525	1.57764e-45
5526	1.54781e-45
5527	1.51856e-45
5528	1.48985e-45
5529	1.46169e-45
5530	1.43406e-45
5531	1.40695e-45
5532	1.38036e-45
5533	1.35426e-45
5534	1.32866e-45
5535	1.30355e-45
5536	1.2789e-45
5537	1.25473e-45
5538	1.23101e-45
5539	1.20774e-45
5540	1.18491e-45
5541	1.16251e-45
5542	1.14053e-45
5543	1.11897e-45
5544	1.09782e-45
5545	1.07706e-45
5546	1.0567e-45
5547	1.03673e-45
5548	1.01713e-45
5549	9.97899e-46
5550	9.79034e-46
5551	9.60525e-46
5552	9.42366e-46
5553	9.24551e-46
5554	9.07072e-46
5555	8.89923e-46
5556	8.73099e-46
5557	8.56592e-46
5558	8.40398e-46
5559	8.2451e-46
5560	8.08921e-46
5561	7.93628e-46
5562	7.78624e-46
5563	7.63903e-46
5564	7.4946e-46
5565	7.3529e-46
5566	7.21389e-46
5567	7.0775e-46
5568	6.94368e-46
5569	6.8124e-46
5570	6.6836e-46
5571	6.55723e-46
5572	6.43325e-46
5573	6.31162e-46
5574	6.19228e-46
5575	6.0752e-46
5576	5.96034e-46
5577	5.84764e-46
5578	5.73707e-46
5579	5.6286e-46
5580	5.52217e-46
5581	5.41776e-46
5582	5.31532e-46
5583	5.21482e-46
5584	5.11621e-46
5585	5.01947e-46
5586	4.92456e-46
5587	4.83145e-46
5588	4.74009e-46
5589	4.65046e-46
5590	4.56252e-46
5591	4.47625e-46
5592	4.39161e-46
5593	4.30857e-46
5594	4.2271e-46
5595	4.14716e-46
5596	4.06874e-46
5597	3.9918e-46
5598	3.91632e-46
5599	3.84226e-46
5600	3.76961e-46
5601	3.69832e-46
5602	3.62839e-46
5603	3.55977e-46
5604	3.49246e-46
5605	3.42641e-46
5606	3.36162e-46
5607	3.29805e-46
5608	3.23568e-46
5609	3.17449e-46
5610	3.11446e-46
5611	3.05556e-46
5612	2.99777e-46
5613	2.94108e-46
5614	2.88546e-46
5615	2.8309e-46
5616	2.77736e-46
5617	2.72483e-46
5618	2.6733e-46
5619	2.62275e-46
5620	2.57314e-46
5621	2.52448e-46
5622	2.47674e-46
5623	2.4299e-46
5624	2.38394e-46
5625	2.33886e-46
5626	2.29462e-46
5627	2.25122e-46
5628	2.20865e-46
5629	2.16688e-46
5630	2.12589e-46
5631	2.08569e-46
5632	2.04624e-46
5633	2.00754e-46
5634	1.96957e-46
5635	1.93232e-46
5636	1.89577e-46
5637	1.85992e-46
5638	1.82474e-46
5639	1.79023e-46
5640	1.75637e-46
5641	1.72315e-46
5642	1.69055e-46
5643	1.65858e-46
5644	1.62721e-46
5645	1.59643e-46
5646	1.56623e-46
5647	1.53661e-46
5648	1.50754e-46
5649	1.47903e-46
5650	1.45105e-46
5651	1.42361e-46
5652	1.39668e-46
5653	1.37026e-46
5654	1.34434e-46
5655	1.31891e-46
5656	1.29397e-46
5657	1.26949e-46
5658	1.24548e-46
5659	1.22192e-46
5660	1.1988e-46
5661	1.17613e-46
5662	1.15388e-46
5663	1.13205e-46
5664	1.11064e-46
5665	1.08963e-46
5666	1.06902e-46
5667	1.04879e-46
5668	1.02896e-46
5669	1.00949e-46
5670	9.90394e-47
5671	9.71659e-47
5672	9.53278e-47
5673	9.35245e-47
5674	9.17553e-47
5675	9.00195e-47
5676	8.83166e-47
5677	8.66458e-47
5678	8.50067e-47
5679	8.33986e-47
5680	8.18208e-47
5681	8.0273e-47
5682	7.87543e-47
5683	7.72645e-47
5684	7.58028e-47
5685	7.43687e-47
5686	7.29618e-47
5687	7.15814e-47
5688	7.02272e-47
5689	6.88986e-47
5690	6.75951e-47
5691	6.63163e-47
5692	6.50617e-47
5693	6.38308e-47
5694	6.26231e-47
5695	6.14383e-47
5696	6.0276e-47
5697	5.91356e-47
5698	5.80168e-47
5699	5.69191e-47
5700	5.58422e-47
5701	5.47857e-47
5702	5.37491e-47
5703	5.27322e-47
5704	5.17345e-47
5705	5.07557e-47
5706	4.97954e-47
5707	4.88532e-47
5708	4.79289e-47
5709	4.7022e-47
5710	4.61323e-47
5711	4.52595e-47
5712	4.44031e-47
5713	4.3563e-47
5714	4.27387e-47
5715	4.193e-47
5716	4.11367e-47
5717	4.03583e-47
5718	3.95947e-47
5719	3.88455e-47
5720	3.81105e-47
5721	3.73893e-47
5722	3.66819e-47
5723	3.59878e-47
5724	3.53068e-47
5725	3.46387e-47
5726	3.39833e-47
5727	3.33402e-47
5728	3.27094e-47
5729	3.20904e-47
5730	3.14832e-47
5731	3.08874e-47
5732	3.0303e-47
5733	2.97295e-47
5734	2.9167e-47
5735	2.8615e-47
5736	2.80735e-47
5737	2.75423e-47
5738	2.70211e-47
5739	2.65098e-47
5740	2.60081e-47
5741	2.55159e-47
5742	2.50331e-47
5743	2.45594e-47
5744	2.40946e-47
5745	2.36386e-47
5746	2.31913e-47
5747	2.27524e-47
5748	2.23218e-47
5749	2.18994e-47
5750	2.1485e-47
5751	2.10784e-47
5752	2.06795e-47
5753	2.02881e-47
5754	1.99042e-47
5755	1.95275e-47
5756	1.91579e-47
5757	1.87953e-47
5758	1.84396e-47
5759	1.80907e-47
5760	1.77483e-47
5761	1.74124e-47
5762	1.70829e-47
5763	1.67595e-47
5764	1.64424e-47
5765	1.61312e-47
5766	1.58259e-47
5767	1.55263e-47
5768	1.52325e-47
5769	1.49442e-47
5770	1.46614e-47
5771	1.43839e-47
5772	1.41116e-47
5773	1.38445e-47
5774	1.35825e-47
5775	1.33254e-47
5776	1.30732e-47
5777	1.28258e-47
5778	1.2583e-47
5779	1.23449e-47
5780	1.21112e-47
5781	1.1882e-47
5782	1.16571e-47
5783	1.14364e-47
5784	1.122e-47
5785	1.10076e-47
5786	1.07992e-47
5787	1.05948e-47
5788	1.03943e-47
5789	1.01976e-47
5790	1.00045e-47
5791	9.81516e-48
5792	9.62937e-48
5793	9.4471e-48
5794	9.26828e-48
5795	9.09285e-48
5796	8.92073e-48
5797	8.75187e-48
5798	8.5862e-48
5799	8.42367e-48
5800	8.26422e-48
5801	8.10778e-48
5802	7.95431e-48
5803	7.80374e-48
5804	7.65601e-48
5805	7.51109e-48
5806	7.3689e-48
5807	7.22941e-48
5808	7.09256e-48
5809	6.9583e-48
5810	6.82657e-48
5811	6.69735e-48
5812	6.57056e-48
5813	6.44618e-48
5814	6.32415e-48
5815	6.20443e-48
5816	6.08697e-48
5817	5.97174e-48
5818	5.85869e-48
5819	5.74778e-48
5820	5.63897e-48
5821	5.53222e-48
5822	5.42748e-48
5823	5.32473e-48
5824	5.22393e-48
5825	5.12503e-48
5826	5.02801e-48
5827	4.93282e-48
5828	4.83943e-48
5829	4.74781e-48
5830	4.65792e-48
5831	4.56974e-48
5832	4.48322e-48
5833	4.39835e-48
5834	4.31508e-48
5835	4.23338e-48
5836	4.15323e-48
5837	4.0746e-48
5838	3.99746e-48
5839	3.92177e-48
5840	3.84752e-48
5841	3.77468e-48
5842	3.70321e-48
5843	3.6331e-48
5844	3.56431e-48
5845	3.49682e-48
5846	3.43062e-48
5847	3.36566e-48
5848	3.30194e-48
5849	3.23942e-48
5850	3.17809e-48
5851	3.11791e-48
5852	3.05888e-48
5853	3.00096e-48
5854	2.94414e-48
5855	2.88839e-48
5856	2.8337e-48
5857	2.78005e-48
5858	2.72741e-48
5859	2.67577e-48
5860	2.6251e-48
5861	2.5754e-48
5862	2.52663e-48
5863	2.47879e-48
5864	2.43185e-48
5865	2.38581e-48
5866	2.34063e-48
5867	2.29631e-48
5868	2.25283e-48
5869	2.21017e-48
5870	2.16832e-48
5871	2.12726e-48
5872	2.08698e-48
5873	2.04746e-48
5874	2.00869e-48
5875	1.97065e-48
5876	1.93333e-48
5877	1.89672e-48
5878	1.86081e-48
5879	1.82557e-48
5880	1.791e-48
5881	1.75708e-48
5882	1.72381e-48
5883	1.69117e-48
5884	1.65914e-48
5885	1.62772e-48
5886	1.5969e-48
5887	1.56666e-48
5888	1.53699e-48
5889	1.50788e-48
5890	1.47932e-48
5891	1.45131e-48
5892	1.42383e-48
5893	1.39686e-48
5894	1.37041e-48
5895	1.34445e-48
5896	1.31899e-48
5897	1.29401e-48
5898	1.26951e-48
5899	1.24547e-48
5900	1.22188e-48
5901	1.19874e-48
5902	1.17604e-48
5903	1.15376e-48
5904	1.13191e-48
5905	1.11047e-48
5906	1.08944e-48
5907	1.06881e-48
5908	1.04857e-48
5909	1.02871e-48
5910	1.00923e-48
5911	9.90112e-49
5912	9.71359e-49
5913	9.52962e-49
5914	9.34913e-49
5915	9.17206e-49
5916	8.99835e-49
5917	8.82792e-49
5918	8.66072e-49
5919	8.49668e-49
5920	8.33575e-49
5921	8.17787e-49
5922	8.02298e-49
5923	7.87102e-49
5924	7.72194e-49
5925	7.57568e-49
5926	7.43219e-49
5927	7.29142e-49
5928	7.15331e-49
5929	7.01782e-49
5930	6.88489e-49
5931	6.75449e-49
5932	6.62655e-49
5933	6.50103e-49
5934	6.37789e-49
5935	6.25708e-49
5936	6.13856e-49
5937	6.02229e-49
5938	5.90822e-49
5939	5.7963e-49
5940	5.68651e-49
5941	5.57879e-49
5942	5.47312e-49
5943	5.36945e-49
5944	5.26774e-49
5945	5.16795e-49
5946	5.07006e-49
5947	4.97402e-49
5948	4.8798e-49
5949	4.78736e-49
5950	4.69667e-49
5951	4.6077e-49
5952	4.52042e-49
5953	4.43479e-49
5954	4.35078e-49
5955	4.26836e-49
5956	4.1875e-49
5957	4.10818e-49
5958	4.03035e-49
5959	3.954e-49
5960	3.8791e-49
5961	3.80561e-49
5962	3.73352e-49
5963	3.66279e-49
5964	3.5934e-49
5965	3.52533e-49
5966	3.45854e-49
5967	3.39302e-49
5968	3.32875e-49
5969	3.26568e-49
5970	3.20382e-49
5971	3.14312e-49
5972	3.08357e-49
5973	3.02516e-49
5974	2.96784e-49
5975	2.91162e-49
5976	2.85646e-49
5977	2.80234e-49
5978	2.74925e-49
5979	2.69716e-49
5980	2.64606e-49
5981	2.59593e-49
5982	2.54675e-49
5983	2.4985e-49
5984	2.45116e-49
5985	2.40472e-49
5986	2.35916e-49
5987	2.31447e-49
5988	2.27062e-49
5989	2.2276e-49
5990	2.18539e-49
5991	2.14399e-49
5992	2.10336e-49
5993	2.06351e-49
5994	2.02442e-49
5995	1.98606e-49
5996	1.94843e-49
5997	1.91151e-49
5998	1.8753e-49
5999	1.83976e-49
6000	1.8049e-49
6001	1.77071e-49
6002	1.73716e-49
6003	1.70424e-49
6004	1.67195e-49
6005	1.64027e-49
6006	1.60919e-49
6007	1.5787e-49
6008	1.54879e-49
6009	1.51944e-49
6010	1.49065e-49
6011	1.4624e-49
6012	1.43469e-49
6013	1.40751e-49
6014	1.38084e-49
6015	1.35467e-49
6016	1.329e-49
6017	1.30382e-49
6018	1.27912e-49
6019	1.25488e-49
6020	1.2311e-49
6021	1.20777e-49
6022	1.18488e-49
6023	1.16243e-49
6024	1.1404e-49
6025	1.11879e-49
6026	1.09759e-49
6027	1.07679e-49
6028	1.05639e-49
6029	1.03637e-49
6030	1.01673e-49
6031	9.97464e-50
6032	9.78562e-50
6033	9.60018e-50
6034	9.41826e-50
6035	9.23978e-50
6036	9.06468e-50
6037	8.8929e-50
6038	8.72437e-50
6039	8.55904e-50
6040	8.39684e-50
6041	8.23771e-50
6042	8.0816e-50
6043	7.92844e-50
6044	7.77819e-50
6045	7.63078e-50
6046	7.48617e-50
6047	7.3443e-50
6048	7.20511e-50
6049	7.06856e-50
6050	6.9346e-50
6051	6.80318e-50
6052	6.67425e-50
6053	6.54776e-50
6054	6.42367e-50
6055	6.30192e-50
6056	6.18249e-50
6057	6.06532e-50
6058	5.95036e-50
6059	5.83759e-50
6060	5.72695e-50
6061	5.61841e-50
6062	5.51193e-50
6063	5.40746e-50
6064	5.30498e-50
6065	5.20443e-50
6066	5.10579e-50
6067	5.00902e-50
6068	4.91408e-50
6069	4.82095e-50
6070	4.72957e-50
6071	4.63993e-50
6072	4.55199e-50
6073	4.46571e-50
6074	4.38107e-50
6075	4.29803e-50
6076	4.21657e-50
6077	4.13665e-50
6078	4.05824e-50
6079	3.98132e-50
6080	3.90586e-50
6081	3.83182e-50
6082	3.75919e-50
6083	3.68794e-50
6084	3.61804e-50
6085	3.54946e-50
6086	3.48218e-50
6087	3.41618e-50
6088	3.35142e-50
6089	3.2879e-50
6090	3.22557e-50
6091	3.16443e-50
6092	3.10445e-50
6093	3.0456e-50
6094	2.98787e-50
6095	2.93124e-50
6096	2.87567e-50
6097	2.82116e-50
6098	2.76769e-50
6099	2.71522e-50
6100	2.66375e-50
6101	2.61326e-50
6102	2.56372e-50
6103	2.51512e-50
6104	2.46745e-50
6105	2.42067e-50
6106	2.37478e-50
6107	2.32977e-50
6108	2.2856e-50
6109	2.24227e-50
6110	2.19977e-50
6111	2.15807e-50
6112	2.11716e-50
6113	2.07702e-50
6114	2.03765e-50
6115	1.99902e-50
6116	1.96112e-50
6117	1.92395e-50
6118	1.88747e-50
6119	1.85169e-50
6120	1.81659e-50
6121	1.78215e-50
6122	1.74836e-50
6123	1.71522e-50
6124	1.6827e-50
6125	1.6508e-50
6126	1.6195e-50
6127	1.5888e-50
6128	1.55868e-50
6129	1.52913e-50
6130	1.50014e-50
6131	1.4717e-50
6132	1.4438e-50
6133	1.41643e-50
6134	1.38957e-50
6135	1.36323e-50
6136	1.33738e-50
6137	1.31203e-50
6138	1.28715e-50
6139	1.26275e-50
6140	1.23881e-50
6141	1.21532e-50
6142	1.19228e-50
6143	1.16967e-50
6144	1.1475e-50
6145	1.12574e-50
6146	1.1044e-50
6147	1.08346e-50
6148	1.06292e-50
6149	1.04276e-50
6150	1.02299e-50
6151	1.0036e-50
6152	9.84568e-51
6153	9.659e-51
6154	9.47586e-51
6155	9.29619e-51
6156	9.11993e-51
6157	8.94701e-51
6158	8.77737e-51
6159	8.61094e-51
6160	8.44767e-51
6161	8.28749e-51
6162	8.13035e-51
6163	7.97619e-51
6164	7.82495e-51
6165	7.67658e-51
6166	7.53102e-51
6167	7.38822e-51
6168	7.24813e-51
6169	7.11069e-51
6170	6.97586e-51
6171	6.84359e-51
6172	6.71382e-51
6173	6.58651e-51
6174	6.46162e-51
6175	6.33909e-51
6176	6.21889e-51
6177	6.10096e-51
6178	5.98527e-51
6179	5.87178e-51
6180	5.76043e-51
6181	5.6512e-51
6182	5.54404e-51
6183	5.43891e-51
6184	5.33577e-51
6185	5.23459e-51
6186	5.13532e-51
6187	5.03794e-51
6188	4.9424e-51
6189	4.84868e-51
6190	4.75673e-51
6191	4.66653e-51
6192	4.57803e-51
6193	4.49122e-51
6194	4.40605e-51
6195	4.32249e-51
6196	4.24052e-51
6197	4.1601e-51
6198	4.08121e-51
6199	4.00381e-51
6200	3.92788e-51
6201	3.85339e-51
6202	3.78032e-51
6203	3.70863e-51
6204	3.63829e-51
6205	3.56929e-51
6206	3.5016e-51
6207	3.4352e-51
6208	3.37005e-51
6209	3.30613e-51
6210	3.24343e-51
6211	3.18192e-51
6212	3.12158e-51
6213	3.06237e-51
6214	3.00429e-51
6215	2.94732e-51
6216	2.89142e-51
6217	2.83658e-51
6218	2.78278e-51
6219	2.73001e-51
6220	2.67823e-51
6221	2.62743e-51
6222	2.5776e-51
6223	2.52871e-51
6224	2.48075e-51
6225	2.4337e-51
6226	2.38755e-51
6227	2.34226e-51
6228	2.29784e-51
6229	2.25426e-51
6230	2.2115e-51
6231	2.16955e-51
6232	2.1284e-51
6233	2.08804e-51
6234	2.04843e-51
6235	2.00958e-51
6236	1.97146e-51
6237	1.93407e-51
6238	1.89739e-51
6239	1.8614e-51
6240	1.82609e-51
6241	1.79145e-51
6242	1.75747e-51
6243	1.72414e-51
6244	1.69144e-51
6245	1.65935e-51
6246	1.62788e-51
6247	1.597e-51
6248	1.56671e-51
6249	1.53699e-51
6250	1.50784e-51
6251	1.47924e-51
6252	1.45118e-51
6253	1.42365e-51
6254	1.39665e-51
6255	1.37015e-51
6256	1.34416e-51
6257	1.31867e-51
6258	1.29365e-51
6259	1.26911e-51
6260	1.24504e-51
6261	1.22142e-51
6262	1.19825e-51
6263	1.17552e-51
6264	1.15322e-51
6265	1.13135e-51
6266	1.10988e-51
6267	1.08883e-51
6268	1.06818e-51
6269	1.04791e-51
6270	1.02803e-51
6271	1.00853e-51
6272	9.894e-52
6273	9.70631e-52
6274	9.52218e-52
6275	9.34154e-52
6276	9.16433e-52
6277	8.99048e-52
6278	8.81992e-52
6279	8.6526e-52
6280	8.48846e-52
6281	8.32742e-52
6282	8.16944e-52
6283	8.01446e-52
6284	7.86242e-52
6285	7.71326e-52
6286	7.56693e-52
6287	7.42338e-52
6288	7.28254e-52
6289	7.14438e-52
6290	7.00884e-52
6291	6.87588e-52
6292	6.74543e-52
6293	6.61746e-52
6294	6.49191e-52
6295	6.36875e-52
6296	6.24792e-52
6297	6.12938e-52
6298	6.01309e-52
6299	5.89901e-52
6300	5.7871e-52
6301	5.6773e-52
6302	5.56959e-52
6303	5.46392e-52
6304	5.36025e-52
6305	5.25855e-52
6306	5.15879e-52
6307	5.06091e-52
6308	4.96489e-52
6309	4.87069e-52
6310	4.77828e-52
6311	4.68762e-52
6312	4.59868e-52
6313	4.51143e-52
6314	4.42583e-52
6315	4.34185e-52
6316	4.25947e-52
6317	4.17866e-52
6318	4.09937e-52
6319	4.02159e-52
6320	3.94529e-52
6321	3.87043e-52
6322	3.79699e-52
6323	3.72495e-52
6324	3.65427e-52
6325	3.58493e-52
6326	3.51691e-52
6327	3.45018e-52
6328	3.38471e-52
6329	3.32049e-52
6330	3.25748e-52
6331	3.19567e-52
6332	3.13504e-52
6333	3.07555e-52
6334	3.01719e-52
6335	2.95994e-52
6336	2.90377e-52
6337	2.84867e-52
6338	2.79462e-52
6339	2.74159e-52
6340	2.68957e-52
6341	2.63853e-52
6342	2.58846e-52
6343	2.53934e-52
6344	2.49116e-52
6345	2.44389e-52
6346	2.39751e-52
6347	2.35202e-52
6348	2.30738e-52
6349	2.2636e-52
6350	2.22064e-52
6351	2.1785e-52
6352	2.13716e-52
6353	2.09661e-52
6354	2.05682e-52
6355	2.01779e-52
6356	1.9795e-52
6357	1.94193e-52
6358	1.90508e-52
6359	1.86893e-52
6360	1.83346e-52
6361	1.79867e-52
6362	1.76454e-52
6363	1.73105e-52
6364	1.6982e-52
6365	1.66597e-52
6366	1.63436e-52
6367	1.60334e-52
6368	1.57291e-52
6369	1.54306e-52
6370	1.51378e-52
6371	1.48505e-52
6372	1.45687e-52
6373	1.42922e-52
6374	1.40209e-52
6375	1.37548e-52
6376	1.34938e-52
6377	1.32377e-52
6378	1.29865e-52
6379	1.274e-52
6380	1.24982e-52
6381	1.2261e-52
6382	1.20283e-52
6383	1.18e-52
6384	1.15761e-52
6385	1.13564e-52
6386	1.11409e-52
6387	1.09294e-52
6388	1.0722e-52
6389	1.05185e-52
6390	1.03188e-52
6391	1.0123e-52
6392	9.93087e-53
6393	9.74239e-53
6394	9.55748e-53
6395	9.37608e-53
6396	9.19813e-53
6397	9.02355e-53
6398	8.85228e-53
6399	8.68426e-53
6400	8.51943e-53
6401	8.35773e-53
6402	8.1991e-53
6403	8.04348e-53
6404	7.89081e-53
6405	7.74104e-53
6406	7.59411e-53
6407	7.44997e-53
6408	7.30856e-53
6409	7.16984e-53
6410	7.03375e-53
6411	6.90024e-53
6412	6.76927e-53
6413	6.64078e-53
6414	6.51473e-53
6415	6.39107e-53
6416	6.26976e-53
6417	6.15075e-53
6418	6.034e-53
6419	5.91946e-53
6420	5.8071e-53
6421	5.69687e-53
6422	5.58874e-53
6423	5.48265e-53
6424	5.37858e-53
6425	5.27648e-53
6426	5.17632e-53
6427	5.07807e-53
6428	4.98167e-53
6429	4.88711e-53
6430	4.79434e-53
6431	4.70333e-53
6432	4.61405e-53
6433	4.52646e-53
6434	4.44054e-53
6435	4.35624e-53
6436	4.27355e-53
6437	4.19242e-53
6438	4.11284e-53
6439	4.03477e-53
6440	3.95817e-53
6441	3.88303e-53
6442	3.80932e-53
6443	3.73701e-53
6444	3.66606e-53
6445	3.59647e-53
6446	3.5282e-53
6447	3.46122e-53
6448	3.39551e-53
6449	3.33105e-53
6450	3.26781e-53
6451	3.20578e-53
6452	3.14492e-53
6453	3.08521e-53
6454	3.02664e-53
6455	2.96919e-53
6456	2.91282e-53
6457	2.85752e-53
6458	2.80327e-53
6459	2.75005e-53
6460	2.69784e-53
6461	2.64662e-53
6462	2.59638e-53
6463	2.54709e-53
6464	2.49873e-53
6465	2.45129e-53
6466	2.40475e-53
6467	2.3591e-53
6468	2.31431e-53
6469	2.27037e-53
6470	2.22727e-53
6471	2.18498e-53
6472	2.1435e-53
6473	2.1028e-53
6474	2.06288e-53
6475	2.02371e-53
6476	1.98529e-53
6477	1.9476e-53
6478	1.91062e-53
6479	1.87435e-53
6480	1.83876e-53
6481	1.80385e-53
6482	1.7696e-53
6483	1.736e-53
6484	1.70304e-53
6485	1.6707e-53
6486	1.63898e-53
6487	1.60786e-53
6488	1.57734e-53
6489	1.54739e-53
6490	1.51801e-53
6491	1.48919e-53
6492	1.46091e-53
6493	1.43317e-53
6494	1.40596e-53
6495	1.37926e-53
6496	1.35307e-53
6497	1.32738e-53
6498	1.30218e-53
6499	1.27745e-53
6500	1.2532e-53
6501	1.2294e-53
6502	1.20606e-53
6503	1.18316e-53
6504	1.16069e-53
6505	1.13865e-53
6506	1.11703e-53
6507	1.09582e-53
6508	1.07501e-53
6509	1.0546e-53
6510	1.03458e-53
6511	1.01493e-53
6512	9.95659e-54
6513	9.76752e-54
6514	9.58205e-54
6515	9.4001e-54
6516	9.2216e-54
6517	9.04649e-54
6518	8.87471e-54
6519	8.70618e-54
6520	8.54086e-54
6521	8.37867e-54
6522	8.21957e-54
6523	8.06348e-54
6524	7.91036e-54
6525	7.76015e-54
6526	7.61278e-54
6527	7.46822e-54
6528	7.3264e-54
6529	7.18727e-54
6530	7.05079e-54
6531	6.91689e-54
6532	6.78554e-54
6533	6.65668e-54
6534	6.53027e-54
6535	6.40626e-54
6536	6.2846e-54
6537	6.16525e-54
6538	6.04817e-54
6539	5.93331e-54
6540	5.82063e-54
6541	5.71009e-54
6542	5.60165e-54
6543	5.49527e-54
6544	5.39091e-54
6545	5.28853e-54
6546	5.1881e-54
6547	5.08957e-54
6548	4.99291e-54
6549	4.89809e-54
6550	4.80507e-54
6551	4.71381e-54
6552	4.62429e-54
6553	4.53647e-54
6554	4.45031e-54
6555	4.36579e-54
6556	4.28288e-54
6557	4.20154e-54
6558	4.12174e-54
6559	4.04346e-54
6560	3.96667e-54
6561	3.89133e-54
6562	3.81743e-54
6563	3.74492e-54
6564	3.6738e-54
6565	3.60402e-54
6566	3.53557e-54
6567	3.46842e-54
6568	3.40255e-54
6569	3.33792e-54
6570	3.27453e-54
6571	3.21233e-54
6572	3.15132e-54
6573	3.09147e-54
6574	3.03275e-54
6575	2.97515e-54
6576	2.91864e-54
6577	2.86321e-54
6578	2.80882e-54
6579	2.75547e-54
6580	2.70314e-54
6581	2.6518e-54
6582	2.60143e-54
6583	2.55202e-54
6584	2.50354e-54
6585	2.45599e-54
6586	2.40934e-54
6587	2.36358e-54
6588	2.31868e-54
6589	2.27464e-54
6590	2.23144e-54
6591	2.18905e-54
6592	2.14747e-54
6593	2.10668e-54
6594	2.06667e-54
6595	2.02741e-54
6596	1.9889e-54
6597	1.95112e-54
6598	1.91406e-54
6599	1.8777e-54
6600	1.84203e-54
6601	1.80705e-54
6602	1.77272e-54
6603	1.73905e-54
6604	1.70601e-54
6605	1.67361e-54
6606	1.64181e-54
6607	1.61063e-54
6608	1.58003e-54
6609	1.55002e-54
6610	1.52057e-54
6611	1.49169e-54
6612	1.46335e-54
6613	1.43556e-54
6614	1.40829e-54
6615	1.38153e-54
6616	1.35529e-54
6617	1.32954e-54
6618	1.30429e-54
6619	1.27951e-54
6620	1.2552e-54
6621	1.23136e-54
6622	1.20797e-54
6623	1.18502e-54
6624	1.16251e-54
6625	1.14043e-54
6626	1.11876e-54
6627	1.09751e-54
6628	1.07666e-54
6629	1.0562e-54
6630	1.03614e-54
6631	1.01646e-54
6632	9.97145e-55
6633	9.78202e-55
6634	9.59619e-55
6635	9.41388e-55
6636	9.23504e-55
6637	9.0596e-55
6638	8.88748e-55
6639	8.71864e-55
6640	8.553e-55
6641	8.39051e-55
6642	8.23111e-55
6643	8.07473e-55
6644	7.92133e-55
6645	7.77083e-55
6646	7.6232e-55
6647	7.47837e-55
6648	7.33629e-55
6649	7.19691e-55
6650	7.06018e-55
6651	6.92605e-55
6652	6.79446e-55
6653	6.66537e-55
6654	6.53874e-55
6655	6.41451e-55
6656	6.29264e-55
6657	6.17308e-55
6658	6.0558e-55
6659	5.94074e-55
6660	5.82787e-55
6661	5.71714e-55
6662	5.60852e-55
6663	5.50196e-55
6664	5.39743e-55
6665	5.29488e-55
6666	5.19427e-55
6667	5.09558e-55
6668	4.99877e-55
6669	4.90379e-55
6670	4.81062e-55
6671	4.71921e-55
6672	4.62955e-55
6673	4.54159e-55
6674	4.45529e-55
6675	4.37064e-55
6676	4.2876e-55
6677	4.20613e-55
6678	4.12621e-55
6679	4.04781e-55
6680	3.9709e-55
6681	3.89545e-55
6682	3.82143e-55
6683	3.74882e-55
6684	3.67759e-55
6685	3.60771e-55
6686	3.53916e-55
6687	3.47191e-55
6688	3.40594e-55
6689	3.34122e-55
6690	3.27773e-55
6691	3.21545e-55
6692	3.15435e-55
6693	3.09441e-55
6694	3.03561e-55
6695	2.97793e-55
6696	2.92134e-55
6697	2.86583e-55
6698	2.81137e-55
6699	2.75795e-55
6700	2.70554e-55
6701	2.65413e-55
6702	2.6037e-55
6703	2.55422e-55
6704	2.50568e-55
6705	2.45807e-55
6706	2.41136e-55
6707	2.36554e-55
6708	2.32059e-55
6709	2.27649e-55
6710	2.23323e-55
6711	2.19079e-55
6712	2.14916e-55
6713	2.10832e-55
6714	2.06825e-55
6715	2.02895e-55
6716	1.99039e-55
6717	1.95257e-55
6718	1.91546e-55
6719	1.87906e-55
6720	1.84335e-55
6721	1.80832e-55
6722	1.77396e-55
6723	1.74024e-55
6724	1.70717e-55
6725	1.67473e-55
6726	1.6429e-55
6727	1.61168e-55
6728	1.58105e-55
6729	1.55101e-55
6730	1.52153e-55
6731	1.49261e-55
6732	1.46425e-55
6733	1.43642e-55
6734	1.40912e-55
6735	1.38234e-55
6736	1.35607e-55
6737	1.3303e-55
6738	1.30502e-55
6739	1.28021e-55
6740	1.25588e-55
6741	1.23202e-55
6742	1.2086e-55
6743	1.18563e-55
6744	1.1631e-55
6745	1.14099e-55
6746	1.11931e-55
6747	1.09803e-55
6748	1.07717e-55
6749	1.05669e-55
6750	1.03661e-55
6751	1.01691e-55
6752	9.97582e-56
6753	9.78622e-56
6754	9.60022e-56
6755	9.41776e-56
6756	9.23876e-56
6757	9.06317e-56
6758	8.89091e-56
6759	8.72193e-56
6760	8.55615e-56
6761	8.39353e-56
6762	8.234e-56
6763	8.0775e-56
6764	7.92397e-56
6765	7.77336e-56
6766	7.62561e-56
6767	7.48067e-56
6768	7.33849e-56
6769	7.19901e-56
6770	7.06217e-56
6771	6.92794e-56
6772	6.79626e-56
6773	6.66708e-56
6774	6.54036e-56
6775	6.41604e-56
6776	6.29409e-56
6777	6.17445e-56
6778	6.05709e-56
6779	5.94196e-56
6780	5.82902e-56
6781	5.71822e-56
6782	5.60953e-56
6783	5.5029e-56
6784	5.3983e-56
6785	5.29569e-56
6786	5.19503e-56
6787	5.09628e-56
6788	4.99941e-56
6789	4.90438e-56
6790	4.81115e-56
6791	4.7197e-56
6792	4.62998e-56
6793	4.54197e-56
6794	4.45564e-56
6795	4.37094e-56
6796	4.28785e-56
6797	4.20634e-56
6798	4.12639e-56
6799	4.04795e-56
6800	3.971e-56
6801	3.89551e-56
6802	3.82146e-56
6803	3.74882e-56
6804	3.67755e-56
6805	3.60765e-56
6806	3.53907e-56
6807	3.47179e-56
6808	3.40579e-56
6809	3.34105e-56
6810	3.27754e-56
6811	3.21523e-56
6812	3.15411e-56
6813	3.09415e-56
6814	3.03533e-56
6815	2.97763e-56
6816	2.92102e-56
6817	2.86549e-56
6818	2.81102e-56
6819	2.75758e-56
6820	2.70515e-56
6821	2.65373e-56
6822	2.60328e-56
6823	2.55379e-56
6824	2.50524e-56
6825	2.45761e-56
6826	2.41089e-56
6827	2.36506e-56
6828	2.32009e-56
6829	2.27599e-56
6830	2.23272e-56
6831	2.19027e-56
6832	2.14863e-56
6833	2.10778e-56
6834	2.06771e-56
6835	2.0284e-56
6836	1.98984e-56
6837	1.95201e-56
6838	1.91489e-56
6839	1.87849e-56
6840	1.84278e-56
6841	1.80774e-56
6842	1.77337e-56
6843	1.73966e-56
6844	1.70658e-56
6845	1.67414e-56
6846	1.64231e-56
6847	1.61108e-56
6848	1.58045e-56
6849	1.5504e-56
6850	1.52093e-56
6851	1.49201e-56
6852	1.46364e-56
6853	1.43581e-56
6854	1.40852e-56
6855	1.38174e-56
6856	1.35546e-56
6857	1.32969e-56
6858	1.30441e-56
6859	1.27961e-56
6860	1.25528e-56
6861	1.23141e-56
6862	1.208e-56
6863	1.18503e-56
6864	1.1625e-56
6865	1.1404e-56
6866	1.11871e-56
6867	1.09744e-56
6868	1.07658e-56
6869	1.05611e-56
6870	1.03603e-56
6871	1.01633e-56
6872	9.97002e-57
6873	9.78045e-57
6874	9.59448e-57
6875	9.41205e-57
6876	9.23309e-57
6877	9.05752e-57
6878	8.8853e-57
6879	8.71635e-57
6880	8.55061e-57
6881	8.38803e-57
6882	8.22853e-57
6883	8.07207e-57
6884	7.91858e-57
6885	7.768e-57
6886	7.6203e-57
6887	7.4754e-57
6888	7.33325e-57
6889	7.19381e-57
6890	7.05701e-57
6891	6.92282e-57
6892	6.79118e-57
6893	6.66205e-57
6894	6.53536e-57
6895	6.41109e-57
6896	6.28918e-57
6897	6.16958e-57
6898	6.05226e-57
6899	5.93718e-57
6900	5.82427e-57
6901	5.71352e-57
6902	5.60487e-57
6903	5.49829e-57
6904	5.39373e-57
6905	5.29116e-57
6906	5.19054e-57
6907	5.09184e-57
6908	4.99501e-57
6909	4.90002e-57
6910	4.80684e-57
6911	4.71543e-57
6912	4.62576e-57
6913	4.53779e-57
6914	4.4515e-57
6915	4.36684e-57
6916	4.2838e-57
6917	4.20233e-57
6918	4.12242e-57
6919	4.04402e-57
6920	3.96711e-57
6921	3.89167e-57
6922	3.81766e-57
6923	3.74506e-57
6924	3.67384e-57
6925	3.60397e-57
6926	3.53543e-57
6927	3.46819e-57
6928	3.40224e-57
6929	3.33753e-57
6930	3.27406e-57
6931	3.21179e-57
6932	3.15071e-57
6933	3.09079e-57
6934	3.03201e-57
6935	2.97435e-57
6936	2.91778e-57
6937	2.86229e-57
6938	2.80785e-57
6939	2.75445e-57
6940	2.70207e-57
6941	2.65068e-57
6942	2.60026e-57
6943	2.55081e-57
6944	2.5023e-57
6945	2.4547e-57
6946	2.40802e-57
6947	2.36222e-57
6948	2.31729e-57
6949	2.27322e-57
6950	2.22999e-57
6951	2.18757e-57
6952	2.14597e-57
6953	2.10515e-57
6954	2.06511e-57
6955	2.02583e-57
6956	1.9873e-57
6957	1.94951e-57
6958	1.91243e-57
6959	1.87605e-57
6960	1.84037e-57
6961	1.80537e-57
6962	1.77103e-57
6963	1.73734e-57
6964	1.7043e-57
6965	1.67188e-57
6966	1.64008e-57
6967	1.60889e-57
6968	1.57829e-57
6969	1.54827e-57
6970	1.51882e-57
6971	1.48993e-57
6972	1.46159e-57
6973	1.43379e-57
6974	1.40652e-57
6975	1.37976e-57
6976	1.35352e-57
6977	1.32777e-57
6978	1.30252e-57
6979	1.27774e-57
6980	1.25344e-57
6981	1.2296e-57
6982	1.20621e-57
6983	1.18326e-57
6984	1.16076e-57
6985	1.13868e-57
6986	1.11702e-57
6987	1.09577e-57
6988	1.07493e-57
6989	1.05448e-57
6990	1.03442e-57
6991	1.01475e-57
6992	9.95443e-58
6993	9.76508e-58
6994	9.57932e-58
6995	9.39711e-58
6996	9.21835e-58
6997	9.043e-58
6998	8.87098e-58
6999	8.70223e-58
7000	8.53669e-58
7001	8.3743e-58
7002	8.215e-58
7003	8.05873e-58
7004	7.90543e-58
7005	7.75505e-58
7006	7.60752e-58
7007	7.46281e-58
7008	7.32084e-58
7009	7.18158e-58
7010	7.04496e-58
7011	6.91094e-58
7012	6.77947e-58
7013	6.65051e-58
7014	6.52399e-58
7015	6.39988e-58
7016	6.27813e-58
7017	6.1587e-58
7018	6.04154e-58
7019	5.92661e-58
7020	5.81386e-58
7021	5.70326e-58
7022	5.59476e-58
7023	5.48833e-58
7024	5.38392e-58
7025	5.28149e-58
7026	5.18101e-58
7027	5.08245e-58
7028	4.98576e-58
7029	4.89091e-58
7030	4.79786e-58
7031	4.70659e-58
7032	4.61704e-58
7033	4.52921e-58
7034	4.44304e-58
7035	4.35851e-58
7036	4.27559e-58
7037	4.19425e-58
7038	4.11446e-58
7039	4.03618e-58
7040	3.95939e-58
7041	3.88406e-58
7042	3.81017e-58
7043	3.73768e-58
7044	3.66657e-58
7045	3.59681e-58
7046	3.52838e-58
7047	3.46125e-58
7048	3.3954e-58
7049	3.3308e-58
7050	3.26743e-58
7051	3.20526e-58
7052	3.14428e-58
7053	3.08445e-58
7054	3.02577e-58
7055	2.9682e-58
7056	2.91173e-58
7057	2.85633e-58
7058	2.80198e-58
7059	2.74867e-58
7060	2.69638e-58
7061	2.64507e-58
7062	2.59475e-58
7063	2.54538e-58
7064	2.49695e-58
7065	2.44944e-58
7066	2.40283e-58
7067	2.35712e-58
7068	2.31227e-58
7069	2.26827e-58
7070	2.22511e-58
7071	2.18278e-58
7072	2.14125e-58
7073	2.1005e-58
7074	2.06054e-58
7075	2.02133e-58
7076	1.98287e-58
7077	1.94514e-58
7078	1.90813e-58
7079	1.87182e-58
7080	1.83621e-58
7081	1.80127e-58
7082	1.76699e-58
7083	1.73337e-58
7084	1.70039e-58
7085	1.66803e-58
7086	1.63629e-58
7087	1.60516e-58
7088	1.57462e-58
7089	1.54465e-58
7090	1.51526e-58
7091	1.48643e-58
7092	1.45814e-58
7093	1.4304e-58
7094	1.40318e-58
7095	1.37648e-58
7096	1.35029e-58
7097	1.32459e-58
7098	1.29939e-58
7099	1.27466e-58
7100	1.25041e-58
7101	1.22661e-58
7102	1.20327e-58
7103	1.18037e-58
7104	1.15791e-58
7105	1.13588e-58
7106	1.11426e-58
7107	1.09306e-58
7108	1.07226e-58
7109	1.05186e-58
7110	1.03184e-58
7111	1.0122e-58
7112	9.92942e-59
7113	9.74047e-59
7114	9.55511e-59
7115	9.37327e-59
7116	9.1949e-59
7117	9.01992e-59
7118	8.84828e-59
7119	8.67989e-59
7120	8.51471e-59
7121	8.35268e-59
7122	8.19372e-59
7123	8.03779e-59
7124	7.88483e-59
7125	7.73478e-59
7126	7.58758e-59
7127	7.44319e-59
7128	7.30154e-59
7129	7.16259e-59
7130	7.02628e-59
7131	6.89256e-59
7132	6.76139e-59
7133	6.63271e-59
7134	6.50649e-59
7135	6.38266e-59
7136	6.26119e-59
7137	6.14203e-59
7138	6.02514e-59
7139	5.91048e-59
7140	5.79799e-59
7141	5.68765e-59
7142	5.5794e-59
7143	5.47322e-59
7144	5.36905e-59
7145	5.26687e-59
7146	5.16663e-59
7147	5.0683e-59
7148	4.97185e-59
7149	4.87722e-59
7150	4.7844e-59
7151	4.69334e-59
7152	4.60402e-59
7153	4.51639e-59
7154	4.43044e-59
7155	4.34611e-59
7156	4.2634e-59
7157	4.18225e-59
7158	4.10266e-59
7159	4.02457e-59
7160	3.94797e-59
7161	3.87283e-59
7162	3.79912e-59
7163	3.72681e-59
7164	3.65588e-59
7165	3.5863e-59
7166	3.51804e-59
7167	3.45108e-59
7168	3.3854e-59
7169	3.32096e-59
7170	3.25776e-59
7171	3.19575e-59
7172	3.13492e-59
7173	3.07526e-59
7174	3.01672e-59
7175	2.9593e-59
7176	2.90298e-59
7177	2.84772e-59
7178	2.79352e-59
7179	2.74035e-59
7180	2.68819e-59
7181	2.63702e-59
7182	2.58683e-59
7183	2.53759e-59
7184	2.48929e-59
7185	2.44191e-59
7186	2.39543e-59
7187	2.34983e-59
7188	2.30511e-59
7189	2.26123e-59
7190	2.21819e-59
7191	2.17597e-59
7192	2.13455e-59
7193	2.09392e-59
7194	2.05406e-59
7195	2.01496e-59
7196	1.97661e-59
7197	1.93898e-59
7198	1.90208e-59
7199	1.86587e-59
7200	1.83035e-59
7201	1.79551e-59
7202	1.76133e-59
7203	1.72781e-59
7204	1.69492e-59
7205	1.66265e-59
7206	1.631e-59
7207	1.59996e-59
7208	1.5695e-59
7209	1.53962e-59
7210	1.51032e-59
7211	1.48157e-59
7212	1.45336e-59
7213	1.4257e-59
7214	1.39856e-59
7215	1.37194e-59
7216	1.34582e-59
7217	1.3202e-59
7218	1.29507e-59
7219	1.27042e-59
7220	1.24623e-59
7221	1.22251e-59
7222	1.19924e-59
7223	1.17641e-59
7224	1.15401e-59
7225	1.13204e-59
7226	1.11049e-59
7227	1.08935e-59
7228	1.06862e-59
7229	1.04827e-59
7230	1.02832e-59
7231	1.00874e-59
7232	9.89537e-60
7233	9.70699e-60
7234	9.5222e-60
7235	9.34092e-60
7236	9.16309e-60
7237	8.98865e-60
7238	8.81753e-60
7239	8.64967e-60
7240	8.485e-60
7241	8.32347e-60
7242	8.16501e-60
7243	8.00957e-60
7244	7.85708e-60
7245	7.7075e-60
7246	7.56077e-60
7247	7.41682e-60
7248	7.27562e-60
7249	7.13711e-60
7250	7.00123e-60
7251	6.86794e-60
7252	6.73719e-60
7253	6.60892e-60
7254	6.4831e-60
7255	6.35967e-60
7256	6.2386e-60
7257	6.11982e-60
7258	6.00331e-60
7259	5.88901e-60
7260	5.77689e-60
7261	5.66691e-60
7262	5.55902e-60
7263	5.45318e-60
7264	5.34936e-60
7265	5.24751e-60
7266	5.1476e-60
7267	5.0496e-60
7268	4.95346e-60
7269	4.85915e-60
7270	4.76663e-60
7271	4.67588e-60
7272	4.58685e-60
7273	4.49952e-60
7274	4.41385e-60
7275	4.32981e-60
7276	4.24738e-60
7277	4.16651e-60
7278	4.08718e-60
7279	4.00936e-60
7280	3.93302e-60
7281	3.85814e-60
7282	3.78468e-60
7283	3.71262e-60
7284	3.64193e-60
7285	3.57259e-60
7286	3.50456e-60
7287	3.43783e-60
7288	3.37238e-60
7289	3.30817e-60
7290	3.24518e-60
7291	3.18339e-60
7292	3.12277e-60
7293	3.06331e-60
7294	3.00498e-60
7295	2.94777e-60
7296	2.89164e-60
7297	2.83658e-60
7298	2.78257e-60
7299	2.72959e-60
7300	2.67761e-60
7301	2.62663e-60
7302	2.57661e-60
7303	2.52755e-60
7304	2.47942e-60
7305	2.43221e-60
7306	2.3859e-60
7307	2.34047e-60
7308	2.2959e-60
7309	2.25218e-60
7310	2.2093e-60
7311	2.16723e-60
7312	2.12596e-60
7313	2.08548e-60
7314	2.04577e-60
7315	2.00681e-60
7316	1.9686e-60
7317	1.93111e-60
7318	1.89434e-60
7319	1.85827e-60
7320	1.82288e-60
7321	1.78817e-60
7322	1.75412e-60
7323	1.72072e-60
7324	1.68795e-60
7325	1.65581e-60
7326	1.62427e-60
7327	1.59334e-60
7328	1.563e-60
7329	1.53324e-60
7330	1.50404e-60
7331	1.4754e-60
7332	1.4473e-60
7333	1.41974e-60
7334	1.39271e-60
7335	1.36618e-60
7336	1.34017e-60
7337	1.31465e-60
7338	1.28961e-60
7339	1.26505e-60
7340	1.24096e-60
7341	1.21733e-60
7342	1.19415e-60
7343	1.17141e-60
7344	1.1491e-60
7345	1.12722e-60
7346	1.10575e-60
7347	1.08469e-60
7348	1.06403e-60
7349	1.04377e-60
7350	1.02389e-60
7351	1.00439e-60
7352	9.85267e-61
7353	9.66503e-61
7354	9.48097e-61
7355	9.30041e-61
7356	9.12329e-61
7357	8.94954e-61
7358	8.7791e-61
7359	8.6119e-61
7360	8.44789e-61
7361	8.28701e-61
7362	8.12918e-61
7363	7.97436e-61
7364	7.82249e-61
7365	7.67351e-61
7366	7.52737e-61
7367	7.38401e-61
7368	7.24338e-61
7369	7.10543e-61
7370	6.97011e-61
7371	6.83736e-61
7372	6.70714e-61
7373	6.5794e-61
7374	6.45409e-61
7375	6.33117e-61
7376	6.21059e-61
7377	6.0923e-61
7378	5.97627e-61
7379	5.86245e-61
7380	5.7508e-61
7381	5.64127e-61
7382	5.53382e-61
7383	5.42843e-61
7384	5.32504e-61
7385	5.22361e-61
7386	5.12413e-61
7387	5.02653e-61
7388	4.93079e-61
7389	4.83688e-61
7390	4.74475e-61
7391	4.65438e-61
7392	4.56573e-61
7393	4.47877e-61
7394	4.39347e-61
7395	4.30979e-61
7396	4.2277e-61
7397	4.14717e-61
7398	4.06818e-61
7399	3.9907e-61
7400	3.91469e-61
7401	3.84012e-61
7402	3.76698e-61
7403	3.69523e-61
7404	3.62485e-61
7405	3.5558e-61
7406	3.48807e-61
7407	3.42164e-61
7408	3.35646e-61
7409	3.29253e-61
7410	3.22982e-61
7411	3.1683e-61
7412	3.10795e-61
7413	3.04875e-61
7414	2.99068e-61
7415	2.93371e-61
7416	2.87783e-61
7417	2.82301e-61
7418	2.76924e-61
7419	2.71649e-61
7420	2.66475e-61
7421	2.61399e-61
7422	2.5642e-61
7423	2.51535e-61
7424	2.46744e-61
7425	2.42044e-61
7426	2.37433e-61
7427	2.32911e-61
7428	2.28474e-61
7429	2.24122e-61
7430	2.19853e-61
7431	2.15665e-61
7432	2.11557e-61
7433	2.07527e-61
7434	2.03573e-61
7435	1.99696e-61
7436	1.95892e-61
7437	1.9216e-61
7438	1.885e-61
7439	1.84909e-61
7440	1.81386e-61
7441	1.77931e-61
7442	1.74542e-61
7443	1.71217e-61
7444	1.67955e-61
7445	1.64756e-61
7446	1.61617e-61
7447	1.58538e-61
7448	1.55518e-61
7449	1.52556e-61
7450	1.49649e-61
7451	1.46799e-61
7452	1.44002e-61
7453	1.41259e-61
7454	1.38568e-61
7455	1.35928e-61
7456	1.33339e-61
7457	1.30799e-61
7458	1.28307e-61
7459	1.25863e-61
7460	1.23465e-61
7461	1.21113e-61
7462	1.18806e-61
7463	1.16542e-61
7464	1.14322e-61
7465	1.12144e-61
7466	1.10008e-61
7467	1.07912e-61
7468	1.05856e-61
7469	1.03839e-61
7470	1.01861e-61
7471	9.99206e-62
7472	9.8017e-62
7473	9.61497e-62
7474	9.43179e-62
7475	9.25211e-62
7476	9.07584e-62
7477	8.90293e-62
7478	8.73332e-62
7479	8.56694e-62
7480	8.40372e-62
7481	8.24362e-62
7482	8.08656e-62
7483	7.9325e-62
7484	7.78137e-62
7485	7.63312e-62
7486	7.4877e-62
7487	7.34504e-62
7488	7.20511e-62
7489	7.06783e-62
7490	6.93318e-62
7491	6.80108e-62
7492	6.67151e-62
7493	6.5444e-62
7494	6.41971e-62
7495	6.2974e-62
7496	6.17742e-62
7497	6.05973e-62
7498	5.94427e-62
7499	5.83102e-62
7500	5.71992e-62
7501	5.61094e-62
7502	5.50404e-62
7503	5.39917e-62
7504	5.2963e-62
7505	5.19539e-62
7506	5.0964e-62
7507	4.9993e-62
7508	4.90405e-62
7509	4.81061e-62
7510	4.71895e-62
7511	4.62904e-62
7512	4.54084e-62
7513	4.45432e-62
7514	4.36945e-62
7515	4.2862e-62
7516	4.20453e-62
7517	4.12442e-62
7518	4.04584e-62
7519	3.96875e-62
7520	3.89313e-62
7521	3.81895e-62
7522	3.74618e-62
7523	3.6748e-62
7524	3.60478e-62
7525	3.5361e-62
7526	3.46872e-62
7527	3.40263e-62
7528	3.33779e-62
7529	3.27419e-62
7530	3.21181e-62
7531	3.15061e-62
7532	3.09057e-62
7533	3.03168e-62
7534	2.97392e-62
7535	2.91725e-62
7536	2.86166e-62
7537	2.80713e-62
7538	2.75364e-62
7539	2.70117e-62
7540	2.6497e-62
7541	2.59921e-62
7542	2.54968e-62
7543	2.5011e-62
7544	2.45344e-62
7545	2.40669e-62
7546	2.36083e-62
7547	2.31584e-62
7548	2.27172e-62
7549	2.22843e-62
7550	2.18596e-62
7551	2.14431e-62
7552	2.10345e-62
7553	2.06336e-62
7554	2.02405e-62
7555	1.98548e-62
7556	1.94764e-62
7557	1.91053e-62
7558	1.87412e-62
7559	1.83841e-62
7560	1.80337e-62
7561	1.76901e-62
7562	1.7353e-62
7563	1.70223e-62
7564	1.66979e-62
7565	1.63797e-62
7566	1.60676e-62
7567	1.57614e-62
7568	1.5461e-62
7569	1.51664e-62
7570	1.48774e-62
7571	1.45939e-62
7572	1.43158e-62
7573	1.40429e-62
7574	1.37753e-62
7575	1.35128e-62
7576	1.32553e-62
7577	1.30027e-62
7578	1.27549e-62
7579	1.25118e-62
7580	1.22734e-62
7581	1.20395e-62
7582	1.18101e-62
7583	1.1585e-62
7584	1.13642e-62
7585	1.11476e-62
7586	1.09352e-62
7587	1.07268e-62
7588	1.05224e-62
7589	1.03218e-62
7590	1.01251e-62
7591	9.93216e-63
7592	9.74288e-63
7593	9.5572e-63
7594	9.37506e-63
7595	9.19639e-63
7596	9.02113e-63
7597	8.8492e-63
7598	8.68055e-63
7599	8.51512e-63
7600	8.35283e-63
7601	8.19364e-63
7602	8.03748e-63
7603	7.8843e-63
7604	7.73404e-63
7605	7.58664e-63
7606	7.44205e-63
7607	7.30021e-63
7608	7.16108e-63
7609	7.0246e-63
7610	6.89072e-63
7611	6.75939e-63
7612	6.63056e-63
7613	6.50419e-63
7614	6.38023e-63
7615	6.25863e-63
7616	6.13934e-63
7617	6.02233e-63
7618	5.90755e-63
7619	5.79496e-63
7620	5.68451e-63
7621	5.57617e-63
7622	5.46989e-63
7623	5.36564e-63
7624	5.26337e-63
7625	5.16305e-63
7626	5.06464e-63
7627	4.96811e-63
7628	4.87342e-63
7629	4.78054e-63
7630	4.68942e-63
7631	4.60004e-63
7632	4.51236e-63
7633	4.42636e-63
7634	4.34199e-63
7635	4.25923e-63
7636	4.17805e-63
7637	4.09841e-63
7638	4.0203e-63
7639	3.94367e-63
7640	3.8685e-63
7641	3.79477e-63
7642	3.72244e-63
7643	3.65148e-63
7644	3.58188e-63
7645	3.51361e-63
7646	3.44664e-63
7647	3.38094e-63
7648	3.3165e-63
7649	3.25328e-63
7650	3.19127e-63
7651	3.13044e-63
7652	3.07077e-63
7653	3.01224e-63
7654	2.95482e-63
7655	2.8985e-63
7656	2.84325e-63
7657	2.78906e-63
7658	2.73589e-63
7659	2.68374e-63
7660	2.63259e-63
7661	2.58241e-63
7662	2.53318e-63
7663	2.48489e-63
7664	2.43753e-63
7665	2.39106e-63
7666	2.34549e-63
7667	2.30078e-63
7668	2.25692e-63
7669	2.2139e-63
7670	2.1717e-63
7671	2.1303e-63
7672	2.08969e-63
7673	2.04986e-63
7674	2.01078e-63
7675	1.97245e-63
7676	1.93485e-63
7677	1.89797e-63
7678	1.86179e-63
7679	1.8263e-63
7680	1.79149e-63
7681	1.75733e-63
7682	1.72384e-63
7683	1.69097e-63
7684	1.65874e-63
7685	1.62712e-63
7686	1.5961e-63
7687	1.56568e-63
7688	1.53583e-63
7689	1.50655e-63
7690	1.47783e-63
7691	1.44966e-63
7692	1.42202e-63
7693	1.39492e-63
7694	1.36832e-63
7695	1.34224e-63
7696	1.31665e-63
7697	1.29155e-63
7698	1.26693e-63
7699	1.24278e-63
7700	1.21909e-63
7701	1.19585e-63
7702	1.17305e-63
7703	1.15069e-63
7704	1.12875e-63
7705	1.10723e-63
7706	1.08612e-63
7707	1.06542e-63
7708	1.0451e-63
7709	1.02518e-63
7710	1.00564e-63
7711	9.86465e-64
7712	9.67659e-64
7713	9.49211e-64
7714	9.31115e-64
7715	9.13363e-64
7716	8.95951e-64
7717	8.7887e-64
7718	8.62114e-64
7719	8.45678e-64
7720	8.29556e-64
7721	8.13741e-64
7722	7.98227e-64
7723	7.83009e-64
7724	7.68081e-64
7725	7.53437e-64
7726	7.39073e-64
7727	7.24982e-64
7728	7.1116e-64
7729	6.97602e-64
7730	6.84302e-64
7731	6.71256e-64
7732	6.58458e-64
7733	6.45904e-64
7734	6.3359e-64
7735	6.2151e-64
7736	6.0966e-64
7737	5.98037e-64
7738	5.86635e-64
7739	5.7545e-64
7740	5.64479e-64
7741	5.53717e-64
7742	5.43159e-64
7743	5.32804e-64
7744	5.22645e-64
7745	5.1268e-64
7746	5.02906e-64
7747	4.93317e-64
7748	4.83911e-64
7749	4.74685e-64
7750	4.65635e-64
7751	4.56757e-64
7752	4.48048e-64
7753	4.39505e-64
7754	4.31125e-64
7755	4.22905e-64
7756	4.14842e-64
7757	4.06932e-64
7758	3.99173e-64
7759	3.91562e-64
7760	3.84096e-64
7761	3.76773e-64
7762	3.69589e-64
7763	3.62542e-64
7764	3.55629e-64
7765	3.48849e-64
7766	3.42197e-64
7767	3.35672e-64
7768	3.29272e-64
7769	3.22994e-64
7770	3.16835e-64
7771	3.10794e-64
7772	3.04868e-64
7773	2.99055e-64
7774	2.93352e-64
7775	2.87759e-64
7776	2.82272e-64
7777	2.7689e-64
7778	2.7161e-64
7779	2.66431e-64
7780	2.61351e-64
7781	2.56367e-64
7782	2.51479e-64
7783	2.46684e-64
7784	2.4198e-64
7785	2.37366e-64
7786	2.3284e-64
7787	2.284e-64
7788	2.24045e-64
7789	2.19772e-64
7790	2.15582e-64
7791	2.11471e-64
7792	2.07438e-64
7793	2.03483e-64
7794	1.99603e-64
7795	1.95797e-64
7796	1.92063e-64
7797	1.88401e-64
7798	1.84808e-64
7799	1.81284e-64
7800	1.77827e-64
7801	1.74436e-64
7802	1.7111e-64
7803	1.67847e-64
7804	1.64646e-64
7805	1.61506e-64
7806	1.58427e-64
7807	1.55406e-64
7808	1.52442e-64
7809	1.49535e-64
7810	1.46683e-64
7811	1.43886e-64
7812	1.41142e-64
7813	1.38451e-64
7814	1.35811e-64
7815	1.33221e-64
7816	1.3068e-64
7817	1.28188e-64
7818	1.25744e-64
7819	1.23346e-64
7820	1.20994e-64
7821	1.18686e-64
7822	1.16423e-64
7823	1.14203e-64
7824	1.12025e-64
7825	1.09889e-64
7826	1.07793e-64
7827	1.05737e-64
7828	1.03721e-64
7829	1.01743e-64
7830	9.98025e-65
7831	9.78992e-65
7832	9.60322e-65
7833	9.42008e-65
7834	9.24043e-65
7835	9.06421e-65
7836	8.89135e-65
7837	8.72178e-65
7838	8.55545e-65
7839	8.39229e-65
7840	8.23224e-65
7841	8.07524e-65
7842	7.92124e-65
7843	7.77017e-65
7844	7.62199e-65
7845	7.47663e-65
7846	7.33404e-65
7847	7.19417e-65
7848	7.05696e-65
7849	6.92238e-65
7850	6.79036e-65
7851	6.66085e-65
7852	6.53382e-65
7853	6.40921e-65
7854	6.28697e-65
7855	6.16707e-65
7856	6.04945e-65
7857	5.93408e-65
7858	5.8209e-65
7859	5.70989e-65
7860	5.60099e-65
7861	5.49417e-65
7862	5.38938e-65
7863	5.28659e-65
7864	5.18576e-65
7865	5.08686e-65
7866	4.98984e-65
7867	4.89467e-65
7868	4.80132e-65
7869	4.70975e-65
7870	4.61992e-65
7871	4.53181e-65
7872	4.44537e-65
7873	4.36059e-65
7874	4.27742e-65
7875	4.19584e-65
7876	4.11581e-65
7877	4.03731e-65
7878	3.96031e-65
7879	3.88477e-65
7880	3.81068e-65
7881	3.73799e-65
7882	3.6667e-65
7883	3.59676e-65
7884	3.52816e-65
7885	3.46087e-65
7886	3.39486e-65
7887	3.33011e-65
7888	3.26659e-65
7889	3.20428e-65
7890	3.14317e-65
7891	3.08321e-65
7892	3.02441e-65
7893	2.96672e-65
7894	2.91013e-65
7895	2.85463e-65
7896	2.80018e-65
7897	2.74677e-65
7898	2.69437e-65
7899	2.64298e-65
7900	2.59257e-65
7901	2.54312e-65
7902	2.49461e-65
7903	2.44703e-65
7904	2.40035e-65
7905	2.35457e-65
7906	2.30965e-65
7907	2.2656e-65
7908	2.22238e-65
7909	2.17999e-65
7910	2.13841e-65
7911	2.09762e-65
7912	2.05761e-65
7913	2.01836e-65
7914	1.97986e-65
7915	1.9421e-65
7916	1.90505e-65
7917	1.86871e-65
7918	1.83307e-65
7919	1.7981e-65
7920	1.7638e-65
7921	1.73016e-65
7922	1.69715e-65
7923	1.66478e-65
7924	1.63302e-65
7925	1.60187e-65
7926	1.57132e-65
7927	1.54134e-65
7928	1.51194e-65
7929	1.4831e-65
7930	1.45481e-65
7931	1.42706e-65
7932	1.39984e-65
7933	1.37313e-65
7934	1.34694e-65
7935	1.32124e-65
7936	1.29604e-65
7937	1.27132e-65
7938	1.24707e-65
7939	1.22328e-65
7940	1.19994e-65
7941	1.17705e-65
7942	1.1546e-65
7943	1.13257e-65
7944	1.11097e-65
7945	1.08977e-65
7946	1.06898e-65
7947	1.04859e-65
7948	1.02859e-65
7949	1.00897e-65
7950	9.89719e-66
7951	9.70839e-66
7952	9.52318e-66
7953	9.34151e-66
7954	9.1633e-66
7955	8.9885e-66
7956	8.81702e-66
7957	8.64882e-66
7958	8.48383e-66
7959	8.32198e-66
7960	8.16322e-66
7961	8.00749e-66
7962	7.85473e-66
7963	7.70488e-66
7964	7.55789e-66
7965	7.41371e-66
7966	7.27227e-66
7967	7.13354e-66
7968	6.99745e-66
7969	6.86395e-66
7970	6.73301e-66
7971	6.60456e-66
7972	6.47856e-66
7973	6.35496e-66
7974	6.23372e-66
7975	6.11479e-66
7976	5.99814e-66
7977	5.8837e-66
7978	5.77145e-66
7979	5.66135e-66
7980	5.55334e-66
7981	5.44739e-66
7982	5.34346e-66
7983	5.24152e-66
7984	5.14152e-66
7985	5.04343e-66
7986	4.94721e-66
7987	4.85282e-66
7988	4.76024e-66
7989	4.66942e-66
7990	4.58033e-66
7991	4.49295e-66
7992	4.40723e-66
7993	4.32314e-66
7994	4.24066e-66
7995	4.15976e-66
7996	4.08039e-66
7997	4.00254e-66
7998	3.92618e-66
7999	3.85127e-66
8000	3.77779e-66
8001	3.70571e-66
8002	3.63501e-66
8003	3.56566e-66
8004	3.49763e-66
8005	3.4309e-66
8006	3.36544e-66
8007	3.30123e-66
8008	3.23824e-66
8009	3.17646e-66
8010	3.11585e-66
8011	3.0564e-66
8012	2.99809e-66
8013	2.94088e-66
8014	2.88477e-66
8015	2.82973e-66
8016	2.77574e-66
8017	2.72278e-66
8018	2.67083e-66
8019	2.61987e-66
8020	2.56988e-66
8021	2.52085e-66
8022	2.47275e-66
8023	2.42557e-66
8024	2.37929e-66
8025	2.33389e-66
8026	2.28936e-66
8027	2.24568e-66
8028	2.20283e-66
8029	2.1608e-66
8030	2.11957e-66
8031	2.07912e-66
8032	2.03945e-66
8033	2.00054e-66
8034	1.96237e-66
8035	1.92492e-66
8036	1.88819e-66
8037	1.85217e-66
8038	1.81682e-66
8039	1.78216e-66
8040	1.74815e-66
8041	1.7148e-66
8042	1.68208e-66
8043	1.64998e-66
8044	1.6185e-66
8045	1.58761e-66
8046	1.55732e-66
8047	1.5276e-66
8048	1.49845e-66
8049	1.46986e-66
8050	1.44181e-66
8051	1.4143e-66
8052	1.38731e-66
8053	1.36084e-66
8054	1.33487e-66
8055	1.3094e-66
8056	1.28442e-66
8057	1.25991e-66
8058	1.23587e-66
8059	1.21228e-66
8060	1.18915e-66
8061	1.16646e-66
8062	1.1442e-66
8063	1.12237e-66
8064	1.10095e-66
8065	1.07994e-66
8066	1.05933e-66
8067	1.03912e-66
8068	1.01929e-66
8069	9.99839e-67
8070	9.80759e-67
8071	9.62044e-67
8072	9.43685e-67
8073	9.25677e-67
8074	9.08013e-67
8075	8.90685e-67
8076	8.73689e-67
8077	8.57016e-67
8078	8.40662e-67
8079	8.24619e-67
8080	8.08883e-67
8081	7.93447e-67
8082	7.78306e-67
8083	7.63453e-67
8084	7.48884e-67
8085	7.34593e-67
8086	7.20574e-67
8087	7.06823e-67
8088	6.93335e-67
8089	6.80103e-67
8090	6.67125e-67
8091	6.54393e-67
8092	6.41905e-67
8093	6.29655e-67
8094	6.17639e-67
8095	6.05852e-67
8096	5.9429e-67
8097	5.82949e-67
8098	5.71824e-67
8099	5.60911e-67
8100	5.50207e-67
8101	5.39707e-67
8102	5.29407e-67
8103	5.19304e-67
8104	5.09393e-67
8105	4.99672e-67
8106	4.90136e-67
8107	4.80782e-67
8108	4.71606e-67
8109	4.62606e-67
8110	4.53778e-67
8111	4.45117e-67
8112	4.36623e-67
8113	4.2829e-67
8114	4.20116e-67
8115	4.12098e-67
8116	4.04233e-67
8117	3.96519e-67
8118	3.88951e-67
8119	3.81528e-67
8120	3.74247e-67
8121	3.67104e-67
8122	3.60098e-67
8123	3.53225e-67
8124	3.46484e-67
8125	3.39871e-67
8126	3.33385e-67
8127	3.27022e-67
8128	3.20781e-67
8129	3.14658e-67
8130	3.08653e-67
8131	3.02762e-67
8132	2.96984e-67
8133	2.91316e-67
8134	2.85756e-67
8135	2.80302e-67
8136	2.74952e-67
8137	2.69704e-67
8138	2.64557e-67
8139	2.59508e-67
8140	2.54555e-67
8141	2.49696e-67
8142	2.44931e-67
8143	2.40256e-67
8144	2.3567e-67
8145	2.31172e-67
8146	2.2676e-67
8147	2.22432e-67
8148	2.18187e-67
8149	2.14022e-67
8150	2.09937e-67
8151	2.0593e-67
8152	2.02e-67
8153	1.98144e-67
8154	1.94362e-67
8155	1.90653e-67
8156	1.87014e-67
8157	1.83444e-67
8158	1.79943e-67
8159	1.76508e-67
8160	1.73139e-67
8161	1.69835e-67
8162	1.66593e-67
8163	1.63413e-67
8164	1.60294e-67
8165	1.57235e-67
8166	1.54233e-67
8167	1.5129e-67
8168	1.48402e-67
8169	1.45569e-67
8170	1.42791e-67
8171	1.40065e-67
8172	1.37392e-67
8173	1.34769e-67
8174	1.32197e-67
8175	1.29674e-67
8176	1.27198e-67
8177	1.2477e-67
8178	1.22389e-67
8179	1.20053e-67
8180	1.17761e-67
8181	1.15513e-67
8182	1.13308e-67
8183	1.11146e-67
8184	1.09024e-67
8185	1.06943e-67
8186	1.04902e-67
8187	1.02899e-67
8188	1.00935e-67
8189	9.90084e-68
8190	9.71185e-68
8191	9.52647e-68
8192	9.34462e-68
8193	9.16625e-68
8194	8.99128e-68
8195	8.81965e-68
8196	8.6513e-68
8197	8.48615e-68
8198	8.32416e-68
8199	8.16527e-68
8200	8.0094e-68
8201	7.85651e-68
8202	7.70654e-68
8203	7.55943e-68
8204	7.41513e-68
8205	7.27358e-68
8206	7.13473e-68
8207	6.99854e-68
8208	6.86494e-68
8209	6.7339e-68
8210	6.60535e-68
8211	6.47926e-68
8212	6.35557e-68
8213	6.23425e-68
8214	6.11524e-68
8215	5.9985e-68
8216	5.884e-68
8217	5.77167e-68
8218	5.66149e-68
8219	5.55342e-68
8220	5.4474e-68
8221	5.34341e-68
8222	5.24141e-68
8223	5.14135e-68
8224	5.0432e-68
8225	4.94693e-68
8226	4.85249e-68
8227	4.75986e-68
8228	4.66899e-68
8229	4.57986e-68
8230	4.49243e-68
8231	4.40667e-68
8232	4.32254e-68
8233	4.24002e-68
8234	4.15908e-68
8235	4.07968e-68
8236	4.0018e-68
8237	3.9254e-68
8238	3.85046e-68
8239	3.77696e-68
8240	3.70485e-68
8241	3.63412e-68
8242	3.56475e-68
8243	3.49669e-68
8244	3.42994e-68
8245	3.36446e-68
8246	3.30023e-68
8247	3.23722e-68
8248	3.17542e-68
8249	3.1148e-68
8250	3.05533e-68
8251	2.997e-68
8252	2.93979e-68
8253	2.88366e-68
8254	2.82861e-68
8255	2.77461e-68
8256	2.72164e-68
8257	2.66968e-68
8258	2.61871e-68
8259	2.56871e-68
8260	2.51967e-68
8261	2.47157e-68
8262	2.42438e-68
8263	2.37809e-68
8264	2.33269e-68
8265	2.28816e-68
8266	2.24447e-68
8267	2.20162e-68
8268	2.15959e-68
8269	2.11836e-68
8270	2.07791e-68
8271	2.03824e-68
8272	1.99933e-68
8273	1.96115e-68
8274	1.92371e-68
8275	1.88698e-68
8276	1.85096e-68
8277	1.81562e-68
8278	1.78095e-68
8279	1.74695e-68
8280	1.7136e-68
8281	1.68088e-68
8282	1.64879e-68
8283	1.61731e-68
8284	1.58643e-68
8285	1.55614e-68
8286	1.52643e-68
8287	1.49728e-68
8288	1.4687e-68
8289	1.44066e-68
8290	1.41315e-68
8291	1.38617e-68
8292	1.3597e-68
8293	1.33374e-68
8294	1.30827e-68
8295	1.2833e-68
8296	1.25879e-68
8297	1.23476e-68
8298	1.21118e-68
8299	1.18806e-68
8300	1.16537e-68
8301	1.14312e-68
8302	1.1213e-68
8303	1.09989e-68
8304	1.07889e-68
8305	1.05829e-68
8306	1.03808e-68
8307	1.01826e-68
8308	9.98816e-69
8309	9.79745e-69
8310	9.61038e-69
8311	9.42688e-69
8312	9.24688e-69
8313	9.07032e-69
8314	8.89713e-69
8315	8.72725e-69
8316	8.56061e-69
8317	8.39715e-69
8318	8.23681e-69
8319	8.07953e-69
8320	7.92526e-69
8321	7.77393e-69
8322	7.62549e-69
8323	7.47989e-69
8324	7.33706e-69
8325	7.19696e-69
8326	7.05954e-69
8327	6.92474e-69
8328	6.79252e-69
8329	6.66281e-69
8330	6.53559e-69
8331	6.41079e-69
8332	6.28838e-69
8333	6.1683e-69
8334	6.05052e-69
8335	5.93498e-69
8336	5.82165e-69
8337	5.71049e-69
8338	5.60145e-69
8339	5.49448e-69
8340	5.38957e-69
8341	5.28665e-69
8342	5.1857e-69
8343	5.08668e-69
8344	4.98954e-69
8345	4.89427e-69
8346	4.80081e-69
8347	4.70913e-69
8348	4.61921e-69
8349	4.531e-69
8350	4.44448e-69
8351	4.35961e-69
8352	4.27636e-69
8353	4.1947e-69
8354	4.1146e-69
8355	4.03602e-69
8356	3.95895e-69
8357	3.88335e-69
8358	3.80919e-69
8359	3.73645e-69
8360	3.6651e-69
8361	3.59511e-69
8362	3.52646e-69
8363	3.45912e-69
8364	3.39306e-69
8365	3.32826e-69
8366	3.26471e-69
8367	3.20236e-69
8368	3.14121e-69
8369	3.08122e-69
8370	3.02238e-69
8371	2.96466e-69
8372	2.90805e-69
8373	2.85251e-69
8374	2.79804e-69
8375	2.74461e-69
8376	2.69219e-69
8377	2.64078e-69
8378	2.59035e-69
8379	2.54088e-69
8380	2.49236e-69
8381	2.44476e-69
8382	2.39807e-69
8383	2.35228e-69
8384	2.30735e-69
8385	2.26329e-69
8386	2.22007e-69
8387	2.17767e-69
8388	2.13608e-69
8389	2.09529e-69
8390	2.05527e-69
8391	2.01602e-69
8392	1.97752e-69
8393	1.93975e-69
8394	1.90271e-69
8395	1.86637e-69
8396	1.83073e-69
8397	1.79576e-69
8398	1.76147e-69
8399	1.72783e-69
8400	1.69483e-69
8401	1.66246e-69
8402	1.63071e-69
8403	1.59957e-69
8404	1.56902e-69
8405	1.53905e-69
8406	1.50966e-69
8407	1.48083e-69
8408	1.45255e-69
8409	1.42481e-69
8410	1.3976e-69
8411	1.3709e-69
8412	1.34472e-69
8413	1.31904e-69
8414	1.29385e-69
8415	1.26914e-69
8416	1.2449e-69
8417	1.22112e-69
8418	1.1978e-69
8419	1.17492e-69
8420	1.15248e-69
8421	1.13047e-69
8422	1.10888e-69
8423	1.0877e-69
8424	1.06693e-69
8425	1.04655e-69
8426	1.02656e-69
8427	1.00696e-69
8428	9.87724e-70
8429	9.68859e-70
8430	9.50355e-70
8431	9.32203e-70
8432	9.14399e-70
8433	8.96934e-70
8434	8.79803e-70
8435	8.62999e-70
8436	8.46516e-70
8437	8.30348e-70
8438	8.14489e-70
8439	7.98932e-70
8440	7.83673e-70
8441	7.68705e-70
8442	7.54023e-70
8443	7.39621e-70
8444	7.25494e-70
8445	7.11637e-70
8446	6.98045e-70
8447	6.84712e-70
8448	6.71634e-70
8449	6.58806e-70
8450	6.46222e-70
8451	6.33879e-70
8452	6.21772e-70
8453	6.09896e-70
8454	5.98247e-70
8455	5.8682e-70
8456	5.75611e-70
8457	5.64617e-70
8458	5.53832e-70
8459	5.43254e-70
8460	5.32877e-70
8461	5.22699e-70
8462	5.12715e-70
8463	5.02922e-70
8464	4.93315e-70
8465	4.83893e-70
8466	4.7465e-70
8467	4.65584e-70
8468	4.56691e-70
8469	4.47967e-70
8470	4.39411e-70
8471	4.31017e-70
8472	4.22784e-70
8473	4.14709e-70
8474	4.06787e-70
8475	3.99017e-70
8476	3.91395e-70
8477	3.83919e-70
8478	3.76586e-70
8479	3.69392e-70
8480	3.62336e-70
8481	3.55415e-70
8482	3.48626e-70
8483	3.41967e-70
8484	3.35435e-70
8485	3.29027e-70
8486	3.22742e-70
8487	3.16577e-70
8488	3.1053e-70
8489	3.04598e-70
8490	2.9878e-70
8491	2.93072e-70
8492	2.87474e-70
8493	2.81983e-70
8494	2.76596e-70
8495	2.71313e-70
8496	2.6613e-70
8497	2.61046e-70
8498	2.5606e-70
8499	2.51168e-70
8500	2.4637e-70
8501	2.41664e-70
8502	2.37048e-70
8503	2.32519e-70
8504	2.28078e-70
8505	2.23721e-70
8506	2.19447e-70
8507	2.15255e-70
8508	2.11143e-70
8509	2.0711e-70
8510	2.03153e-70
8511	1.99273e-70
8512	1.95466e-70
8513	1.91732e-70
8514	1.88069e-70
8515	1.84476e-70
8516	1.80952e-70
8517	1.77496e-70
8518	1.74105e-70
8519	1.70779e-70
8520	1.67516e-70
8521	1.64316e-70
8522	1.61177e-70
8523	1.58098e-70
8524	1.55078e-70
8525	1.52116e-70
8526	1.4921e-70
8527	1.46359e-70
8528	1.43563e-70
8529	1.40821e-70
8530	1.3813e-70
8531	1.35492e-70
8532	1.32903e-70
8533	1.30364e-70
8534	1.27874e-70
8535	1.25431e-70
8536	1.23035e-70
8537	1.20684e-70
8538	1.18379e-70
8539	1.16117e-70
8540	1.13899e-70
8541	1.11723e-70
8542	1.09588e-70
8543	1.07495e-70
8544	1.05441e-70
8545	1.03427e-70
8546	1.01451e-70
8547	9.95127e-71
8548	9.76115e-71
8549	9.57467e-71
8550	9.39175e-71
8551	9.21232e-71
8552	9.03632e-71
8553	8.86369e-71
8554	8.69435e-71
8555	8.52824e-71
8556	8.36531e-71
8557	8.20549e-71
8558	8.04873e-71
8559	7.89496e-71
8560	7.74412e-71
8561	7.59617e-71
8562	7.45104e-71
8563	7.30869e-71
8564	7.16906e-71
8565	7.03209e-71
8566	6.89774e-71
8567	6.76596e-71
8568	6.63669e-71
8569	6.50989e-71
8570	6.38552e-71
8571	6.26352e-71
8572	6.14385e-71
8573	6.02647e-71
8574	5.91133e-71
8575	5.79839e-71
8576	5.68761e-71
8577	5.57894e-71
8578	5.47235e-71
8579	5.3678e-71
8580	5.26524e-71
8581	5.16464e-71
8582	5.06597e-71
8583	4.96918e-71
8584	4.87423e-71
8585	4.78111e-71
8586	4.68976e-71
8587	4.60015e-71
8588	4.51226e-71
8589	4.42605e-71
8590	4.34148e-71
8591	4.25853e-71
8592	4.17717e-71
8593	4.09736e-71
8594	4.01907e-71
8595	3.94228e-71
8596	3.86696e-71
8597	3.79307e-71
8598	3.7206e-71
8599	3.64951e-71
8600	3.57978e-71
8601	3.51138e-71
8602	3.44429e-71
8603	3.37848e-71
8604	3.31393e-71
8605	3.25061e-71
8606	3.1885e-71
8607	3.12758e-71
8608	3.06782e-71
8609	3.0092e-71
8610	2.9517e-71
8611	2.8953e-71
8612	2.83998e-71
8613	2.78572e-71
8614	2.73249e-71
8615	2.68028e-71
8616	2.62907e-71
8617	2.57883e-71
8618	2.52956e-71
8619	2.48122e-71
8620	2.43381e-71
8621	2.38731e-71
8622	2.34169e-71
8623	2.29695e-71
8624	2.25306e-71
8625	2.21001e-71
8626	2.16778e-71
8627	2.12636e-71
8628	2.08573e-71
8629	2.04587e-71
8630	2.00678e-71
8631	1.96843e-71
8632	1.93082e-71
8633	1.89393e-71
8634	1.85774e-71
8635	1.82224e-71
8636	1.78742e-71
8637	1.75326e-71
8638	1.71976e-71
8639	1.6869e-71
8640	1.65466e-71
8641	1.62305e-71
8642	1.59203e-71
8643	1.56161e-71
8644	1.53177e-71
8645	1.5025e-71
8646	1.47379e-71
8647	1.44563e-71
8648	1.418e-71
8649	1.39091e-71
8650	1.36433e-71
8651	1.33826e-71
8652	1.31268e-71
8653	1.2876e-71
8654	1.263e-71
8655	1.23886e-71
8656	1.21519e-71
8657	1.19197e-71
8658	1.16919e-71
8659	1.14685e-71
8660	1.12493e-71
8661	1.10343e-71
8662	1.08235e-71
8663	1.06166e-71
8664	1.04138e-71
8665	1.02148e-71
8666	1.00196e-71
8667	9.82809e-72
8668	9.64028e-72
8669	9.45606e-72
8670	9.27536e-72
8671	9.09811e-72
8672	8.92424e-72
8673	8.7537e-72
8674	8.58642e-72
8675	8.42233e-72
8676	8.26138e-72
8677	8.10351e-72
8678	7.94865e-72
8679	7.79675e-72
8680	7.64775e-72
8681	7.5016e-72
8682	7.35824e-72
8683	7.21762e-72
8684	7.07969e-72
8685	6.9444e-72
8686	6.81169e-72
8687	6.68151e-72
8688	6.55382e-72
8689	6.42858e-72
8690	6.30572e-72
8691	6.18522e-72
8692	6.06701e-72
8693	5.95107e-72
8694	5.83734e-72
8695	5.72578e-72
8696	5.61636e-72
8697	5.50902e-72
8698	5.40374e-72
8699	5.30047e-72
8700	5.19917e-72
8701	5.09981e-72
8702	5.00235e-72
8703	4.90675e-72
8704	4.81297e-72
8705	4.72099e-72
8706	4.63077e-72
8707	4.54227e-72
8708	4.45546e-72
8709	4.37031e-72
8710	4.28679e-72
8711	4.20486e-72
8712	4.1245e-72
8713	4.04567e-72
8714	3.96835e-72
8715	3.89251e-72
8716	3.81812e-72
8717	3.74515e-72
8718	3.67357e-72
8719	3.60336e-72
8720	3.5345e-72
8721	3.46695e-72
8722	3.40068e-72
8723	3.33569e-72
8724	3.27194e-72
8725	3.20941e-72
8726	3.14807e-72
8727	3.0879e-72
8728	3.02888e-72
8729	2.971e-72
8730	2.91421e-72
8731	2.85852e-72
8732	2.80388e-72
8733	2.75029e-72
8734	2.69773e-72
8735	2.64617e-72
8736	2.59559e-72
8737	2.54599e-72
8738	2.49732e-72
8739	2.44959e-72
8740	2.40278e-72
8741	2.35685e-72
8742	2.31181e-72
8743	2.26762e-72
8744	2.22428e-72
8745	2.18177e-72
8746	2.14007e-72
8747	2.09917e-72
8748	2.05904e-72
8749	2.01969e-72
8750	1.98109e-72
8751	1.94322e-72
8752	1.90608e-72
8753	1.86965e-72
8754	1.83391e-72
8755	1.79886e-72
8756	1.76448e-72
8757	1.73075e-72
8758	1.69767e-72
8759	1.66523e-72
8760	1.6334e-72
8761	1.60218e-72
8762	1.57155e-72
8763	1.54152e-72
8764	1.51205e-72
8765	1.48315e-72
8766	1.4548e-72
8767	1.427e-72
8768	1.39972e-72
8769	1.37297e-72
8770	1.34672e-72
8771	1.32098e-72
8772	1.29573e-72
8773	1.27097e-72
8774	1.24667e-72
8775	1.22284e-72
8776	1.19947e-72
8777	1.17654e-72
8778	1.15405e-72
8779	1.132e-72
8780	1.11036e-72
8781	1.08913e-72
8782	1.06832e-72
8783	1.0479e-72
8784	1.02787e-72
8785	1.00822e-72
8786	9.88947e-73
8787	9.70043e-73
8788	9.51501e-73
8789	9.33314e-73
8790	9.15474e-73
8791	8.97974e-73
8792	8.8081e-73
8793	8.63973e-73
8794	8.47458e-73
8795	8.31259e-73
8796	8.1537e-73
8797	7.99784e-73
8798	7.84496e-73
8799	7.695e-73
8800	7.54791e-73
8801	7.40363e-73
8802	7.26211e-73
8803	7.12329e-73
8804	6.98713e-73
8805	6.85357e-73
8806	6.72256e-73
8807	6.59405e-73
8808	6.468e-73
8809	6.34437e-73
8810	6.22309e-73
8811	6.10413e-73
8812	5.98745e-73
8813	5.87299e-73
8814	5.76073e-73
8815	5.65061e-73
8816	5.54259e-73
8817	5.43664e-73
8818	5.33271e-73
8819	5.23077e-73
8820	5.13078e-73
8821	5.0327e-73
8822	4.93649e-73
8823	4.84213e-73
8824	4.74957e-73
8825	4.65877e-73
8826	4.56971e-73
8827	4.48236e-73
8828	4.39667e-73
8829	4.31262e-73
8830	4.23018e-73
8831	4.14932e-73
8832	4.07e-73
8833	3.99219e-73
8834	3.91587e-73
8835	3.84102e-73
8836	3.76759e-73
8837	3.69557e-73
8838	3.62492e-73
8839	3.55562e-73
8840	3.48765e-73
8841	3.42098e-73
8842	3.35558e-73
8843	3.29143e-73
8844	3.22851e-73
8845	3.16679e-73
8846	3.10625e-73
8847	3.04687e-73
8848	2.98862e-73
8849	2.93149e-73
8850	2.87544e-73
8851	2.82047e-73
8852	2.76655e-73
8853	2.71366e-73
8854	2.66179e-73
8855	2.6109e-73
8856	2.56099e-73
8857	2.51203e-73
8858	2.464e-73
8859	2.4169e-73
8860	2.37069e-73
8861	2.32537e-73
8862	2.28091e-73
8863	2.23731e-73
8864	2.19454e-73
8865	2.15258e-73
8866	2.11143e-73
8867	2.07106e-73
8868	2.03147e-73
8869	1.99263e-73
8870	1.95454e-73
8871	1.91717e-73
8872	1.88052e-73
8873	1.84456e-73
8874	1.8093e-73
8875	1.77471e-73
8876	1.74078e-73
8877	1.7075e-73
8878	1.67485e-73
8879	1.64283e-73
8880	1.61143e-73
8881	1.58062e-73
8882	1.5504e-73
8883	1.52076e-73
8884	1.49168e-73
8885	1.46316e-73
8886	1.43519e-73
8887	1.40775e-73
8888	1.38084e-73
8889	1.35444e-73
8890	1.32854e-73
8891	1.30314e-73
8892	1.27823e-73
8893	1.25379e-73
8894	1.22982e-73
8895	1.2063e-73
8896	1.18324e-73
8897	1.16062e-73
8898	1.13843e-73
8899	1.11666e-73
8900	1.09531e-73
8901	1.07437e-73
8902	1.05383e-73
8903	1.03368e-73
8904	1.01392e-73
8905	9.94532e-74
8906	9.75518e-74
8907	9.56866e-74
8908	9.38571e-74
8909	9.20626e-74
8910	9.03024e-74
8911	8.85759e-74
8912	8.68823e-74
8913	8.52212e-74
8914	8.35918e-74
8915	8.19935e-74
8916	8.04258e-74
8917	7.88881e-74
8918	7.73797e-74
8919	7.59002e-74
8920	7.4449e-74
8921	7.30255e-74
8922	7.16293e-74
8923	7.02597e-74
8924	6.89164e-74
8925	6.75987e-74
8926	6.63062e-74
8927	6.50384e-74
8928	6.37948e-74
8929	6.2575e-74
8930	6.13786e-74
8931	6.0205e-74
8932	5.90538e-74
8933	5.79247e-74
8934	5.68171e-74
8935	5.57308e-74
8936	5.46652e-74
8937	5.36199e-74
8938	5.25947e-74
8939	5.1589e-74
8940	5.06026e-74
8941	4.9635e-74
8942	4.8686e-74
8943	4.7755e-74
8944	4.68419e-74
8945	4.59463e-74
8946	4.50677e-74
8947	4.4206e-74
8948	4.33607e-74
8949	4.25316e-74
8950	4.17183e-74
8951	4.09206e-74
8952	4.01382e-74
8953	3.93707e-74
8954	3.86179e-74
8955	3.78794e-74
8956	3.71551e-74
8957	3.64447e-74
8958	3.57478e-74
8959	3.50642e-74
8960	3.43938e-74
8961	3.37361e-74
8962	3.3091e-74
8963	3.24582e-74
8964	3.18376e-74
8965	3.12288e-74
8966	3.06316e-74
8967	3.00459e-74
8968	2.94714e-74
8969	2.89078e-74
8970	2.8355e-74
8971	2.78128e-74
8972	2.7281e-74
8973	2.67593e-74
8974	2.62476e-74
8975	2.57457e-74
8976	2.52534e-74
8977	2.47705e-74
8978	2.42968e-74
8979	2.38322e-74
8980	2.33765e-74
8981	2.29295e-74
8982	2.2491e-74
8983	2.20609e-74
8984	2.16391e-74
8985	2.12253e-74
8986	2.08194e-74
8987	2.04213e-74
8988	2.00308e-74
8989	1.96477e-74
8990	1.9272e-74
8991	1.89035e-74
8992	1.8542e-74
8993	1.81874e-74
8994	1.78396e-74
8995	1.74985e-74
8996	1.71638e-74
8997	1.68356e-74
8998	1.65137e-74
8999	1.61979e-74
9000	1.58881e-74
9001	1.55843e-74
9002	1.52863e-74
9003	1.49939e-74
9004	1.47072e-74
9005	1.44259e-74
9006	1.41501e-74
9007	1.38795e-74
9008	1.36141e-74
9009	1.33537e-74
9010	1.30983e-74
9011	1.28478e-74
9012	1.26021e-74
9013	1.23612e-74
9014	1.21248e-74
9015	1.18929e-74
9016	1.16655e-74
9017	1.14424e-74
9018	1.12235e-74
9019	1.10089e-74
9020	1.07984e-74
9021	1.05919e-74
9022	1.03893e-74
9023	1.01906e-74
9024	9.99573e-75
9025	9.80457e-75
9026	9.61707e-75
9027	9.43315e-75
9028	9.25275e-75
9029	9.07579e-75
9030	8.90222e-75
9031	8.73198e-75
9032	8.56498e-75
9033	8.40118e-75
9034	8.24051e-75
9035	8.08292e-75
9036	7.92833e-75
9037	7.77671e-75
9038	7.62798e-75
9039	7.4821e-75
9040	7.33901e-75
9041	7.19865e-75
9042	7.06098e-75
9043	6.92594e-75
9044	6.79348e-75
9045	6.66355e-75
9046	6.53611e-75
9047	6.41111e-75
9048	6.2885e-75
9049	6.16823e-75
9050	6.05026e-75
9051	5.93455e-75
9052	5.82105e-75
9053	5.70972e-75
9054	5.60052e-75
9055	5.49341e-75
9056	5.38835e-75
9057	5.28529e-75
9058	5.18421e-75
9059	5.08506e-75
9060	4.9878e-75
9061	4.89241e-75
9062	4.79884e-75
9063	4.70706e-75
9064	4.61703e-75
9065	4.52873e-75
9066	4.44211e-75
9067	4.35715e-75
9068	4.27382e-75
9069	4.19208e-75
9070	4.1119e-75
9071	4.03326e-75
9072	3.95612e-75
9073	3.88045e-75
9074	3.80624e-75
9075	3.73344e-75
9076	3.66203e-75
9077	3.59199e-75
9078	3.52329e-75
9079	3.4559e-75
9080	3.3898e-75
9081	3.32497e-75
9082	3.26138e-75
9083	3.199e-75
9084	3.13781e-75
9085	3.0778e-75
9086	3.01893e-75
9087	2.96119e-75
9088	2.90455e-75
9089	2.849e-75
9090	2.7945e-75
9091	2.74105e-75
9092	2.68863e-75
9093	2.6372e-75
9094	2.58676e-75
9095	2.53728e-75
9096	2.48875e-75
9097	2.44115e-75
9098	2.39446e-75
9099	2.34866e-75
9100	2.30374e-75
9101	2.25967e-75
9102	2.21645e-75
9103	2.17406e-75
9104	2.13248e-75
9105	2.09169e-75
9106	2.05168e-75
9107	2.01244e-75
9108	1.97394e-75
9109	1.93619e-75
9110	1.89915e-75
9111	1.86283e-75
9112	1.8272e-75
9113	1.79225e-75
9114	1.75796e-75
9115	1.72434e-75
9116	1.69136e-75
9117	1.659e-75
9118	1.62727e-75
9119	1.59615e-75
9120	1.56562e-75
9121	1.53567e-75
9122	1.50629e-75
9123	1.47748e-75
9124	1.44922e-75
9125	1.4215e-75
9126	1.39431e-75
9127	1.36764e-75
9128	1.34148e-75
9129	1.31582e-75
9130	1.29065e-75
9131	1.26596e-75
9132	1.24175e-75
9133	1.21799e-75
9134	1.1947e-75
9135	1.17184e-75
9136	1.14943e-75
9137	1.12744e-75
9138	1.10587e-75
9139	1.08472e-75
9140	1.06397e-75
9141	1.04362e-75
9142	1.02366e-75
9143	1.00408e-75
9144	9.84868e-76
9145	9.66029e-76
9146	9.4755e-76
9147	9.29425e-76
9148	9.11646e-76
9149	8.94207e-76
9150	8.77102e-76
9151	8.60324e-76
9152	8.43867e-76
9153	8.27724e-76
9154	8.11891e-76
9155	7.9636e-76
9156	7.81126e-76
9157	7.66184e-76
9158	7.51527e-76
9159	7.37151e-76
9160	7.2305e-76
9161	7.09218e-76
9162	6.95652e-76
9163	6.82344e-76
9164	6.69291e-76
9165	6.56488e-76
9166	6.4393e-76
9167	6.31612e-76
9168	6.19529e-76
9169	6.07678e-76
9170	5.96053e-76
9171	5.84651e-76
9172	5.73467e-76
9173	5.62496e-76
9174	5.51736e-76
9175	5.41181e-76
9176	5.30828e-76
9177	5.20674e-76
9178	5.10713e-76
9179	5.00943e-76
9180	4.9136e-76
9181	4.8196e-76
9182	4.7274e-76
9183	4.63697e-76
9184	4.54826e-76
9185	4.46125e-76
9186	4.37591e-76
9187	4.29219e-76
9188	4.21008e-76
9189	4.12954e-76
9190	4.05054e-76
9191	3.97305e-76
9192	3.89705e-76
9193	3.82249e-76
9194	3.74937e-76
9195	3.67764e-76
9196	3.60728e-76
9197	3.53827e-76
9198	3.47058e-76
9199	3.40419e-76
9200	3.33906e-76
9201	3.27519e-76
9202	3.21253e-76
9203	3.15107e-76
9204	3.09079e-76
9205	3.03166e-76
9206	2.97366e-76
9207	2.91677e-76
9208	2.86097e-76
9209	2.80623e-76
9210	2.75255e-76
9211	2.69989e-76
9212	2.64824e-76
9213	2.59757e-76
9214	2.54788e-76
9215	2.49913e-76
9216	2.45132e-76
9217	2.40442e-76
9218	2.35842e-76
9219	2.3133e-76
9220	2.26905e-76
9221	2.22564e-76
9222	2.18306e-76
9223	2.14129e-76
9224	2.10032e-76
9225	2.06014e-76
9226	2.02073e-76
9227	1.98207e-76
9228	1.94415e-76
9229	1.90695e-76
9230	1.87047e-76
9231	1.83468e-76
9232	1.79958e-76
9233	1.76515e-76
9234	1.73138e-76
9235	1.69825e-76
9236	1.66576e-76
9237	1.63389e-76
9238	1.60263e-76
9239	1.57197e-76
9240	1.5419e-76
9241	1.5124e-76
9242	1.48346e-76
9243	1.45508e-76
9244	1.42724e-76
9245	1.39993e-76
9246	1.37315e-76
9247	1.34688e-76
9248	1.32111e-76
9249	1.29583e-76
9250	1.27104e-76
9251	1.24672e-76
9252	1.22287e-76
9253	1.19947e-76
9254	1.17652e-76
9255	1.15401e-76
9256	1.13193e-76
9257	1.11027e-76
9258	1.08903e-76
9259	1.06819e-76
9260	1.04776e-76
9261	1.02771e-76
9262	1.00805e-76
9263	9.88759e-77
9264	9.69841e-77
9265	9.51284e-77
9266	9.33083e-77
9267	9.1523e-77
9268	8.97719e-77
9269	8.80542e-77
9270	8.63695e-77
9271	8.47169e-77
9272	8.3096e-77
9273	8.15061e-77
9274	7.99466e-77
9275	7.84169e-77
9276	7.69165e-77
9277	7.54448e-77
9278	7.40013e-77
9279	7.25854e-77
9280	7.11965e-77
9281	6.98343e-77
9282	6.84981e-77
9283	6.71874e-77
9284	6.59019e-77
9285	6.46409e-77
9286	6.34041e-77
9287	6.21909e-77
9288	6.10009e-77
9289	5.98337e-77
9290	5.86889e-77
9291	5.75659e-77
9292	5.64644e-77
9293	5.5384e-77
9294	5.43243e-77
9295	5.32848e-77
9296	5.22652e-77
9297	5.12652e-77
9298	5.02842e-77
9299	4.93221e-77
9300	4.83783e-77
9301	4.74526e-77
9302	4.65446e-77
9303	4.5654e-77
9304	4.47805e-77
9305	4.39236e-77
9306	4.30831e-77
9307	4.22587e-77
9308	4.14501e-77
9309	4.0657e-77
9310	3.9879e-77
9311	3.91159e-77
9312	3.83675e-77
9313	3.76333e-77
9314	3.69132e-77
9315	3.62068e-77
9316	3.5514e-77
9317	3.48345e-77
9318	3.41679e-77
9319	3.35141e-77
9320	3.28728e-77
9321	3.22438e-77
9322	3.16268e-77
9323	3.10216e-77
9324	3.0428e-77
9325	2.98457e-77
9326	2.92746e-77
9327	2.87144e-77
9328	2.8165e-77
9329	2.7626e-77
9330	2.70974e-77
9331	2.65788e-77
9332	2.60702e-77
9333	2.55714e-77
9334	2.5082e-77
9335	2.46021e-77
9336	2.41313e-77
9337	2.36695e-77
9338	2.32166e-77
9339	2.27723e-77
9340	2.23365e-77
9341	2.19091e-77
9342	2.14898e-77
9343	2.10786e-77
9344	2.06753e-77
9345	2.02796e-77
9346	1.98915e-77
9347	1.95109e-77
9348	1.91375e-77
9349	1.87713e-77
9350	1.84121e-77
9351	1.80597e-77
9352	1.77141e-77
9353	1.73752e-77
9354	1.70427e-77
9355	1.67165e-77
9356	1.63966e-77
9357	1.60828e-77
9358	1.57751e-77
9359	1.54732e-77
9360	1.51771e-77
9361	1.48866e-77
9362	1.46018e-77
9363	1.43223e-77
9364	1.40483e-77
9365	1.37794e-77
9366	1.35157e-77
9367	1.32571e-77
9368	1.30034e-77
9369	1.27545e-77
9370	1.25104e-77
9371	1.2271e-77
9372	1.20362e-77
9373	1.18059e-77
9374	1.15799e-77
9375	1.13583e-77
9376	1.11409e-77
9377	1.09277e-77
9378	1.07186e-77
9379	1.05135e-77
9380	1.03123e-77
9381	1.01149e-77
9382	9.92136e-78
9383	9.73149e-78
9384	9.54525e-78
9385	9.36258e-78
9386	9.1834e-78
9387	9.00765e-78
9388	8.83527e-78
9389	8.66618e-78
9390	8.50033e-78
9391	8.33765e-78
9392	8.17809e-78
9393	8.02157e-78
9394	7.86806e-78
9395	7.71748e-78
9396	7.56978e-78
9397	7.42491e-78
9398	7.28281e-78
9399	7.14343e-78
9400	7.00672e-78
9401	6.87263e-78
9402	6.7411e-78
9403	6.61208e-78
9404	6.48554e-78
9405	6.36142e-78
9406	6.23967e-78
9407	6.12025e-78
9408	6.00312e-78
9409	5.88823e-78
9410	5.77554e-78
9411	5.665e-78
9412	5.55658e-78
9413	5.45024e-78
9414	5.34593e-78
9415	5.24361e-78
9416	5.14326e-78
9417	5.04482e-78
9418	4.94827e-78
9419	4.85357e-78
9420	4.76068e-78
9421	4.66956e-78
9422	4.58019e-78
9423	4.49253e-78
9424	4.40655e-78
9425	4.32221e-78
9426	4.23949e-78
9427	4.15835e-78
9428	4.07876e-78
9429	4.0007e-78
9430	3.92413e-78
9431	3.84902e-78
9432	3.77535e-78
9433	3.7031e-78
9434	3.63222e-78
9435	3.5627e-78
9436	3.49452e-78
9437	3.42763e-78
9438	3.36203e-78
9439	3.29768e-78
9440	3.23457e-78
9441	3.17266e-78
9442	3.11193e-78
9443	3.05237e-78
9444	2.99395e-78
9445	2.93665e-78
9446	2.88044e-78
9447	2.82531e-78
9448	2.77123e-78
9449	2.71819e-78
9450	2.66617e-78
9451	2.61514e-78
9452	2.56508e-78
9453	2.51599e-78
9454	2.46783e-78
9455	2.4206e-78
9456	2.37427e-78
9457	2.32882e-78
9458	2.28425e-78
9459	2.24053e-78
9460	2.19764e-78
9461	2.15558e-78
9462	2.11432e-78
9463	2.07385e-78
9464	2.03416e-78
9465	1.99522e-78
9466	1.95703e-78
9467	1.91957e-78
9468	1.88283e-78
9469	1.84679e-78
9470	1.81145e-78
9471	1.77677e-78
9472	1.74276e-78
9473	1.70941e-78
9474	1.67669e-78
9475	1.64459e-78
9476	1.61311e-78
9477	1.58224e-78
9478	1.55195e-78
9479	1.52225e-78
9480	1.49311e-78
9481	1.46453e-78
9482	1.4365e-78
9483	1.409e-78
9484	1.38203e-78
9485	1.35558e-78
9486	1.32963e-78
9487	1.30418e-78
9488	1.27922e-78
9489	1.25473e-78
9490	1.23071e-78
9491	1.20716e-78
9492	1.18405e-78
9493	1.16138e-78
9494	1.13915e-78
9495	1.11735e-78
9496	1.09596e-78
9497	1.07498e-78
9498	1.05441e-78
9499	1.03422e-78
9500	1.01443e-78
9501	9.95008e-79
9502	9.75962e-79
9503	9.5728e-79
9504	9.38956e-79
9505	9.20983e-79
9506	9.03353e-79
9507	8.86062e-79
9508	8.69101e-79
9509	8.52464e-79
9510	8.36146e-79
9511	8.20141e-79
9512	8.04442e-79
9513	7.89043e-79
9514	7.73939e-79
9515	7.59124e-79
9516	7.44593e-79
9517	7.30339e-79
9518	7.16359e-79
9519	7.02646e-79
9520	6.89196e-79
9521	6.76003e-79
9522	6.63063e-79
9523	6.5037e-79
9524	6.3792e-79
9525	6.25709e-79
9526	6.13731e-79
9527	6.01983e-79
9528	5.90459e-79
9529	5.79156e-79
9530	5.6807e-79
9531	5.57195e-79
9532	5.46529e-79
9533	5.36067e-79
9534	5.25805e-79
9535	5.1574e-79
9536	5.05867e-79
9537	4.96183e-79
9538	4.86685e-79
9539	4.77368e-79
9540	4.6823e-79
9541	4.59266e-79
9542	4.50474e-79
9543	4.41851e-79
9544	4.33393e-79
9545	4.25096e-79
9546	4.16958e-79
9547	4.08976e-79
9548	4.01147e-79
9549	3.93468e-79
9550	3.85935e-79
9551	3.78547e-79
9552	3.71301e-79
9553	3.64193e-79
9554	3.57221e-79
9555	3.50382e-79
9556	3.43675e-79
9557	3.37095e-79
9558	3.30642e-79
9559	3.24312e-79
9560	3.18104e-79
9561	3.12014e-79
9562	3.06041e-79
9563	3.00182e-79
9564	2.94436e-79
9565	2.88799e-79
9566	2.8327e-79
9567	2.77847e-79
9568	2.72528e-79
9569	2.67311e-79
9570	2.62193e-79
9571	2.57174e-79
9572	2.5225e-79
9573	2.47421e-79
9574	2.42685e-79
9575	2.38039e-79
9576	2.33482e-79
9577	2.29012e-79
9578	2.24627e-79
9579	2.20327e-79
9580	2.16109e-79
9581	2.11972e-79
9582	2.07914e-79
9583	2.03933e-79
9584	2.00029e-79
9585	1.96199e-79
9586	1.92443e-79
9587	1.88759e-79
9588	1.85145e-79
9589	1.81601e-79
9590	1.78124e-79
9591	1.74714e-79
9592	1.71369e-79
9593	1.68088e-79
9594	1.6487e-79
9595	1.61714e-79
9596	1.58618e-79
9597	1.55581e-79
9598	1.52602e-79
9599	1.49681e-79
9600	1.46815e-79
9601	1.44004e-79
9602	1.41247e-79
9603	1.38543e-79
9604	1.35891e-79
9605	1.33289e-79
9606	1.30737e-79
9607	1.28234e-79
9608	1.25779e-79
9609	1.23371e-79
9610	1.21009e-79
9611	1.18692e-79
9612	1.1642e-79
9613	1.14191e-79
9614	1.12005e-79
9615	1.0986e-79
9616	1.07757e-79
9617	1.05694e-79
9618	1.0367e-79
9619	1.01685e-79
9620	9.97384e-80
9621	9.78288e-80
9622	9.59558e-80
9623	9.41186e-80
9624	9.23166e-80
9625	9.05491e-80
9626	8.88155e-80
9627	8.7115e-80
9628	8.54471e-80
9629	8.38111e-80
9630	8.22065e-80
9631	8.06325e-80
9632	7.90887e-80
9633	7.75745e-80
9634	7.60892e-80
9635	7.46324e-80
9636	7.32034e-80
9637	7.18018e-80
9638	7.04271e-80
9639	6.90787e-80
9640	6.7756e-80
9641	6.64588e-80
9642	6.51863e-80
9643	6.39382e-80
9644	6.2714e-80
9645	6.15132e-80
9646	6.03355e-80
9647	5.91802e-80
9648	5.80471e-80
9649	5.69357e-80
9650	5.58456e-80
9651	5.47763e-80
9652	5.37275e-80
9653	5.26988e-80
9654	5.16898e-80
9655	5.07e-80
9656	4.97293e-80
9657	4.87771e-80
9658	4.78432e-80
9659	4.69271e-80
9660	4.60286e-80
9661	4.51473e-80
9662	4.42828e-80
9663	4.34349e-80
9664	4.26033e-80
9665	4.17875e-80
9666	4.09874e-80
9667	4.02026e-80
9668	3.94328e-80
9669	3.86778e-80
9670	3.79372e-80
9671	3.72108e-80
9672	3.64983e-80
9673	3.57994e-80
9674	3.5114e-80
9675	3.44416e-80
9676	3.37821e-80
9677	3.31353e-80
9678	3.25008e-80
9679	3.18785e-80
9680	3.12681e-80
9681	3.06694e-80
9682	3.00821e-80
9683	2.95061e-80
9684	2.89411e-80
9685	2.8387e-80
9686	2.78434e-80
9687	2.73103e-80
9688	2.67873e-80
9689	2.62744e-80
9690	2.57713e-80
9691	2.52778e-80
9692	2.47938e-80
9693	2.4319e-80
9694	2.38534e-80
9695	2.33966e-80
9696	2.29486e-80
9697	2.25092e-80
9698	2.20781e-80
9699	2.16554e-80
9700	2.12407e-80
9701	2.0834e-80
9702	2.0435e-80
9703	2.00437e-80
9704	1.96599e-80
9705	1.92835e-80
9706	1.89142e-80
9707	1.8552e-80
9708	1.81968e-80
9709	1.78483e-80
9710	1.75066e-80
9711	1.71713e-80
9712	1.68425e-80
9713	1.652e-80
9714	1.62037e-80
9715	1.58934e-80
9716	1.5589e-80
9717	1.52905e-80
9718	1.49977e-80
9719	1.47105e-80
9720	1.44288e-80
9721	1.41525e-80
9722	1.38815e-80
9723	1.36157e-80
9724	1.3355e-80
9725	1.30992e-80
9726	1.28484e-80
9727	1.26023e-80
9728	1.2361e-80
9729	1.21243e-80
9730	1.18921e-80
9731	1.16644e-80
9732	1.1441e-80
9733	1.12219e-80
9734	1.1007e-80
9735	1.07963e-80
9736	1.05895e-80
9737	1.03867e-80
9738	1.01878e-80
9739	9.99273e-81
9740	9.80137e-81
9741	9.61367e-81
9742	9.42957e-81
9743	9.24899e-81
9744	9.07188e-81
9745	8.89815e-81
9746	8.72775e-81
9747	8.56061e-81
9748	8.39667e-81
9749	8.23588e-81
9750	8.07816e-81
9751	7.92346e-81
9752	7.77172e-81
9753	7.62289e-81
9754	7.47691e-81
9755	7.33373e-81
9756	7.19328e-81
9757	7.05553e-81
9758	6.92041e-81
9759	6.78788e-81
9760	6.65789e-81
9761	6.53039e-81
9762	6.40533e-81
9763	6.28266e-81
9764	6.16234e-81
9765	6.04433e-81
9766	5.92858e-81
9767	5.81504e-81
9768	5.70368e-81
9769	5.59445e-81
9770	5.48731e-81
9771	5.38222e-81
9772	5.27915e-81
9773	5.17805e-81
9774	5.07888e-81
9775	4.98161e-81
9776	4.88621e-81
9777	4.79264e-81
9778	4.70085e-81
9779	4.61082e-81
9780	4.52252e-81
9781	4.43591e-81
9782	4.35096e-81
9783	4.26763e-81
9784	4.1859e-81
9785	4.10573e-81
9786	4.0271e-81
9787	3.94998e-81
9788	3.87433e-81
9789	3.80013e-81
9790	3.72735e-81
9791	3.65597e-81
9792	3.58595e-81
9793	3.51727e-81
9794	3.44991e-81
9795	3.38384e-81
9796	3.31903e-81
9797	3.25547e-81
9798	3.19312e-81
9799	3.13197e-81
9800	3.07198e-81
9801	3.01315e-81
9802	2.95544e-81
9803	2.89884e-81
9804	2.84332e-81
9805	2.78886e-81
9806	2.73545e-81
9807	2.68306e-81
9808	2.63168e-81
9809	2.58127e-81
9810	2.53184e-81
9811	2.48335e-81
9812	2.43578e-81
9813	2.38913e-81
9814	2.34338e-81
9815	2.2985e-81
9816	2.25447e-81
9817	2.2113e-81
9818	2.16894e-81
9819	2.1274e-81
9820	2.08666e-81
9821	2.04669e-81
9822	2.00749e-81
9823	1.96904e-81
9824	1.93133e-81
9825	1.89434e-81
9826	1.85806e-81
9827	1.82247e-81
9828	1.78757e-81
9829	1.75333e-81
9830	1.71975e-81
9831	1.68681e-81
9832	1.6545e-81
9833	1.62282e-81
9834	1.59173e-81
9835	1.56125e-81
9836	1.53134e-81
9837	1.50201e-81
9838	1.47325e-81
9839	1.44503e-81
9840	1.41735e-81
9841	1.39021e-81
9842	1.36358e-81
9843	1.33746e-81
9844	1.31184e-81
9845	1.28672e-81
9846	1.26207e-81
9847	1.2379e-81
9848	1.21419e-81
9849	1.19093e-81
9850	1.16812e-81
9851	1.14575e-81
9852	1.1238e-81
9853	1.10228e-81
9854	1.08117e-81
9855	1.06046e-81
9856	1.04015e-81
9857	1.02022e-81
9858	1.00068e-81
9859	9.81517e-82
9860	9.62717e-82
9861	9.44277e-82
9862	9.2619e-82
9863	9.0845e-82
9864	8.9105e-82
9865	8.73983e-82
9866	8.57242e-82
9867	8.40823e-82
9868	8.24718e-82
9869	8.08921e-82
9870	7.93427e-82
9871	7.78229e-82
9872	7.63323e-82
9873	7.48702e-82
9874	7.34361e-82
9875	7.20295e-82
9876	7.06498e-82
9877	6.92966e-82
9878	6.79692e-82
9879	6.66673e-82
9880	6.53903e-82
9881	6.41378e-82
9882	6.29093e-82
9883	6.17043e-82
9884	6.05224e-82
9885	5.93631e-82
9886	5.8226e-82
9887	5.71107e-82
9888	5.60168e-82
9889	5.49438e-82
9890	5.38913e-82
9891	5.28591e-82
9892	5.18466e-82
9893	5.08534e-82
9894	4.98793e-82
9895	4.89239e-82
9896	4.79868e-82
9897	4.70676e-82
9898	4.6166e-82
9899	4.52817e-82
9900	4.44143e-82
9901	4.35635e-82
9902	4.27291e-82
9903	4.19106e-82
9904	4.11078e-82
9905	4.03204e-82
9906	3.9548e-82
9907	3.87905e-82
9908	3.80474e-82
9909	3.73186e-82
9910	3.66037e-82
9911	3.59026e-82
9912	3.52148e-82
9913	3.45403e-82
9914	3.38786e-82
9915	3.32297e-82
9916	3.25931e-82
9917	3.19688e-82
9918	3.13564e-82
9919	3.07558e-82
9920	3.01666e-82
9921	2.95887e-82
9922	2.90219e-82
9923	2.8466e-82
9924	2.79207e-82
9925	2.73859e-82
9926	2.68613e-82
9927	2.63467e-82
9928	2.5842e-82
9929	2.5347e-82
9930	2.48614e-82
9931	2.43852e-82
9932	2.39181e-82
9933	2.34599e-82
9934	2.30105e-82
9935	2.25697e-82
9936	2.21373e-82
9937	2.17133e-82
9938	2.12973e-82
9939	2.08893e-82
9940	2.04892e-82
9941	2.00967e-82
9942	1.97117e-82
9943	1.93341e-82
9944	1.89637e-82
9945	1.86004e-82
9946	1.82441e-82
9947	1.78946e-82
9948	1.75518e-82
9949	1.72156e-82
9950	1.68858e-82
9951	1.65623e-82
9952	1.6245e-82
9953	1.59338e-82
9954	1.56286e-82
9955	1.53292e-82
9956	1.50355e-82
9957	1.47475e-82
9958	1.4465e-82
9959	1.41879e-82
9960	1.39161e-82
9961	1.36495e-82
9962	1.3388e-82
9963	1.31315e-82
9964	1.288e-82
9965	1.26332e-82
9966	1.23912e-82
9967	1.21538e-82
9968	1.1921e-82
9969	1.16926e-82
9970	1.14686e-82
9971	1.12489e-82
9972	1.10334e-82
9973	1.0822e-82
9974	1.06147e-82
9975	1.04114e-82
9976	1.02119e-82
9977	1.00163e-82
9978	9.82438e-83
9979	9.63616e-83
9980	9.45156e-83
9981	9.27049e-83
9982	9.09289e-83
9983	8.91869e-83
9984	8.74782e-83
9985	8.58023e-83
9986	8.41586e-83
9987	8.25463e-83
9988	8.09648e-83
9989	7.94137e-83
9990	7.78923e-83
9991	7.64e-83
9992	7.49364e-83
9993	7.35007e-83
9994	7.20926e-83
9995	7.07114e-83
9996	6.93567e-83
9997	6.8028e-83
9998	6.67247e-83
9999	6.54464e-83
10000	6.41925e-83
10001	6.29627e-83
10002	6.17564e-83
10003	6.05733e-83
10004	5.94128e-83
10005	5.82745e-83
10006	5.71581e-83
10007	5.6063e-83
10008	5.49889e-83
10009	5.39354e-83
10010	5.29021e-83
10011	5.18886e-83
10012	5.08944e-83
10013	4.99194e-83
10014	4.8963e-83
10015	4.80249e-83
10016	4.71048e-83
10017	4.62023e-83
10018	4.53171e-83
10019	4.44489e-83
10020	4.35973e-83
10021	4.2762e-83
10022	4.19428e-83
10023	4.11392e-83
10024	4.0351e-83
10025	3.95779e-83
10026	3.88196e-83
10027	3.80759e-83
10028	3.73464e-83
10029	3.66308e-83
10030	3.5929e-83
10031	3.52407e-83
10032	3.45655e-83
10033	3.39032e-83
10034	3.32537e-83
10035	3.26165e-83
10036	3.19916e-83
10037	3.13787e-83
10038	3.07775e-83
10039	3.01878e-83
10040	2.96094e-83
10041	2.90421e-83
10042	2.84857e-83
10043	2.79399e-83
10044	2.74046e-83
10045	2.68795e-83
10046	2.63645e-83
10047	2.58594e-83
10048	2.53639e-83
10049	2.48779e-83
10050	2.44013e-83
10051	2.39338e-83
10052	2.34752e-83
10053	2.30254e-83
10054	2.25842e-83
10055	2.21515e-83
10056	2.17271e-83
10057	2.13108e-83
10058	2.09025e-83
10059	2.0502e-83
10060	2.01092e-83
10061	1.97239e-83
10062	1.9346e-83
10063	1.89753e-83
10064	1.86117e-83
10065	1.82551e-83
10066	1.79053e-83
10067	1.75623e-83
10068	1.72258e-83
10069	1.68957e-83
10070	1.6572e-83
10071	1.62544e-83
10072	1.5943e-83
10073	1.56375e-83
10074	1.53379e-83
10075	1.5044e-83
10076	1.47558e-83
10077	1.4473e-83
10078	1.41957e-83
10079	1.39237e-83
10080	1.36569e-83
10081	1.33952e-83
10082	1.31386e-83
10083	1.28868e-83
10084	1.26399e-83
10085	1.23977e-83
10086	1.21602e-83
10087	1.19272e-83
10088	1.16986e-83
10089	1.14745e-83
10090	1.12546e-83
10091	1.1039e-83
10092	1.08274e-83
10093	1.062e-83
10094	1.04165e-83
10095	1.02169e-83
10096	1.00211e-83
10097	9.8291e-84
10098	9.64076e-84
10099	9.45603e-84
10100	9.27483e-84
10101	9.09712e-84
10102	8.9228e-84
10103	8.75183e-84
10104	8.58413e-84
10105	8.41964e-84
10106	8.25831e-84
10107	8.10007e-84
10108	7.94486e-84
10109	7.79262e-84
10110	7.6433e-84
10111	7.49684e-84
10112	7.35319e-84
10113	7.21229e-84
10114	7.07408e-84
10115	6.93853e-84
10116	6.80558e-84
10117	6.67517e-84
10118	6.54726e-84
10119	6.4218e-84
10120	6.29875e-84
10121	6.17805e-84
10122	6.05966e-84
10123	5.94355e-84
10124	5.82966e-84
10125	5.71795e-84
10126	5.60838e-84
10127	5.50091e-84
10128	5.3955e-84
10129	5.29211e-84
10130	5.1907e-84
10131	5.09123e-84
10132	4.99367e-84
10133	4.89798e-84
10134	4.80412e-84
10135	4.71207e-84
10136	4.62177e-84
10137	4.53321e-84
10138	4.44634e-84
10139	4.36113e-84
10140	4.27756e-84
10141	4.19559e-84
10142	4.11519e-84
10143	4.03634e-84
10144	3.95899e-84
10145	3.88312e-84
10146	3.80871e-84
10147	3.73573e-84
10148	3.66414e-84
10149	3.59392e-84
10150	3.52505e-84
10151	3.4575e-84
10152	3.39125e-84
10153	3.32626e-84
10154	3.26252e-84
10155	3.2e-84
10156	3.13868e-84
10157	3.07853e-84
10158	3.01953e-84
10159	2.96167e-84
10160	2.90491e-84
10161	2.84925e-84
10162	2.79465e-84
10163	2.74109e-84
10164	2.68856e-84
10165	2.63704e-84
10166	2.58651e-84
10167	2.53694e-84
10168	2.48832e-84
10169	2.44064e-84
10170	2.39387e-84
10171	2.34799e-84
10172	2.30299e-84
10173	2.25886e-84
10174	2.21557e-84
10175	2.17311e-84
10176	2.13147e-84
10177	2.09062e-84
10178	2.05056e-84
10179	2.01126e-84
10180	1.97272e-84
10181	1.93491e-84
10182	1.89783e-84
10183	1.86146e-84
10184	1.82579e-84
10185	1.7908e-84
10186	1.75648e-84
10187	1.72282e-84
10188	1.6898e-84
10189	1.65742e-84
10190	1.62566e-84
10191	1.5945e-84
10192	1.56394e-84
10193	1.53397e-84
10194	1.50457e-84
10195	1.47574e-84
10196	1.44746e-84
10197	1.41972e-84
10198	1.39251e-84
10199	1.36582e-84
10200	1.33965e-84
10201	1.31398e-84
10202	1.28879e-84
10203	1.26409e-84
10204	1.23987e-84
10205	1.21611e-84
10206	1.1928e-84
10207	1.16994e-84
10208	1.14752e-84
10209	1.12553e-84
10210	1.10396e-84
10211	1.0828e-84
10212	1.06205e-84
10213	1.04169e-84
10214	1.02173e-84
10215	1.00215e-84
10216	9.82943e-85
10217	9.64104e-85
10218	9.45627e-85
10219	9.27504e-85
10220	9.09729e-85
10221	8.92294e-85
10222	8.75193e-85
10223	8.58419e-85
10224	8.41968e-85
10225	8.25831e-85
10226	8.10004e-85
10227	7.9448e-85
10228	7.79253e-85
10229	7.64319e-85
10230	7.4967e-85
10231	7.35302e-85
10232	7.2121e-85
10233	7.07388e-85
10234	6.9383e-85
10235	6.80533e-85
10236	6.6749e-85
10237	6.54697e-85
10238	6.42149e-85
10239	6.29842e-85
10240	6.17771e-85
10241	6.05931e-85
10242	5.94318e-85
10243	5.82927e-85
10244	5.71755e-85
10245	5.60797e-85
10246	5.50048e-85
10247	5.39506e-85
10248	5.29166e-85
10249	5.19024e-85
10250	5.09076e-85
10251	4.9932e-85
10252	4.8975e-85
10253	4.80363e-85
10254	4.71156e-85
10255	4.62126e-85
10256	4.53269e-85
10257	4.44581e-85
10258	4.3606e-85
10259	4.27703e-85
10260	4.19505e-85
10261	4.11465e-85
10262	4.03579e-85
10263	3.95843e-85
10264	3.88257e-85
10265	3.80815e-85
10266	3.73516e-85
10267	3.66357e-85
10268	3.59335e-85
10269	3.52448e-85
10270	3.45693e-85
10271	3.39067e-85
10272	3.32568e-85
10273	3.26194e-85
10274	3.19942e-85
10275	3.1381e-85
10276	3.07795e-85
10277	3.01896e-85
10278	2.96109e-85
10279	2.90434e-85
10280	2.84867e-85
10281	2.79407e-85
10282	2.74052e-85
10283	2.68799e-85
10284	2.63647e-85
10285	2.58594e-85
10286	2.53637e-85
10287	2.48776e-85
10288	2.44007e-85
10289	2.3933e-85
10290	2.34743e-85
10291	2.30244e-85
10292	2.25831e-85
10293	2.21502e-85
10294	2.17256e-85
10295	2.13092e-85
10296	2.09008e-85
10297	2.05002e-85
10298	2.01072e-85
10299	1.97218e-85
10300	1.93438e-85
10301	1.8973e-85
10302	1.86094e-85
10303	1.82527e-85
10304	1.79028e-85
10305	1.75597e-85
10306	1.72231e-85
10307	1.68929e-85
10308	1.65691e-85
10309	1.62516e-85
10310	1.594e-85
10311	1.56345e-85
10312	1.53348e-85
10313	1.50409e-85
10314	1.47526e-85
10315	1.44698e-85
10316	1.41925e-85
10317	1.39204e-85
10318	1.36536e-85
10319	1.33919e-85
10320	1.31352e-85
10321	1.28834e-85
10322	1.26365e-85
10323	1.23942e-85
10324	1.21567e-85
10325	1.19236e-85
10326	1.16951e-85
10327	1.14709e-85
10328	1.1251e-85
10329	1.10354e-85
10330	1.08238e-85
10331	1.06164e-85
10332	1.04129e-85
10333	1.02133e-85
10334	1.00175e-85
10335	9.82547e-86
10336	9.63713e-86
10337	9.4524e-86
10338	9.27121e-86
10339	9.09349e-86
10340	8.91918e-86
10341	8.74822e-86
10342	8.58052e-86
10343	8.41605e-86
10344	8.25472e-86
10345	8.09649e-86
10346	7.94129e-86
10347	7.78906e-86
10348	7.63975e-86
10349	7.49331e-86
10350	7.34967e-86
10351	7.20878e-86
10352	7.0706e-86
10353	6.93506e-86
10354	6.80212e-86
10355	6.67173e-86
10356	6.54384e-86
10357	6.4184e-86
10358	6.29536e-86
10359	6.17469e-86
10360	6.05632e-86
10361	5.94023e-86
10362	5.82636e-86
10363	5.71467e-86
10364	5.60512e-86
10365	5.49768e-86
10366	5.39229e-86
10367	5.28892e-86
10368	5.18754e-86
10369	5.08809e-86
10370	4.99056e-86
10371	4.89489e-86
10372	4.80106e-86
10373	4.70902e-86
10374	4.61875e-86
10375	4.53021e-86
10376	4.44337e-86
10377	4.35819e-86
10378	4.27464e-86
10379	4.1927e-86
10380	4.11233e-86
10381	4.03349e-86
10382	3.95617e-86
10383	3.88033e-86
10384	3.80595e-86
10385	3.73299e-86
10386	3.66143e-86
10387	3.59124e-86
10388	3.52239e-86
10389	3.45487e-86
10390	3.38864e-86
10391	3.32368e-86
10392	3.25996e-86
10393	3.19747e-86
10394	3.13617e-86
10395	3.07605e-86
10396	3.01708e-86
10397	2.95924e-86
10398	2.90251e-86
10399	2.84687e-86
10400	2.79229e-86
10401	2.73876e-86
10402	2.68626e-86
10403	2.63476e-86
10404	2.58425e-86
10405	2.53471e-86
10406	2.48612e-86
10407	2.43846e-86
10408	2.39171e-86
10409	2.34586e-86
10410	2.30089e-86
10411	2.25678e-86
10412	2.21352e-86
10413	2.17108e-86
10414	2.12946e-86
10415	2.08864e-86
10416	2.0486e-86
10417	2.00932e-86
10418	1.9708e-86
10419	1.93302e-86
10420	1.89596e-86
10421	1.85961e-86
10422	1.82396e-86
10423	1.789e-86
10424	1.7547e-86
10425	1.72106e-86
10426	1.68806e-86
10427	1.6557e-86
10428	1.62396e-86
10429	1.59283e-86
10430	1.56229e-86
10431	1.53234e-86
10432	1.50296e-86
10433	1.47415e-86
10434	1.44589e-86
10435	1.41817e-86
10436	1.39098e-86
10437	1.36431e-86
10438	1.33816e-86
10439	1.3125e-86
10440	1.28734e-86
10441	1.26266e-86
10442	1.23845e-86
10443	1.21471e-86
10444	1.19142e-86
10445	1.16858e-86
10446	1.14617e-86
10447	1.1242e-86
10448	1.10265e-86
10449	1.08151e-86
10450	1.06077e-86
10451	1.04044e-86
10452	1.02049e-86
10453	1.00092e-86
10454	9.81734e-87
10455	9.62912e-87
10456	9.44451e-87
10457	9.26344e-87
10458	9.08584e-87
10459	8.91164e-87
10460	8.74079e-87
10461	8.57321e-87
10462	8.40884e-87
10463	8.24762e-87
10464	8.0895e-87
10465	7.9344e-87
10466	7.78228e-87
10467	7.63308e-87
10468	7.48673e-87
10469	7.34319e-87
10470	7.20241e-87
10471	7.06432e-87
10472	6.92888e-87
10473	6.79603e-87
10474	6.66574e-87
10475	6.53794e-87
10476	6.41259e-87
10477	6.28964e-87
10478	6.16905e-87
10479	6.05078e-87
10480	5.93477e-87
10481	5.82098e-87
10482	5.70937e-87
10483	5.59991e-87
10484	5.49254e-87
10485	5.38724e-87
10486	5.28395e-87
10487	5.18264e-87
10488	5.08327e-87
10489	4.98581e-87
10490	4.89022e-87
10491	4.79646e-87
10492	4.70449e-87
10493	4.61429e-87
10494	4.52582e-87
10495	4.43905e-87
10496	4.35394e-87
10497	4.27046e-87
10498	4.18858e-87
10499	4.10827e-87
10500	4.0295e-87
10501	3.95224e-87
10502	3.87647e-87
10503	3.80214e-87
10504	3.72924e-87
10505	3.65774e-87
10506	3.58761e-87
10507	3.51882e-87
10508	3.45135e-87
10509	3.38518e-87
10510	3.32027e-87
10511	3.25661e-87
10512	3.19417e-87
10513	3.13292e-87
10514	3.07285e-87
10515	3.01394e-87
10516	2.95615e-87
10517	2.89947e-87
10518	2.84387e-87
10519	2.78934e-87
10520	2.73586e-87
10521	2.68341e-87
10522	2.63195e-87
10523	2.58149e-87
10524	2.53199e-87
10525	2.48344e-87
10526	2.43583e-87
10527	2.38912e-87
10528	2.34331e-87
10529	2.29838e-87
10530	2.25431e-87
10531	2.21109e-87
10532	2.16869e-87
10533	2.12711e-87
10534	2.08632e-87
10535	2.04632e-87
10536	2.00708e-87
10537	1.9686e-87
10538	1.93085e-87
10539	1.89383e-87
10540	1.85751e-87
10541	1.8219e-87
10542	1.78696e-87
10543	1.7527e-87
10544	1.71909e-87
10545	1.68613e-87
10546	1.6538e-87
10547	1.62209e-87
10548	1.59098e-87
10549	1.56048e-87
10550	1.53056e-87
10551	1.50121e-87
10552	1.47242e-87
10553	1.44419e-87
10554	1.4165e-87
10555	1.38934e-87
10556	1.36269e-87
10557	1.33657e-87
10558	1.31094e-87
10559	1.2858e-87
10560	1.26114e-87
10561	1.23696e-87
10562	1.21324e-87
10563	1.18998e-87
10564	1.16716e-87
10565	1.14478e-87
10566	1.12283e-87
10567	1.1013e-87
10568	1.08018e-87
10569	1.05947e-87
10570	1.03915e-87
10571	1.01923e-87
10572	9.99682e-88
10573	9.80513e-88
10574	9.61711e-88
10575	9.4327e-88
10576	9.25183e-88
10577	9.07442e-88
10578	8.90041e-88
10579	8.72974e-88
10580	8.56234e-88
10581	8.39815e-88
10582	8.23711e-88
10583	8.07916e-88
10584	7.92424e-88
10585	7.77229e-88
10586	7.62325e-88
10587	7.47706e-88
10588	7.33369e-88
10589	7.19306e-88
10590	7.05512e-88
10591	6.91983e-88
10592	6.78714e-88
10593	6.65699e-88
10594	6.52934e-88
10595	6.40413e-88
10596	6.28132e-88
10597	6.16087e-88
10598	6.04273e-88
10599	5.92686e-88
10600	5.8132e-88
10601	5.70173e-88
10602	5.59239e-88
10603	5.48515e-88
10604	5.37996e-88
10605	5.2768e-88
10606	5.17561e-88
10607	5.07636e-88
10608	4.97901e-88
10609	4.88353e-88
10610	4.78988e-88
10611	4.69803e-88
10612	4.60794e-88
10613	4.51957e-88
10614	4.4329e-88
10615	4.3479e-88
10616	4.26452e-88
10617	4.18274e-88
10618	4.10253e-88
10619	4.02386e-88
10620	3.94669e-88
10621	3.87101e-88
10622	3.79677e-88
10623	3.72396e-88
10624	3.65255e-88
10625	3.58251e-88
10626	3.5138e-88
10627	3.44642e-88
10628	3.38033e-88
10629	3.3155e-88
10630	3.25192e-88
10631	3.18956e-88
10632	3.12839e-88
10633	3.0684e-88
10634	3.00956e-88
10635	2.95184e-88
10636	2.89524e-88
10637	2.83971e-88
10638	2.78526e-88
10639	2.73184e-88
10640	2.67945e-88
10641	2.62807e-88
10642	2.57767e-88
10643	2.52824e-88
10644	2.47975e-88
10645	2.4322e-88
10646	2.38555e-88
10647	2.3398e-88
10648	2.29493e-88
10649	2.25092e-88
10650	2.20775e-88
10651	2.16541e-88
10652	2.12389e-88
10653	2.08316e-88
10654	2.04321e-88
10655	2.00402e-88
10656	1.96559e-88
10657	1.92789e-88
10658	1.89092e-88
10659	1.85466e-88
10660	1.81909e-88
10661	1.7842e-88
10662	1.74999e-88
10663	1.71643e-88
10664	1.68351e-88
10665	1.65122e-88
10666	1.61955e-88
10667	1.58849e-88
10668	1.55803e-88
10669	1.52815e-88
10670	1.49884e-88
10671	1.4701e-88
10672	1.4419e-88
10673	1.41425e-88
10674	1.38713e-88
10675	1.36053e-88
10676	1.33443e-88
10677	1.30884e-88
10678	1.28374e-88
10679	1.25912e-88
10680	1.23497e-88
10681	1.21129e-88
10682	1.18806e-88
10683	1.16527e-88
10684	1.14292e-88
10685	1.121e-88
10686	1.0995e-88
10687	1.07842e-88
10688	1.05774e-88
10689	1.03745e-88
10690	1.01755e-88
10691	9.98037e-89
10692	9.78896e-89
10693	9.60122e-89
10694	9.41708e-89
10695	9.23648e-89
10696	9.05933e-89
10697	8.88558e-89
10698	8.71517e-89
10699	8.54802e-89
10700	8.38408e-89
10701	8.22328e-89
10702	8.06557e-89
10703	7.91088e-89
10704	7.75916e-89
10705	7.61034e-89
10706	7.46438e-89
10707	7.32122e-89
10708	7.18081e-89
10709	7.04309e-89
10710	6.90801e-89
10711	6.77552e-89
10712	6.64557e-89
10713	6.51811e-89
10714	6.3931e-89
10715	6.27048e-89
10716	6.15022e-89
10717	6.03226e-89
10718	5.91656e-89
10719	5.80309e-89
10720	5.69179e-89
10721	5.58262e-89
10722	5.47555e-89
10723	5.37053e-89
10724	5.26753e-89
10725	5.1665e-89
10726	5.06741e-89
10727	4.97022e-89
10728	4.87489e-89
10729	4.78139e-89
10730	4.68968e-89
10731	4.59974e-89
10732	4.51152e-89
10733	4.42499e-89
10734	4.34011e-89
10735	4.25687e-89
10736	4.17523e-89
10737	4.09515e-89
10738	4.0166e-89
10739	3.93956e-89
10740	3.864e-89
10741	3.78989e-89
10742	3.7172e-89
10743	3.6459e-89
10744	3.57597e-89
10745	3.50739e-89
10746	3.44011e-89
10747	3.37413e-89
10748	3.30942e-89
10749	3.24594e-89
10750	3.18368e-89
10751	3.12262e-89
10752	3.06273e-89
10753	3.00398e-89
10754	2.94636e-89
10755	2.88985e-89
10756	2.83442e-89
10757	2.78006e-89
10758	2.72673e-89
10759	2.67443e-89
10760	2.62314e-89
10761	2.57282e-89
10762	2.52348e-89
10763	2.47507e-89
10764	2.4276e-89
10765	2.38104e-89
10766	2.33537e-89
10767	2.29057e-89
10768	2.24664e-89
10769	2.20355e-89
10770	2.16128e-89
10771	2.11982e-89
10772	2.07916e-89
10773	2.03928e-89
10774	2.00017e-89
10775	1.9618e-89
10776	1.92417e-89
10777	1.88727e-89
10778	1.85107e-89
10779	1.81556e-89
10780	1.78074e-89
10781	1.74658e-89
10782	1.71308e-89
10783	1.68022e-89
10784	1.64799e-89
10785	1.61638e-89
10786	1.58538e-89
10787	1.55497e-89
10788	1.52514e-89
10789	1.49589e-89
10790	1.46719e-89
10791	1.43905e-89
10792	1.41145e-89
10793	1.38437e-89
10794	1.35782e-89
10795	1.33177e-89
10796	1.30623e-89
10797	1.28117e-89
10798	1.2566e-89
10799	1.2325e-89
10800	1.20885e-89
10801	1.18567e-89
10802	1.16292e-89
10803	1.14062e-89
10804	1.11874e-89
10805	1.09728e-89
10806	1.07623e-89
10807	1.05559e-89
10808	1.03534e-89
10809	1.01548e-89
10810	9.96e-90
10811	9.76894e-90
10812	9.58156e-90
10813	9.39776e-90
10814	9.21749e-90
10815	9.04068e-90
10816	8.86727e-90
10817	8.69717e-90
10818	8.53034e-90
10819	8.36671e-90
10820	8.20622e-90
10821	8.04881e-90
10822	7.89441e-90
10823	7.74298e-90
10824	7.59445e-90
10825	7.44877e-90
10826	7.30589e-90
10827	7.16574e-90
10828	7.02829e-90
10829	6.89347e-90
10830	6.76124e-90
10831	6.63154e-90
10832	6.50433e-90
10833	6.37956e-90
10834	6.25718e-90
10835	6.13715e-90
10836	6.01943e-90
10837	5.90396e-90
10838	5.79071e-90
10839	5.67962e-90
10840	5.57067e-90
10841	5.46381e-90
10842	5.359e-90
10843	5.2562e-90
10844	5.15537e-90
10845	5.05648e-90
10846	4.95948e-90
10847	4.86434e-90
10848	4.77103e-90
10849	4.67951e-90
10850	4.58974e-90
10851	4.5017e-90
10852	4.41534e-90
10853	4.33064e-90
10854	4.24757e-90
10855	4.16608e-90
10856	4.08617e-90
10857	4.00778e-90
10858	3.9309e-90
10859	3.85549e-90
10860	3.78153e-90
10861	3.70899e-90
10862	3.63784e-90
10863	3.56805e-90
10864	3.4996e-90
10865	3.43247e-90
10866	3.36662e-90
10867	3.30204e-90
10868	3.2387e-90
10869	3.17657e-90
10870	3.11563e-90
10871	3.05586e-90
10872	2.99724e-90
10873	2.93974e-90
10874	2.88335e-90
10875	2.82803e-90
10876	2.77378e-90
10877	2.72057e-90
10878	2.66838e-90
10879	2.61719e-90
10880	2.56698e-90
10881	2.51774e-90
10882	2.46944e-90
10883	2.42206e-90
10884	2.3756e-90
10885	2.33003e-90
10886	2.28533e-90
10887	2.24149e-90
10888	2.19848e-90
10889	2.15631e-90
10890	2.11494e-90
10891	2.07437e-90
10892	2.03457e-90
10893	1.99554e-90
10894	1.95726e-90
10895	1.91971e-90
10896	1.88288e-90
10897	1.84676e-90
10898	1.81133e-90
10899	1.77658e-90
10900	1.7425e-90
10901	1.70907e-90
10902	1.67629e-90
10903	1.64413e-90
10904	1.61258e-90
10905	1.58165e-90
10906	1.55131e-90
10907	1.52154e-90
10908	1.49235e-90
10909	1.46372e-90
10910	1.43564e-90
10911	1.4081e-90
10912	1.38109e-90
10913	1.35459e-90
10914	1.3286e-90
10915	1.30312e-90
10916	1.27812e-90
10917	1.2536e-90
10918	1.22955e-90
10919	1.20596e-90
10920	1.18282e-90
10921	1.16013e-90
10922	1.13787e-90
10923	1.11604e-90
10924	1.09463e-90
10925	1.07363e-90
10926	1.05303e-90
10927	1.03283e-90
10928	1.01301e-90
10929	9.9358e-91
10930	9.74518e-91
10931	9.55822e-91
10932	9.37484e-91
10933	9.19499e-91
10934	9.01858e-91
10935	8.84555e-91
10936	8.67585e-91
10937	8.5094e-91
10938	8.34615e-91
10939	8.18602e-91
10940	8.02897e-91
10941	7.87493e-91
10942	7.72385e-91
10943	7.57566e-91
10944	7.43032e-91
10945	7.28777e-91
10946	7.14795e-91
10947	7.01081e-91
10948	6.8763e-91
10949	6.74438e-91
10950	6.61498e-91
10951	6.48807e-91
10952	6.36359e-91
10953	6.2415e-91
10954	6.12175e-91
10955	6.0043e-91
10956	5.88911e-91
10957	5.77612e-91
10958	5.6653e-91
10959	5.55661e-91
10960	5.45e-91
10961	5.34543e-91
10962	5.24288e-91
10963	5.14229e-91
10964	5.04363e-91
10965	4.94686e-91
10966	4.85195e-91
10967	4.75886e-91
10968	4.66756e-91
10969	4.578e-91
10970	4.49017e-91
10971	4.40402e-91
10972	4.31952e-91
10973	4.23665e-91
10974	4.15536e-91
10975	4.07564e-91
10976	3.99744e-91
10977	3.92075e-91
10978	3.84552e-91
10979	3.77174e-91
10980	3.69937e-91
10981	3.6284e-91
10982	3.55878e-91
10983	3.4905e-91
10984	3.42353e-91
10985	3.35784e-91
10986	3.29342e-91
10987	3.23023e-91
10988	3.16825e-91
10989	3.10746e-91
10990	3.04784e-91
10991	2.98936e-91
10992	2.93201e-91
10993	2.87575e-91
10994	2.82057e-91
10995	2.76646e-91
10996	2.71338e-91
10997	2.66132e-91
10998	2.61025e-91
10999	2.56017e-91
11000	2.51105e-91
11001	2.46287e-91
11002	2.41562e-91
11003	2.36927e-91
11004	2.32381e-91
11005	2.27922e-91
11006	2.23549e-91
11007	2.1926e-91
11008	2.15053e-91
11009	2.10926e-91
11010	2.06879e-91
11011	2.0291e-91
11012	1.99017e-91
11013	1.95198e-91
11014	1.91453e-91
11015	1.87779e-91
11016	1.84176e-91
11017	1.80642e-91
11018	1.77176e-91
11019	1.73777e-91
11020	1.70443e-91
11021	1.67172e-91
11022	1.63965e-91
11023	1.60818e-91
11024	1.57733e-91
11025	1.54706e-91
11026	1.51738e-91
11027	1.48826e-91
11028	1.45971e-91
11029	1.4317e-91
11030	1.40423e-91
11031	1.37728e-91
11032	1.35086e-91
11033	1.32494e-91
11034	1.29951e-91
11035	1.27458e-91
11036	1.25012e-91
11037	1.22614e-91
11038	1.20261e-91
11039	1.17953e-91
11040	1.1569e-91
11041	1.1347e-91
11042	1.11293e-91
11043	1.09157e-91
11044	1.07063e-91
11045	1.05009e-91
11046	1.02994e-91
11047	1.01017e-91
11048	9.90791e-92
11049	9.71779e-92
11050	9.53132e-92
11051	9.34843e-92
11052	9.16905e-92
11053	8.99312e-92
11054	8.82055e-92
11055	8.6513e-92
11056	8.4853e-92
11057	8.32248e-92
11058	8.16278e-92
11059	8.00615e-92
11060	7.85253e-92
11061	7.70185e-92
11062	7.55406e-92
11063	7.40911e-92
11064	7.26694e-92
11065	7.1275e-92
11066	6.99073e-92
11067	6.85659e-92
11068	6.72502e-92
11069	6.59597e-92
11070	6.46941e-92
11071	6.34527e-92
11072	6.22351e-92
11073	6.10409e-92
11074	5.98696e-92
11075	5.87207e-92
11076	5.7594e-92
11077	5.64888e-92
11078	5.54048e-92
11079	5.43417e-92
11080	5.32989e-92
11081	5.22762e-92
11082	5.1273e-92
11083	5.02891e-92
11084	4.93241e-92
11085	4.83777e-92
11086	4.74493e-92
11087	4.65388e-92
11088	4.56458e-92
11089	4.47699e-92
11090	4.39108e-92
11091	4.30682e-92
11092	4.22417e-92
11093	4.14311e-92
11094	4.06361e-92
11095	3.98563e-92
11096	3.90915e-92
11097	3.83413e-92
11098	3.76056e-92
11099	3.6884e-92
11100	3.61762e-92
11101	3.5482e-92
11102	3.48011e-92
11103	3.41333e-92
11104	3.34783e-92
11105	3.28358e-92
11106	3.22057e-92
11107	3.15877e-92
11108	3.09816e-92
11109	3.0387e-92
11110	2.98039e-92
11111	2.9232e-92
11112	2.8671e-92
11113	2.81208e-92
11114	2.75812e-92
11115	2.70519e-92
11116	2.65328e-92
11117	2.60236e-92
11118	2.55242e-92
11119	2.50344e-92
11120	2.4554e-92
11121	2.40828e-92
11122	2.36207e-92
11123	2.31674e-92
11124	2.27228e-92
11125	2.22868e-92
11126	2.18591e-92
11127	2.14396e-92
11128	2.10282e-92
11129	2.06246e-92
11130	2.02288e-92
11131	1.98406e-92
11132	1.94599e-92
11133	1.90864e-92
11134	1.87202e-92
11135	1.83609e-92
11136	1.80086e-92
11137	1.7663e-92
11138	1.7324e-92
11139	1.69916e-92
11140	1.66655e-92
11141	1.63457e-92
11142	1.6032e-92
11143	1.57243e-92
11144	1.54226e-92
11145	1.51266e-92
11146	1.48363e-92
11147	1.45516e-92
11148	1.42723e-92
11149	1.39984e-92
11150	1.37298e-92
11151	1.34663e-92
11152	1.32079e-92
11153	1.29544e-92
11154	1.27058e-92
11155	1.2462e-92
11156	1.22228e-92
11157	1.19882e-92
11158	1.17582e-92
11159	1.15325e-92
11160	1.13112e-92
11161	1.10941e-92
11162	1.08812e-92
11163	1.06724e-92
11164	1.04676e-92
11165	1.02667e-92
11166	1.00697e-92
11167	9.87642e-93
11168	9.68688e-93
11169	9.50098e-93
11170	9.31864e-93
11171	9.13981e-93
11172	8.9644e-93
11173	8.79236e-93
11174	8.62363e-93
11175	8.45813e-93
11176	8.2958e-93
11177	8.1366e-93
11178	7.98044e-93
11179	7.82729e-93
11180	7.67707e-93
11181	7.52973e-93
11182	7.38523e-93
11183	7.24349e-93
11184	7.10448e-93
11185	6.96813e-93
11186	6.8344e-93
11187	6.70324e-93
11188	6.57459e-93
11189	6.44841e-93
11190	6.32466e-93
11191	6.20328e-93
11192	6.08422e-93
11193	5.96746e-93
11194	5.85293e-93
11195	5.7406e-93
11196	5.63043e-93
11197	5.52237e-93
11198	5.41638e-93
11199	5.31243e-93
11200	5.21048e-93
11201	5.11048e-93
11202	5.0124e-93
11203	4.9162e-93
11204	4.82185e-93
11205	4.7293e-93
11206	4.63854e-93
11207	4.54952e-93
11208	4.4622e-93
11209	4.37656e-93
11210	4.29256e-93
11211	4.21018e-93
11212	4.12938e-93
11213	4.05012e-93
11214	3.97239e-93
11215	3.89615e-93
11216	3.82138e-93
11217	3.74804e-93
11218	3.6761e-93
11219	3.60555e-93
11220	3.53635e-93
11221	3.46848e-93
11222	3.40191e-93
11223	3.33662e-93
11224	3.27258e-93
11225	3.20977e-93
11226	3.14817e-93
11227	3.08774e-93
11228	3.02848e-93
11229	2.97036e-93
11230	2.91335e-93
11231	2.85743e-93
11232	2.80259e-93
11233	2.7488e-93
11234	2.69604e-93
11235	2.6443e-93
11236	2.59355e-93
11237	2.54377e-93
11238	2.49495e-93
11239	2.44706e-93
11240	2.40009e-93
11241	2.35403e-93
11242	2.30885e-93
11243	2.26453e-93
11244	2.22107e-93
11245	2.17844e-93
11246	2.13663e-93
11247	2.09562e-93
11248	2.0554e-93
11249	2.01595e-93
11250	1.97726e-93
11251	1.93931e-93
11252	1.90209e-93
11253	1.86558e-93
11254	1.82977e-93
11255	1.79465e-93
11256	1.76021e-93
11257	1.72642e-93
11258	1.69329e-93
11259	1.66079e-93
11260	1.62891e-93
11261	1.59765e-93
11262	1.56698e-93
11263	1.53691e-93
11264	1.50741e-93
11265	1.47847e-93
11266	1.4501e-93
11267	1.42226e-93
11268	1.39497e-93
11269	1.36819e-93
11270	1.34193e-93
11271	1.31617e-93
11272	1.29091e-93
11273	1.26613e-93
11274	1.24183e-93
11275	1.218e-93
11276	1.19462e-93
11277	1.17169e-93
11278	1.1492e-93
11279	1.12714e-93
11280	1.10551e-93
11281	1.08429e-93
11282	1.06348e-93
11283	1.04306e-93
11284	1.02304e-93
11285	1.00341e-93
11286	9.84147e-94
11287	9.65257e-94
11288	9.4673e-94
11289	9.28558e-94
11290	9.10735e-94
11291	8.93254e-94
11292	8.76109e-94
11293	8.59293e-94
11294	8.42799e-94
11295	8.26622e-94
11296	8.10756e-94
11297	7.95194e-94
11298	7.7993e-94
11299	7.6496e-94
11300	7.50277e-94
11301	7.35876e-94
11302	7.21751e-94
11303	7.07897e-94
11304	6.94309e-94
11305	6.80982e-94
11306	6.67911e-94
11307	6.55091e-94
11308	6.42517e-94
11309	6.30184e-94
11310	6.18088e-94
11311	6.06224e-94
11312	5.94587e-94
11313	5.83174e-94
11314	5.7198e-94
11315	5.61001e-94
11316	5.50233e-94
11317	5.39671e-94
11318	5.29312e-94
11319	5.19152e-94
11320	5.09187e-94
11321	4.99413e-94
11322	4.89827e-94
11323	4.80425e-94
11324	4.71203e-94
11325	4.62158e-94
11326	4.53287e-94
11327	4.44586e-94
11328	4.36052e-94
11329	4.27682e-94
11330	4.19473e-94
11331	4.11421e-94
11332	4.03523e-94
11333	3.95778e-94
11334	3.88181e-94
11335	3.80729e-94
11336	3.73421e-94
11337	3.66253e-94
11338	3.59223e-94
11339	3.52327e-94
11340	3.45564e-94
11341	3.38931e-94
11342	3.32425e-94
11343	3.26044e-94
11344	3.19785e-94
11345	3.13647e-94
11346	3.07626e-94
11347	3.01721e-94
11348	2.95929e-94
11349	2.90249e-94
11350	2.84677e-94
11351	2.79213e-94
11352	2.73853e-94
11353	2.68596e-94
11354	2.6344e-94
11355	2.58383e-94
11356	2.53423e-94
11357	2.48559e-94
11358	2.43787e-94
11359	2.39108e-94
11360	2.34518e-94
11361	2.30016e-94
11362	2.25601e-94
11363	2.2127e-94
11364	2.17022e-94
11365	2.12857e-94
11366	2.0877e-94
11367	2.04763e-94
11368	2.00832e-94
11369	1.96977e-94
11370	1.93196e-94
11371	1.89487e-94
11372	1.8585e-94
11373	1.82282e-94
11374	1.78783e-94
11375	1.75351e-94
11376	1.71985e-94
11377	1.68683e-94
11378	1.65445e-94
11379	1.62269e-94
11380	1.59154e-94
11381	1.56099e-94
11382	1.53103e-94
11383	1.50164e-94
11384	1.47281e-94
11385	1.44454e-94
11386	1.41681e-94
11387	1.38961e-94
11388	1.36293e-94
11389	1.33677e-94
11390	1.31111e-94
11391	1.28594e-94
11392	1.26125e-94
11393	1.23704e-94
11394	1.21329e-94
11395	1.19e-94
11396	1.16716e-94
11397	1.14475e-94
11398	1.12278e-94
11399	1.10122e-94
11400	1.08008e-94
11401	1.05935e-94
11402	1.03901e-94
11403	1.01907e-94
11404	9.99504e-95
11405	9.80316e-95
11406	9.61497e-95
11407	9.43039e-95
11408	9.24935e-95
11409	9.07179e-95
11410	8.89764e-95
11411	8.72683e-95
11412	8.5593e-95
11413	8.39498e-95
11414	8.23382e-95
11415	8.07576e-95
11416	7.92072e-95
11417	7.76867e-95
11418	7.61953e-95
11419	7.47325e-95
11420	7.32979e-95
11421	7.18907e-95
11422	7.05106e-95
11423	6.9157e-95
11424	6.78294e-95
11425	6.65272e-95
11426	6.52501e-95
11427	6.39974e-95
11428	6.27688e-95
11429	6.15638e-95
11430	6.03819e-95
11431	5.92227e-95
11432	5.80858e-95
11433	5.69707e-95
11434	5.5877e-95
11435	5.48043e-95
11436	5.37521e-95
11437	5.27202e-95
11438	5.17081e-95
11439	5.07154e-95
11440	4.97418e-95
11441	4.87869e-95
11442	4.78502e-95
11443	4.69316e-95
11444	4.60306e-95
11445	4.51469e-95
11446	4.42802e-95
11447	4.34301e-95
11448	4.25963e-95
11449	4.17786e-95
11450	4.09765e-95
11451	4.01898e-95
11452	3.94183e-95
11453	3.86615e-95
11454	3.79193e-95
11455	3.71913e-95
11456	3.64773e-95
11457	3.5777e-95
11458	3.50901e-95
11459	3.44164e-95
11460	3.37557e-95
11461	3.31077e-95
11462	3.2472e-95
11463	3.18486e-95
11464	3.12372e-95
11465	3.06375e-95
11466	3.00493e-95
11467	2.94724e-95
11468	2.89066e-95
11469	2.83516e-95
11470	2.78073e-95
11471	2.72734e-95
11472	2.67498e-95
11473	2.62362e-95
11474	2.57325e-95
11475	2.52385e-95
11476	2.4754e-95
11477	2.42787e-95
11478	2.38126e-95
11479	2.33554e-95
11480	2.2907e-95
11481	2.24672e-95
11482	2.20359e-95
11483	2.16128e-95
11484	2.11979e-95
11485	2.07909e-95
11486	2.03917e-95
11487	2.00002e-95
11488	1.96163e-95
11489	1.92396e-95
11490	1.88703e-95
11491	1.8508e-95
11492	1.81526e-95
11493	1.78041e-95
11494	1.74623e-95
11495	1.7127e-95
11496	1.67982e-95
11497	1.64757e-95
11498	1.61594e-95
11499	1.58491e-95
11500	1.55448e-95
11501	1.52464e-95
11502	1.49537e-95
11503	1.46666e-95
11504	1.4385e-95
11505	1.41088e-95
11506	1.38379e-95
11507	1.35722e-95
11508	1.33116e-95
11509	1.30561e-95
11510	1.28054e-95
11511	1.25595e-95
11512	1.23184e-95
11513	1.20819e-95
11514	1.18499e-95
11515	1.16224e-95
11516	1.13993e-95
11517	1.11804e-95
11518	1.09657e-95
11519	1.07552e-95
11520	1.05487e-95
11521	1.03462e-95
11522	1.01475e-95
11523	9.9527e-96
11524	9.76161e-96
11525	9.57419e-96
11526	9.39036e-96
11527	9.21007e-96
11528	9.03324e-96
11529	8.8598e-96
11530	8.68969e-96
11531	8.52285e-96
11532	8.35921e-96
11533	8.19871e-96
11534	8.04129e-96
11535	7.8869e-96
11536	7.73547e-96
11537	7.58695e-96
11538	7.44128e-96
11539	7.2984e-96
11540	7.15827e-96
11541	7.02083e-96
11542	6.88603e-96
11543	6.75382e-96
11544	6.62414e-96
11545	6.49695e-96
11546	6.37221e-96
11547	6.24986e-96
11548	6.12986e-96
11549	6.01217e-96
11550	5.89673e-96
11551	5.78351e-96
11552	5.67246e-96
11553	5.56355e-96
11554	5.45672e-96
11555	5.35195e-96
11556	5.24919e-96
11557	5.1484e-96
11558	5.04955e-96
11559	4.9526e-96
11560	4.8575e-96
11561	4.76424e-96
11562	4.67276e-96
11563	4.58304e-96
11564	4.49504e-96
11565	4.40873e-96
11566	4.32408e-96
11567	4.24105e-96
11568	4.15962e-96
11569	4.07975e-96
11570	4.00142e-96
11571	3.92459e-96
11572	3.84923e-96
11573	3.77532e-96
11574	3.70283e-96
11575	3.63173e-96
11576	3.562e-96
11577	3.49361e-96
11578	3.42652e-96
11579	3.36073e-96
11580	3.2962e-96
11581	3.23291e-96
11582	3.17083e-96
11583	3.10995e-96
11584	3.05024e-96
11585	2.99167e-96
11586	2.93422e-96
11587	2.87788e-96
11588	2.82262e-96
11589	2.76842e-96
11590	2.71527e-96
11591	2.66313e-96
11592	2.61199e-96
11593	2.56184e-96
11594	2.51265e-96
11595	2.4644e-96
11596	2.41708e-96
11597	2.37067e-96
11598	2.32515e-96
11599	2.2805e-96
11600	2.23671e-96
11601	2.19376e-96
11602	2.15164e-96
11603	2.11033e-96
11604	2.0698e-96
11605	2.03006e-96
11606	1.99108e-96
11607	1.95285e-96
11608	1.91535e-96
11609	1.87857e-96
11610	1.8425e-96
11611	1.80712e-96
11612	1.77242e-96
11613	1.73838e-96
11614	1.705e-96
11615	1.67226e-96
11616	1.64015e-96
11617	1.60866e-96
11618	1.57777e-96
11619	1.54747e-96
11620	1.51776e-96
11621	1.48861e-96
11622	1.46003e-96
11623	1.43199e-96
11624	1.4045e-96
11625	1.37753e-96
11626	1.35108e-96
11627	1.32513e-96
11628	1.29969e-96
11629	1.27473e-96
11630	1.25025e-96
11631	1.22624e-96
11632	1.2027e-96
11633	1.1796e-96
11634	1.15695e-96
11635	1.13473e-96
11636	1.11295e-96
11637	1.09157e-96
11638	1.07061e-96
11639	1.05005e-96
11640	1.02989e-96
11641	1.01011e-96
11642	9.90717e-97
11643	9.71693e-97
11644	9.53034e-97
11645	9.34733e-97
11646	9.16784e-97
11647	8.99179e-97
11648	8.81912e-97
11649	8.64977e-97
11650	8.48367e-97
11651	8.32076e-97
11652	8.16098e-97
11653	8.00426e-97
11654	7.85056e-97
11655	7.6998e-97
11656	7.55195e-97
11657	7.40693e-97
11658	7.26469e-97
11659	7.12519e-97
11660	6.98836e-97
11661	6.85416e-97
11662	6.72254e-97
11663	6.59345e-97
11664	6.46683e-97
11665	6.34265e-97
11666	6.22085e-97
11667	6.10139e-97
11668	5.98423e-97
11669	5.86931e-97
11670	5.7566e-97
11671	5.64605e-97
11672	5.53763e-97
11673	5.43129e-97
11674	5.32699e-97
11675	5.22469e-97
11676	5.12436e-97
11677	5.02596e-97
11678	4.92944e-97
11679	4.83478e-97
11680	4.74194e-97
11681	4.65087e-97
11682	4.56156e-97
11683	4.47396e-97
11684	4.38805e-97
11685	4.30378e-97
11686	4.22113e-97
11687	4.14007e-97
11688	4.06057e-97
11689	3.98259e-97
11690	3.90611e-97
11691	3.8311e-97
11692	3.75752e-97
11693	3.68537e-97
11694	3.61459e-97
11695	3.54518e-97
11696	3.4771e-97
11697	3.41032e-97
11698	3.34483e-97
11699	3.2806e-97
11700	3.2176e-97
11701	3.15581e-97
11702	3.0952e-97
11703	3.03576e-97
11704	2.97746e-97
11705	2.92028e-97
11706	2.8642e-97
11707	2.8092e-97
11708	2.75525e-97
11709	2.70234e-97
11710	2.65044e-97
11711	2.59954e-97
11712	2.54962e-97
11713	2.50066e-97
11714	2.45263e-97
11715	2.40553e-97
11716	2.35934e-97
11717	2.31403e-97
11718	2.26959e-97
11719	2.226e-97
11720	2.18325e-97
11721	2.14132e-97
11722	2.1002e-97
11723	2.05987e-97
11724	2.02031e-97
11725	1.98151e-97
11726	1.94346e-97
11727	1.90613e-97
11728	1.86953e-97
11729	1.83362e-97
11730	1.79841e-97
11731	1.76387e-97
11732	1.73e-97
11733	1.69677e-97
11734	1.66419e-97
11735	1.63223e-97
11736	1.60088e-97
11737	1.57013e-97
11738	1.53998e-97
11739	1.51041e-97
11740	1.4814e-97
11741	1.45295e-97
11742	1.42504e-97
11743	1.39768e-97
11744	1.37083e-97
11745	1.34451e-97
11746	1.31869e-97
11747	1.29336e-97
11748	1.26852e-97
11749	1.24416e-97
11750	1.22027e-97
11751	1.19683e-97
11752	1.17385e-97
11753	1.1513e-97
11754	1.12919e-97
11755	1.1075e-97
11756	1.08623e-97
11757	1.06537e-97
11758	1.04491e-97
11759	1.02484e-97
11760	1.00516e-97
11761	9.85857e-98
11762	9.66924e-98
11763	9.48354e-98
11764	9.3014e-98
11765	9.12276e-98
11766	8.94756e-98
11767	8.77571e-98
11768	8.60717e-98
11769	8.44187e-98
11770	8.27974e-98
11771	8.12072e-98
11772	7.96476e-98
11773	7.81179e-98
11774	7.66176e-98
11775	7.51461e-98
11776	7.37029e-98
11777	7.22874e-98
11778	7.0899e-98
11779	6.95374e-98
11780	6.82018e-98
11781	6.6892e-98
11782	6.56073e-98
11783	6.43472e-98
11784	6.31114e-98
11785	6.18993e-98
11786	6.07104e-98
11787	5.95444e-98
11788	5.84008e-98
11789	5.72792e-98
11790	5.61791e-98
11791	5.51001e-98
11792	5.40418e-98
11793	5.30039e-98
11794	5.19859e-98
11795	5.09875e-98
11796	5.00082e-98
11797	4.90477e-98
11798	4.81057e-98
11799	4.71818e-98
11800	4.62756e-98
11801	4.53868e-98
11802	4.45151e-98
11803	4.36601e-98
11804	4.28216e-98
11805	4.19992e-98
11806	4.11925e-98
11807	4.04013e-98
11808	3.96254e-98
11809	3.88643e-98
11810	3.81179e-98
11811	3.73858e-98
11812	3.66677e-98
11813	3.59635e-98
11814	3.52727e-98
11815	3.45953e-98
11816	3.39308e-98
11817	3.32791e-98
11818	3.26399e-98
11819	3.2013e-98
11820	3.13982e-98
11821	3.07951e-98
11822	3.02036e-98
11823	2.96235e-98
11824	2.90546e-98
11825	2.84965e-98
11826	2.79492e-98
11827	2.74124e-98
11828	2.68859e-98
11829	2.63695e-98
11830	2.5863e-98
11831	2.53662e-98
11832	2.4879e-98
11833	2.44012e-98
11834	2.39325e-98
11835	2.34728e-98
11836	2.3022e-98
11837	2.25798e-98
11838	2.21461e-98
11839	2.17208e-98
11840	2.13036e-98
11841	2.08944e-98
11842	2.04931e-98
11843	2.00995e-98
11844	1.97134e-98
11845	1.93348e-98
11846	1.89634e-98
11847	1.85992e-98
11848	1.82419e-98
11849	1.78915e-98
11850	1.75479e-98
11851	1.72108e-98
11852	1.68803e-98
11853	1.6556e-98
11854	1.6238e-98
11855	1.59262e-98
11856	1.56203e-98
11857	1.53202e-98
11858	1.5026e-98
11859	1.47374e-98
11860	1.44543e-98
11861	1.41767e-98
11862	1.39044e-98
11863	1.36373e-98
11864	1.33753e-98
11865	1.31184e-98
11866	1.28665e-98
11867	1.26193e-98
11868	1.23769e-98
11869	1.21392e-98
11870	1.1906e-98
11871	1.16773e-98
11872	1.14531e-98
11873	1.12331e-98
11874	1.10173e-98
11875	1.08057e-98
11876	1.05981e-98
11877	1.03946e-98
11878	1.01949e-98
11879	9.99908e-99
11880	9.80702e-99
11881	9.61864e-99
11882	9.43389e-99
11883	9.25268e-99
11884	9.07496e-99
11885	8.90064e-99
11886	8.72968e-99
11887	8.562e-99
11888	8.39754e-99
11889	8.23624e-99
11890	8.07803e-99
11891	7.92287e-99
11892	7.77068e-99
11893	7.62142e-99
11894	7.47503e-99
11895	7.33145e-99
11896	7.19062e-99
11897	7.0525e-99
11898	6.91703e-99
11899	6.78417e-99
11900	6.65385e-99
11901	6.52604e-99
11902	6.40069e-99
11903	6.27774e-99
11904	6.15716e-99
11905	6.03889e-99
11906	5.92289e-99
11907	5.80912e-99
11908	5.69753e-99
11909	5.58809e-99
11910	5.48075e-99
11911	5.37547e-99
11912	5.27222e-99
11913	5.17094e-99
11914	5.07162e-99
11915	4.9742e-99
11916	4.87865e-99
11917	4.78494e-99
11918	4.69302e-99
11919	4.60288e-99
11920	4.51446e-99
11921	4.42774e-99
11922	4.34269e-99
11923	4.25927e-99
11924	4.17746e-99
11925	4.09721e-99
11926	4.01851e-99
11927	3.94132e-99
11928	3.86561e-99
11929	3.79135e-99
11930	3.71852e-99
11931	3.64709e-99
11932	3.57704e-99
11933	3.50833e-99
11934	3.44093e-99
11935	3.37484e-99
11936	3.31001e-99
11937	3.24642e-99
11938	3.18406e-99
11939	3.1229e-99
11940	3.06291e-99
11941	3.00407e-99
11942	2.94637e-99
11943	2.88977e-99
11944	2.83426e-99
11945	2.77982e-99
11946	2.72642e-99
11947	2.67404e-99
11948	2.62268e-99
11949	2.5723e-99
11950	2.52288e-99
11951	2.47442e-99
11952	2.42689e-99
11953	2.38027e-99
11954	2.33454e-99
11955	2.2897e-99
11956	2.24571e-99
11957	2.20257e-99
11958	2.16026e-99
11959	2.11877e-99
11960	2.07806e-99
11961	2.03815e-99
11962	1.99899e-99
11963	1.96059e-99
11964	1.92293e-99
11965	1.88599e-99
11966	1.84976e-99
11967	1.81423e-99
11968	1.77938e-99
11969	1.7452e-99
11970	1.71167e-99
11971	1.67879e-99
11972	1.64654e-99
11973	1.61491e-99
11974	1.58389e-99
11975	1.55346e-99
11976	1.52362e-99
11977	1.49435e-99
11978	1.46564e-99
11979	1.43749e-99
11980	1.40987e-99
11981	1.38279e-99
11982	1.35623e-99
11983	1.33017e-99
11984	1.30462e-99
11985	1.27956e-99
11986	1.25498e-99
11987	1.23087e-99
11988	1.20722e-99
11989	1.18403e-99
11990	1.16129e-99
11991	1.13898e-99
11992	1.1171e-99
11993	1.09564e-99
11994	1.07459e-99
11995	1.05395e-99
11996	1.0337e-99
11997	1.01384e-99
11998	9.94364e-100
11999	9.75262e-100
12000	9.56526e-100
12001	9.38151e-100
12002	9.20128e-100
12003	9.02452e-100
12004	8.85115e-100
12005	8.68112e-100
12006	8.51435e-100
12007	8.35078e-100
12008	8.19035e-100
12009	8.03301e-100
12010	7.87869e-100
12011	7.72733e-100
12012	7.57889e-100
12013	7.43329e-100
12014	7.29049e-100
12015	7.15043e-100
12016	7.01306e-100
12017	6.87834e-100
12018	6.7462e-100
12019	6.6166e-100
12020	6.48948e-100
12021	6.36481e-100
12022	6.24254e-100
12023	6.12261e-100
12024	6.00499e-100
12025	5.88963e-100
12026	5.77648e-100
12027	5.66551e-100
12028	5.55667e-100
12029	5.44992e-100
12030	5.34522e-100
12031	5.24253e-100
12032	5.14181e-100
12033	5.04303e-100
12034	4.94615e-100
12035	4.85113e-100
12036	4.75793e-100
12037	4.66652e-100
12038	4.57687e-100
12039	4.48894e-100
12040	4.4027e-100
12041	4.31812e-100
12042	4.23516e-100
12043	4.1538e-100
12044	4.074e-100
12045	3.99573e-100
12046	3.91897e-100
12047	3.84368e-100
12048	3.76983e-100
12049	3.69741e-100
12050	3.62638e-100
12051	3.55671e-100
12052	3.48838e-100
12053	3.42136e-100
12054	3.35563e-100
12055	3.29116e-100
12056	3.22793e-100
12057	3.16592e-100
12058	3.10509e-100
12059	3.04544e-100
12060	2.98693e-100
12061	2.92955e-100
12062	2.87326e-100
12063	2.81806e-100
12064	2.76392e-100
12065	2.71082e-100
12066	2.65874e-100
12067	2.60766e-100
12068	2.55756e-100
12069	2.50843e-100
12070	2.46023e-100
12071	2.41297e-100
12072	2.36661e-100
12073	2.32114e-100
12074	2.27655e-100
12075	2.23281e-100
12076	2.18991e-100
12077	2.14784e-100
12078	2.10657e-100
12079	2.0661e-100
12080	2.02641e-100
12081	1.98748e-100
12082	1.94929e-100
12083	1.91184e-100
12084	1.87511e-100
12085	1.83908e-100
12086	1.80375e-100
12087	1.7691e-100
12088	1.73511e-100
12089	1.70177e-100
12090	1.66908e-100
12091	1.63701e-100
12092	1.60556e-100
12093	1.57471e-100
12094	1.54446e-100
12095	1.51478e-100
12096	1.48568e-100
12097	1.45714e-100
12098	1.42914e-100
12099	1.40168e-100
12100	1.37475e-100
12101	1.34834e-100
12102	1.32244e-100
12103	1.29703e-100
12104	1.27211e-100
12105	1.24767e-100
12106	1.2237e-100
12107	1.20019e-100
12108	1.17713e-100
12109	1.15451e-100
12110	1.13233e-100
12111	1.11057e-100
12112	1.08924e-100
12113	1.06831e-100
12114	1.04778e-100
12115	1.02765e-100
12116	1.00791e-100
12117	9.88542e-101
12118	9.69549e-101
12119	9.50921e-101
12120	9.32651e-101
12121	9.14732e-101
12122	8.97157e-101
12123	8.79919e-101
12124	8.63013e-101
12125	8.46432e-101
12126	8.30169e-101
12127	8.14219e-101
12128	7.98575e-101
12129	7.83232e-101
12130	7.68183e-101
12131	7.53424e-101
12132	7.38948e-101
12133	7.2475e-101
12134	7.10825e-101
12135	6.97168e-101
12136	6.83773e-101
12137	6.70635e-101
12138	6.5775e-101
12139	6.45112e-101
12140	6.32717e-101
12141	6.2056e-101
12142	6.08637e-101
12143	5.96943e-101
12144	5.85473e-101
12145	5.74224e-101
12146	5.63191e-101
12147	5.5237e-101
12148	5.41757e-101
12149	5.31348e-101
12150	5.21139e-101
12151	5.11126e-101
12152	5.01305e-101
12153	4.91673e-101
12154	4.82226e-101
12155	4.72961e-101
12156	4.63873e-101
12157	4.5496e-101
12158	4.46219e-101
12159	4.37645e-101
12160	4.29236e-101
12161	4.20989e-101
12162	4.129e-101
12163	4.04966e-101
12164	3.97185e-101
12165	3.89554e-101
12166	3.82069e-101
12167	3.74728e-101
12168	3.67528e-101
12169	3.60466e-101
12170	3.5354e-101
12171	3.46747e-101
12172	3.40084e-101
12173	3.3355e-101
12174	3.27141e-101
12175	3.20855e-101
12176	3.1469e-101
12177	3.08643e-101
12178	3.02713e-101
12179	2.96897e-101
12180	2.91192e-101
12181	2.85597e-101
12182	2.80109e-101
12183	2.74727e-101
12184	2.69448e-101
12185	2.64271e-101
12186	2.59193e-101
12187	2.54213e-101
12188	2.49328e-101
12189	2.44537e-101
12190	2.39839e-101
12191	2.3523e-101
12192	2.3071e-101
12193	2.26277e-101
12194	2.2193e-101
12195	2.17665e-101
12196	2.13483e-101
12197	2.09381e-101
12198	2.05358e-101
12199	2.01412e-101
12200	1.97542e-101
12201	1.93746e-101
12202	1.90023e-101
12203	1.86372e-101
12204	1.82791e-101
12205	1.79278e-101
12206	1.75833e-101
12207	1.72455e-101
12208	1.69141e-101
12209	1.65891e-101
12210	1.62703e-101
12211	1.59577e-101
12212	1.56511e-101
12213	1.53503e-101
12214	1.50554e-101
12215	1.47661e-101
12216	1.44824e-101
12217	1.42041e-101
12218	1.39311e-101
12219	1.36635e-101
12220	1.34009e-101
12221	1.31434e-101
12222	1.28908e-101
12223	1.26431e-101
12224	1.24002e-101
12225	1.21619e-101
12226	1.19282e-101
12227	1.1699e-101
12228	1.14742e-101
12229	1.12537e-101
12230	1.10375e-101
12231	1.08254e-101
12232	1.06174e-101
12233	1.04134e-101
12234	1.02133e-101
12235	1.0017e-101
12236	9.82453e-102
12237	9.63575e-102
12238	9.45059e-102
12239	9.26899e-102
12240	9.09088e-102
12241	8.91619e-102
12242	8.74486e-102
12243	8.57682e-102
12244	8.41201e-102
12245	8.25037e-102
12246	8.09183e-102
12247	7.93634e-102
12248	7.78384e-102
12249	7.63426e-102
12250	7.48756e-102
12251	7.34368e-102
12252	7.20257e-102
12253	7.06416e-102
12254	6.92842e-102
12255	6.79528e-102
12256	6.6647e-102
12257	6.53663e-102
12258	6.41103e-102
12259	6.28783e-102
12260	6.167e-102
12261	6.0485e-102
12262	5.93227e-102
12263	5.81827e-102
12264	5.70647e-102
12265	5.59681e-102
12266	5.48926e-102
12267	5.38378e-102
12268	5.28032e-102
12269	5.17885e-102
12270	5.07934e-102
12271	4.98173e-102
12272	4.886e-102
12273	4.79211e-102
12274	4.70002e-102
12275	4.6097e-102
12276	4.52112e-102
12277	4.43424e-102
12278	4.34903e-102
12279	4.26546e-102
12280	4.18349e-102
12281	4.1031e-102
12282	4.02425e-102
12283	3.94692e-102
12284	3.87107e-102
12285	3.79668e-102
12286	3.72372e-102
12287	3.65217e-102
12288	3.58198e-102
12289	3.51315e-102
12290	3.44564e-102
12291	3.37942e-102
12292	3.31448e-102
12293	3.25079e-102
12294	3.18832e-102
12295	3.12705e-102
12296	3.06696e-102
12297	3.00802e-102
12298	2.95022e-102
12299	2.89352e-102
12300	2.83792e-102
12301	2.78338e-102
12302	2.72989e-102
12303	2.67743e-102
12304	2.62598e-102
12305	2.57552e-102
12306	2.52602e-102
12307	2.47748e-102
12308	2.42987e-102
12309	2.38317e-102
12310	2.33738e-102
12311	2.29246e-102
12312	2.2484e-102
12313	2.2052e-102
12314	2.16282e-102
12315	2.12126e-102
12316	2.08049e-102
12317	2.04051e-102
12318	2.0013e-102
12319	1.96284e-102
12320	1.92512e-102
12321	1.88812e-102
12322	1.85184e-102
12323	1.81625e-102
12324	1.78134e-102
12325	1.74711e-102
12326	1.71354e-102
12327	1.68061e-102
12328	1.64831e-102
12329	1.61663e-102
12330	1.58557e-102
12331	1.55509e-102
12332	1.52521e-102
12333	1.4959e-102
12334	1.46715e-102
12335	1.43896e-102
12336	1.4113e-102
12337	1.38418e-102
12338	1.35758e-102
12339	1.33149e-102
12340	1.3059e-102
12341	1.28081e-102
12342	1.25619e-102
12343	1.23205e-102
12344	1.20837e-102
12345	1.18515e-102
12346	1.16237e-102
12347	1.14004e-102
12348	1.11813e-102
12349	1.09664e-102
12350	1.07556e-102
12351	1.05489e-102
12352	1.03462e-102
12353	1.01474e-102
12354	9.95236e-103
12355	9.76109e-103
12356	9.5735e-103
12357	9.38952e-103
12358	9.20907e-103
12359	9.03209e-103
12360	8.85851e-103
12361	8.68826e-103
12362	8.52129e-103
12363	8.35752e-103
12364	8.19691e-103
12365	8.03938e-103
12366	7.88487e-103
12367	7.73334e-103
12368	7.58472e-103
12369	7.43895e-103
12370	7.29599e-103
12371	7.15577e-103
12372	7.01825e-103
12373	6.88337e-103
12374	6.75108e-103
12375	6.62134e-103
12376	6.49408e-103
12377	6.36928e-103
12378	6.24687e-103
12379	6.12681e-103
12380	6.00906e-103
12381	5.89358e-103
12382	5.78031e-103
12383	5.66922e-103
12384	5.56027e-103
12385	5.45341e-103
12386	5.3486e-103
12387	5.24581e-103
12388	5.14499e-103
12389	5.04611e-103
12390	4.94913e-103
12391	4.85401e-103
12392	4.76072e-103
12393	4.66923e-103
12394	4.57949e-103
12395	4.49148e-103
12396	4.40516e-103
12397	4.3205e-103
12398	4.23746e-103
12399	4.15602e-103
12400	4.07615e-103
12401	3.99781e-103
12402	3.92097e-103
12403	3.84562e-103
12404	3.77171e-103
12405	3.69922e-103
12406	3.62812e-103
12407	3.55839e-103
12408	3.49e-103
12409	3.42293e-103
12410	3.35714e-103
12411	3.29262e-103
12412	3.22934e-103
12413	3.16727e-103
12414	3.1064e-103
12415	3.0467e-103
12416	2.98814e-103
12417	2.93071e-103
12418	2.87439e-103
12419	2.81914e-103
12420	2.76496e-103
12421	2.71182e-103
12422	2.6597e-103
12423	2.60858e-103
12424	2.55845e-103
12425	2.50927e-103
12426	2.46105e-103
12427	2.41375e-103
12428	2.36736e-103
12429	2.32186e-103
12430	2.27723e-103
12431	2.23346e-103
12432	2.19054e-103
12433	2.14844e-103
12434	2.10714e-103
12435	2.06665e-103
12436	2.02693e-103
12437	1.98797e-103
12438	1.94976e-103
12439	1.91229e-103
12440	1.87553e-103
12441	1.83949e-103
12442	1.80413e-103
12443	1.76946e-103
12444	1.73545e-103
12445	1.70209e-103
12446	1.66938e-103
12447	1.63729e-103
12448	1.60582e-103
12449	1.57496e-103
12450	1.54469e-103
12451	1.515e-103
12452	1.48588e-103
12453	1.45732e-103
12454	1.42931e-103
12455	1.40184e-103
12456	1.3749e-103
12457	1.34847e-103
12458	1.32255e-103
12459	1.29714e-103
12460	1.2722e-103
12461	1.24775e-103
12462	1.22377e-103
12463	1.20025e-103
12464	1.17718e-103
12465	1.15455e-103
12466	1.13236e-103
12467	1.1106e-103
12468	1.08925e-103
12469	1.06832e-103
12470	1.04778e-103
12471	1.02764e-103
12472	1.00789e-103
12473	9.88521e-104
12474	9.69521e-104
12475	9.50886e-104
12476	9.3261e-104
12477	9.14684e-104
12478	8.97104e-104
12479	8.79861e-104
12480	8.62949e-104
12481	8.46363e-104
12482	8.30095e-104
12483	8.1414e-104
12484	7.98492e-104
12485	7.83144e-104
12486	7.68092e-104
12487	7.53329e-104
12488	7.38849e-104
12489	7.24648e-104
12490	7.1072e-104
12491	6.97059e-104
12492	6.83661e-104
12493	6.7052e-104
12494	6.57632e-104
12495	6.44992e-104
12496	6.32595e-104
12497	6.20436e-104
12498	6.0851e-104
12499	5.96814e-104
12500	5.85343e-104
12501	5.74092e-104
12502	5.63057e-104
12503	5.52235e-104
12504	5.4162e-104
12505	5.3121e-104
12506	5.20999e-104
12507	5.10985e-104
12508	5.01163e-104
12509	4.9153e-104
12510	4.82083e-104
12511	4.72816e-104
12512	4.63728e-104
12513	4.54815e-104
12514	4.46073e-104
12515	4.37499e-104
12516	4.29089e-104
12517	4.20842e-104
12518	4.12753e-104
12519	4.04819e-104
12520	3.97038e-104
12521	3.89406e-104
12522	3.81921e-104
12523	3.7458e-104
12524	3.6738e-104
12525	3.60319e-104
12526	3.53393e-104
12527	3.466e-104
12528	3.39938e-104
12529	3.33404e-104
12530	3.26995e-104
12531	3.2071e-104
12532	3.14545e-104
12533	3.08499e-104
12534	3.02569e-104
12535	2.96753e-104
12536	2.91049e-104
12537	2.85455e-104
12538	2.79968e-104
12539	2.74586e-104
12540	2.69308e-104
12541	2.64132e-104
12542	2.59055e-104
12543	2.54075e-104
12544	2.49191e-104
12545	2.44401e-104
12546	2.39704e-104
12547	2.35096e-104
12548	2.30577e-104
12549	2.26145e-104
12550	2.21798e-104
12551	2.17535e-104
12552	2.13353e-104
12553	2.09252e-104
12554	2.0523e-104
12555	2.01285e-104
12556	1.97416e-104
12557	1.93621e-104
12558	1.89899e-104
12559	1.86249e-104
12560	1.82669e-104
12561	1.79157e-104
12562	1.75714e-104
12563	1.72336e-104
12564	1.69023e-104
12565	1.65774e-104
12566	1.62588e-104
12567	1.59463e-104
12568	1.56397e-104
12569	1.53391e-104
12570	1.50442e-104
12571	1.47551e-104
12572	1.44714e-104
12573	1.41933e-104
12574	1.39204e-104
12575	1.36528e-104
12576	1.33904e-104
12577	1.3133e-104
12578	1.28806e-104
12579	1.2633e-104
12580	1.23901e-104
12581	1.21519e-104
12582	1.19184e-104
12583	1.16893e-104
12584	1.14646e-104
12585	1.12442e-104
12586	1.1028e-104
12587	1.0816e-104
12588	1.06081e-104
12589	1.04042e-104
12590	1.02042e-104
12591	1.00081e-104
12592	9.81568e-105
12593	9.62699e-105
12594	9.44194e-105
12595	9.26043e-105
12596	9.08242e-105
12597	8.90783e-105
12598	8.7366e-105
12599	8.56865e-105
12600	8.40394e-105
12601	8.24239e-105
12602	8.08395e-105
12603	7.92855e-105
12604	7.77614e-105
12605	7.62666e-105
12606	7.48005e-105
12607	7.33626e-105
12608	7.19524e-105
12609	7.05692e-105
12610	6.92126e-105
12611	6.78822e-105
12612	6.65772e-105
12613	6.52974e-105
12614	6.40422e-105
12615	6.28111e-105
12616	6.16037e-105
12617	6.04194e-105
12618	5.9258e-105
12619	5.81188e-105
12620	5.70016e-105
12621	5.59058e-105
12622	5.48311e-105
12623	5.37771e-105
12624	5.27433e-105
12625	5.17294e-105
12626	5.0735e-105
12627	4.97597e-105
12628	4.88031e-105
12629	4.7865e-105
12630	4.69448e-105
12631	4.60424e-105
12632	4.51573e-105
12633	4.42892e-105
12634	4.34378e-105
12635	4.26028e-105
12636	4.17838e-105
12637	4.09806e-105
12638	4.01928e-105
12639	3.94201e-105
12640	3.86623e-105
12641	3.79191e-105
12642	3.71901e-105
12643	3.64752e-105
12644	3.5774e-105
12645	3.50863e-105
12646	3.44118e-105
12647	3.37503e-105
12648	3.31014e-105
12649	3.24651e-105
12650	3.1841e-105
12651	3.12289e-105
12652	3.06285e-105
12653	3.00397e-105
12654	2.94623e-105
12655	2.88959e-105
12656	2.83404e-105
12657	2.77956e-105
12658	2.72612e-105
12659	2.67371e-105
12660	2.62232e-105
12661	2.5719e-105
12662	2.52246e-105
12663	2.47397e-105
12664	2.42641e-105
12665	2.37976e-105
12666	2.33401e-105
12667	2.28914e-105
12668	2.24514e-105
12669	2.20198e-105
12670	2.15964e-105
12671	2.11813e-105
12672	2.07741e-105
12673	2.03747e-105
12674	1.9983e-105
12675	1.95988e-105
12676	1.92221e-105
12677	1.88525e-105
12678	1.84901e-105
12679	1.81346e-105
12680	1.7786e-105
12681	1.74441e-105
12682	1.71087e-105
12683	1.67798e-105
12684	1.64572e-105
12685	1.61409e-105
12686	1.58306e-105
12687	1.55262e-105
12688	1.52277e-105
12689	1.4935e-105
12690	1.46479e-105
12691	1.43663e-105
12692	1.40901e-105
12693	1.38192e-105
12694	1.35535e-105
12695	1.3293e-105
12696	1.30374e-105
12697	1.27868e-105
12698	1.25409e-105
12699	1.22998e-105
12700	1.20634e-105
12701	1.18315e-105
12702	1.1604e-105
12703	1.13809e-105
12704	1.11621e-105
12705	1.09475e-105
12706	1.07371e-105
12707	1.05306e-105
12708	1.03282e-105
12709	1.01296e-105
12710	9.93489e-106
12711	9.74389e-106
12712	9.55656e-106
12713	9.37283e-106
12714	9.19264e-106
12715	9.01591e-106
12716	8.84258e-106
12717	8.67258e-106
12718	8.50584e-106
12719	8.34232e-106
12720	8.18193e-106
12721	8.02463e-106
12722	7.87036e-106
12723	7.71905e-106
12724	7.57065e-106
12725	7.4251e-106
12726	7.28235e-106
12727	7.14234e-106
12728	7.00503e-106
12729	6.87035e-106
12730	6.73827e-106
12731	6.60872e-106
12732	6.48166e-106
12733	6.35705e-106
12734	6.23483e-106
12735	6.11497e-106
12736	5.9974e-106
12737	5.8821e-106
12738	5.76901e-106
12739	5.6581e-106
12740	5.54932e-106
12741	5.44263e-106
12742	5.33799e-106
12743	5.23536e-106
12744	5.13471e-106
12745	5.03599e-106
12746	4.93917e-106
12747	4.84421e-106
12748	4.75108e-106
12749	4.65973e-106
12750	4.57015e-106
12751	4.48228e-106
12752	4.39611e-106
12753	4.31159e-106
12754	4.22869e-106
12755	4.14739e-106
12756	4.06765e-106
12757	3.98945e-106
12758	3.91275e-106
12759	3.83752e-106
12760	3.76374e-106
12761	3.69138e-106
12762	3.62041e-106
12763	3.5508e-106
12764	3.48253e-106
12765	3.41558e-106
12766	3.34991e-106
12767	3.2855e-106
12768	3.22234e-106
12769	3.16038e-106
12770	3.09962e-106
12771	3.04003e-106
12772	2.98158e-106
12773	2.92425e-106
12774	2.86803e-106
12775	2.81289e-106
12776	2.75881e-106
12777	2.70577e-106
12778	2.65374e-106
12779	2.60272e-106
12780	2.55268e-106
12781	2.5036e-106
12782	2.45547e-106
12783	2.40826e-106
12784	2.36195e-106
12785	2.31654e-106
12786	2.272e-106
12787	2.22832e-106
12788	2.18548e-106
12789	2.14346e-106
12790	2.10225e-106
12791	2.06183e-106
12792	2.02219e-106
12793	1.98331e-106
12794	1.94517e-106
12795	1.90777e-106
12796	1.87109e-106
12797	1.83512e-106
12798	1.79984e-106
12799	1.76523e-106
12800	1.73129e-106
12801	1.698e-106
12802	1.66536e-106
12803	1.63334e-106
12804	1.60193e-106
12805	1.57113e-106
12806	1.54092e-106
12807	1.5113e-106
12808	1.48224e-106
12809	1.45374e-106
12810	1.42579e-106
12811	1.39838e-106
12812	1.37149e-106
12813	1.34512e-106
12814	1.31926e-106
12815	1.29389e-106
12816	1.26901e-106
12817	1.24461e-106
12818	1.22068e-106
12819	1.19721e-106
12820	1.17419e-106
12821	1.15162e-106
12822	1.12948e-106
12823	1.10776e-106
12824	1.08646e-106
12825	1.06557e-106
12826	1.04508e-106
12827	1.02499e-106
12828	1.00528e-106
12829	9.85952e-107
12830	9.66994e-107
12831	9.48402e-107
12832	9.30166e-107
12833	9.12282e-107
12834	8.94741e-107
12835	8.77537e-107
12836	8.60664e-107
12837	8.44116e-107
12838	8.27886e-107
12839	8.11967e-107
12840	7.96355e-107
12841	7.81043e-107
12842	7.66026e-107
12843	7.51297e-107
12844	7.36851e-107
12845	7.22683e-107
12846	7.08788e-107
12847	6.95159e-107
12848	6.81793e-107
12849	6.68684e-107
12850	6.55827e-107
12851	6.43216e-107
12852	6.30849e-107
12853	6.18719e-107
12854	6.06822e-107
12855	5.95155e-107
12856	5.83711e-107
12857	5.72487e-107
12858	5.6148e-107
12859	5.50684e-107
12860	5.40095e-107
12861	5.2971e-107
12862	5.19525e-107
12863	5.09536e-107
12864	4.99738e-107
12865	4.90129e-107
12866	4.80705e-107
12867	4.71462e-107
12868	4.62397e-107
12869	4.53506e-107
12870	4.44786e-107
12871	4.36233e-107
12872	4.27845e-107
12873	4.19619e-107
12874	4.1155e-107
12875	4.03637e-107
12876	3.95876e-107
12877	3.88264e-107
12878	3.80798e-107
12879	3.73476e-107
12880	3.66295e-107
12881	3.59251e-107
12882	3.52343e-107
12883	3.45569e-107
12884	3.38924e-107
12885	3.32407e-107
12886	3.26015e-107
12887	3.19746e-107
12888	3.13598e-107
12889	3.07568e-107
12890	3.01654e-107
12891	2.95854e-107
12892	2.90165e-107
12893	2.84585e-107
12894	2.79113e-107
12895	2.73746e-107
12896	2.68483e-107
12897	2.6332e-107
12898	2.58257e-107
12899	2.53291e-107
12900	2.4842e-107
12901	2.43644e-107
12902	2.38959e-107
12903	2.34364e-107
12904	2.29857e-107
12905	2.25437e-107
12906	2.21102e-107
12907	2.16851e-107
12908	2.12681e-107
12909	2.08592e-107
12910	2.04581e-107
12911	2.00647e-107
12912	1.96789e-107
12913	1.93004e-107
12914	1.89293e-107
12915	1.85653e-107
12916	1.82083e-107
12917	1.78582e-107
12918	1.75148e-107
12919	1.7178e-107
12920	1.68477e-107
12921	1.65237e-107
12922	1.6206e-107
12923	1.58944e-107
12924	1.55887e-107
12925	1.5289e-107
12926	1.4995e-107
12927	1.47066e-107
12928	1.44239e-107
12929	1.41465e-107
12930	1.38745e-107
12931	1.36077e-107
12932	1.3346e-107
12933	1.30894e-107
12934	1.28377e-107
12935	1.25908e-107
12936	1.23487e-107
12937	1.21112e-107
12938	1.18784e-107
12939	1.16499e-107
12940	1.14259e-107
12941	1.12062e-107
12942	1.09907e-107
12943	1.07794e-107
12944	1.05721e-107
12945	1.03688e-107
12946	1.01694e-107
12947	9.97385e-108
12948	9.78206e-108
12949	9.59395e-108
12950	9.40946e-108
12951	9.22852e-108
12952	9.05106e-108
12953	8.87701e-108
12954	8.70631e-108
12955	8.53889e-108
12956	8.37469e-108
12957	8.21365e-108
12958	8.0557e-108
12959	7.90079e-108
12960	7.74886e-108
12961	7.59985e-108
12962	7.45371e-108
12963	7.31038e-108
12964	7.1698e-108
12965	7.03192e-108
12966	6.8967e-108
12967	6.76408e-108
12968	6.63401e-108
12969	6.50643e-108
12970	6.38132e-108
12971	6.2586e-108
12972	6.13825e-108
12973	6.02021e-108
12974	5.90444e-108
12975	5.7909e-108
12976	5.67954e-108
12977	5.57032e-108
12978	5.4632e-108
12979	5.35815e-108
12980	5.25511e-108
12981	5.15405e-108
12982	5.05494e-108
12983	4.95773e-108
12984	4.86239e-108
12985	4.76889e-108
12986	4.67718e-108
12987	4.58724e-108
12988	4.49902e-108
12989	4.41251e-108
12990	4.32765e-108
12991	4.24443e-108
12992	4.16281e-108
12993	4.08276e-108
12994	4.00424e-108
12995	3.92724e-108
12996	3.85172e-108
12997	3.77765e-108
12998	3.705e-108
12999	3.63375e-108
13000	3.56387e-108
13001	3.49534e-108
13002	3.42812e-108
13003	3.3622e-108
13004	3.29754e-108
13005	3.23412e-108
13006	3.17193e-108
13007	3.11093e-108
13008	3.05111e-108
13009	2.99243e-108
13010	2.93489e-108
13011	2.87845e-108
13012	2.82309e-108
13013	2.7688e-108
13014	2.71555e-108
13015	2.66333e-108
13016	2.61211e-108
13017	2.56188e-108
13018	2.51261e-108
13019	2.46429e-108
13020	2.4169e-108
13021	2.37042e-108
13022	2.32484e-108
13023	2.28013e-108
13024	2.23628e-108
13025	2.19328e-108
13026	2.1511e-108
13027	2.10973e-108
13028	2.06916e-108
13029	2.02936e-108
13030	1.99034e-108
13031	1.95206e-108
13032	1.91452e-108
13033	1.8777e-108
13034	1.84159e-108
13035	1.80618e-108
13036	1.77144e-108
13037	1.73737e-108
13038	1.70396e-108
13039	1.67119e-108
13040	1.63905e-108
13041	1.60753e-108
13042	1.57662e-108
13043	1.5463e-108
13044	1.51656e-108
13045	1.48739e-108
13046	1.45879e-108
13047	1.43074e-108
13048	1.40322e-108
13049	1.37623e-108
13050	1.34977e-108
13051	1.32381e-108
13052	1.29835e-108
13053	1.27338e-108
13054	1.24889e-108
13055	1.22487e-108
13056	1.20132e-108
13057	1.17822e-108
13058	1.15556e-108
13059	1.13333e-108
13060	1.11154e-108
13061	1.09016e-108
13062	1.0692e-108
13063	1.04863e-108
13064	1.02847e-108
13065	1.00869e-108
13066	9.89288e-109
13067	9.70262e-109
13068	9.51602e-109
13069	9.33301e-109
13070	9.15352e-109
13071	8.97748e-109
13072	8.80483e-109
13073	8.6355e-109
13074	8.46942e-109
13075	8.30654e-109
13076	8.14679e-109
13077	7.99011e-109
13078	7.83644e-109
13079	7.68573e-109
13080	7.53792e-109
13081	7.39295e-109
13082	7.25077e-109
13083	7.11132e-109
13084	6.97456e-109
13085	6.84042e-109
13086	6.70887e-109
13087	6.57984e-109
13088	6.4533e-109
13089	6.32919e-109
13090	6.20746e-109
13091	6.08808e-109
13092	5.97099e-109
13093	5.85616e-109
13094	5.74353e-109
13095	5.63307e-109
13096	5.52473e-109
13097	5.41848e-109
13098	5.31427e-109
13099	5.21206e-109
13100	5.11182e-109
13101	5.01351e-109
13102	4.91709e-109
13103	4.82252e-109
13104	4.72977e-109
13105	4.63881e-109
13106	4.54959e-109
13107	4.46209e-109
13108	4.37628e-109
13109	4.29211e-109
13110	4.20956e-109
13111	4.1286e-109
13112	4.0492e-109
13113	3.97132e-109
13114	3.89494e-109
13115	3.82003e-109
13116	3.74656e-109
13117	3.67451e-109
13118	3.60384e-109
13119	3.53453e-109
13120	3.46655e-109
13121	3.39988e-109
13122	3.33449e-109
13123	3.27036e-109
13124	3.20746e-109
13125	3.14577e-109
13126	3.08527e-109
13127	3.02593e-109
13128	2.96773e-109
13129	2.91065e-109
13130	2.85467e-109
13131	2.79977e-109
13132	2.74592e-109
13133	2.69311e-109
13134	2.64131e-109
13135	2.59051e-109
13136	2.54069e-109
13137	2.49183e-109
13138	2.4439e-109
13139	2.3969e-109
13140	2.3508e-109
13141	2.30558e-109
13142	2.26124e-109
13143	2.21775e-109
13144	2.1751e-109
13145	2.13326e-109
13146	2.09223e-109
13147	2.05199e-109
13148	2.01253e-109
13149	1.97382e-109
13150	1.93586e-109
13151	1.89862e-109
13152	1.86211e-109
13153	1.82629e-109
13154	1.79117e-109
13155	1.75672e-109
13156	1.72293e-109
13157	1.68979e-109
13158	1.65729e-109
13159	1.62541e-109
13160	1.59415e-109
13161	1.56349e-109
13162	1.53342e-109
13163	1.50393e-109
13164	1.475e-109
13165	1.44663e-109
13166	1.41881e-109
13167	1.39152e-109
13168	1.36476e-109
13169	1.33851e-109
13170	1.31276e-109
13171	1.28751e-109
13172	1.26275e-109
13173	1.23846e-109
13174	1.21464e-109
13175	1.19128e-109
13176	1.16837e-109
13177	1.1459e-109
13178	1.12386e-109
13179	1.10224e-109
13180	1.08104e-109
13181	1.06025e-109
13182	1.03985e-109
13183	1.01985e-109
13184	1.00024e-109
13185	9.81e-110
13186	9.62131e-110
13187	9.43626e-110
13188	9.25476e-110
13189	9.07676e-110
13190	8.90217e-110
13191	8.73095e-110
13192	8.56302e-110
13193	8.39832e-110
13194	8.23679e-110
13195	8.07836e-110
13196	7.92298e-110
13197	7.77059e-110
13198	7.62113e-110
13199	7.47454e-110
13200	7.33078e-110
13201	7.18978e-110
13202	7.05149e-110
13203	6.91586e-110
13204	6.78284e-110
13205	6.65237e-110
13206	6.52442e-110
13207	6.39893e-110
13208	6.27585e-110
13209	6.15514e-110
13210	6.03675e-110
13211	5.92064e-110
13212	5.80676e-110
13213	5.69507e-110
13214	5.58553e-110
13215	5.47809e-110
13216	5.37272e-110
13217	5.26938e-110
13218	5.16803e-110
13219	5.06862e-110
13220	4.97113e-110
13221	4.87552e-110
13222	4.78174e-110
13223	4.68976e-110
13224	4.59956e-110
13225	4.51109e-110
13226	4.42432e-110
13227	4.33922e-110
13228	4.25575e-110
13229	4.1739e-110
13230	4.09361e-110
13231	4.01487e-110
13232	3.93765e-110
13233	3.86191e-110
13234	3.78763e-110
13235	3.71477e-110
13236	3.64332e-110
13237	3.57324e-110
13238	3.50451e-110
13239	3.4371e-110
13240	3.37099e-110
13241	3.30615e-110
13242	3.24256e-110
13243	3.18019e-110
13244	3.11902e-110
13245	3.05902e-110
13246	3.00018e-110
13247	2.94247e-110
13248	2.88588e-110
13249	2.83037e-110
13250	2.77592e-110
13251	2.72253e-110
13252	2.67016e-110
13253	2.6188e-110
13254	2.56843e-110
13255	2.51902e-110
13256	2.47057e-110
13257	2.42305e-110
13258	2.37644e-110
13259	2.33073e-110
13260	2.2859e-110
13261	2.24193e-110
13262	2.1988e-110
13263	2.15651e-110
13264	2.11503e-110
13265	2.07434e-110
13266	2.03444e-110
13267	1.99531e-110
13268	1.95693e-110
13269	1.91929e-110
13270	1.88237e-110
13271	1.84616e-110
13272	1.81065e-110
13273	1.77582e-110
13274	1.74166e-110
13275	1.70816e-110
13276	1.6753e-110
13277	1.64308e-110
13278	1.61147e-110
13279	1.58048e-110
13280	1.55007e-110
13281	1.52026e-110
13282	1.49102e-110
13283	1.46233e-110
13284	1.43421e-110
13285	1.40662e-110
13286	1.37956e-110
13287	1.35302e-110
13288	1.327e-110
13289	1.30147e-110
13290	1.27644e-110
13291	1.25188e-110
13292	1.2278e-110
13293	1.20419e-110
13294	1.18102e-110
13295	1.1583e-110
13296	1.13602e-110
13297	1.11417e-110
13298	1.09274e-110
13299	1.07172e-110
13300	1.0511e-110
13301	1.03088e-110
13302	1.01105e-110
13303	9.91606e-111
13304	9.72532e-111
13305	9.53824e-111
13306	9.35476e-111
13307	9.17481e-111
13308	8.99833e-111
13309	8.82524e-111
13310	8.65547e-111
13311	8.48898e-111
13312	8.32568e-111
13313	8.16553e-111
13314	8.00845e-111
13315	7.8544e-111
13316	7.70331e-111
13317	7.55513e-111
13318	7.4098e-111
13319	7.26726e-111
13320	7.12747e-111
13321	6.99036e-111
13322	6.85589e-111
13323	6.72401e-111
13324	6.59467e-111
13325	6.46781e-111
13326	6.34339e-111
13327	6.22137e-111
13328	6.10169e-111
13329	5.98432e-111
13330	5.8692e-111
13331	5.7563e-111
13332	5.64557e-111
13333	5.53697e-111
13334	5.43046e-111
13335	5.32599e-111
13336	5.22354e-111
13337	5.12306e-111
13338	5.02451e-111
13339	4.92785e-111
13340	4.83306e-111
13341	4.74009e-111
13342	4.6489e-111
13343	4.55947e-111
13344	4.47177e-111
13345	4.38574e-111
13346	4.30138e-111
13347	4.21863e-111
13348	4.13748e-111
13349	4.05789e-111
13350	3.97983e-111
13351	3.90327e-111
13352	3.82818e-111
13353	3.75454e-111
13354	3.68231e-111
13355	3.61148e-111
13356	3.54201e-111
13357	3.47387e-111
13358	3.40704e-111
13359	3.3415e-111
13360	3.27722e-111
13361	3.21418e-111
13362	3.15235e-111
13363	3.0917e-111
13364	3.03223e-111
13365	2.9739e-111
13366	2.91669e-111
13367	2.86058e-111
13368	2.80555e-111
13369	2.75158e-111
13370	2.69865e-111
13371	2.64673e-111
13372	2.59582e-111
13373	2.54588e-111
13374	2.49691e-111
13375	2.44887e-111
13376	2.40176e-111
13377	2.35556e-111
13378	2.31025e-111
13379	2.2658e-111
13380	2.22222e-111
13381	2.17947e-111
13382	2.13754e-111
13383	2.09642e-111
13384	2.05609e-111
13385	2.01654e-111
13386	1.97774e-111
13387	1.9397e-111
13388	1.90238e-111
13389	1.86578e-111
13390	1.82989e-111
13391	1.79469e-111
13392	1.76016e-111
13393	1.7263e-111
13394	1.69309e-111
13395	1.66052e-111
13396	1.62858e-111
13397	1.59725e-111
13398	1.56652e-111
13399	1.53638e-111
13400	1.50683e-111
13401	1.47784e-111
13402	1.44941e-111
13403	1.42153e-111
13404	1.39418e-111
13405	1.36736e-111
13406	1.34105e-111
13407	1.31526e-111
13408	1.28995e-111
13409	1.26514e-111
13410	1.2408e-111
13411	1.21693e-111
13412	1.19352e-111
13413	1.17056e-111
13414	1.14804e-111
13415	1.12595e-111
13416	1.10429e-111
13417	1.08305e-111
13418	1.06221e-111
13419	1.04178e-111
13420	1.02174e-111
13421	1.00208e-111
13422	9.82801e-112
13423	9.63894e-112
13424	9.4535e-112
13425	9.27164e-112
13426	9.09327e-112
13427	8.91833e-112
13428	8.74676e-112
13429	8.57849e-112
13430	8.41346e-112
13431	8.2516e-112
13432	8.09285e-112
13433	7.93716e-112
13434	7.78446e-112
13435	7.6347e-112
13436	7.48783e-112
13437	7.34377e-112
13438	7.20249e-112
13439	7.06393e-112
13440	6.92803e-112
13441	6.79475e-112
13442	6.66403e-112
13443	6.53582e-112
13444	6.41008e-112
13445	6.28676e-112
13446	6.16582e-112
13447	6.0472e-112
13448	5.93086e-112
13449	5.81676e-112
13450	5.70485e-112
13451	5.5951e-112
13452	5.48746e-112
13453	5.38189e-112
13454	5.27835e-112
13455	5.1768e-112
13456	5.07721e-112
13457	4.97953e-112
13458	4.88373e-112
13459	4.78977e-112
13460	4.69762e-112
13461	4.60725e-112
13462	4.51861e-112
13463	4.43168e-112
13464	4.34642e-112
13465	4.2628e-112
13466	4.18079e-112
13467	4.10035e-112
13468	4.02147e-112
13469	3.9441e-112
13470	3.86822e-112
13471	3.7938e-112
13472	3.72081e-112
13473	3.64923e-112
13474	3.57902e-112
13475	3.51016e-112
13476	3.44263e-112
13477	3.3764e-112
13478	3.31144e-112
13479	3.24773e-112
13480	3.18525e-112
13481	3.12397e-112
13482	3.06387e-112
13483	3.00492e-112
13484	2.94711e-112
13485	2.89041e-112
13486	2.8348e-112
13487	2.78026e-112
13488	2.72677e-112
13489	2.67431e-112
13490	2.62286e-112
13491	2.5724e-112
13492	2.52291e-112
13493	2.47437e-112
13494	2.42676e-112
13495	2.38008e-112
13496	2.33428e-112
13497	2.28937e-112
13498	2.24533e-112
13499	2.20213e-112
13500	2.15976e-112
13501	2.11821e-112
13502	2.07746e-112
13503	2.03749e-112
13504	1.99829e-112
13505	1.95984e-112
13506	1.92214e-112
13507	1.88516e-112
13508	1.84889e-112
13509	1.81331e-112
13510	1.77843e-112
13511	1.74421e-112
13512	1.71065e-112
13513	1.67774e-112
13514	1.64546e-112
13515	1.6138e-112
13516	1.58276e-112
13517	1.5523e-112
13518	1.52244e-112
13519	1.49315e-112
13520	1.46442e-112
13521	1.43624e-112
13522	1.40861e-112
13523	1.38151e-112
13524	1.35493e-112
13525	1.32886e-112
13526	1.30329e-112
13527	1.27822e-112
13528	1.25363e-112
13529	1.22951e-112
13530	1.20585e-112
13531	1.18265e-112
13532	1.1599e-112
13533	1.13758e-112
13534	1.11569e-112
13535	1.09423e-112
13536	1.07318e-112
13537	1.05253e-112
13538	1.03228e-112
13539	1.01242e-112
13540	9.92937e-113
13541	9.73833e-113
13542	9.55097e-113
13543	9.36721e-113
13544	9.18698e-113
13545	9.01022e-113
13546	8.83686e-113
13547	8.66684e-113
13548	8.50009e-113
13549	8.33655e-113
13550	8.17615e-113
13551	8.01884e-113
13552	7.86456e-113
13553	7.71324e-113
13554	7.56484e-113
13555	7.41929e-113
13556	7.27654e-113
13557	7.13654e-113
13558	6.99923e-113
13559	6.86456e-113
13560	6.73248e-113
13561	6.60295e-113
13562	6.47591e-113
13563	6.35131e-113
13564	6.2291e-113
13565	6.10925e-113
13566	5.99171e-113
13567	5.87643e-113
13568	5.76336e-113
13569	5.65247e-113
13570	5.54372e-113
13571	5.43705e-113
13572	5.33244e-113
13573	5.22984e-113
13574	5.12922e-113
13575	5.03053e-113
13576	4.93374e-113
13577	4.83881e-113
13578	4.74571e-113
13579	4.6544e-113
13580	4.56484e-113
13581	4.47701e-113
13582	4.39087e-113
13583	4.30639e-113
13584	4.22353e-113
13585	4.14227e-113
13586	4.06257e-113
13587	3.9844e-113
13588	3.90774e-113
13589	3.83255e-113
13590	3.75881e-113
13591	3.68648e-113
13592	3.61555e-113
13593	3.54599e-113
13594	3.47776e-113
13595	3.41084e-113
13596	3.34522e-113
13597	3.28085e-113
13598	3.21772e-113
13599	3.15581e-113
13600	3.09509e-113
13601	3.03554e-113
13602	2.97713e-113
13603	2.91985e-113
13604	2.86367e-113
13605	2.80857e-113
13606	2.75453e-113
13607	2.70153e-113
13608	2.64955e-113
13609	2.59857e-113
13610	2.54857e-113
13611	2.49953e-113
13612	2.45144e-113
13613	2.40427e-113
13614	2.35801e-113
13615	2.31263e-113
13616	2.26814e-113
13617	2.22449e-113
13618	2.18169e-113
13619	2.13971e-113
13620	2.09854e-113
13621	2.05816e-113
13622	2.01856e-113
13623	1.97972e-113
13624	1.94163e-113
13625	1.90427e-113
13626	1.86763e-113
13627	1.83169e-113
13628	1.79645e-113
13629	1.76188e-113
13630	1.72798e-113
13631	1.69473e-113
13632	1.66212e-113
13633	1.63014e-113
13634	1.59878e-113
13635	1.56801e-113
13636	1.53784e-113
13637	1.50825e-113
13638	1.47923e-113
13639	1.45077e-113
13640	1.42285e-113
13641	1.39547e-113
13642	1.36862e-113
13643	1.34229e-113
13644	1.31646e-113
13645	1.29113e-113
13646	1.26628e-113
13647	1.24192e-113
13648	1.21802e-113
13649	1.19459e-113
13650	1.1716e-113
13651	1.14906e-113
13652	1.12695e-113
13653	1.10526e-113
13654	1.08399e-113
13655	1.06314e-113
13656	1.04268e-113
13657	1.02262e-113
13658	1.00294e-113
13659	9.8364e-114
13660	9.64713e-114
13661	9.4615e-114
13662	9.27944e-114
13663	9.10089e-114
13664	8.92577e-114
13665	8.75402e-114
13666	8.58557e-114
13667	8.42037e-114
13668	8.25834e-114
13669	8.09943e-114
13670	7.94358e-114
13671	7.79073e-114
13672	7.64082e-114
13673	7.4938e-114
13674	7.3496e-114
13675	7.20818e-114
13676	7.06947e-114
13677	6.93344e-114
13678	6.80003e-114
13679	6.66918e-114
13680	6.54085e-114
13681	6.41499e-114
13682	6.29155e-114
13683	6.17048e-114
13684	6.05175e-114
13685	5.9353e-114
13686	5.82109e-114
13687	5.70908e-114
13688	5.59922e-114
13689	5.49148e-114
13690	5.38581e-114
13691	5.28217e-114
13692	5.18053e-114
13693	5.08084e-114
13694	4.98307e-114
13695	4.88719e-114
13696	4.79314e-114
13697	4.70091e-114
13698	4.61045e-114
13699	4.52174e-114
13700	4.43473e-114
13701	4.34939e-114
13702	4.2657e-114
13703	4.18361e-114
13704	4.10311e-114
13705	4.02415e-114
13706	3.94672e-114
13707	3.87077e-114
13708	3.79629e-114
13709	3.72324e-114
13710	3.65159e-114
13711	3.58133e-114
13712	3.51241e-114
13713	3.44482e-114
13714	3.37853e-114
13715	3.31352e-114
13716	3.24976e-114
13717	3.18722e-114
13718	3.12589e-114
13719	3.06574e-114
13720	3.00675e-114
13721	2.94889e-114
13722	2.89214e-114
13723	2.83649e-114
13724	2.78191e-114
13725	2.72837e-114
13726	2.67587e-114
13727	2.62438e-114
13728	2.57388e-114
13729	2.52435e-114
13730	2.47577e-114
13731	2.42813e-114
13732	2.38141e-114
13733	2.33558e-114
13734	2.29064e-114
13735	2.24656e-114
13736	2.20333e-114
13737	2.16093e-114
13738	2.11934e-114
13739	2.07856e-114
13740	2.03856e-114
13741	1.99933e-114
13742	1.96086e-114
13743	1.92313e-114
13744	1.88612e-114
13745	1.84982e-114
13746	1.81423e-114
13747	1.77931e-114
13748	1.74507e-114
13749	1.71149e-114
13750	1.67856e-114
13751	1.64626e-114
13752	1.61458e-114
13753	1.58351e-114
13754	1.55303e-114
13755	1.52315e-114
13756	1.49384e-114
13757	1.46509e-114
13758	1.4369e-114
13759	1.40925e-114
13760	1.38213e-114
13761	1.35553e-114
13762	1.32945e-114
13763	1.30386e-114
13764	1.27877e-114
13765	1.25416e-114
13766	1.23003e-114
13767	1.20636e-114
13768	1.18314e-114
13769	1.16037e-114
13770	1.13804e-114
13771	1.11614e-114
13772	1.09467e-114
13773	1.0736e-114
13774	1.05294e-114
13775	1.03268e-114
13776	1.0128e-114
13777	9.93314e-115
13778	9.74198e-115
13779	9.55451e-115
13780	9.37064e-115
13781	9.19032e-115
13782	9.01346e-115
13783	8.84e-115
13784	8.66989e-115
13785	8.50304e-115
13786	8.33941e-115
13787	8.17892e-115
13788	8.02153e-115
13789	7.86716e-115
13790	7.71577e-115
13791	7.56728e-115
13792	7.42166e-115
13793	7.27883e-115
13794	7.13876e-115
13795	7.00138e-115
13796	6.86664e-115
13797	6.7345e-115
13798	6.6049e-115
13799	6.47779e-115
13800	6.35313e-115
13801	6.23087e-115
13802	6.11096e-115
13803	5.99336e-115
13804	5.87802e-115
13805	5.7649e-115
13806	5.65396e-115
13807	5.54515e-115
13808	5.43844e-115
13809	5.33378e-115
13810	5.23114e-115
13811	5.13047e-115
13812	5.03173e-115
13813	4.9349e-115
13814	4.83993e-115
13815	4.74679e-115
13816	4.65544e-115
13817	4.56585e-115
13818	4.47798e-115
13819	4.3918e-115
13820	4.30728e-115
13821	4.22439e-115
13822	4.14309e-115
13823	4.06336e-115
13824	3.98516e-115
13825	3.90847e-115
13826	3.83325e-115
13827	3.75948e-115
13828	3.68713e-115
13829	3.61618e-115
13830	3.54658e-115
13831	3.47833e-115
13832	3.41139e-115
13833	3.34574e-115
13834	3.28135e-115
13835	3.2182e-115
13836	3.15627e-115
13837	3.09553e-115
13838	3.03595e-115
13839	2.97753e-115
13840	2.92022e-115
13841	2.86402e-115
13842	2.80891e-115
13843	2.75485e-115
13844	2.70183e-115
13845	2.64984e-115
13846	2.59884e-115
13847	2.54882e-115
13848	2.49977e-115
13849	2.45166e-115
13850	2.40448e-115
13851	2.35821e-115
13852	2.31282e-115
13853	2.26831e-115
13854	2.22466e-115
13855	2.18184e-115
13856	2.13985e-115
13857	2.09867e-115
13858	2.05828e-115
13859	2.01867e-115
13860	1.97982e-115
13861	1.94172e-115
13862	1.90435e-115
13863	1.8677e-115
13864	1.83176e-115
13865	1.7965e-115
13866	1.76193e-115
13867	1.72802e-115
13868	1.69476e-115
13869	1.66215e-115
13870	1.63016e-115
13871	1.59879e-115
13872	1.56802e-115
13873	1.53784e-115
13874	1.50824e-115
13875	1.47922e-115
13876	1.45075e-115
13877	1.42283e-115
13878	1.39544e-115
13879	1.36859e-115
13880	1.34225e-115
13881	1.31642e-115
13882	1.29108e-115
13883	1.26623e-115
13884	1.24186e-115
13885	1.21796e-115
13886	1.19452e-115
13887	1.17153e-115
13888	1.14899e-115
13889	1.12687e-115
13890	1.10519e-115
13891	1.08392e-115
13892	1.06306e-115
13893	1.0426e-115
13894	1.02253e-115
13895	1.00285e-115
13896	9.83551e-116
13897	9.64621e-116
13898	9.46056e-116
13899	9.27849e-116
13900	9.09991e-116
13901	8.92478e-116
13902	8.75301e-116
13903	8.58455e-116
13904	8.41934e-116
13905	8.2573e-116
13906	8.09838e-116
13907	7.94252e-116
13908	7.78966e-116
13909	7.63974e-116
13910	7.4927e-116
13911	7.3485e-116
13912	7.20707e-116
13913	7.06836e-116
13914	6.93232e-116
13915	6.7989e-116
13916	6.66805e-116
13917	6.53971e-116
13918	6.41385e-116
13919	6.29041e-116
13920	6.16934e-116
13921	6.0506e-116
13922	5.93415e-116
13923	5.81994e-116
13924	5.70793e-116
13925	5.59807e-116
13926	5.49033e-116
13927	5.38466e-116
13928	5.28103e-116
13929	5.17939e-116
13930	5.0797e-116
13931	4.98194e-116
13932	4.88605e-116
13933	4.79201e-116
13934	4.69979e-116
13935	4.60933e-116
13936	4.52062e-116
13937	4.43361e-116
13938	4.34828e-116
13939	4.26459e-116
13940	4.18251e-116
13941	4.10201e-116
13942	4.02306e-116
13943	3.94563e-116
13944	3.86969e-116
13945	3.79522e-116
13946	3.72217e-116
13947	3.65053e-116
13948	3.58027e-116
13949	3.51136e-116
13950	3.44378e-116
13951	3.3775e-116
13952	3.31249e-116
13953	3.24874e-116
13954	3.18621e-116
13955	3.12489e-116
13956	3.06474e-116
13957	3.00576e-116
13958	2.94791e-116
13959	2.89117e-116
13960	2.83552e-116
13961	2.78095e-116
13962	2.72742e-116
13963	2.67493e-116
13964	2.62344e-116
13965	2.57295e-116
13966	2.52343e-116
13967	2.47486e-116
13968	2.42723e-116
13969	2.38051e-116
13970	2.33469e-116
13971	2.28976e-116
13972	2.24569e-116
13973	2.20246e-116
13974	2.16007e-116
13975	2.1185e-116
13976	2.07772e-116
13977	2.03773e-116
13978	1.99851e-116
13979	1.96005e-116
13980	1.92232e-116
13981	1.88532e-116
13982	1.84904e-116
13983	1.81345e-116
13984	1.77854e-116
13985	1.74431e-116
13986	1.71074e-116
13987	1.67781e-116
13988	1.64552e-116
13989	1.61385e-116
13990	1.58278e-116
13991	1.55232e-116
13992	1.52244e-116
13993	1.49314e-116
13994	1.4644e-116
13995	1.43621e-116
13996	1.40857e-116
13997	1.38146e-116
13998	1.35487e-116
13999	1.32879e-116
14000	1.30322e-116
14001	1.27813e-116
14002	1.25353e-116
14003	1.2294e-116
14004	1.20574e-116
14005	1.18253e-116
14006	1.15977e-116
14007	1.13745e-116
14008	1.11556e-116
14009	1.09408e-116
14010	1.07303e-116
14011	1.05237e-116
14012	1.03212e-116
14013	1.01225e-116
14014	9.92768e-117
14015	9.7366e-117
14016	9.54919e-117
14017	9.36539e-117
14018	9.18513e-117
14019	9.00833e-117
14020	8.83494e-117
14021	8.66489e-117
14022	8.49811e-117
14023	8.33454e-117
14024	8.17412e-117
14025	8.01678e-117
14026	7.86248e-117
14027	7.71114e-117
14028	7.56272e-117
14029	7.41715e-117
14030	7.27439e-117
14031	7.13437e-117
14032	6.99705e-117
14033	6.86237e-117
14034	6.73028e-117
14035	6.60074e-117
14036	6.47369e-117
14037	6.34908e-117
14038	6.22687e-117
14039	6.10702e-117
14040	5.98947e-117
14041	5.87419e-117
14042	5.76112e-117
14043	5.65023e-117
14044	5.54147e-117
14045	5.43481e-117
14046	5.3302e-117
14047	5.2276e-117
14048	5.12698e-117
14049	5.02829e-117
14050	4.93151e-117
14051	4.83659e-117
14052	4.74349e-117
14053	4.65219e-117
14054	4.56264e-117
14055	4.47482e-117
14056	4.38868e-117
14057	4.30421e-117
14058	4.22136e-117
14059	4.1401e-117
14060	4.06041e-117
14061	3.98226e-117
14062	3.90561e-117
14063	3.83043e-117
14064	3.7567e-117
14065	3.68439e-117
14066	3.61347e-117
14067	3.54392e-117
14068	3.4757e-117
14069	3.4088e-117
14070	3.34318e-117
14071	3.27883e-117
14072	3.21572e-117
14073	3.15382e-117
14074	3.09312e-117
14075	3.03358e-117
14076	2.97518e-117
14077	2.91792e-117
14078	2.86175e-117
14079	2.80667e-117
14080	2.75264e-117
14081	2.69966e-117
14082	2.64769e-117
14083	2.59673e-117
14084	2.54674e-117
14085	2.49772e-117
14086	2.44964e-117
14087	2.40249e-117
14088	2.35625e-117
14089	2.31089e-117
14090	2.26641e-117
14091	2.22278e-117
14092	2.18e-117
14093	2.13803e-117
14094	2.09688e-117
14095	2.05652e-117
14096	2.01693e-117
14097	1.97811e-117
14098	1.94003e-117
14099	1.90269e-117
14100	1.86606e-117
14101	1.83014e-117
14102	1.79491e-117
14103	1.76036e-117
14104	1.72648e-117
14105	1.69324e-117
14106	1.66065e-117
14107	1.62868e-117
14108	1.59733e-117
14109	1.56659e-117
14110	1.53643e-117
14111	1.50686e-117
14112	1.47785e-117
14113	1.4494e-117
14114	1.4215e-117
14115	1.39414e-117
14116	1.3673e-117
14117	1.34098e-117
14118	1.31517e-117
14119	1.28986e-117
14120	1.26503e-117
14121	1.24068e-117
14122	1.21679e-117
14123	1.19337e-117
14124	1.1704e-117
14125	1.14787e-117
14126	1.12577e-117
14127	1.1041e-117
14128	1.08285e-117
14129	1.06201e-117
14130	1.04156e-117
14131	1.02151e-117
14132	1.00185e-117
14133	9.82565e-118
14134	9.63651e-118
14135	9.45101e-118
14136	9.26908e-118
14137	9.09065e-118
14138	8.91566e-118
14139	8.74404e-118
14140	8.57572e-118
14141	8.41064e-118
14142	8.24874e-118
14143	8.08995e-118
14144	7.93422e-118
14145	7.78149e-118
14146	7.6317e-118
14147	7.48479e-118
14148	7.34071e-118
14149	7.19941e-118
14150	7.06082e-118
14151	6.9249e-118
14152	6.7916e-118
14153	6.66086e-118
14154	6.53264e-118
14155	6.40689e-118
14156	6.28356e-118
14157	6.1626e-118
14158	6.04397e-118
14159	5.92762e-118
14160	5.81352e-118
14161	5.70161e-118
14162	5.59185e-118
14163	5.48421e-118
14164	5.37864e-118
14165	5.2751e-118
14166	5.17355e-118
14167	5.07396e-118
14168	4.97629e-118
14169	4.88049e-118
14170	4.78654e-118
14171	4.6944e-118
14172	4.60403e-118
14173	4.51541e-118
14174	4.42848e-118
14175	4.34323e-118
14176	4.25963e-118
14177	4.17763e-118
14178	4.09721e-118
14179	4.01834e-118
14180	3.94098e-118
14181	3.86512e-118
14182	3.79071e-118
14183	3.71774e-118
14184	3.64617e-118
14185	3.57598e-118
14186	3.50714e-118
14187	3.43963e-118
14188	3.37342e-118
14189	3.30848e-118
14190	3.24479e-118
14191	3.18232e-118
14192	3.12106e-118
14193	3.06098e-118
14194	3.00206e-118
14195	2.94426e-118
14196	2.88759e-118
14197	2.832e-118
14198	2.77748e-118
14199	2.72401e-118
14200	2.67157e-118
14201	2.62014e-118
14202	2.56971e-118
14203	2.52024e-118
14204	2.47172e-118
14205	2.42414e-118
14206	2.37747e-118
14207	2.3317e-118
14208	2.28682e-118
14209	2.2428e-118
14210	2.19962e-118
14211	2.15728e-118
14212	2.11575e-118
14213	2.07502e-118
14214	2.03507e-118
14215	1.99589e-118
14216	1.95747e-118
14217	1.91979e-118
14218	1.88283e-118
14219	1.84659e-118
14220	1.81104e-118
14221	1.77617e-118
14222	1.74198e-118
14223	1.70845e-118
14224	1.67556e-118
14225	1.6433e-118
14226	1.61167e-118
14227	1.58064e-118
14228	1.55021e-118
14229	1.52037e-118
14230	1.4911e-118
14231	1.46239e-118
14232	1.43424e-118
14233	1.40663e-118
14234	1.37955e-118
14235	1.35299e-118
14236	1.32695e-118
14237	1.3014e-118
14238	1.27635e-118
14239	1.25178e-118
14240	1.22768e-118
14241	1.20404e-118
14242	1.18087e-118
14243	1.15813e-118
14244	1.13584e-118
14245	1.11397e-118
14246	1.09253e-118
14247	1.07149e-118
14248	1.05087e-118
14249	1.03063e-118
14250	1.01079e-118
14251	9.91335e-119
14252	9.7225e-119
14253	9.53533e-119
14254	9.35176e-119
14255	9.17173e-119
14256	8.99516e-119
14257	8.82199e-119
14258	8.65215e-119
14259	8.48559e-119
14260	8.32223e-119
14261	8.16201e-119
14262	8.00488e-119
14263	7.85078e-119
14264	7.69964e-119
14265	7.55141e-119
14266	7.40603e-119
14267	7.26345e-119
14268	7.12362e-119
14269	6.98648e-119
14270	6.85198e-119
14271	6.72007e-119
14272	6.59069e-119
14273	6.46381e-119
14274	6.33937e-119
14275	6.21733e-119
14276	6.09764e-119
14277	5.98025e-119
14278	5.86512e-119
14279	5.7522e-119
14280	5.64146e-119
14281	5.53285e-119
14282	5.42634e-119
14283	5.32187e-119
14284	5.21941e-119
14285	5.11893e-119
14286	5.02038e-119
14287	4.92373e-119
14288	4.82894e-119
14289	4.73597e-119
14290	4.6448e-119
14291	4.55538e-119
14292	4.46768e-119
14293	4.38166e-119
14294	4.29731e-119
14295	4.21458e-119
14296	4.13344e-119
14297	4.05386e-119
14298	3.97582e-119
14299	3.89927e-119
14300	3.8242e-119
14301	3.75058e-119
14302	3.67837e-119
14303	3.60756e-119
14304	3.53811e-119
14305	3.46999e-119
14306	3.40318e-119
14307	3.33767e-119
14308	3.27341e-119
14309	3.21039e-119
14310	3.14858e-119
14311	3.08796e-119
14312	3.02851e-119
14313	2.97021e-119
14314	2.91302e-119
14315	2.85694e-119
14316	2.80194e-119
14317	2.748e-119
14318	2.69509e-119
14319	2.6432e-119
14320	2.59232e-119
14321	2.54241e-119
14322	2.49346e-119
14323	2.44546e-119
14324	2.39837e-119
14325	2.3522e-119
14326	2.30691e-119
14327	2.2625e-119
14328	2.21894e-119
14329	2.17622e-119
14330	2.13432e-119
14331	2.09323e-119
14332	2.05293e-119
14333	2.01341e-119
14334	1.97465e-119
14335	1.93663e-119
14336	1.89934e-119
14337	1.86278e-119
14338	1.82691e-119
14339	1.79174e-119
14340	1.75724e-119
14341	1.72341e-119
14342	1.69023e-119
14343	1.65769e-119
14344	1.62578e-119
14345	1.59448e-119
14346	1.56378e-119
14347	1.53367e-119
14348	1.50414e-119
14349	1.47518e-119
14350	1.44678e-119
14351	1.41893e-119
14352	1.39161e-119
14353	1.36482e-119
14354	1.33854e-119
14355	1.31277e-119
14356	1.28749e-119
14357	1.26271e-119
14358	1.2384e-119
14359	1.21455e-119
14360	1.19117e-119
14361	1.16824e-119
14362	1.14574e-119
14363	1.12369e-119
14364	1.10205e-119
14365	1.08083e-119
14366	1.06002e-119
14367	1.03961e-119
14368	1.0196e-119
14369	9.99969e-120
14370	9.80716e-120
14371	9.61834e-120
14372	9.43316e-120
14373	9.25154e-120
14374	9.07342e-120
14375	8.89873e-120
14376	8.7274e-120
14377	8.55937e-120
14378	8.39457e-120
14379	8.23295e-120
14380	8.07444e-120
14381	7.91898e-120
14382	7.76652e-120
14383	7.61698e-120
14384	7.47033e-120
14385	7.3265e-120
14386	7.18544e-120
14387	7.0471e-120
14388	6.91142e-120
14389	6.77835e-120
14390	6.64785e-120
14391	6.51985e-120
14392	6.39432e-120
14393	6.27121e-120
14394	6.15047e-120
14395	6.03205e-120
14396	5.91591e-120
14397	5.80201e-120
14398	5.6903e-120
14399	5.58074e-120
14400	5.47329e-120
14401	5.36791e-120
14402	5.26456e-120
14403	5.1632e-120
14404	5.06379e-120
14405	4.96629e-120
14406	4.87067e-120
14407	4.7769e-120
14408	4.68492e-120
14409	4.59472e-120
14410	4.50626e-120
14411	4.41949e-120
14412	4.3344e-120
14413	4.25095e-120
14414	4.1691e-120
14415	4.08883e-120
14416	4.01011e-120
14417	3.9329e-120
14418	3.85717e-120
14419	3.78291e-120
14420	3.71007e-120
14421	3.63864e-120
14422	3.56858e-120
14423	3.49987e-120
14424	3.43249e-120
14425	3.3664e-120
14426	3.30158e-120
14427	3.23801e-120
14428	3.17567e-120
14429	3.11452e-120
14430	3.05456e-120
14431	2.99574e-120
14432	2.93806e-120
14433	2.88149e-120
14434	2.82601e-120
14435	2.7716e-120
14436	2.71824e-120
14437	2.6659e-120
14438	2.61457e-120
14439	2.56423e-120
14440	2.51486e-120
14441	2.46644e-120
14442	2.41895e-120
14443	2.37237e-120
14444	2.32669e-120
14445	2.2819e-120
14446	2.23796e-120
14447	2.19487e-120
14448	2.15261e-120
14449	2.11116e-120
14450	2.07051e-120
14451	2.03065e-120
14452	1.99155e-120
14453	1.9532e-120
14454	1.91559e-120
14455	1.87871e-120
14456	1.84254e-120
14457	1.80706e-120
14458	1.77227e-120
14459	1.73814e-120
14460	1.70468e-120
14461	1.67185e-120
14462	1.63966e-120
14463	1.60809e-120
14464	1.57713e-120
14465	1.54676e-120
14466	1.51698e-120
14467	1.48777e-120
14468	1.45912e-120
14469	1.43103e-120
14470	1.40348e-120
14471	1.37645e-120
14472	1.34995e-120
14473	1.32396e-120
14474	1.29846e-120
14475	1.27346e-120
14476	1.24894e-120
14477	1.2249e-120
14478	1.20131e-120
14479	1.17818e-120
14480	1.15549e-120
14481	1.13325e-120
14482	1.11142e-120
14483	1.09002e-120
14484	1.06904e-120
14485	1.04845e-120
14486	1.02826e-120
14487	1.00847e-120
14488	9.89048e-121
14489	9.70004e-121
14490	9.51326e-121
14491	9.33009e-121
14492	9.15044e-121
14493	8.97425e-121
14494	8.80145e-121
14495	8.63198e-121
14496	8.46577e-121
14497	8.30276e-121
14498	8.14289e-121
14499	7.9861e-121
14500	7.83233e-121
14501	7.68152e-121
14502	7.53361e-121
14503	7.38855e-121
14504	7.24628e-121
14505	7.10675e-121
14506	6.96991e-121
14507	6.83571e-121
14508	6.70408e-121
14509	6.575e-121
14510	6.44839e-121
14511	6.32423e-121
14512	6.20245e-121
14513	6.08302e-121
14514	5.96589e-121
14515	5.85102e-121
14516	5.73836e-121
14517	5.62786e-121
14518	5.5195e-121
14519	5.41322e-121
14520	5.30899e-121
14521	5.20676e-121
14522	5.1065e-121
14523	5.00817e-121
14524	4.91174e-121
14525	4.81716e-121
14526	4.72441e-121
14527	4.63344e-121
14528	4.54422e-121
14529	4.45672e-121
14530	4.3709e-121
14531	4.28674e-121
14532	4.20419e-121
14533	4.12324e-121
14534	4.04384e-121
14535	3.96598e-121
14536	3.88961e-121
14537	3.81471e-121
14538	3.74126e-121
14539	3.66922e-121
14540	3.59857e-121
14541	3.52927e-121
14542	3.46132e-121
14543	3.39467e-121
14544	3.3293e-121
14545	3.26519e-121
14546	3.20232e-121
14547	3.14066e-121
14548	3.08018e-121
14549	3.02087e-121
14550	2.9627e-121
14551	2.90565e-121
14552	2.8497e-121
14553	2.79483e-121
14554	2.74101e-121
14555	2.68823e-121
14556	2.63647e-121
14557	2.5857e-121
14558	2.53591e-121
14559	2.48708e-121
14560	2.43919e-121
14561	2.39222e-121
14562	2.34615e-121
14563	2.30098e-121
14564	2.25667e-121
14565	2.21322e-121
14566	2.1706e-121
14567	2.1288e-121
14568	2.08781e-121
14569	2.04761e-121
14570	2.00818e-121
14571	1.96951e-121
14572	1.93158e-121
14573	1.89439e-121
14574	1.85791e-121
14575	1.82213e-121
14576	1.78705e-121
14577	1.75263e-121
14578	1.71889e-121
14579	1.68579e-121
14580	1.65332e-121
14581	1.62149e-121
14582	1.59026e-121
14583	1.55964e-121
14584	1.52961e-121
14585	1.50015e-121
14586	1.47127e-121
14587	1.44294e-121
14588	1.41515e-121
14589	1.3879e-121
14590	1.36117e-121
14591	1.33496e-121
14592	1.30926e-121
14593	1.28404e-121
14594	1.25932e-121
14595	1.23507e-121
14596	1.21129e-121
14597	1.18796e-121
14598	1.16509e-121
14599	1.14265e-121
14600	1.12065e-121
14601	1.09907e-121
14602	1.0779e-121
14603	1.05715e-121
14604	1.03679e-121
14605	1.01682e-121
14606	9.97243e-122
14607	9.7804e-122
14608	9.59206e-122
14609	9.40735e-122
14610	9.2262e-122
14611	9.04853e-122
14612	8.87429e-122
14613	8.7034e-122
14614	8.5358e-122
14615	8.37143e-122
14616	8.21023e-122
14617	8.05212e-122
14618	7.89707e-122
14619	7.74499e-122
14620	7.59585e-122
14621	7.44958e-122
14622	7.30612e-122
14623	7.16543e-122
14624	7.02745e-122
14625	6.89212e-122
14626	6.7594e-122
14627	6.62924e-122
14628	6.50158e-122
14629	6.37638e-122
14630	6.25359e-122
14631	6.13317e-122
14632	6.01506e-122
14633	5.89923e-122
14634	5.78563e-122
14635	5.67421e-122
14636	5.56495e-122
14637	5.45778e-122
14638	5.35268e-122
14639	5.2496e-122
14640	5.14851e-122
14641	5.04937e-122
14642	4.95213e-122
14643	4.85677e-122
14644	4.76324e-122
14645	4.67151e-122
14646	4.58156e-122
14647	4.49333e-122
14648	4.4068e-122
14649	4.32194e-122
14650	4.23871e-122
14651	4.15708e-122
14652	4.07703e-122
14653	3.99852e-122
14654	3.92152e-122
14655	3.846e-122
14656	3.77194e-122
14657	3.6993e-122
14658	3.62806e-122
14659	3.55819e-122
14660	3.48967e-122
14661	3.42247e-122
14662	3.35656e-122
14663	3.29192e-122
14664	3.22853e-122
14665	3.16636e-122
14666	3.10538e-122
14667	3.04558e-122
14668	2.98693e-122
14669	2.92941e-122
14670	2.873e-122
14671	2.81767e-122
14672	2.76341e-122
14673	2.71019e-122
14674	2.658e-122
14675	2.60681e-122
14676	2.55661e-122
14677	2.50738e-122
14678	2.45909e-122
14679	2.41174e-122
14680	2.36529e-122
14681	2.31974e-122
14682	2.27507e-122
14683	2.23126e-122
14684	2.18829e-122
14685	2.14615e-122
14686	2.10482e-122
14687	2.06428e-122
14688	2.02453e-122
14689	1.98554e-122
14690	1.94731e-122
14691	1.9098e-122
14692	1.87303e-122
14693	1.83696e-122
14694	1.80158e-122
14695	1.76689e-122
14696	1.73286e-122
14697	1.69949e-122
14698	1.66676e-122
14699	1.63466e-122
14700	1.60318e-122
14701	1.57231e-122
14702	1.54203e-122
14703	1.51233e-122
14704	1.48321e-122
14705	1.45464e-122
14706	1.42663e-122
14707	1.39916e-122
14708	1.37221e-122
14709	1.34579e-122
14710	1.31987e-122
14711	1.29445e-122
14712	1.26952e-122
14713	1.24507e-122
14714	1.2211e-122
14715	1.19758e-122
14716	1.17452e-122
14717	1.1519e-122
14718	1.12971e-122
14719	1.10796e-122
14720	1.08662e-122
14721	1.06569e-122
14722	1.04517e-122
14723	1.02504e-122
14724	1.0053e-122
14725	9.85942e-123
14726	9.66955e-123
14727	9.48333e-123
14728	9.3007e-123
14729	9.12158e-123
14730	8.94591e-123
14731	8.77363e-123
14732	8.60467e-123
14733	8.43895e-123
14734	8.27643e-123
14735	8.11704e-123
14736	7.96072e-123
14737	7.80741e-123
14738	7.65705e-123
14739	7.50959e-123
14740	7.36497e-123
14741	7.22313e-123
14742	7.08402e-123
14743	6.94759e-123
14744	6.81379e-123
14745	6.68257e-123
14746	6.55387e-123
14747	6.42766e-123
14748	6.30387e-123
14749	6.18247e-123
14750	6.0634e-123
14751	5.94663e-123
14752	5.8321e-123
14753	5.71979e-123
14754	5.60963e-123
14755	5.5016e-123
14756	5.39564e-123
14757	5.29173e-123
14758	5.18982e-123
14759	5.08987e-123
14760	4.99184e-123
14761	4.89571e-123
14762	4.80142e-123
14763	4.70895e-123
14764	4.61826e-123
14765	4.52932e-123
14766	4.44209e-123
14767	4.35654e-123
14768	4.27264e-123
14769	4.19036e-123
14770	4.10965e-123
14771	4.03051e-123
14772	3.95288e-123
14773	3.87676e-123
14774	3.80209e-123
14775	3.72887e-123
14776	3.65706e-123
14777	3.58662e-123
14778	3.51755e-123
14779	3.44981e-123
14780	3.38337e-123
14781	3.31821e-123
14782	3.2543e-123
14783	3.19162e-123
14784	3.13016e-123
14785	3.06987e-123
14786	3.01075e-123
14787	2.95277e-123
14788	2.8959e-123
14789	2.84013e-123
14790	2.78543e-123
14791	2.73178e-123
14792	2.67917e-123
14793	2.62757e-123
14794	2.57697e-123
14795	2.52734e-123
14796	2.47866e-123
14797	2.43093e-123
14798	2.38411e-123
14799	2.33819e-123
14800	2.29316e-123
14801	2.24899e-123
14802	2.20568e-123
14803	2.1632e-123
14804	2.12154e-123
14805	2.08068e-123
14806	2.04061e-123
14807	2.00131e-123
14808	1.96276e-123
14809	1.92496e-123
14810	1.88789e-123
14811	1.85153e-123
14812	1.81587e-123
14813	1.7809e-123
14814	1.7466e-123
14815	1.71296e-123
14816	1.67997e-123
14817	1.64761e-123
14818	1.61588e-123
14819	1.58476e-123
14820	1.55424e-123
14821	1.5243e-123
14822	1.49495e-123
14823	1.46615e-123
14824	1.43792e-123
14825	1.41022e-123
14826	1.38306e-123
14827	1.35642e-123
14828	1.3303e-123
14829	1.30468e-123
14830	1.27955e-123
14831	1.25491e-123
14832	1.23074e-123
14833	1.20703e-123
14834	1.18379e-123
14835	1.16099e-123
14836	1.13863e-123
14837	1.1167e-123
14838	1.09519e-123
14839	1.0741e-123
14840	1.05341e-123
14841	1.03312e-123
14842	1.01322e-123
14843	9.93709e-124
14844	9.74571e-124
14845	9.558e-124
14846	9.37392e-124
14847	9.19338e-124
14848	9.01631e-124
14849	8.84266e-124
14850	8.67235e-124
14851	8.50532e-124
14852	8.34151e-124
14853	8.18085e-124
14854	8.02329e-124
14855	7.86876e-124
14856	7.71721e-124
14857	7.56857e-124
14858	7.4228e-124
14859	7.27984e-124
14860	7.13963e-124
14861	7.00212e-124
14862	6.86725e-124
14863	6.73499e-124
14864	6.60527e-124
14865	6.47805e-124
14866	6.35329e-124
14867	6.23092e-124
14868	6.11091e-124
14869	5.99321e-124
14870	5.87778e-124
14871	5.76457e-124
14872	5.65355e-124
14873	5.54466e-124
14874	5.43787e-124
14875	5.33313e-124
14876	5.23041e-124
14877	5.12967e-124
14878	5.03087e-124
14879	4.93398e-124
14880	4.83895e-124
14881	4.74575e-124
14882	4.65434e-124
14883	4.5647e-124
14884	4.47678e-124
14885	4.39056e-124
14886	4.30599e-124
14887	4.22306e-124
14888	4.14172e-124
14889	4.06195e-124
14890	3.98371e-124
14891	3.90698e-124
14892	3.83173e-124
14893	3.75793e-124
14894	3.68555e-124
14895	3.61456e-124
14896	3.54495e-124
14897	3.47667e-124
14898	3.4097e-124
14899	3.34403e-124
14900	3.27962e-124
14901	3.21646e-124
14902	3.1545e-124
14903	3.09375e-124
14904	3.03416e-124
14905	2.97572e-124
14906	2.9184e-124
14907	2.86219e-124
14908	2.80707e-124
14909	2.753e-124
14910	2.69997e-124
14911	2.64797e-124
14912	2.59697e-124
14913	2.54695e-124
14914	2.49789e-124
14915	2.44978e-124
14916	2.4026e-124
14917	2.35632e-124
14918	2.31093e-124
14919	2.26642e-124
14920	2.22277e-124
14921	2.17996e-124
14922	2.13797e-124
14923	2.09679e-124
14924	2.0564e-124
14925	2.0168e-124
14926	1.97795e-124
14927	1.93985e-124
14928	1.90249e-124
14929	1.86585e-124
14930	1.82991e-124
14931	1.79466e-124
14932	1.76009e-124
14933	1.72619e-124
14934	1.69294e-124
14935	1.66034e-124
14936	1.62836e-124
14937	1.59699e-124
14938	1.56623e-124
14939	1.53606e-124
14940	1.50648e-124
14941	1.47746e-124
14942	1.449e-124
14943	1.42109e-124
14944	1.39372e-124
14945	1.36688e-124
14946	1.34055e-124
14947	1.31473e-124
14948	1.28941e-124
14949	1.26457e-124
14950	1.24021e-124
14951	1.21632e-124
14952	1.1929e-124
14953	1.16992e-124
14954	1.14738e-124
14955	1.12528e-124
14956	1.10361e-124
14957	1.08235e-124
14958	1.06151e-124
14959	1.04106e-124
14960	1.02101e-124
14961	1.00134e-124
14962	9.82053e-125
14963	9.63137e-125
14964	9.44586e-125
14965	9.26392e-125
14966	9.08548e-125
14967	8.91048e-125
14968	8.73885e-125
14969	8.57052e-125
14970	8.40544e-125
14971	8.24354e-125
14972	8.08476e-125
14973	7.92903e-125
14974	7.7763e-125
14975	7.62652e-125
14976	7.47962e-125
14977	7.33555e-125
14978	7.19425e-125
14979	7.05568e-125
14980	6.91977e-125
14981	6.78649e-125
14982	6.65577e-125
14983	6.52757e-125
14984	6.40183e-125
14985	6.27852e-125
14986	6.15759e-125
14987	6.03898e-125
14988	5.92266e-125
14989	5.80858e-125
14990	5.69669e-125
14991	5.58696e-125
14992	5.47935e-125
14993	5.3738e-125
14994	5.27029e-125
14995	5.16878e-125
14996	5.06922e-125
14997	4.97157e-125
14998	4.87581e-125
14999	4.78189e-125
15000	4.68978e-125
15001	4.59945e-125
15002	4.51085e-125
15003	4.42397e-125
15004	4.33875e-125
15005	4.25518e-125
15006	4.17321e-125
15007	4.09283e-125
15008	4.01399e-125
15009	3.93667e-125
15010	3.86085e-125
15011	3.78648e-125
15012	3.71354e-125
15013	3.64201e-125
15014	3.57186e-125
15015	3.50306e-125
15016	3.43558e-125
15017	3.3694e-125
15018	3.3045e-125
15019	3.24085e-125
15020	3.17842e-125
15021	3.1172e-125
15022	3.05715e-125
15023	2.99826e-125
15024	2.94051e-125
15025	2.88387e-125
15026	2.82832e-125
15027	2.77384e-125
15028	2.72041e-125
15029	2.66801e-125
15030	2.61661e-125
15031	2.56621e-125
15032	2.51678e-125
15033	2.4683e-125
15034	2.42076e-125
15035	2.37413e-125
15036	2.32839e-125
15037	2.28354e-125
15038	2.23956e-125
15039	2.19642e-125
15040	2.15411e-125
15041	2.11261e-125
15042	2.07192e-125
15043	2.03201e-125
15044	1.99287e-125
15045	1.95448e-125
15046	1.91683e-125
15047	1.87991e-125
15048	1.8437e-125
15049	1.80818e-125
15050	1.77335e-125
15051	1.73919e-125
15052	1.70569e-125
15053	1.67283e-125
15054	1.64061e-125
15055	1.60901e-125
15056	1.57801e-125
15057	1.54762e-125
15058	1.51781e-125
15059	1.48857e-125
15060	1.45989e-125
15061	1.43177e-125
15062	1.40419e-125
15063	1.37714e-125
15064	1.35062e-125
15065	1.3246e-125
15066	1.29908e-125
15067	1.27406e-125
15068	1.24952e-125
15069	1.22545e-125
15070	1.20184e-125
15071	1.17869e-125
15072	1.15599e-125
15073	1.13372e-125
15074	1.11188e-125
15075	1.09046e-125
15076	1.06946e-125
15077	1.04885e-125
15078	1.02865e-125
15079	1.00884e-125
15080	9.89402e-126
15081	9.70343e-126
15082	9.51651e-126
15083	9.33319e-126
15084	9.15341e-126
15085	8.97708e-126
15086	8.80415e-126
15087	8.63456e-126
15088	8.46823e-126
15089	8.3051e-126
15090	8.14512e-126
15091	7.98822e-126
15092	7.83434e-126
15093	7.68342e-126
15094	7.53542e-126
15095	7.39026e-126
15096	7.2479e-126
15097	7.10828e-126
15098	6.97135e-126
15099	6.83706e-126
15100	6.70535e-126
15101	6.57619e-126
15102	6.44951e-126
15103	6.32527e-126
15104	6.20342e-126
15105	6.08392e-126
15106	5.96672e-126
15107	5.85178e-126
15108	5.73906e-126
15109	5.6285e-126
15110	5.52008e-126
15111	5.41374e-126
15112	5.30946e-126
15113	5.20718e-126
15114	5.10687e-126
15115	5.00849e-126
15116	4.91201e-126
15117	4.81739e-126
15118	4.72459e-126
15119	4.63357e-126
15120	4.54431e-126
15121	4.45677e-126
15122	4.37092e-126
15123	4.28672e-126
15124	4.20414e-126
15125	4.12315e-126
15126	4.04373e-126
15127	3.96583e-126
15128	3.88943e-126
15129	3.81451e-126
15130	3.74103e-126
15131	3.66896e-126
15132	3.59828e-126
15133	3.52897e-126
15134	3.46098e-126
15135	3.39431e-126
15136	3.32892e-126
15137	3.2648e-126
15138	3.2019e-126
15139	3.14022e-126
15140	3.07973e-126
15141	3.0204e-126
15142	2.96222e-126
15143	2.90515e-126
15144	2.84919e-126
15145	2.7943e-126
15146	2.74047e-126
15147	2.68768e-126
15148	2.6359e-126
15149	2.58513e-126
15150	2.53533e-126
15151	2.48649e-126
15152	2.43859e-126
15153	2.39161e-126
15154	2.34554e-126
15155	2.30035e-126
15156	2.25604e-126
15157	2.21258e-126
15158	2.16995e-126
15159	2.12815e-126
15160	2.08715e-126
15161	2.04695e-126
15162	2.00751e-126
15163	1.96884e-126
15164	1.93091e-126
15165	1.89372e-126
15166	1.85723e-126
15167	1.82146e-126
15168	1.78637e-126
15169	1.75195e-126
15170	1.7182e-126
15171	1.6851e-126
15172	1.65264e-126
15173	1.6208e-126
15174	1.58958e-126
15175	1.55896e-126
15176	1.52893e-126
15177	1.49947e-126
15178	1.47059e-126
15179	1.44226e-126
15180	1.41447e-126
15181	1.38722e-126
15182	1.3605e-126
15183	1.33429e-126
15184	1.30858e-126
15185	1.28338e-126
15186	1.25865e-126
15187	1.2344e-126
15188	1.21062e-126
15189	1.1873e-126
15190	1.16443e-126
15191	1.142e-126
15192	1.12e-126
15193	1.09842e-126
15194	1.07726e-126
15195	1.05651e-126
15196	1.03615e-126
15197	1.01619e-126
15198	9.96616e-127
15199	9.77416e-127
15200	9.58587e-127
15201	9.4012e-127
15202	9.22009e-127
15203	9.04246e-127
15204	8.86826e-127
15205	8.69742e-127
15206	8.52986e-127
15207	8.36554e-127
15208	8.20438e-127
15209	8.04632e-127
15210	7.89131e-127
15211	7.73929e-127
15212	7.59019e-127
15213	7.44396e-127
15214	7.30056e-127
15215	7.15991e-127
15216	7.02198e-127
15217	6.8867e-127
15218	6.75403e-127
15219	6.62391e-127
15220	6.4963e-127
15221	6.37115e-127
15222	6.24841e-127
15223	6.12804e-127
15224	6.00998e-127
15225	5.8942e-127
15226	5.78064e-127
15227	5.66928e-127
15228	5.56006e-127
15229	5.45295e-127
15230	5.34789e-127
15231	5.24487e-127
15232	5.14382e-127
15233	5.04473e-127
15234	4.94754e-127
15235	4.85222e-127
15236	4.75875e-127
15237	4.66707e-127
15238	4.57716e-127
15239	4.48898e-127
15240	4.40249e-127
15241	4.31768e-127
15242	4.2345e-127
15243	4.15292e-127
15244	4.07291e-127
15245	3.99445e-127
15246	3.91749e-127
15247	3.84202e-127
15248	3.768e-127
15249	3.69541e-127
15250	3.62422e-127
15251	3.5544e-127
15252	3.48592e-127
15253	3.41876e-127
15254	3.3529e-127
15255	3.2883e-127
15256	3.22495e-127
15257	3.16282e-127
15258	3.10189e-127
15259	3.04213e-127
15260	2.98352e-127
15261	2.92604e-127
15262	2.86967e-127
15263	2.81438e-127
15264	2.76016e-127
15265	2.70699e-127
15266	2.65484e-127
15267	2.60369e-127
15268	2.55353e-127
15269	2.50433e-127
15270	2.45608e-127
15271	2.40877e-127
15272	2.36236e-127
15273	2.31685e-127
15274	2.27221e-127
15275	2.22844e-127
15276	2.1855e-127
15277	2.1434e-127
15278	2.1021e-127
15279	2.06161e-127
15280	2.02189e-127
15281	1.98293e-127
15282	1.94473e-127
15283	1.90726e-127
15284	1.87052e-127
15285	1.83448e-127
15286	1.79914e-127
15287	1.76448e-127
15288	1.73048e-127
15289	1.69714e-127
15290	1.66445e-127
15291	1.63238e-127
15292	1.60093e-127
15293	1.57009e-127
15294	1.53984e-127
15295	1.51017e-127
15296	1.48108e-127
15297	1.45254e-127
15298	1.42456e-127
15299	1.39711e-127
15300	1.3702e-127
15301	1.3438e-127
15302	1.31791e-127
15303	1.29252e-127
15304	1.26762e-127
15305	1.24319e-127
15306	1.21924e-127
15307	1.19575e-127
15308	1.17271e-127
15309	1.15012e-127
15310	1.12796e-127
15311	1.10623e-127
15312	1.08492e-127
15313	1.06402e-127
15314	1.04352e-127
15315	1.02341e-127
15316	1.00369e-127
15317	9.84357e-128
15318	9.65392e-128
15319	9.46793e-128
15320	9.28551e-128
15321	9.10662e-128
15322	8.93117e-128
15323	8.75909e-128
15324	8.59034e-128
15325	8.42483e-128
15326	8.26252e-128
15327	8.10333e-128
15328	7.94721e-128
15329	7.79409e-128
15330	7.64393e-128
15331	7.49666e-128
15332	7.35223e-128
15333	7.21057e-128
15334	7.07165e-128
15335	6.93541e-128
15336	6.80179e-128
15337	6.67074e-128
15338	6.54222e-128
15339	6.41617e-128
15340	6.29255e-128
15341	6.17132e-128
15342	6.05242e-128
15343	5.93581e-128
15344	5.82145e-128
15345	5.70929e-128
15346	5.59929e-128
15347	5.49141e-128
15348	5.38561e-128
15349	5.28185e-128
15350	5.18008e-128
15351	5.08028e-128
15352	4.9824e-128
15353	4.8864e-128
15354	4.79226e-128
15355	4.69993e-128
15356	4.60938e-128
15357	4.52057e-128
15358	4.43347e-128
15359	4.34805e-128
15360	4.26428e-128
15361	4.18212e-128
15362	4.10154e-128
15363	4.02252e-128
15364	3.94502e-128
15365	3.86901e-128
15366	3.79447e-128
15367	3.72136e-128
15368	3.64966e-128
15369	3.57934e-128
15370	3.51038e-128
15371	3.44275e-128
15372	3.37641e-128
15373	3.31136e-128
15374	3.24756e-128
15375	3.18499e-128
15376	3.12363e-128
15377	3.06344e-128
15378	3.00442e-128
15379	2.94653e-128
15380	2.88976e-128
15381	2.83409e-128
15382	2.77948e-128
15383	2.72593e-128
15384	2.67341e-128
15385	2.6219e-128
15386	2.57138e-128
15387	2.52184e-128
15388	2.47325e-128
15389	2.4256e-128
15390	2.37886e-128
15391	2.33303e-128
15392	2.28808e-128
15393	2.24399e-128
15394	2.20076e-128
15395	2.15836e-128
15396	2.11677e-128
15397	2.07599e-128
15398	2.03599e-128
15399	1.99676e-128
15400	1.95829e-128
15401	1.92056e-128
15402	1.88355e-128
15403	1.84726e-128
15404	1.81167e-128
15405	1.77676e-128
15406	1.74253e-128
15407	1.70896e-128
15408	1.67603e-128
15409	1.64374e-128
15410	1.61206e-128
15411	1.581e-128
15412	1.55054e-128
15413	1.52067e-128
15414	1.49137e-128
15415	1.46263e-128
15416	1.43445e-128
15417	1.40681e-128
15418	1.37971e-128
15419	1.35312e-128
15420	1.32705e-128
15421	1.30148e-128
15422	1.27641e-128
15423	1.25181e-128
15424	1.22769e-128
15425	1.20404e-128
15426	1.18084e-128
15427	1.15809e-128
15428	1.13577e-128
15429	1.11389e-128
15430	1.09243e-128
15431	1.07138e-128
15432	1.05074e-128
15433	1.03049e-128
15434	1.01064e-128
15435	9.91164e-129
15436	9.72067e-129
15437	9.53337e-129
15438	9.34968e-129
15439	9.16954e-129
15440	8.99286e-129
15441	8.81959e-129
15442	8.64965e-129
15443	8.48299e-129
15444	8.31954e-129
15445	8.15924e-129
15446	8.00203e-129
15447	7.84785e-129
15448	7.69664e-129
15449	7.54834e-129
15450	7.4029e-129
15451	7.26026e-129
15452	7.12037e-129
15453	6.98317e-129
15454	6.84862e-129
15455	6.71666e-129
15456	6.58725e-129
15457	6.46032e-129
15458	6.33584e-129
15459	6.21377e-129
15460	6.09404e-129
15461	5.97662e-129
15462	5.86146e-129
15463	5.74852e-129
15464	5.63776e-129
15465	5.52913e-129
15466	5.42259e-129
15467	5.31811e-129
15468	5.21564e-129
15469	5.11514e-129
15470	5.01658e-129
15471	4.91992e-129
15472	4.82512e-129
15473	4.73215e-129
15474	4.64097e-129
15475	4.55155e-129
15476	4.46385e-129
15477	4.37784e-129
15478	4.29348e-129
15479	4.21076e-129
15480	4.12962e-129
15481	4.05005e-129
15482	3.97201e-129
15483	3.89548e-129
15484	3.82042e-129
15485	3.74681e-129
15486	3.67461e-129
15487	3.60381e-129
15488	3.53437e-129
15489	3.46627e-129
15490	3.39948e-129
15491	3.33397e-129
15492	3.26973e-129
15493	3.20673e-129
15494	3.14494e-129
15495	3.08434e-129
15496	3.02491e-129
15497	2.96663e-129
15498	2.90946e-129
15499	2.8534e-129
15500	2.79842e-129
15501	2.7445e-129
15502	2.69162e-129
15503	2.63975e-129
15504	2.58889e-129
15505	2.539e-129
15506	2.49008e-129
15507	2.4421e-129
15508	2.39504e-129
15509	2.3489e-129
15510	2.30364e-129
15511	2.25925e-129
15512	2.21571e-129
15513	2.17302e-129
15514	2.13115e-129
15515	2.09008e-129
15516	2.04981e-129
15517	2.01031e-129
15518	1.97158e-129
15519	1.93359e-129
15520	1.89633e-129
15521	1.85979e-129
15522	1.82395e-129
15523	1.78881e-129
15524	1.75434e-129
15525	1.72054e-129
15526	1.68738e-129
15527	1.65487e-129
15528	1.62298e-129
15529	1.59171e-129
15530	1.56104e-129
15531	1.53096e-129
15532	1.50146e-129
15533	1.47253e-129
15534	1.44415e-129
15535	1.41632e-129
15536	1.38903e-129
15537	1.36227e-129
15538	1.33602e-129
15539	1.31027e-129
15540	1.28503e-129
15541	1.26027e-129
15542	1.23598e-129
15543	1.21216e-129
15544	1.18881e-129
15545	1.1659e-129
15546	1.14343e-129
15547	1.1214e-129
15548	1.09979e-129
15549	1.0786e-129
15550	1.05782e-129
15551	1.03743e-129
15552	1.01744e-129
15553	9.97838e-130
15554	9.7861e-130
15555	9.59753e-130
15556	9.41259e-130
15557	9.23122e-130
15558	9.05334e-130
15559	8.87889e-130
15560	8.7078e-130
15561	8.54e-130
15562	8.37544e-130
15563	8.21405e-130
15564	8.05577e-130
15565	7.90054e-130
15566	7.7483e-130
15567	7.599e-130
15568	7.45257e-130
15569	7.30896e-130
15570	7.16812e-130
15571	7.03e-130
15572	6.89453e-130
15573	6.76168e-130
15574	6.63138e-130
15575	6.5036e-130
15576	6.37828e-130
15577	6.25537e-130
15578	6.13484e-130
15579	6.01662e-130
15580	5.90068e-130
15581	5.78698e-130
15582	5.67547e-130
15583	5.5661e-130
15584	5.45884e-130
15585	5.35365e-130
15586	5.25049e-130
15587	5.14932e-130
15588	5.05009e-130
15589	4.95278e-130
15590	4.85734e-130
15591	4.76374e-130
15592	4.67194e-130
15593	4.58192e-130
15594	4.49362e-130
15595	4.40703e-130
15596	4.32211e-130
15597	4.23882e-130
15598	4.15714e-130
15599	4.07703e-130
15600	3.99847e-130
15601	3.92142e-130
15602	3.84586e-130
15603	3.77175e-130
15604	3.69907e-130
15605	3.62778e-130
15606	3.55788e-130
15607	3.48932e-130
15608	3.42208e-130
15609	3.35614e-130
15610	3.29146e-130
15611	3.22804e-130
15612	3.16583e-130
15613	3.10483e-130
15614	3.045e-130
15615	2.98632e-130
15616	2.92877e-130
15617	2.87234e-130
15618	2.81699e-130
15619	2.7627e-130
15620	2.70946e-130
15621	2.65725e-130
15622	2.60605e-130
15623	2.55583e-130
15624	2.50658e-130
15625	2.45827e-130
15626	2.4109e-130
15627	2.36444e-130
15628	2.31888e-130
15629	2.2742e-130
15630	2.23037e-130
15631	2.18739e-130
15632	2.14524e-130
15633	2.1039e-130
15634	2.06336e-130
15635	2.0236e-130
15636	1.9846e-130
15637	1.94636e-130
15638	1.90885e-130
15639	1.87207e-130
15640	1.83599e-130
15641	1.80061e-130
15642	1.76591e-130
15643	1.73188e-130
15644	1.69851e-130
15645	1.66578e-130
15646	1.63368e-130
15647	1.6022e-130
15648	1.57132e-130
15649	1.54104e-130
15650	1.51134e-130
15651	1.48222e-130
15652	1.45366e-130
15653	1.42564e-130
15654	1.39817e-130
15655	1.37123e-130
15656	1.3448e-130
15657	1.31889e-130
15658	1.29347e-130
15659	1.26855e-130
15660	1.2441e-130
15661	1.22013e-130
15662	1.19661e-130
15663	1.17355e-130
15664	1.15094e-130
15665	1.12876e-130
15666	1.10701e-130
15667	1.08568e-130
15668	1.06475e-130
15669	1.04424e-130
15670	1.02411e-130
15671	1.00438e-130
15672	9.85022e-131
15673	9.6604e-131
15674	9.47423e-131
15675	9.29166e-131
15676	9.1126e-131
15677	8.93699e-131
15678	8.76477e-131
15679	8.59586e-131
15680	8.43022e-131
15681	8.26776e-131
15682	8.10843e-131
15683	7.95217e-131
15684	7.79893e-131
15685	7.64864e-131
15686	7.50124e-131
15687	7.35669e-131
15688	7.21491e-131
15689	7.07588e-131
15690	6.93952e-131
15691	6.80579e-131
15692	6.67463e-131
15693	6.54601e-131
15694	6.41986e-131
15695	6.29614e-131
15696	6.17481e-131
15697	6.05581e-131
15698	5.93911e-131
15699	5.82466e-131
15700	5.71241e-131
15701	5.60233e-131
15702	5.49436e-131
15703	5.38848e-131
15704	5.28464e-131
15705	5.1828e-131
15706	5.08292e-131
15707	4.98496e-131
15708	4.8889e-131
15709	4.79468e-131
15710	4.70228e-131
15711	4.61167e-131
15712	4.52279e-131
15713	4.43563e-131
15714	4.35015e-131
15715	4.26632e-131
15716	4.1841e-131
15717	4.10347e-131
15718	4.02439e-131
15719	3.94684e-131
15720	3.87077e-131
15721	3.79618e-131
15722	3.72302e-131
15723	3.65127e-131
15724	3.58091e-131
15725	3.5119e-131
15726	3.44422e-131
15727	3.37785e-131
15728	3.31275e-131
15729	3.24891e-131
15730	3.1863e-131
15731	3.12489e-131
15732	3.06467e-131
15733	3.00561e-131
15734	2.94769e-131
15735	2.89088e-131
15736	2.83517e-131
15737	2.78053e-131
15738	2.72695e-131
15739	2.67439e-131
15740	2.62285e-131
15741	2.57231e-131
15742	2.52274e-131
15743	2.47412e-131
15744	2.42644e-131
15745	2.37968e-131
15746	2.33382e-131
15747	2.28884e-131
15748	2.24473e-131
15749	2.20147e-131
15750	2.15904e-131
15751	2.11744e-131
15752	2.07663e-131
15753	2.03661e-131
15754	1.99736e-131
15755	1.95887e-131
15756	1.92112e-131
15757	1.88409e-131
15758	1.84778e-131
15759	1.81217e-131
15760	1.77725e-131
15761	1.743e-131
15762	1.70941e-131
15763	1.67646e-131
15764	1.64416e-131
15765	1.61247e-131
15766	1.58139e-131
15767	1.55092e-131
15768	1.52103e-131
15769	1.49172e-131
15770	1.46297e-131
15771	1.43477e-131
15772	1.40712e-131
15773	1.38e-131
15774	1.35341e-131
15775	1.32733e-131
15776	1.30175e-131
15777	1.27666e-131
15778	1.25205e-131
15779	1.22793e-131
15780	1.20426e-131
15781	1.18105e-131
15782	1.15829e-131
15783	1.13597e-131
15784	1.11408e-131
15785	1.0926e-131
15786	1.07155e-131
15787	1.0509e-131
15788	1.03064e-131
15789	1.01078e-131
15790	9.91301e-132
15791	9.72197e-132
15792	9.5346e-132
15793	9.35085e-132
15794	9.17064e-132
15795	8.9939e-132
15796	8.82057e-132
15797	8.65057e-132
15798	8.48386e-132
15799	8.32035e-132
15800	8.16e-132
15801	8.00274e-132
15802	7.84851e-132
15803	7.69725e-132
15804	7.54891e-132
15805	7.40342e-132
15806	7.26074e-132
15807	7.12081e-132
15808	6.98357e-132
15809	6.84898e-132
15810	6.71699e-132
15811	6.58753e-132
15812	6.46057e-132
15813	6.33606e-132
15814	6.21395e-132
15815	6.09419e-132
15816	5.97674e-132
15817	5.86156e-132
15818	5.74859e-132
15819	5.6378e-132
15820	5.52915e-132
15821	5.42258e-132
15822	5.31808e-132
15823	5.21558e-132
15824	5.11507e-132
15825	5.01649e-132
15826	4.9198e-132
15827	4.82499e-132
15828	4.732e-132
15829	4.6408e-132
15830	4.55136e-132
15831	4.46364e-132
15832	4.37762e-132
15833	4.29325e-132
15834	4.2105e-132
15835	4.12936e-132
15836	4.04977e-132
15837	3.97172e-132
15838	3.89518e-132
15839	3.82011e-132
15840	3.74648e-132
15841	3.67428e-132
15842	3.60346e-132
15843	3.53401e-132
15844	3.4659e-132
15845	3.39911e-132
15846	3.33359e-132
15847	3.26935e-132
15848	3.20634e-132
15849	3.14454e-132
15850	3.08394e-132
15851	3.0245e-132
15852	2.96621e-132
15853	2.90904e-132
15854	2.85298e-132
15855	2.79799e-132
15856	2.74407e-132
15857	2.69118e-132
15858	2.63931e-132
15859	2.58844e-132
15860	2.53856e-132
15861	2.48963e-132
15862	2.44165e-132
15863	2.39459e-132
15864	2.34844e-132
15865	2.30318e-132
15866	2.25879e-132
15867	2.21525e-132
15868	2.17256e-132
15869	2.13069e-132
15870	2.08962e-132
15871	2.04935e-132
15872	2.00985e-132
15873	1.97112e-132
15874	1.93313e-132
15875	1.89587e-132
15876	1.85933e-132
15877	1.82349e-132
15878	1.78835e-132
15879	1.75388e-132
15880	1.72008e-132
15881	1.68693e-132
15882	1.65441e-132
15883	1.62253e-132
15884	1.59126e-132
15885	1.56059e-132
15886	1.53051e-132
15887	1.50101e-132
15888	1.47208e-132
15889	1.44371e-132
15890	1.41589e-132
15891	1.3886e-132
15892	1.36183e-132
15893	1.33559e-132
15894	1.30984e-132
15895	1.2846e-132
15896	1.25984e-132
15897	1.23556e-132
15898	1.21175e-132
15899	1.18839e-132
15900	1.16549e-132
15901	1.14302e-132
15902	1.12099e-132
15903	1.09939e-132
15904	1.0782e-132
15905	1.05742e-132
15906	1.03704e-132
15907	1.01705e-132
15908	9.97448e-133
15909	9.78224e-133
15910	9.5937e-133
15911	9.40879e-133
15912	9.22745e-133
15913	9.04961e-133
15914	8.87519e-133
15915	8.70413e-133
15916	8.53637e-133
15917	8.37184e-133
15918	8.21048e-133
15919	8.05224e-133
15920	7.89704e-133
15921	7.74483e-133
15922	7.59556e-133
15923	7.44917e-133
15924	7.30559e-133
15925	7.16479e-133
15926	7.02669e-133
15927	6.89126e-133
15928	6.75844e-133
15929	6.62818e-133
15930	6.50043e-133
15931	6.37514e-133
15932	6.25227e-133
15933	6.13176e-133
15934	6.01358e-133
15935	5.89767e-133
15936	5.784e-133
15937	5.67252e-133
15938	5.56319e-133
15939	5.45596e-133
15940	5.35081e-133
15941	5.24768e-133
15942	5.14653e-133
15943	5.04734e-133
15944	4.95005e-133
15945	4.85465e-133
15946	4.76108e-133
15947	4.66931e-133
15948	4.57932e-133
15949	4.49105e-133
15950	4.40449e-133
15951	4.3196e-133
15952	4.23634e-133
15953	4.15469e-133
15954	4.07461e-133
15955	3.99608e-133
15956	3.91906e-133
15957	3.84352e-133
15958	3.76944e-133
15959	3.69679e-133
15960	3.62553e-133
15961	3.55566e-133
15962	3.48712e-133
15963	3.41991e-133
15964	3.35399e-133
15965	3.28935e-133
15966	3.22595e-133
15967	3.16377e-133
15968	3.10279e-133
15969	3.04299e-133
15970	2.98434e-133
15971	2.92681e-133
15972	2.8704e-133
15973	2.81508e-133
15974	2.76082e-133
15975	2.7076e-133
15976	2.65542e-133
15977	2.60424e-133
15978	2.55404e-133
15979	2.50481e-133
15980	2.45653e-133
15981	2.40919e-133
15982	2.36275e-133
15983	2.31721e-133
15984	2.27255e-133
15985	2.22874e-133
15986	2.18579e-133
15987	2.14366e-133
15988	2.10234e-133
15989	2.06182e-133
15990	2.02207e-133
15991	1.9831e-133
15992	1.94488e-133
15993	1.90739e-133
15994	1.87063e-133
15995	1.83457e-133
15996	1.79921e-133
15997	1.76453e-133
15998	1.73052e-133
15999	1.69716e-133
16000	1.66445e-133
16001	1.63237e-133
16002	1.60091e-133
16003	1.57005e-133
16004	1.53979e-133
16005	1.51011e-133
16006	1.481e-133
16007	1.45246e-133
16008	1.42446e-133
16009	1.397e-133
16010	1.37008e-133
16011	1.34367e-133
16012	1.31777e-133
16013	1.29237e-133
16014	1.26746e-133
16015	1.24303e-133
16016	1.21907e-133
16017	1.19557e-133
16018	1.17253e-133
16019	1.14993e-133
16020	1.12776e-133
16021	1.10603e-133
16022	1.08471e-133
16023	1.0638e-133
16024	1.04329e-133
16025	1.02318e-133
16026	1.00346e-133
16027	9.84121e-134
16028	9.65152e-134
16029	9.46549e-134
16030	9.28304e-134
16031	9.10411e-134
16032	8.92863e-134
16033	8.75653e-134
16034	8.58774e-134
16035	8.42221e-134
16036	8.25987e-134
16037	8.10066e-134
16038	7.94452e-134
16039	7.79139e-134
16040	7.64121e-134
16041	7.49392e-134
16042	7.34948e-134
16043	7.20781e-134
16044	7.06888e-134
16045	6.93263e-134
16046	6.799e-134
16047	6.66795e-134
16048	6.53942e-134
16049	6.41337e-134
16050	6.28975e-134
16051	6.16852e-134
16052	6.04961e-134
16053	5.93301e-134
16054	5.81865e-134
16055	5.70649e-134
16056	5.59649e-134
16057	5.48862e-134
16058	5.38283e-134
16059	5.27907e-134
16060	5.17731e-134
16061	5.07752e-134
16062	4.97965e-134
16063	4.88366e-134
16064	4.78953e-134
16065	4.69721e-134
16066	4.60667e-134
16067	4.51787e-134
16068	4.43079e-134
16069	4.34538e-134
16070	4.26162e-134
16071	4.17948e-134
16072	4.09891e-134
16073	4.0199e-134
16074	3.94242e-134
16075	3.86643e-134
16076	3.7919e-134
16077	3.71881e-134
16078	3.64713e-134
16079	3.57682e-134
16080	3.50788e-134
16081	3.44026e-134
16082	3.37395e-134
16083	3.30891e-134
16084	3.24513e-134
16085	3.18258e-134
16086	3.12123e-134
16087	3.06107e-134
16088	3.00207e-134
16089	2.9442e-134
16090	2.88745e-134
16091	2.83179e-134
16092	2.7772e-134
16093	2.72367e-134
16094	2.67117e-134
16095	2.61968e-134
16096	2.56918e-134
16097	2.51966e-134
16098	2.47109e-134
16099	2.42346e-134
16100	2.37675e-134
16101	2.33093e-134
16102	2.286e-134
16103	2.24194e-134
16104	2.19872e-134
16105	2.15634e-134
16106	2.11477e-134
16107	2.07401e-134
16108	2.03403e-134
16109	1.99482e-134
16110	1.95637e-134
16111	1.91866e-134
16112	1.88168e-134
16113	1.8454e-134
16114	1.80983e-134
16115	1.77495e-134
16116	1.74073e-134
16117	1.70718e-134
16118	1.67427e-134
16119	1.642e-134
16120	1.61034e-134
16121	1.5793e-134
16122	1.54886e-134
16123	1.519e-134
16124	1.48972e-134
16125	1.46101e-134
16126	1.43284e-134
16127	1.40523e-134
16128	1.37814e-134
16129	1.35157e-134
16130	1.32552e-134
16131	1.29997e-134
16132	1.27491e-134
16133	1.25033e-134
16134	1.22623e-134
16135	1.2026e-134
16136	1.17941e-134
16137	1.15668e-134
16138	1.13438e-134
16139	1.11252e-134
16140	1.09107e-134
16141	1.07004e-134
16142	1.04941e-134
16143	1.02918e-134
16144	1.00934e-134
16145	9.89888e-135
16146	9.70806e-135
16147	9.52093e-135
16148	9.3374e-135
16149	9.1574e-135
16150	8.98088e-135
16151	8.80776e-135
16152	8.63798e-135
16153	8.47147e-135
16154	8.30817e-135
16155	8.14802e-135
16156	7.99095e-135
16157	7.83691e-135
16158	7.68584e-135
16159	7.53769e-135
16160	7.39239e-135
16161	7.24989e-135
16162	7.11013e-135
16163	6.97307e-135
16164	6.83866e-135
16165	6.70683e-135
16166	6.57755e-135
16167	6.45075e-135
16168	6.3264e-135
16169	6.20445e-135
16170	6.08485e-135
16171	5.96755e-135
16172	5.85252e-135
16173	5.7397e-135
16174	5.62906e-135
16175	5.52055e-135
16176	5.41413e-135
16177	5.30976e-135
16178	5.20741e-135
16179	5.10703e-135
16180	5.00858e-135
16181	4.91203e-135
16182	4.81734e-135
16183	4.72448e-135
16184	4.63341e-135
16185	4.54409e-135
16186	4.45649e-135
16187	4.37058e-135
16188	4.28633e-135
16189	4.20371e-135
16190	4.12267e-135
16191	4.0432e-135
16192	3.96526e-135
16193	3.88882e-135
16194	3.81386e-135
16195	3.74034e-135
16196	3.66823e-135
16197	3.59752e-135
16198	3.52817e-135
16199	3.46016e-135
16200	3.39346e-135
16201	3.32804e-135
16202	3.26389e-135
16203	3.20097e-135
16204	3.13926e-135
16205	3.07875e-135
16206	3.0194e-135
16207	2.96119e-135
16208	2.90411e-135
16209	2.84813e-135
16210	2.79322e-135
16211	2.73938e-135
16212	2.68657e-135
16213	2.63478e-135
16214	2.58399e-135
16215	2.53418e-135
16216	2.48533e-135
16217	2.43741e-135
16218	2.39043e-135
16219	2.34435e-135
16220	2.29915e-135
16221	2.25483e-135
16222	2.21137e-135
16223	2.16874e-135
16224	2.12693e-135
16225	2.08593e-135
16226	2.04572e-135
16227	2.00628e-135
16228	1.96761e-135
16229	1.92967e-135
16230	1.89248e-135
16231	1.85599e-135
16232	1.82022e-135
16233	1.78513e-135
16234	1.75071e-135
16235	1.71696e-135
16236	1.68387e-135
16237	1.6514e-135
16238	1.61957e-135
16239	1.58835e-135
16240	1.55773e-135
16241	1.5277e-135
16242	1.49825e-135
16243	1.46937e-135
16244	1.44104e-135
16245	1.41326e-135
16246	1.38602e-135
16247	1.3593e-135
16248	1.33309e-135
16249	1.3074e-135
16250	1.28219e-135
16251	1.25747e-135
16252	1.23323e-135
16253	1.20946e-135
16254	1.18614e-135
16255	1.16328e-135
16256	1.14085e-135
16257	1.11886e-135
16258	1.09729e-135
16259	1.07614e-135
16260	1.05539e-135
16261	1.03505e-135
16262	1.01509e-135
16263	9.95524e-136
16264	9.76333e-136
16265	9.57511e-136
16266	9.39052e-136
16267	9.20949e-136
16268	9.03196e-136
16269	8.85784e-136
16270	8.68708e-136
16271	8.51961e-136
16272	8.35537e-136
16273	8.1943e-136
16274	8.03633e-136
16275	7.8814e-136
16276	7.72947e-136
16277	7.58046e-136
16278	7.43432e-136
16279	7.29101e-136
16280	7.15045e-136
16281	7.0126e-136
16282	6.87741e-136
16283	6.74483e-136
16284	6.6148e-136
16285	6.48728e-136
16286	6.36222e-136
16287	6.23957e-136
16288	6.11928e-136
16289	6.00132e-136
16290	5.88562e-136
16291	5.77216e-136
16292	5.66088e-136
16293	5.55175e-136
16294	5.44472e-136
16295	5.33976e-136
16296	5.23682e-136
16297	5.13586e-136
16298	5.03685e-136
16299	4.93975e-136
16300	4.84452e-136
16301	4.75113e-136
16302	4.65954e-136
16303	4.56971e-136
16304	4.48161e-136
16305	4.39521e-136
16306	4.31048e-136
16307	4.22738e-136
16308	4.14589e-136
16309	4.06596e-136
16310	3.98758e-136
16311	3.9107e-136
16312	3.83531e-136
16313	3.76137e-136
16314	3.68886e-136
16315	3.61774e-136
16316	3.548e-136
16317	3.4796e-136
16318	3.41252e-136
16319	3.34673e-136
16320	3.28221e-136
16321	3.21894e-136
16322	3.15688e-136
16323	3.09602e-136
16324	3.03633e-136
16325	2.9778e-136
16326	2.92039e-136
16327	2.86409e-136
16328	2.80887e-136
16329	2.75472e-136
16330	2.70162e-136
16331	2.64953e-136
16332	2.59845e-136
16333	2.54836e-136
16334	2.49923e-136
16335	2.45105e-136
16336	2.4038e-136
16337	2.35745e-136
16338	2.31201e-136
16339	2.26743e-136
16340	2.22372e-136
16341	2.18085e-136
16342	2.13881e-136
16343	2.09757e-136
16344	2.05713e-136
16345	2.01748e-136
16346	1.97858e-136
16347	1.94044e-136
16348	1.90303e-136
16349	1.86634e-136
16350	1.83036e-136
16351	1.79507e-136
16352	1.76047e-136
16353	1.72653e-136
16354	1.69324e-136
16355	1.6606e-136
16356	1.62858e-136
16357	1.59719e-136
16358	1.56639e-136
16359	1.5362e-136
16360	1.50658e-136
16361	1.47753e-136
16362	1.44905e-136
16363	1.42111e-136
16364	1.39371e-136
16365	1.36685e-136
16366	1.34049e-136
16367	1.31465e-136
16368	1.28931e-136
16369	1.26445e-136
16370	1.24007e-136
16371	1.21616e-136
16372	1.19272e-136
16373	1.16972e-136
16374	1.14717e-136
16375	1.12506e-136
16376	1.10337e-136
16377	1.08209e-136
16378	1.06123e-136
16379	1.04077e-136
16380	1.02071e-136
16381	1.00103e-136
16382	9.81731e-137
16383	9.62804e-137
16384	9.44242e-137
16385	9.26038e-137
16386	9.08184e-137
16387	8.90675e-137
16388	8.73504e-137
16389	8.56663e-137
16390	8.40148e-137
16391	8.2395e-137
16392	8.08065e-137
16393	7.92486e-137
16394	7.77208e-137
16395	7.62224e-137
16396	7.47529e-137
16397	7.33117e-137
16398	7.18983e-137
16399	7.05121e-137
16400	6.91527e-137
16401	6.78195e-137
16402	6.6512e-137
16403	6.52297e-137
16404	6.39721e-137
16405	6.27387e-137
16406	6.15292e-137
16407	6.03429e-137
16408	5.91795e-137
16409	5.80386e-137
16410	5.69196e-137
16411	5.58223e-137
16412	5.4746e-137
16413	5.36906e-137
16414	5.26554e-137
16415	5.16403e-137
16416	5.06447e-137
16417	4.96683e-137
16418	4.87107e-137
16419	4.77716e-137
16420	4.68506e-137
16421	4.59473e-137
16422	4.50615e-137
16423	4.41927e-137
16424	4.33407e-137
16425	4.25051e-137
16426	4.16856e-137
16427	4.08819e-137
16428	4.00937e-137
16429	3.93207e-137
16430	3.85626e-137
16431	3.78192e-137
16432	3.709e-137
16433	3.63749e-137
16434	3.56736e-137
16435	3.49859e-137
16436	3.43114e-137
16437	3.36498e-137
16438	3.30011e-137
16439	3.23648e-137
16440	3.17408e-137
16441	3.11289e-137
16442	3.05287e-137
16443	2.99401e-137
16444	2.93629e-137
16445	2.87968e-137
16446	2.82416e-137
16447	2.76971e-137
16448	2.71631e-137
16449	2.66394e-137
16450	2.61258e-137
16451	2.56221e-137
16452	2.51281e-137
16453	2.46436e-137
16454	2.41685e-137
16455	2.37025e-137
16456	2.32456e-137
16457	2.27974e-137
16458	2.23578e-137
16459	2.19268e-137
16460	2.1504e-137
16461	2.10894e-137
16462	2.06828e-137
16463	2.02841e-137
16464	1.9893e-137
16465	1.95095e-137
16466	1.91333e-137
16467	1.87644e-137
16468	1.84026e-137
16469	1.80478e-137
16470	1.76999e-137
16471	1.73586e-137
16472	1.70239e-137
16473	1.66957e-137
16474	1.63738e-137
16475	1.60581e-137
16476	1.57485e-137
16477	1.54449e-137
16478	1.51471e-137
16479	1.48551e-137
16480	1.45687e-137
16481	1.42878e-137
16482	1.40123e-137
16483	1.37421e-137
16484	1.34772e-137
16485	1.32173e-137
16486	1.29625e-137
16487	1.27126e-137
16488	1.24675e-137
16489	1.22271e-137
16490	1.19914e-137
16491	1.17602e-137
16492	1.15334e-137
16493	1.13111e-137
16494	1.1093e-137
16495	1.08791e-137
16496	1.06694e-137
16497	1.04636e-137
16498	1.02619e-137
16499	1.0064e-137
16500	9.87001e-138
16501	9.67971e-138
16502	9.49308e-138
16503	9.31005e-138
16504	9.13055e-138
16505	8.9545e-138
16506	8.78186e-138
16507	8.61254e-138
16508	8.44648e-138
16509	8.28363e-138
16510	8.12392e-138
16511	7.96728e-138
16512	7.81367e-138
16513	7.66302e-138
16514	7.51527e-138
16515	7.37037e-138
16516	7.22827e-138
16517	7.0889e-138
16518	6.95222e-138
16519	6.81818e-138
16520	6.68672e-138
16521	6.5578e-138
16522	6.43136e-138
16523	6.30736e-138
16524	6.18575e-138
16525	6.06648e-138
16526	5.94951e-138
16527	5.8348e-138
16528	5.7223e-138
16529	5.61197e-138
16530	5.50377e-138
16531	5.39765e-138
16532	5.29358e-138
16533	5.19152e-138
16534	5.09142e-138
16535	4.99325e-138
16536	4.89698e-138
16537	4.80256e-138
16538	4.70996e-138
16539	4.61915e-138
16540	4.53009e-138
16541	4.44275e-138
16542	4.35709e-138
16543	4.27308e-138
16544	4.19069e-138
16545	4.10989e-138
16546	4.03065e-138
16547	3.95293e-138
16548	3.87672e-138
16549	3.80197e-138
16550	3.72866e-138
16551	3.65677e-138
16552	3.58626e-138
16553	3.51712e-138
16554	3.4493e-138
16555	3.3828e-138
16556	3.31757e-138
16557	3.25361e-138
16558	3.19087e-138
16559	3.12935e-138
16560	3.06901e-138
16561	3.00984e-138
16562	2.95181e-138
16563	2.89489e-138
16564	2.83908e-138
16565	2.78433e-138
16566	2.73065e-138
16567	2.678e-138
16568	2.62636e-138
16569	2.57572e-138
16570	2.52606e-138
16571	2.47736e-138
16572	2.42959e-138
16573	2.38274e-138
16574	2.3368e-138
16575	2.29175e-138
16576	2.24756e-138
16577	2.20422e-138
16578	2.16172e-138
16579	2.12004e-138
16580	2.07916e-138
16581	2.03907e-138
16582	1.99976e-138
16583	1.9612e-138
16584	1.92339e-138
16585	1.8863e-138
16586	1.84993e-138
16587	1.81426e-138
16588	1.77928e-138
16589	1.74497e-138
16590	1.71133e-138
16591	1.67833e-138
16592	1.64597e-138
16593	1.61423e-138
16594	1.58311e-138
16595	1.55258e-138
16596	1.52265e-138
16597	1.49329e-138
16598	1.46449e-138
16599	1.43626e-138
16600	1.40856e-138
16601	1.3814e-138
16602	1.35477e-138
16603	1.32865e-138
16604	1.30303e-138
16605	1.2779e-138
16606	1.25326e-138
16607	1.2291e-138
16608	1.2054e-138
16609	1.18216e-138
16610	1.15936e-138
16611	1.13701e-138
16612	1.11509e-138
16613	1.09359e-138
16614	1.0725e-138
16615	1.05182e-138
16616	1.03154e-138
16617	1.01165e-138
16618	9.92142e-139
16619	9.73012e-139
16620	9.54251e-139
16621	9.35851e-139
16622	9.17806e-139
16623	9.00109e-139
16624	8.82753e-139
16625	8.65732e-139
16626	8.4904e-139
16627	8.32668e-139
16628	8.16613e-139
16629	8.00867e-139
16630	7.85425e-139
16631	7.70281e-139
16632	7.55428e-139
16633	7.40862e-139
16634	7.26577e-139
16635	7.12567e-139
16636	6.98827e-139
16637	6.85353e-139
16638	6.72138e-139
16639	6.59177e-139
16640	6.46467e-139
16641	6.34002e-139
16642	6.21777e-139
16643	6.09788e-139
16644	5.9803e-139
16645	5.86499e-139
16646	5.7519e-139
16647	5.64099e-139
16648	5.53222e-139
16649	5.42555e-139
16650	5.32093e-139
16651	5.21833e-139
16652	5.11771e-139
16653	5.01903e-139
16654	4.92226e-139
16655	4.82734e-139
16656	4.73426e-139
16657	4.64298e-139
16658	4.55345e-139
16659	4.46565e-139
16660	4.37954e-139
16661	4.29509e-139
16662	4.21228e-139
16663	4.13105e-139
16664	4.0514e-139
16665	3.97328e-139
16666	3.89666e-139
16667	3.82153e-139
16668	3.74784e-139
16669	3.67557e-139
16670	3.6047e-139
16671	3.53519e-139
16672	3.46702e-139
16673	3.40017e-139
16674	3.33461e-139
16675	3.27031e-139
16676	3.20725e-139
16677	3.14541e-139
16678	3.08476e-139
16679	3.02527e-139
16680	2.96694e-139
16681	2.90973e-139
16682	2.85362e-139
16683	2.7986e-139
16684	2.74463e-139
16685	2.69171e-139
16686	2.63981e-139
16687	2.58891e-139
16688	2.53899e-139
16689	2.49003e-139
16690	2.44201e-139
16691	2.39493e-139
16692	2.34875e-139
16693	2.30346e-139
16694	2.25904e-139
16695	2.21548e-139
16696	2.17276e-139
16697	2.13086e-139
16698	2.08977e-139
16699	2.04948e-139
16700	2.00996e-139
16701	1.9712e-139
16702	1.93319e-139
16703	1.89591e-139
16704	1.85936e-139
16705	1.8235e-139
16706	1.78834e-139
16707	1.75386e-139
16708	1.72004e-139
16709	1.68687e-139
16710	1.65434e-139
16711	1.62244e-139
16712	1.59116e-139
16713	1.56048e-139
16714	1.53038e-139
16715	1.50087e-139
16716	1.47193e-139
16717	1.44355e-139
16718	1.41571e-139
16719	1.38842e-139
16720	1.36164e-139
16721	1.33539e-139
16722	1.30964e-139
16723	1.28438e-139
16724	1.25962e-139
16725	1.23533e-139
16726	1.21151e-139
16727	1.18815e-139
16728	1.16523e-139
16729	1.14277e-139
16730	1.12073e-139
16731	1.09912e-139
16732	1.07792e-139
16733	1.05714e-139
16734	1.03675e-139
16735	1.01676e-139
16736	9.97156e-140
16737	9.77928e-140
16738	9.5907e-140
16739	9.40576e-140
16740	9.22439e-140
16741	9.04652e-140
16742	8.87207e-140
16743	8.70099e-140
16744	8.53321e-140
16745	8.36866e-140
16746	8.20729e-140
16747	8.04903e-140
16748	7.89382e-140
16749	7.7416e-140
16750	7.59232e-140
16751	7.44591e-140
16752	7.30233e-140
16753	7.16152e-140
16754	7.02342e-140
16755	6.88799e-140
16756	6.75516e-140
16757	6.6249e-140
16758	6.49715e-140
16759	6.37187e-140
16760	6.249e-140
16761	6.1285e-140
16762	6.01032e-140
16763	5.89442e-140
16764	5.78075e-140
16765	5.66928e-140
16766	5.55996e-140
16767	5.45275e-140
16768	5.3476e-140
16769	5.24448e-140
16770	5.14335e-140
16771	5.04417e-140
16772	4.9469e-140
16773	4.8515e-140
16774	4.75795e-140
16775	4.6662e-140
16776	4.57622e-140
16777	4.48797e-140
16778	4.40143e-140
16779	4.31656e-140
16780	4.23332e-140
16781	4.15168e-140
16782	4.07163e-140
16783	3.99311e-140
16784	3.91611e-140
16785	3.84059e-140
16786	3.76653e-140
16787	3.6939e-140
16788	3.62267e-140
16789	3.55281e-140
16790	3.4843e-140
16791	3.41711e-140
16792	3.35122e-140
16793	3.28659e-140
16794	3.22321e-140
16795	3.16106e-140
16796	3.1001e-140
16797	3.04032e-140
16798	2.98169e-140
16799	2.92419e-140
16800	2.8678e-140
16801	2.8125e-140
16802	2.75827e-140
16803	2.70508e-140
16804	2.65291e-140
16805	2.60176e-140
16806	2.55158e-140
16807	2.50238e-140
16808	2.45412e-140
16809	2.4068e-140
16810	2.36039e-140
16811	2.31487e-140
16812	2.27023e-140
16813	2.22645e-140
16814	2.18352e-140
16815	2.14141e-140
16816	2.10012e-140
16817	2.05962e-140
16818	2.0199e-140
16819	1.98095e-140
16820	1.94275e-140
16821	1.90528e-140
16822	1.86854e-140
16823	1.83251e-140
16824	1.79717e-140
16825	1.76251e-140
16826	1.72853e-140
16827	1.69519e-140
16828	1.6625e-140
16829	1.63044e-140
16830	1.599e-140
16831	1.56817e-140
16832	1.53793e-140
16833	1.50827e-140
16834	1.47918e-140
16835	1.45066e-140
16836	1.42268e-140
16837	1.39525e-140
16838	1.36834e-140
16839	1.34196e-140
16840	1.31608e-140
16841	1.2907e-140
16842	1.26581e-140
16843	1.2414e-140
16844	1.21746e-140
16845	1.19398e-140
16846	1.17096e-140
16847	1.14837e-140
16848	1.12623e-140
16849	1.10451e-140
16850	1.08321e-140
16851	1.06232e-140
16852	1.04184e-140
16853	1.02174e-140
16854	1.00204e-140
16855	9.82718e-141
16856	9.63767e-141
16857	9.45181e-141
16858	9.26954e-141
16859	9.09078e-141
16860	8.91547e-141
16861	8.74354e-141
16862	8.57493e-141
16863	8.40957e-141
16864	8.24739e-141
16865	8.08835e-141
16866	7.93237e-141
16867	7.7794e-141
16868	7.62938e-141
16869	7.48225e-141
16870	7.33796e-141
16871	7.19645e-141
16872	7.05767e-141
16873	6.92156e-141
16874	6.78809e-141
16875	6.65718e-141
16876	6.5288e-141
16877	6.4029e-141
16878	6.27942e-141
16879	6.15832e-141
16880	6.03956e-141
16881	5.92309e-141
16882	5.80887e-141
16883	5.69685e-141
16884	5.58698e-141
16885	5.47924e-141
16886	5.37358e-141
16887	5.26995e-141
16888	5.16832e-141
16889	5.06865e-141
16890	4.9709e-141
16891	4.87504e-141
16892	4.78103e-141
16893	4.68883e-141
16894	4.5984e-141
16895	4.50973e-141
16896	4.42276e-141
16897	4.33746e-141
16898	4.25382e-141
16899	4.17178e-141
16900	4.09133e-141
16901	4.01243e-141
16902	3.93505e-141
16903	3.85917e-141
16904	3.78474e-141
16905	3.71175e-141
16906	3.64017e-141
16907	3.56997e-141
16908	3.50113e-141
16909	3.43361e-141
16910	3.36739e-141
16911	3.30245e-141
16912	3.23876e-141
16913	3.17631e-141
16914	3.11505e-141
16915	3.05498e-141
16916	2.99606e-141
16917	2.93828e-141
16918	2.88162e-141
16919	2.82605e-141
16920	2.77155e-141
16921	2.7181e-141
16922	2.66568e-141
16923	2.61427e-141
16924	2.56385e-141
16925	2.51441e-141
16926	2.46592e-141
16927	2.41836e-141
16928	2.37173e-141
16929	2.32599e-141
16930	2.28113e-141
16931	2.23714e-141
16932	2.194e-141
16933	2.15168e-141
16934	2.11019e-141
16935	2.06949e-141
16936	2.02958e-141
16937	1.99044e-141
16938	1.95206e-141
16939	1.91441e-141
16940	1.87749e-141
16941	1.84128e-141
16942	1.80577e-141
16943	1.77095e-141
16944	1.73679e-141
16945	1.7033e-141
16946	1.67045e-141
16947	1.63824e-141
16948	1.60664e-141
16949	1.57566e-141
16950	1.54527e-141
16951	1.51547e-141
16952	1.48624e-141
16953	1.45758e-141
16954	1.42947e-141
16955	1.4019e-141
16956	1.37487e-141
16957	1.34835e-141
16958	1.32235e-141
16959	1.29685e-141
16960	1.27184e-141
16961	1.24731e-141
16962	1.22325e-141
16963	1.19966e-141
16964	1.17653e-141
16965	1.15384e-141
16966	1.13158e-141
16967	1.10976e-141
16968	1.08836e-141
16969	1.06737e-141
16970	1.04678e-141
16971	1.0266e-141
16972	1.0068e-141
16973	9.87382e-142
16974	9.6834e-142
16975	9.49665e-142
16976	9.3135e-142
16977	9.13388e-142
16978	8.95773e-142
16979	8.78498e-142
16980	8.61555e-142
16981	8.4494e-142
16982	8.28644e-142
16983	8.12663e-142
16984	7.96991e-142
16985	7.8162e-142
16986	7.66546e-142
16987	7.51763e-142
16988	7.37264e-142
16989	7.23046e-142
16990	7.09101e-142
16991	6.95426e-142
16992	6.82014e-142
16993	6.68861e-142
16994	6.55961e-142
16995	6.43311e-142
16996	6.30904e-142
16997	6.18736e-142
16998	6.06804e-142
16999	5.95101e-142
17000	5.83624e-142
17001	5.72368e-142
17002	5.6133e-142
17003	5.50504e-142
17004	5.39887e-142
17005	5.29475e-142
17006	5.19263e-142
17007	5.09249e-142
17008	4.99428e-142
17009	4.89796e-142
17010	4.8035e-142
17011	4.71086e-142
17012	4.62e-142
17013	4.5309e-142
17014	4.44352e-142
17015	4.35782e-142
17016	4.27378e-142
17017	4.19135e-142
17018	4.11052e-142
17019	4.03124e-142
17020	3.95349e-142
17021	3.87725e-142
17022	3.80247e-142
17023	3.72914e-142
17024	3.65722e-142
17025	3.58668e-142
17026	3.51751e-142
17027	3.44967e-142
17028	3.38314e-142
17029	3.31789e-142
17030	3.2539e-142
17031	3.19115e-142
17032	3.1296e-142
17033	3.06924e-142
17034	3.01005e-142
17035	2.952e-142
17036	2.89507e-142
17037	2.83923e-142
17038	2.78447e-142
17039	2.73077e-142
17040	2.6781e-142
17041	2.62645e-142
17042	2.5758e-142
17043	2.52612e-142
17044	2.4774e-142
17045	2.42962e-142
17046	2.38276e-142
17047	2.33681e-142
17048	2.29174e-142
17049	2.24754e-142
17050	2.20419e-142
17051	2.16168e-142
17052	2.11999e-142
17053	2.07911e-142
17054	2.03901e-142
17055	1.99968e-142
17056	1.96112e-142
17057	1.92329e-142
17058	1.8862e-142
17059	1.84982e-142
17060	1.81414e-142
17061	1.77916e-142
17062	1.74484e-142
17063	1.71119e-142
17064	1.67819e-142
17065	1.64582e-142
17066	1.61408e-142
17067	1.58295e-142
17068	1.55242e-142
17069	1.52248e-142
17070	1.49312e-142
17071	1.46432e-142
17072	1.43608e-142
17073	1.40838e-142
17074	1.38122e-142
17075	1.35458e-142
17076	1.32845e-142
17077	1.30283e-142
17078	1.2777e-142
17079	1.25306e-142
17080	1.22889e-142
17081	1.20519e-142
17082	1.18195e-142
17083	1.15915e-142
17084	1.1368e-142
17085	1.11487e-142
17086	1.09337e-142
17087	1.07228e-142
17088	1.0516e-142
17089	1.03132e-142
17090	1.01143e-142
17091	9.91921e-143
17092	9.7279e-143
17093	9.54028e-143
17094	9.35628e-143
17095	9.17583e-143
17096	8.99885e-143
17097	8.82529e-143
17098	8.65508e-143
17099	8.48815e-143
17100	8.32444e-143
17101	8.16389e-143
17102	8.00643e-143
17103	7.85202e-143
17104	7.70057e-143
17105	7.55205e-143
17106	7.4064e-143
17107	7.26355e-143
17108	7.12346e-143
17109	6.98607e-143
17110	6.85133e-143
17111	6.71919e-143
17112	6.5896e-143
17113	6.4625e-143
17114	6.33786e-143
17115	6.21562e-143
17116	6.09574e-143
17117	5.97817e-143
17118	5.86287e-143
17119	5.74979e-143
17120	5.6389e-143
17121	5.53014e-143
17122	5.42348e-143
17123	5.31887e-143
17124	5.21629e-143
17125	5.11568e-143
17126	5.01702e-143
17127	4.92025e-143
17128	4.82535e-143
17129	4.73229e-143
17130	4.64101e-143
17131	4.5515e-143
17132	4.46372e-143
17133	4.37762e-143
17134	4.29319e-143
17135	4.21039e-143
17136	4.12918e-143
17137	4.04954e-143
17138	3.97144e-143
17139	3.89484e-143
17140	3.81972e-143
17141	3.74605e-143
17142	3.67379e-143
17143	3.60294e-143
17144	3.53345e-143
17145	3.46529e-143
17146	3.39846e-143
17147	3.33291e-143
17148	3.26863e-143
17149	3.20558e-143
17150	3.14376e-143
17151	3.08312e-143
17152	3.02366e-143
17153	2.96534e-143
17154	2.90815e-143
17155	2.85205e-143
17156	2.79705e-143
17157	2.7431e-143
17158	2.69019e-143
17159	2.6383e-143
17160	2.58742e-143
17161	2.53751e-143
17162	2.48857e-143
17163	2.44057e-143
17164	2.3935e-143
17165	2.34733e-143
17166	2.30206e-143
17167	2.25766e-143
17168	2.21411e-143
17169	2.17141e-143
17170	2.12953e-143
17171	2.08845e-143
17172	2.04817e-143
17173	2.00867e-143
17174	1.96993e-143
17175	1.93193e-143
17176	1.89467e-143
17177	1.85813e-143
17178	1.82229e-143
17179	1.78714e-143
17180	1.75267e-143
17181	1.71886e-143
17182	1.68571e-143
17183	1.6532e-143
17184	1.62131e-143
17185	1.59004e-143
17186	1.55937e-143
17187	1.52929e-143
17188	1.4998e-143
17189	1.47087e-143
17190	1.4425e-143
17191	1.41468e-143
17192	1.38739e-143
17193	1.36063e-143
17194	1.33439e-143
17195	1.30865e-143
17196	1.28341e-143
17197	1.25866e-143
17198	1.23438e-143
17199	1.21057e-143
17200	1.18722e-143
17201	1.16432e-143
17202	1.14186e-143
17203	1.11984e-143
17204	1.09824e-143
17205	1.07706e-143
17206	1.05628e-143
17207	1.03591e-143
17208	1.01593e-143
17209	9.96335e-144
17210	9.77117e-144
17211	9.58271e-144
17212	9.39788e-144
17213	9.21661e-144
17214	9.03884e-144
17215	8.8645e-144
17216	8.69352e-144
17217	8.52584e-144
17218	8.36139e-144
17219	8.20012e-144
17220	8.04195e-144
17221	7.88684e-144
17222	7.73472e-144
17223	7.58553e-144
17224	7.43922e-144
17225	7.29573e-144
17226	7.15501e-144
17227	7.017e-144
17228	6.88165e-144
17229	6.74892e-144
17230	6.61875e-144
17231	6.49108e-144
17232	6.36588e-144
17233	6.24309e-144
17234	6.12268e-144
17235	6.00458e-144
17236	5.88876e-144
17237	5.77518e-144
17238	5.66379e-144
17239	5.55454e-144
17240	5.4474e-144
17241	5.34233e-144
17242	5.23929e-144
17243	5.13823e-144
17244	5.03912e-144
17245	4.94193e-144
17246	4.8466e-144
17247	4.75312e-144
17248	4.66144e-144
17249	4.57153e-144
17250	4.48335e-144
17251	4.39688e-144
17252	4.31207e-144
17253	4.22889e-144
17254	4.14732e-144
17255	4.06733e-144
17256	3.98888e-144
17257	3.91194e-144
17258	3.83648e-144
17259	3.76248e-144
17260	3.68991e-144
17261	3.61874e-144
17262	3.54894e-144
17263	3.48048e-144
17264	3.41335e-144
17265	3.34751e-144
17266	3.28294e-144
17267	3.21962e-144
17268	3.15752e-144
17269	3.09661e-144
17270	3.03688e-144
17271	2.97831e-144
17272	2.92086e-144
17273	2.86452e-144
17274	2.80927e-144
17275	2.75508e-144
17276	2.70194e-144
17277	2.64982e-144
17278	2.59871e-144
17279	2.54858e-144
17280	2.49943e-144
17281	2.45121e-144
17282	2.40393e-144
17283	2.35757e-144
17284	2.31209e-144
17285	2.26749e-144
17286	2.22376e-144
17287	2.18086e-144
17288	2.1388e-144
17289	2.09754e-144
17290	2.05708e-144
17291	2.0174e-144
17292	1.97849e-144
17293	1.94033e-144
17294	1.9029e-144
17295	1.8662e-144
17296	1.8302e-144
17297	1.7949e-144
17298	1.76028e-144
17299	1.72632e-144
17300	1.69302e-144
17301	1.66037e-144
17302	1.62834e-144
17303	1.59693e-144
17304	1.56613e-144
17305	1.53592e-144
17306	1.50629e-144
17307	1.47724e-144
17308	1.44874e-144
17309	1.4208e-144
17310	1.39339e-144
17311	1.36652e-144
17312	1.34016e-144
17313	1.31431e-144
17314	1.28895e-144
17315	1.26409e-144
17316	1.23971e-144
17317	1.2158e-144
17318	1.19234e-144
17319	1.16935e-144
17320	1.14679e-144
17321	1.12467e-144
17322	1.10298e-144
17323	1.0817e-144
17324	1.06083e-144
17325	1.04037e-144
17326	1.0203e-144
17327	1.00062e-144
17328	9.81322e-145
17329	9.62393e-145
17330	9.4383e-145
17331	9.25624e-145
17332	9.07769e-145
17333	8.90259e-145
17334	8.73087e-145
17335	8.56245e-145
17336	8.39729e-145
17337	8.23531e-145
17338	8.07646e-145
17339	7.92067e-145
17340	7.76789e-145
17341	7.61805e-145
17342	7.4711e-145
17343	7.32699e-145
17344	7.18566e-145
17345	7.04705e-145
17346	6.91112e-145
17347	6.77781e-145
17348	6.64707e-145
17349	6.51885e-145
17350	6.3931e-145
17351	6.26978e-145
17352	6.14884e-145
17353	6.03024e-145
17354	5.91392e-145
17355	5.79984e-145
17356	5.68796e-145
17357	5.57825e-145
17358	5.47065e-145
17359	5.36512e-145
17360	5.26163e-145
17361	5.16013e-145
17362	5.0606e-145
17363	4.96298e-145
17364	4.86725e-145
17365	4.77336e-145
17366	4.68128e-145
17367	4.59098e-145
17368	4.50243e-145
17369	4.41558e-145
17370	4.3304e-145
17371	4.24687e-145
17372	4.16495e-145
17373	4.08461e-145
17374	4.00582e-145
17375	3.92855e-145
17376	3.85277e-145
17377	3.77845e-145
17378	3.70556e-145
17379	3.63408e-145
17380	3.56398e-145
17381	3.49524e-145
17382	3.42781e-145
17383	3.36169e-145
17384	3.29685e-145
17385	3.23325e-145
17386	3.17088e-145
17387	3.10972e-145
17388	3.04973e-145
17389	2.9909e-145
17390	2.93321e-145
17391	2.87663e-145
17392	2.82114e-145
17393	2.76672e-145
17394	2.71335e-145
17395	2.66101e-145
17396	2.60968e-145
17397	2.55934e-145
17398	2.50997e-145
17399	2.46155e-145
17400	2.41407e-145
17401	2.3675e-145
17402	2.32183e-145
17403	2.27704e-145
17404	2.23312e-145
17405	2.19004e-145
17406	2.1478e-145
17407	2.10637e-145
17408	2.06573e-145
17409	2.02589e-145
17410	1.98681e-145
17411	1.94848e-145
17412	1.9109e-145
17413	1.87403e-145
17414	1.83788e-145
17415	1.80243e-145
17416	1.76766e-145
17417	1.73356e-145
17418	1.70012e-145
17419	1.66733e-145
17420	1.63517e-145
17421	1.60362e-145
17422	1.57269e-145
17423	1.54235e-145
17424	1.5126e-145
17425	1.48342e-145
17426	1.45481e-145
17427	1.42674e-145
17428	1.39922e-145
17429	1.37223e-145
17430	1.34576e-145
17431	1.3198e-145
17432	1.29434e-145
17433	1.26937e-145
17434	1.24488e-145
17435	1.22087e-145
17436	1.19732e-145
17437	1.17422e-145
17438	1.15157e-145
17439	1.12936e-145
17440	1.10757e-145
17441	1.08621e-145
17442	1.06525e-145
17443	1.0447e-145
17444	1.02455e-145
17445	1.00479e-145
17446	9.85405e-146
17447	9.66396e-146
17448	9.47754e-146
17449	9.29471e-146
17450	9.11541e-146
17451	8.93957e-146
17452	8.76713e-146
17453	8.598e-146
17454	8.43214e-146
17455	8.26948e-146
17456	8.10996e-146
17457	7.95352e-146
17458	7.80009e-146
17459	7.64962e-146
17460	7.50206e-146
17461	7.35734e-146
17462	7.21541e-146
17463	7.07622e-146
17464	6.93972e-146
17465	6.80585e-146
17466	6.67456e-146
17467	6.5458e-146
17468	6.41953e-146
17469	6.29569e-146
17470	6.17425e-146
17471	6.05514e-146
17472	5.93833e-146
17473	5.82378e-146
17474	5.71144e-146
17475	5.60126e-146
17476	5.49321e-146
17477	5.38724e-146
17478	5.28332e-146
17479	5.1814e-146
17480	5.08144e-146
17481	4.98342e-146
17482	4.88729e-146
17483	4.79301e-146
17484	4.70055e-146
17485	4.60987e-146
17486	4.52094e-146
17487	4.43373e-146
17488	4.3482e-146
17489	4.26432e-146
17490	4.18206e-146
17491	4.10138e-146
17492	4.02226e-146
17493	3.94467e-146
17494	3.86857e-146
17495	3.79395e-146
17496	3.72076e-146
17497	3.64898e-146
17498	3.57859e-146
17499	3.50955e-146
17500	3.44185e-146
17501	3.37546e-146
17502	3.31034e-146
17503	3.24648e-146
17504	3.18385e-146
17505	3.12243e-146
17506	3.0622e-146
17507	3.00313e-146
17508	2.94519e-146
17509	2.88838e-146
17510	2.83266e-146
17511	2.77801e-146
17512	2.72442e-146
17513	2.67187e-146
17514	2.62032e-146
17515	2.56977e-146
17516	2.5202e-146
17517	2.47158e-146
17518	2.4239e-146
17519	2.37714e-146
17520	2.33129e-146
17521	2.28631e-146
17522	2.24221e-146
17523	2.19895e-146
17524	2.15653e-146
17525	2.11493e-146
17526	2.07413e-146
17527	2.03412e-146
17528	1.99488e-146
17529	1.95639e-146
17530	1.91865e-146
17531	1.88164e-146
17532	1.84534e-146
17533	1.80974e-146
17534	1.77483e-146
17535	1.74059e-146
17536	1.70701e-146
17537	1.67408e-146
17538	1.64179e-146
17539	1.61012e-146
17540	1.57905e-146
17541	1.54859e-146
17542	1.51872e-146
17543	1.48942e-146
17544	1.46069e-146
17545	1.43251e-146
17546	1.40487e-146
17547	1.37777e-146
17548	1.35119e-146
17549	1.32513e-146
17550	1.29956e-146
17551	1.27449e-146
17552	1.24991e-146
17553	1.22579e-146
17554	1.20215e-146
17555	1.17895e-146
17556	1.15621e-146
17557	1.13391e-146
17558	1.11203e-146
17559	1.09058e-146
17560	1.06954e-146
17561	1.04891e-146
17562	1.02867e-146
17563	1.00883e-146
17564	9.89365e-147
17565	9.70279e-147
17566	9.51561e-147
17567	9.33204e-147
17568	9.15201e-147
17569	8.97545e-147
17570	8.8023e-147
17571	8.63249e-147
17572	8.46595e-147
17573	8.30263e-147
17574	8.14246e-147
17575	7.98538e-147
17576	7.83133e-147
17577	7.68025e-147
17578	7.53208e-147
17579	7.38678e-147
17580	7.24428e-147
17581	7.10452e-147
17582	6.96746e-147
17583	6.83305e-147
17584	6.70123e-147
17585	6.57195e-147
17586	6.44516e-147
17587	6.32083e-147
17588	6.19889e-147
17589	6.0793e-147
17590	5.96202e-147
17591	5.847e-147
17592	5.7342e-147
17593	5.62358e-147
17594	5.51509e-147
17595	5.40869e-147
17596	5.30435e-147
17597	5.20202e-147
17598	5.10166e-147
17599	5.00324e-147
17600	4.90672e-147
17601	4.81206e-147
17602	4.71923e-147
17603	4.62818e-147
17604	4.5389e-147
17605	4.45133e-147
17606	4.36546e-147
17607	4.28124e-147
17608	4.19865e-147
17609	4.11765e-147
17610	4.03821e-147
17611	3.9603e-147
17612	3.8839e-147
17613	3.80897e-147
17614	3.73549e-147
17615	3.66343e-147
17616	3.59275e-147
17617	3.52344e-147
17618	3.45547e-147
17619	3.3888e-147
17620	3.32343e-147
17621	3.25931e-147
17622	3.19643e-147
17623	3.13476e-147
17624	3.07429e-147
17625	3.01498e-147
17626	2.95681e-147
17627	2.89977e-147
17628	2.84383e-147
17629	2.78896e-147
17630	2.73516e-147
17631	2.68239e-147
17632	2.63064e-147
17633	2.57989e-147
17634	2.53012e-147
17635	2.48131e-147
17636	2.43344e-147
17637	2.38649e-147
17638	2.34045e-147
17639	2.2953e-147
17640	2.25102e-147
17641	2.20759e-147
17642	2.165e-147
17643	2.12323e-147
17644	2.08227e-147
17645	2.0421e-147
17646	2.0027e-147
17647	1.96407e-147
17648	1.92617e-147
17649	1.88901e-147
17650	1.85257e-147
17651	1.81683e-147
17652	1.78178e-147
17653	1.7474e-147
17654	1.71369e-147
17655	1.68063e-147
17656	1.64821e-147
17657	1.61641e-147
17658	1.58523e-147
17659	1.55464e-147
17660	1.52465e-147
17661	1.49524e-147
17662	1.46639e-147
17663	1.4381e-147
17664	1.41035e-147
17665	1.38314e-147
17666	1.35646e-147
17667	1.33029e-147
17668	1.30463e-147
17669	1.27946e-147
17670	1.25477e-147
17671	1.23056e-147
17672	1.20682e-147
17673	1.18354e-147
17674	1.16071e-147
17675	1.13831e-147
17676	1.11635e-147
17677	1.09482e-147
17678	1.07369e-147
17679	1.05298e-147
17680	1.03267e-147
17681	1.01274e-147
17682	9.93204e-148
17683	9.74042e-148
17684	9.5525e-148
17685	9.36821e-148
17686	9.18747e-148
17687	9.01022e-148
17688	8.83639e-148
17689	8.66591e-148
17690	8.49872e-148
17691	8.33476e-148
17692	8.17396e-148
17693	8.01626e-148
17694	7.8616e-148
17695	7.70993e-148
17696	7.56119e-148
17697	7.41531e-148
17698	7.27225e-148
17699	7.13194e-148
17700	6.99435e-148
17701	6.85941e-148
17702	6.72707e-148
17703	6.59729e-148
17704	6.47001e-148
17705	6.34518e-148
17706	6.22276e-148
17707	6.10271e-148
17708	5.98497e-148
17709	5.8695e-148
17710	5.75626e-148
17711	5.64521e-148
17712	5.53629e-148
17713	5.42948e-148
17714	5.32473e-148
17715	5.222e-148
17716	5.12125e-148
17717	5.02245e-148
17718	4.92555e-148
17719	4.83052e-148
17720	4.73733e-148
17721	4.64593e-148
17722	4.5563e-148
17723	4.46839e-148
17724	4.38218e-148
17725	4.29764e-148
17726	4.21472e-148
17727	4.13341e-148
17728	4.05366e-148
17729	3.97545e-148
17730	3.89875e-148
17731	3.82353e-148
17732	3.74977e-148
17733	3.67742e-148
17734	3.60647e-148
17735	3.53689e-148
17736	3.46865e-148
17737	3.40173e-148
17738	3.3361e-148
17739	3.27174e-148
17740	3.20862e-148
17741	3.14671e-148
17742	3.086e-148
17743	3.02646e-148
17744	2.96807e-148
17745	2.91081e-148
17746	2.85465e-148
17747	2.79957e-148
17748	2.74556e-148
17749	2.69259e-148
17750	2.64064e-148
17751	2.58969e-148
17752	2.53973e-148
17753	2.49073e-148
17754	2.44268e-148
17755	2.39555e-148
17756	2.34933e-148
17757	2.304e-148
17758	2.25955e-148
17759	2.21596e-148
17760	2.1732e-148
17761	2.13128e-148
17762	2.09016e-148
17763	2.04983e-148
17764	2.01028e-148
17765	1.9715e-148
17766	1.93346e-148
17767	1.89616e-148
17768	1.85957e-148
17769	1.82369e-148
17770	1.78851e-148
17771	1.754e-148
17772	1.72016e-148
17773	1.68697e-148
17774	1.65443e-148
17775	1.62251e-148
17776	1.5912e-148
17777	1.5605e-148
17778	1.53039e-148
17779	1.50087e-148
17780	1.47191e-148
17781	1.44351e-148
17782	1.41566e-148
17783	1.38835e-148
17784	1.36156e-148
17785	1.33529e-148
17786	1.30953e-148
17787	1.28426e-148
17788	1.25949e-148
17789	1.23519e-148
17790	1.21135e-148
17791	1.18798e-148
17792	1.16506e-148
17793	1.14258e-148
17794	1.12054e-148
17795	1.09892e-148
17796	1.07772e-148
17797	1.05692e-148
17798	1.03653e-148
17799	1.01653e-148
17800	9.96921e-149
17801	9.77687e-149
17802	9.58823e-149
17803	9.40324e-149
17804	9.22182e-149
17805	9.04389e-149
17806	8.8694e-149
17807	8.69828e-149
17808	8.53045e-149
17809	8.36587e-149
17810	8.20446e-149
17811	8.04616e-149
17812	7.89092e-149
17813	7.73867e-149
17814	7.58936e-149
17815	7.44293e-149
17816	7.29933e-149
17817	7.1585e-149
17818	7.02038e-149
17819	6.88493e-149
17820	6.75209e-149
17821	6.62182e-149
17822	6.49406e-149
17823	6.36876e-149
17824	6.24588e-149
17825	6.12537e-149
17826	6.00719e-149
17827	5.89129e-149
17828	5.77762e-149
17829	5.66615e-149
17830	5.55682e-149
17831	5.44961e-149
17832	5.34446e-149
17833	5.24135e-149
17834	5.14022e-149
17835	5.04105e-149
17836	4.94378e-149
17837	4.8484e-149
17838	4.75485e-149
17839	4.66311e-149
17840	4.57314e-149
17841	4.4849e-149
17842	4.39837e-149
17843	4.31351e-149
17844	4.23028e-149
17845	4.14866e-149
17846	4.06862e-149
17847	3.99012e-149
17848	3.91313e-149
17849	3.83763e-149
17850	3.76359e-149
17851	3.69097e-149
17852	3.61976e-149
17853	3.54991e-149
17854	3.48142e-149
17855	3.41425e-149
17856	3.34837e-149
17857	3.28377e-149
17858	3.22041e-149
17859	3.15828e-149
17860	3.09734e-149
17861	3.03758e-149
17862	2.97897e-149
17863	2.92149e-149
17864	2.86512e-149
17865	2.80984e-149
17866	2.75563e-149
17867	2.70246e-149
17868	2.65032e-149
17869	2.59918e-149
17870	2.54903e-149
17871	2.49985e-149
17872	2.45162e-149
17873	2.40431e-149
17874	2.35792e-149
17875	2.31243e-149
17876	2.26781e-149
17877	2.22406e-149
17878	2.18114e-149
17879	2.13906e-149
17880	2.09779e-149
17881	2.05731e-149
17882	2.01762e-149
17883	1.97869e-149
17884	1.94051e-149
17885	1.90307e-149
17886	1.86635e-149
17887	1.83034e-149
17888	1.79502e-149
17889	1.76039e-149
17890	1.72642e-149
17891	1.69311e-149
17892	1.66044e-149
17893	1.62841e-149
17894	1.59699e-149
17895	1.56617e-149
17896	1.53595e-149
17897	1.50632e-149
17898	1.47725e-149
17899	1.44875e-149
17900	1.4208e-149
17901	1.39338e-149
17902	1.3665e-149
17903	1.34013e-149
17904	1.31428e-149
17905	1.28892e-149
17906	1.26405e-149
17907	1.23966e-149
17908	1.21574e-149
17909	1.19228e-149
17910	1.16928e-149
17911	1.14672e-149
17912	1.12459e-149
17913	1.10289e-149
17914	1.08161e-149
17915	1.06074e-149
17916	1.04027e-149
17917	1.0202e-149
17918	1.00052e-149
17919	9.81213e-150
17920	9.6228e-150
17921	9.43713e-150
17922	9.25504e-150
17923	9.07647e-150
17924	8.90134e-150
17925	8.72959e-150
17926	8.56115e-150
17927	8.39596e-150
17928	8.23396e-150
17929	8.07509e-150
17930	7.91928e-150
17931	7.76648e-150
17932	7.61662e-150
17933	7.46966e-150
17934	7.32553e-150
17935	7.18418e-150
17936	7.04556e-150
17937	6.90962e-150
17938	6.7763e-150
17939	6.64555e-150
17940	6.51732e-150
17941	6.39157e-150
17942	6.26824e-150
17943	6.1473e-150
17944	6.02868e-150
17945	5.91236e-150
17946	5.79828e-150
17947	5.6864e-150
17948	5.57668e-150
17949	5.46908e-150
17950	5.36355e-150
17951	5.26006e-150
17952	5.15857e-150
17953	5.05903e-150
17954	4.96141e-150
17955	4.86568e-150
17956	4.7718e-150
17957	4.67973e-150
17958	4.58943e-150
17959	4.50087e-150
17960	4.41403e-150
17961	4.32886e-150
17962	4.24533e-150
17963	4.16342e-150
17964	4.08308e-150
17965	4.0043e-150
17966	3.92703e-150
17967	3.85126e-150
17968	3.77695e-150
17969	3.70407e-150
17970	3.6326e-150
17971	3.56251e-150
17972	3.49377e-150
17973	3.42635e-150
17974	3.36024e-150
17975	3.2954e-150
17976	3.23182e-150
17977	3.16946e-150
17978	3.1083e-150
17979	3.04833e-150
17980	2.98951e-150
17981	2.93182e-150
17982	2.87525e-150
17983	2.81977e-150
17984	2.76536e-150
17985	2.712e-150
17986	2.65967e-150
17987	2.60835e-150
17988	2.55802e-150
17989	2.50867e-150
17990	2.46026e-150
17991	2.41279e-150
17992	2.36623e-150
17993	2.32057e-150
17994	2.2758e-150
17995	2.23188e-150
17996	2.18882e-150
17997	2.14658e-150
17998	2.10516e-150
17999	2.06454e-150
18000	2.02471e-150
18001	1.98564e-150
18002	1.94732e-150
18003	1.90975e-150
18004	1.8729e-150
18005	1.83676e-150
18006	1.80132e-150
18007	1.76656e-150
18008	1.73247e-150
18009	1.69904e-150
18010	1.66626e-150
18011	1.63411e-150
18012	1.60258e-150
18013	1.57165e-150
18014	1.54133e-150
18015	1.51159e-150
18016	1.48242e-150
18017	1.45381e-150
18018	1.42576e-150
18019	1.39825e-150
18020	1.37127e-150
18021	1.34481e-150
18022	1.31886e-150
18023	1.29341e-150
18024	1.26846e-150
18025	1.24398e-150
18026	1.21998e-150
18027	1.19644e-150
18028	1.17335e-150
18029	1.15071e-150
18030	1.1285e-150
18031	1.10673e-150
18032	1.08537e-150
18033	1.06443e-150
18034	1.04389e-150
18035	1.02375e-150
18036	1.00399e-150
18037	9.8462e-151
18038	9.65621e-151
18039	9.46988e-151
18040	9.28715e-151
18041	9.10795e-151
18042	8.9322e-151
18043	8.75984e-151
18044	8.59081e-151
18045	8.42504e-151
18046	8.26247e-151
18047	8.10304e-151
18048	7.94668e-151
18049	7.79334e-151
18050	7.64296e-151
18051	7.49548e-151
18052	7.35085e-151
18053	7.209e-151
18054	7.0699e-151
18055	6.93348e-151
18056	6.79969e-151
18057	6.66848e-151
18058	6.5398e-151
18059	6.41361e-151
18060	6.28985e-151
18061	6.16848e-151
18062	6.04945e-151
18063	5.93272e-151
18064	5.81824e-151
18065	5.70597e-151
18066	5.59587e-151
18067	5.48789e-151
18068	5.38199e-151
18069	5.27814e-151
18070	5.17629e-151
18071	5.07641e-151
18072	4.97845e-151
18073	4.88238e-151
18074	4.78817e-151
18075	4.69578e-151
18076	4.60517e-151
18077	4.5163e-151
18078	4.42916e-151
18079	4.34369e-151
18080	4.25987e-151
18081	4.17767e-151
18082	4.09706e-151
18083	4.018e-151
18084	3.94046e-151
18085	3.86443e-151
18086	3.78986e-151
18087	3.71673e-151
18088	3.64501e-151
18089	3.57467e-151
18090	3.50569e-151
18091	3.43805e-151
18092	3.3717e-151
18093	3.30664e-151
18094	3.24283e-151
18095	3.18026e-151
18096	3.11889e-151
18097	3.05871e-151
18098	2.99968e-151
18099	2.9418e-151
18100	2.88503e-151
18101	2.82936e-151
18102	2.77477e-151
18103	2.72122e-151
18104	2.66871e-151
18105	2.61721e-151
18106	2.56671e-151
18107	2.51718e-151
18108	2.46861e-151
18109	2.42097e-151
18110	2.37426e-151
18111	2.32844e-151
18112	2.28351e-151
18113	2.23945e-151
18114	2.19623e-151
18115	2.15385e-151
18116	2.11229e-151
18117	2.07153e-151
18118	2.03155e-151
18119	1.99235e-151
18120	1.95391e-151
18121	1.9162e-151
18122	1.87923e-151
18123	1.84296e-151
18124	1.8074e-151
18125	1.77252e-151
18126	1.73832e-151
18127	1.70477e-151
18128	1.67188e-151
18129	1.63962e-151
18130	1.60798e-151
18131	1.57695e-151
18132	1.54652e-151
18133	1.51667e-151
18134	1.48741e-151
18135	1.4587e-151
18136	1.43056e-151
18137	1.40295e-151
18138	1.37588e-151
18139	1.34933e-151
18140	1.32329e-151
18141	1.29775e-151
18142	1.27271e-151
18143	1.24815e-151
18144	1.22407e-151
18145	1.20045e-151
18146	1.17728e-151
18147	1.15456e-151
18148	1.13228e-151
18149	1.11043e-151
18150	1.08901e-151
18151	1.06799e-151
18152	1.04738e-151
18153	1.02717e-151
18154	1.00735e-151
18155	9.8791e-152
18156	9.68846e-152
18157	9.5015e-152
18158	9.31815e-152
18159	9.13834e-152
18160	8.96199e-152
18161	8.78905e-152
18162	8.61945e-152
18163	8.45312e-152
18164	8.29e-152
18165	8.13002e-152
18166	7.97314e-152
18167	7.81928e-152
18168	7.66839e-152
18169	7.52041e-152
18170	7.37529e-152
18171	7.23296e-152
18172	7.09339e-152
18173	6.9565e-152
18174	6.82226e-152
18175	6.69061e-152
18176	6.5615e-152
18177	6.43488e-152
18178	6.31071e-152
18179	6.18893e-152
18180	6.0695e-152
18181	5.95237e-152
18182	5.83751e-152
18183	5.72486e-152
18184	5.61438e-152
18185	5.50604e-152
18186	5.39979e-152
18187	5.29559e-152
18188	5.1934e-152
18189	5.09318e-152
18190	4.99489e-152
18191	4.8985e-152
18192	4.80397e-152
18193	4.71127e-152
18194	4.62035e-152
18195	4.53119e-152
18196	4.44375e-152
18197	4.358e-152
18198	4.2739e-152
18199	4.19143e-152
18200	4.11054e-152
18201	4.03122e-152
18202	3.95343e-152
18203	3.87713e-152
18204	3.80232e-152
18205	3.72894e-152
18206	3.65698e-152
18207	3.58641e-152
18208	3.5172e-152
18209	3.44933e-152
18210	3.38276e-152
18211	3.31748e-152
18212	3.25346e-152
18213	3.19068e-152
18214	3.12911e-152
18215	3.06872e-152
18216	3.0095e-152
18217	2.95143e-152
18218	2.89447e-152
18219	2.83862e-152
18220	2.78384e-152
18221	2.73012e-152
18222	2.67743e-152
18223	2.62576e-152
18224	2.57509e-152
18225	2.5254e-152
18226	2.47666e-152
18227	2.42887e-152
18228	2.382e-152
18229	2.33603e-152
18230	2.29095e-152
18231	2.24674e-152
18232	2.20338e-152
18233	2.16086e-152
18234	2.11916e-152
18235	2.07827e-152
18236	2.03816e-152
18237	1.99883e-152
18238	1.96026e-152
18239	1.92243e-152
18240	1.88533e-152
18241	1.84895e-152
18242	1.81326e-152
18243	1.77827e-152
18244	1.74396e-152
18245	1.7103e-152
18246	1.6773e-152
18247	1.64493e-152
18248	1.61318e-152
18249	1.58205e-152
18250	1.55152e-152
18251	1.52158e-152
18252	1.49222e-152
18253	1.46342e-152
18254	1.43518e-152
18255	1.40748e-152
18256	1.38032e-152
18257	1.35368e-152
18258	1.32756e-152
18259	1.30194e-152
18260	1.27682e-152
18261	1.25218e-152
18262	1.22801e-152
18263	1.20431e-152
18264	1.18107e-152
18265	1.15828e-152
18266	1.13593e-152
18267	1.11401e-152
18268	1.09251e-152
18269	1.07143e-152
18270	1.05075e-152
18271	1.03047e-152
18272	1.01058e-152
18273	9.91083e-153
18274	9.71956e-153
18275	9.53199e-153
18276	9.34804e-153
18277	9.16764e-153
18278	8.99072e-153
18279	8.81722e-153
18280	8.64706e-153
18281	8.48019e-153
18282	8.31654e-153
18283	8.15604e-153
18284	7.99865e-153
18285	7.84429e-153
18286	7.6929e-153
18287	7.54444e-153
18288	7.39885e-153
18289	7.25606e-153
18290	7.11603e-153
18291	6.97871e-153
18292	6.84403e-153
18293	6.71195e-153
18294	6.58242e-153
18295	6.45539e-153
18296	6.33081e-153
18297	6.20864e-153
18298	6.08882e-153
18299	5.97132e-153
18300	5.85608e-153
18301	5.74307e-153
18302	5.63224e-153
18303	5.52354e-153
18304	5.41695e-153
18305	5.31241e-153
18306	5.20989e-153
18307	5.10934e-153
18308	5.01074e-153
18309	4.91404e-153
18310	4.81921e-153
18311	4.7262e-153
18312	4.635e-153
18313	4.54555e-153
18314	4.45782e-153
18315	4.3718e-153
18316	4.28743e-153
18317	4.20468e-153
18318	4.12354e-153
18319	4.04396e-153
18320	3.96592e-153
18321	3.88938e-153
18322	3.81432e-153
18323	3.74071e-153
18324	3.66852e-153
18325	3.59772e-153
18326	3.52829e-153
18327	3.4602e-153
18328	3.39342e-153
18329	3.32794e-153
18330	3.26371e-153
18331	3.20073e-153
18332	3.13896e-153
18333	3.07838e-153
18334	3.01897e-153
18335	2.96071e-153
18336	2.90357e-153
18337	2.84753e-153
18338	2.79258e-153
18339	2.73869e-153
18340	2.68583e-153
18341	2.634e-153
18342	2.58317e-153
18343	2.53332e-153
18344	2.48443e-153
18345	2.43648e-153
18346	2.38946e-153
18347	2.34334e-153
18348	2.29812e-153
18349	2.25377e-153
18350	2.21027e-153
18351	2.16762e-153
18352	2.12579e-153
18353	2.08476e-153
18354	2.04453e-153
18355	2.00507e-153
18356	1.96637e-153
18357	1.92843e-153
18358	1.89121e-153
18359	1.85471e-153
18360	1.81892e-153
18361	1.78381e-153
18362	1.74939e-153
18363	1.71563e-153
18364	1.68252e-153
18365	1.65005e-153
18366	1.6182e-153
18367	1.58697e-153
18368	1.55634e-153
18369	1.52631e-153
18370	1.49685e-153
18371	1.46796e-153
18372	1.43963e-153
18373	1.41185e-153
18374	1.3846e-153
18375	1.35788e-153
18376	1.33168e-153
18377	1.30598e-153
18378	1.28077e-153
18379	1.25605e-153
18380	1.23181e-153
18381	1.20804e-153
18382	1.18473e-153
18383	1.16186e-153
18384	1.13944e-153
18385	1.11745e-153
18386	1.09588e-153
18387	1.07473e-153
18388	1.05399e-153
18389	1.03365e-153
18390	1.0137e-153
18391	9.94138e-154
18392	9.74952e-154
18393	9.56136e-154
18394	9.37684e-154
18395	9.19587e-154
18396	9.0184e-154
18397	8.84435e-154
18398	8.67366e-154
18399	8.50626e-154
18400	8.3421e-154
18401	8.1811e-154
18402	8.02321e-154
18403	7.86837e-154
18404	7.71651e-154
18405	7.56759e-154
18406	7.42154e-154
18407	7.27831e-154
18408	7.13784e-154
18409	7.00009e-154
18410	6.86499e-154
18411	6.7325e-154
18412	6.60257e-154
18413	6.47514e-154
18414	6.35017e-154
18415	6.22762e-154
18416	6.10743e-154
18417	5.98956e-154
18418	5.87397e-154
18419	5.7606e-154
18420	5.64942e-154
18421	5.54039e-154
18422	5.43347e-154
18423	5.3286e-154
18424	5.22576e-154
18425	5.12491e-154
18426	5.026e-154
18427	4.929e-154
18428	4.83387e-154
18429	4.74058e-154
18430	4.64909e-154
18431	4.55937e-154
18432	4.47137e-154
18433	4.38508e-154
18434	4.30045e-154
18435	4.21745e-154
18436	4.13605e-154
18437	4.05623e-154
18438	3.97795e-154
18439	3.90117e-154
18440	3.82588e-154
18441	3.75204e-154
18442	3.67963e-154
18443	3.60861e-154
18444	3.53897e-154
18445	3.47067e-154
18446	3.40369e-154
18447	3.338e-154
18448	3.27357e-154
18449	3.21039e-154
18450	3.14843e-154
18451	3.08767e-154
18452	3.02808e-154
18453	2.96964e-154
18454	2.91232e-154
18455	2.85612e-154
18456	2.80099e-154
18457	2.74694e-154
18458	2.69392e-154
18459	2.64193e-154
18460	2.59094e-154
18461	2.54094e-154
18462	2.4919e-154
18463	2.4438e-154
18464	2.39664e-154
18465	2.35038e-154
18466	2.30502e-154
18467	2.26053e-154
18468	2.21691e-154
18469	2.17412e-154
18470	2.13216e-154
18471	2.09101e-154
18472	2.05065e-154
18473	2.01107e-154
18474	1.97226e-154
18475	1.9342e-154
18476	1.89687e-154
18477	1.86026e-154
18478	1.82435e-154
18479	1.78914e-154
18480	1.75461e-154
18481	1.72075e-154
18482	1.68754e-154
18483	1.65497e-154
18484	1.62303e-154
18485	1.5917e-154
18486	1.56098e-154
18487	1.53086e-154
18488	1.50131e-154
18489	1.47234e-154
18490	1.44392e-154
18491	1.41605e-154
18492	1.38872e-154
18493	1.36192e-154
18494	1.33563e-154
18495	1.30986e-154
18496	1.28458e-154
18497	1.25978e-154
18498	1.23547e-154
18499	1.21162e-154
18500	1.18824e-154
18501	1.16531e-154
18502	1.14282e-154
18503	1.12076e-154
18504	1.09913e-154
18505	1.07792e-154
18506	1.05711e-154
18507	1.03671e-154
18508	1.0167e-154
18509	9.97077e-155
18510	9.77834e-155
18511	9.58961e-155
18512	9.40453e-155
18513	9.22302e-155
18514	9.04501e-155
18515	8.87044e-155
18516	8.69924e-155
18517	8.53134e-155
18518	8.36668e-155
18519	8.2052e-155
18520	8.04684e-155
18521	7.89153e-155
18522	7.73922e-155
18523	7.58985e-155
18524	7.44337e-155
18525	7.29971e-155
18526	7.15882e-155
18527	7.02065e-155
18528	6.88515e-155
18529	6.75226e-155
18530	6.62194e-155
18531	6.49413e-155
18532	6.36879e-155
18533	6.24587e-155
18534	6.12533e-155
18535	6.0071e-155
18536	5.89116e-155
18537	5.77746e-155
18538	5.66595e-155
18539	5.5566e-155
18540	5.44935e-155
18541	5.34418e-155
18542	5.24103e-155
18543	5.13988e-155
18544	5.04067e-155
18545	4.94339e-155
18546	4.84798e-155
18547	4.75441e-155
18548	4.66264e-155
18549	4.57265e-155
18550	4.4844e-155
18551	4.39785e-155
18552	4.31296e-155
18553	4.22972e-155
18554	4.14809e-155
18555	4.06802e-155
18556	3.98951e-155
18557	3.91251e-155
18558	3.83699e-155
18559	3.76294e-155
18560	3.69031e-155
18561	3.61908e-155
18562	3.54923e-155
18563	3.48073e-155
18564	3.41355e-155
18565	3.34767e-155
18566	3.28305e-155
18567	3.21969e-155
18568	3.15755e-155
18569	3.0966e-155
18570	3.03684e-155
18571	2.97822e-155
18572	2.92074e-155
18573	2.86437e-155
18574	2.80908e-155
18575	2.75487e-155
18576	2.70169e-155
18577	2.64955e-155
18578	2.59841e-155
18579	2.54826e-155
18580	2.49908e-155
18581	2.45084e-155
18582	2.40354e-155
18583	2.35715e-155
18584	2.31165e-155
18585	2.26704e-155
18586	2.22328e-155
18587	2.18037e-155
18588	2.13828e-155
18589	2.09701e-155
18590	2.05654e-155
18591	2.01685e-155
18592	1.97792e-155
18593	1.93974e-155
18594	1.9023e-155
18595	1.86559e-155
18596	1.82958e-155
18597	1.79427e-155
18598	1.75964e-155
18599	1.72567e-155
18600	1.69237e-155
18601	1.6597e-155
18602	1.62767e-155
18603	1.59625e-155
18604	1.56544e-155
18605	1.53523e-155
18606	1.5056e-155
18607	1.47654e-155
18608	1.44804e-155
18609	1.42009e-155
18610	1.39268e-155
18611	1.3658e-155
18612	1.33944e-155
18613	1.31359e-155
18614	1.28823e-155
18615	1.26337e-155
18616	1.23898e-155
18617	1.21507e-155
18618	1.19162e-155
18619	1.16862e-155
18620	1.14606e-155
18621	1.12394e-155
18622	1.10225e-155
18623	1.08097e-155
18624	1.06011e-155
18625	1.03965e-155
18626	1.01958e-155
18627	9.99901e-156
18628	9.80602e-156
18629	9.61675e-156
18630	9.43113e-156
18631	9.2491e-156
18632	9.07058e-156
18633	8.8955e-156
18634	8.72381e-156
18635	8.55543e-156
18636	8.3903e-156
18637	8.22835e-156
18638	8.06953e-156
18639	7.91378e-156
18640	7.76103e-156
18641	7.61123e-156
18642	7.46433e-156
18643	7.32026e-156
18644	7.17896e-156
18645	7.0404e-156
18646	6.90451e-156
18647	6.77124e-156
18648	6.64055e-156
18649	6.51238e-156
18650	6.38668e-156
18651	6.2634e-156
18652	6.14251e-156
18653	6.02395e-156
18654	5.90768e-156
18655	5.79365e-156
18656	5.68183e-156
18657	5.57216e-156
18658	5.46461e-156
18659	5.35913e-156
18660	5.25569e-156
18661	5.15425e-156
18662	5.05476e-156
18663	4.9572e-156
18664	4.86152e-156
18665	4.76768e-156
18666	4.67566e-156
18667	4.58541e-156
18668	4.4969e-156
18669	4.41011e-156
18670	4.32498e-156
18671	4.2415e-156
18672	4.15964e-156
18673	4.07935e-156
18674	4.00061e-156
18675	3.92339e-156
18676	3.84766e-156
18677	3.7734e-156
18678	3.70056e-156
18679	3.62914e-156
18680	3.55909e-156
18681	3.49039e-156
18682	3.42302e-156
18683	3.35695e-156
18684	3.29215e-156
18685	3.22861e-156
18686	3.16629e-156
18687	3.10518e-156
18688	3.04524e-156
18689	2.98646e-156
18690	2.92882e-156
18691	2.87229e-156
18692	2.81685e-156
18693	2.76248e-156
18694	2.70916e-156
18695	2.65686e-156
18696	2.60558e-156
18697	2.55529e-156
18698	2.50597e-156
18699	2.4576e-156
18700	2.41016e-156
18701	2.36364e-156
18702	2.31802e-156
18703	2.27327e-156
18704	2.2294e-156
18705	2.18636e-156
18706	2.14416e-156
18707	2.10278e-156
18708	2.06219e-156
18709	2.02238e-156
18710	1.98335e-156
18711	1.94507e-156
18712	1.90752e-156
18713	1.8707e-156
18714	1.83459e-156
18715	1.79918e-156
18716	1.76446e-156
18717	1.7304e-156
18718	1.697e-156
18719	1.66424e-156
18720	1.63212e-156
18721	1.60062e-156
18722	1.56972e-156
18723	1.53942e-156
18724	1.50971e-156
18725	1.48057e-156
18726	1.45199e-156
18727	1.42396e-156
18728	1.39648e-156
18729	1.36952e-156
18730	1.34309e-156
18731	1.31716e-156
18732	1.29174e-156
18733	1.2668e-156
18734	1.24235e-156
18735	1.21837e-156
18736	1.19486e-156
18737	1.17179e-156
18738	1.14917e-156
18739	1.12699e-156
18740	1.10524e-156
18741	1.0839e-156
18742	1.06298e-156
18743	1.04246e-156
18744	1.02234e-156
18745	1.00261e-156
18746	9.83257e-157
18747	9.64278e-157
18748	9.45665e-157
18749	9.27411e-157
18750	9.0951e-157
18751	8.91954e-157
18752	8.74738e-157
18753	8.57853e-157
18754	8.41294e-157
18755	8.25055e-157
18756	8.0913e-157
18757	7.93512e-157
18758	7.78195e-157
18759	7.63174e-157
18760	7.48443e-157
18761	7.33996e-157
18762	7.19828e-157
18763	7.05934e-157
18764	6.92308e-157
18765	6.78944e-157
18766	6.65839e-157
18767	6.52987e-157
18768	6.40382e-157
18769	6.28021e-157
18770	6.15899e-157
18771	6.04011e-157
18772	5.92352e-157
18773	5.80918e-157
18774	5.69705e-157
18775	5.58708e-157
18776	5.47923e-157
18777	5.37347e-157
18778	5.26975e-157
18779	5.16803e-157
18780	5.06827e-157
18781	4.97044e-157
18782	4.8745e-157
18783	4.78041e-157
18784	4.68813e-157
18785	4.59764e-157
18786	4.50889e-157
18787	4.42186e-157
18788	4.33651e-157
18789	4.2528e-157
18790	4.17071e-157
18791	4.0902e-157
18792	4.01125e-157
18793	3.93382e-157
18794	3.85789e-157
18795	3.78342e-157
18796	3.71039e-157
18797	3.63877e-157
18798	3.56853e-157
18799	3.49965e-157
18800	3.4321e-157
18801	3.36585e-157
18802	3.30088e-157
18803	3.23716e-157
18804	3.17468e-157
18805	3.1134e-157
18806	3.0533e-157
18807	2.99436e-157
18808	2.93656e-157
18809	2.87988e-157
18810	2.82429e-157
18811	2.76977e-157
18812	2.71631e-157
18813	2.66387e-157
18814	2.61245e-157
18815	2.56203e-157
18816	2.51257e-157
18817	2.46407e-157
18818	2.41651e-157
18819	2.36986e-157
18820	2.32412e-157
18821	2.27925e-157
18822	2.23526e-157
18823	2.19211e-157
18824	2.1498e-157
18825	2.1083e-157
18826	2.0676e-157
18827	2.02769e-157
18828	1.98855e-157
18829	1.95017e-157
18830	1.91252e-157
18831	1.8756e-157
18832	1.8394e-157
18833	1.80389e-157
18834	1.76907e-157
18835	1.73492e-157
18836	1.70143e-157
18837	1.66859e-157
18838	1.63638e-157
18839	1.6048e-157
18840	1.57382e-157
18841	1.54344e-157
18842	1.51365e-157
18843	1.48443e-157
18844	1.45577e-157
18845	1.42767e-157
18846	1.40011e-157
18847	1.37309e-157
18848	1.34658e-157
18849	1.32059e-157
18850	1.2951e-157
18851	1.2701e-157
18852	1.24558e-157
18853	1.22154e-157
18854	1.19796e-157
18855	1.17483e-157
18856	1.15215e-157
18857	1.12991e-157
18858	1.1081e-157
18859	1.08671e-157
18860	1.06574e-157
18861	1.04516e-157
18862	1.02499e-157
18863	1.0052e-157
18864	9.85799e-158
18865	9.6677e-158
18866	9.48108e-158
18867	9.29807e-158
18868	9.11858e-158
18869	8.94256e-158
18870	8.76994e-158
18871	8.60065e-158
18872	8.43463e-158
18873	8.27181e-158
18874	8.11214e-158
18875	7.95555e-158
18876	7.80198e-158
18877	7.65137e-158
18878	7.50368e-158
18879	7.35883e-158
18880	7.21678e-158
18881	7.07747e-158
18882	6.94085e-158
18883	6.80687e-158
18884	6.67547e-158
18885	6.54661e-158
18886	6.42024e-158
18887	6.29631e-158
18888	6.17477e-158
18889	6.05557e-158
18890	5.93868e-158
18891	5.82404e-158
18892	5.71162e-158
18893	5.60136e-158
18894	5.49323e-158
18895	5.3872e-158
18896	5.2832e-158
18897	5.18122e-158
18898	5.0812e-158
18899	4.98312e-158
18900	4.88692e-158
18901	4.79259e-158
18902	4.70008e-158
18903	4.60935e-158
18904	4.52037e-158
18905	4.43311e-158
18906	4.34753e-158
18907	4.26361e-158
18908	4.18131e-158
18909	4.10059e-158
18910	4.02144e-158
18911	3.94381e-158
18912	3.86768e-158
18913	3.79302e-158
18914	3.7198e-158
18915	3.64799e-158
18916	3.57757e-158
18917	3.50851e-158
18918	3.44078e-158
18919	3.37436e-158
18920	3.30923e-158
18921	3.24535e-158
18922	3.1827e-158
18923	3.12126e-158
18924	3.06101e-158
18925	3.00192e-158
18926	2.94397e-158
18927	2.88714e-158
18928	2.83141e-158
18929	2.77675e-158
18930	2.72315e-158
18931	2.67058e-158
18932	2.61903e-158
18933	2.56847e-158
18934	2.51889e-158
18935	2.47026e-158
18936	2.42258e-158
18937	2.37581e-158
18938	2.32995e-158
18939	2.28497e-158
18940	2.24086e-158
18941	2.19761e-158
18942	2.15518e-158
18943	2.11358e-158
18944	2.07278e-158
18945	2.03277e-158
18946	1.99353e-158
18947	1.95504e-158
18948	1.9173e-158
18949	1.88029e-158
18950	1.84399e-158
18951	1.8084e-158
18952	1.77349e-158
18953	1.73925e-158
18954	1.70568e-158
18955	1.67275e-158
18956	1.64046e-158
18957	1.60879e-158
18958	1.57774e-158
18959	1.54728e-158
18960	1.51741e-158
18961	1.48812e-158
18962	1.45939e-158
18963	1.43122e-158
18964	1.40359e-158
18965	1.3765e-158
18966	1.34992e-158
18967	1.32387e-158
18968	1.29831e-158
18969	1.27325e-158
18970	1.24867e-158
18971	1.22456e-158
18972	1.20092e-158
18973	1.17774e-158
18974	1.15501e-158
18975	1.13271e-158
18976	1.11084e-158
18977	1.0894e-158
18978	1.06837e-158
18979	1.04774e-158
18980	1.02752e-158
18981	1.00768e-158
18982	9.8823e-159
18983	9.69153e-159
18984	9.50445e-159
18985	9.32097e-159
18986	9.14103e-159
18987	8.96457e-159
18988	8.79152e-159
18989	8.6218e-159
18990	8.45536e-159
18991	8.29214e-159
18992	8.13206e-159
18993	7.97508e-159
18994	7.82112e-159
18995	7.67014e-159
18996	7.52207e-159
18997	7.37687e-159
18998	7.23446e-159
18999	7.0948e-159
19000	6.95784e-159
19001	6.82352e-159
19002	6.6918e-159
19003	6.56262e-159
19004	6.43593e-159
19005	6.31169e-159
19006	6.18984e-159
19007	6.07035e-159
19008	5.95317e-159
19009	5.83824e-159
19010	5.72554e-159
19011	5.61501e-159
19012	5.50661e-159
19013	5.40031e-159
19014	5.29606e-159
19015	5.19382e-159
19016	5.09356e-159
19017	4.99523e-159
19018	4.8988e-159
19019	4.80423e-159
19020	4.71149e-159
19021	4.62053e-159
19022	4.53133e-159
19023	4.44386e-159
19024	4.35807e-159
19025	4.27394e-159
19026	4.19143e-159
19027	4.11052e-159
19028	4.03117e-159
19029	3.95335e-159
19030	3.87703e-159
19031	3.80218e-159
19032	3.72878e-159
19033	3.6568e-159
19034	3.58621e-159
19035	3.51698e-159
19036	3.44908e-159
19037	3.3825e-159
19038	3.3172e-159
19039	3.25316e-159
19040	3.19036e-159
19041	3.12877e-159
19042	3.06837e-159
19043	3.00914e-159
19044	2.95105e-159
19045	2.89408e-159
19046	2.83821e-159
19047	2.78342e-159
19048	2.72968e-159
19049	2.67699e-159
19050	2.62531e-159
19051	2.57463e-159
19052	2.52492e-159
19053	2.47618e-159
19054	2.42838e-159
19055	2.3815e-159
19056	2.33552e-159
19057	2.29044e-159
19058	2.24622e-159
19059	2.20286e-159
19060	2.16033e-159
19061	2.11862e-159
19062	2.07773e-159
19063	2.03761e-159
19064	1.99828e-159
19065	1.9597e-159
19066	1.92187e-159
19067	1.88477e-159
19068	1.84838e-159
19069	1.8127e-159
19070	1.77771e-159
19071	1.74339e-159
19072	1.70973e-159
19073	1.67672e-159
19074	1.64435e-159
19075	1.61261e-159
19076	1.58148e-159
19077	1.55095e-159
19078	1.52101e-159
19079	1.49164e-159
19080	1.46285e-159
19081	1.43461e-159
19082	1.40691e-159
19083	1.37975e-159
19084	1.35311e-159
19085	1.32699e-159
19086	1.30137e-159
19087	1.27625e-159
19088	1.25161e-159
19089	1.22745e-159
19090	1.20375e-159
19091	1.18052e-159
19092	1.15773e-159
19093	1.13538e-159
19094	1.11346e-159
19095	1.09196e-159
19096	1.07088e-159
19097	1.05021e-159
19098	1.02993e-159
19099	1.01005e-159
19100	9.9055e-160
19101	9.71427e-160
19102	9.52674e-160
19103	9.34282e-160
19104	9.16245e-160
19105	8.98557e-160
19106	8.8121e-160
19107	8.64198e-160
19108	8.47514e-160
19109	8.31153e-160
19110	8.15107e-160
19111	7.99371e-160
19112	7.83939e-160
19113	7.68805e-160
19114	7.53963e-160
19115	7.39407e-160
19116	7.25133e-160
19117	7.11134e-160
19118	6.97405e-160
19119	6.83941e-160
19120	6.70737e-160
19121	6.57789e-160
19122	6.4509e-160
19123	6.32636e-160
19124	6.20423e-160
19125	6.08445e-160
19126	5.96699e-160
19127	5.85179e-160
19128	5.73882e-160
19129	5.62803e-160
19130	5.51938e-160
19131	5.41282e-160
19132	5.30832e-160
19133	5.20584e-160
19134	5.10534e-160
19135	5.00678e-160
19136	4.91012e-160
19137	4.81533e-160
19138	4.72237e-160
19139	4.6312e-160
19140	4.54179e-160
19141	4.45411e-160
19142	4.36812e-160
19143	4.28379e-160
19144	4.20109e-160
19145	4.11998e-160
19146	4.04045e-160
19147	3.96244e-160
19148	3.88594e-160
19149	3.81092e-160
19150	3.73735e-160
19151	3.6652e-160
19152	3.59444e-160
19153	3.52505e-160
19154	3.45699e-160
19155	3.39025e-160
19156	3.3248e-160
19157	3.26061e-160
19158	3.19767e-160
19159	3.13593e-160
19160	3.07539e-160
19161	3.01602e-160
19162	2.95779e-160
19163	2.90069e-160
19164	2.84469e-160
19165	2.78977e-160
19166	2.73591e-160
19167	2.68309e-160
19168	2.63129e-160
19169	2.58049e-160
19170	2.53067e-160
19171	2.48182e-160
19172	2.4339e-160
19173	2.38692e-160
19174	2.34083e-160
19175	2.29564e-160
19176	2.25132e-160
19177	2.20786e-160
19178	2.16523e-160
19179	2.12343e-160
19180	2.08244e-160
19181	2.04223e-160
19182	2.00281e-160
19183	1.96414e-160
19184	1.92622e-160
19185	1.88903e-160
19186	1.85256e-160
19187	1.8168e-160
19188	1.78172e-160
19189	1.74733e-160
19190	1.71359e-160
19191	1.68051e-160
19192	1.64806e-160
19193	1.61625e-160
19194	1.58504e-160
19195	1.55444e-160
19196	1.52443e-160
19197	1.495e-160
19198	1.46614e-160
19199	1.43783e-160
19200	1.41007e-160
19201	1.38285e-160
19202	1.35615e-160
19203	1.32997e-160
19204	1.3043e-160
19205	1.27911e-160
19206	1.25442e-160
19207	1.2302e-160
19208	1.20645e-160
19209	1.18316e-160
19210	1.16032e-160
19211	1.13792e-160
19212	1.11595e-160
19213	1.0944e-160
19214	1.07327e-160
19215	1.05255e-160
19216	1.03223e-160
19217	1.0123e-160
19218	9.9276e-161
19219	9.73593e-161
19220	9.54797e-161
19221	9.36363e-161
19222	9.18286e-161
19223	9.00557e-161
19224	8.8317e-161
19225	8.6612e-161
19226	8.49398e-161
19227	8.32999e-161
19228	8.16917e-161
19229	8.01146e-161
19230	7.85678e-161
19231	7.7051e-161
19232	7.55634e-161
19233	7.41046e-161
19234	7.26739e-161
19235	7.12708e-161
19236	6.98948e-161
19237	6.85454e-161
19238	6.7222e-161
19239	6.59242e-161
19240	6.46515e-161
19241	6.34033e-161
19242	6.21792e-161
19243	6.09787e-161
19244	5.98014e-161
19245	5.86469e-161
19246	5.75146e-161
19247	5.64042e-161
19248	5.53152e-161
19249	5.42473e-161
19250	5.32e-161
19251	5.21729e-161
19252	5.11656e-161
19253	5.01778e-161
19254	4.9209e-161
19255	4.82589e-161
19256	4.73272e-161
19257	4.64135e-161
19258	4.55174e-161
19259	4.46386e-161
19260	4.37768e-161
19261	4.29316e-161
19262	4.21028e-161
19263	4.12899e-161
19264	4.04927e-161
19265	3.9711e-161
19266	3.89443e-161
19267	3.81924e-161
19268	3.7455e-161
19269	3.67319e-161
19270	3.60227e-161
19271	3.53273e-161
19272	3.46452e-161
19273	3.39763e-161
19274	3.33203e-161
19275	3.2677e-161
19276	3.20462e-161
19277	3.14274e-161
19278	3.08207e-161
19279	3.02256e-161
19280	2.96421e-161
19281	2.90698e-161
19282	2.85085e-161
19283	2.79581e-161
19284	2.74184e-161
19285	2.6889e-161
19286	2.63699e-161
19287	2.58607e-161
19288	2.53614e-161
19289	2.48718e-161
19290	2.43916e-161
19291	2.39207e-161
19292	2.34588e-161
19293	2.30059e-161
19294	2.25618e-161
19295	2.21262e-161
19296	2.1699e-161
19297	2.128e-161
19298	2.08692e-161
19299	2.04663e-161
19300	2.00711e-161
19301	1.96836e-161
19302	1.93036e-161
19303	1.89309e-161
19304	1.85654e-161
19305	1.8207e-161
19306	1.78554e-161
19307	1.75107e-161
19308	1.71726e-161
19309	1.68411e-161
19310	1.65159e-161
19311	1.6197e-161
19312	1.58843e-161
19313	1.55777e-161
19314	1.52769e-161
19315	1.49819e-161
19316	1.46927e-161
19317	1.4409e-161
19318	1.41308e-161
19319	1.3858e-161
19320	1.35904e-161
19321	1.3328e-161
19322	1.30707e-161
19323	1.28184e-161
19324	1.25709e-161
19325	1.23282e-161
19326	1.20901e-161
19327	1.18567e-161
19328	1.16278e-161
19329	1.14033e-161
19330	1.11831e-161
19331	1.09672e-161
19332	1.07555e-161
19333	1.05478e-161
19334	1.03442e-161
19335	1.01445e-161
19336	9.94859e-162
19337	9.75651e-162
19338	9.56814e-162
19339	9.38341e-162
19340	9.20224e-162
19341	9.02457e-162
19342	8.85033e-162
19343	8.67946e-162
19344	8.51188e-162
19345	8.34754e-162
19346	8.18637e-162
19347	8.02831e-162
19348	7.87331e-162
19349	7.7213e-162
19350	7.57222e-162
19351	7.42602e-162
19352	7.28264e-162
19353	7.14203e-162
19354	7.00414e-162
19355	6.86891e-162
19356	6.73629e-162
19357	6.60623e-162
19358	6.47868e-162
19359	6.35359e-162
19360	6.23092e-162
19361	6.11062e-162
19362	5.99264e-162
19363	5.87694e-162
19364	5.76347e-162
19365	5.65219e-162
19366	5.54306e-162
19367	5.43604e-162
19368	5.33108e-162
19369	5.22815e-162
19370	5.12721e-162
19371	5.02822e-162
19372	4.93114e-162
19373	4.83593e-162
19374	4.74256e-162
19375	4.65099e-162
19376	4.56119e-162
19377	4.47313e-162
19378	4.38676e-162
19379	4.30206e-162
19380	4.219e-162
19381	4.13754e-162
19382	4.05766e-162
19383	3.97931e-162
19384	3.90248e-162
19385	3.82714e-162
19386	3.75324e-162
19387	3.68078e-162
19388	3.60971e-162
19389	3.54001e-162
19390	3.47167e-162
19391	3.40464e-162
19392	3.3389e-162
19393	3.27443e-162
19394	3.21121e-162
19395	3.14921e-162
19396	3.08841e-162
19397	3.02878e-162
19398	2.9703e-162
19399	2.91295e-162
19400	2.85671e-162
19401	2.80155e-162
19402	2.74746e-162
19403	2.69441e-162
19404	2.64239e-162
19405	2.59137e-162
19406	2.54134e-162
19407	2.49227e-162
19408	2.44415e-162
19409	2.39696e-162
19410	2.35068e-162
19411	2.30529e-162
19412	2.26078e-162
19413	2.21713e-162
19414	2.17432e-162
19415	2.13234e-162
19416	2.09117e-162
19417	2.05079e-162
19418	2.0112e-162
19419	1.97237e-162
19420	1.93428e-162
19421	1.89694e-162
19422	1.86031e-162
19423	1.82439e-162
19424	1.78917e-162
19425	1.75462e-162
19426	1.72074e-162
19427	1.68752e-162
19428	1.65494e-162
19429	1.62298e-162
19430	1.59165e-162
19431	1.56092e-162
19432	1.53078e-162
19433	1.50122e-162
19434	1.47224e-162
19435	1.44381e-162
19436	1.41593e-162
19437	1.38859e-162
19438	1.36178e-162
19439	1.33549e-162
19440	1.3097e-162
19441	1.28442e-162
19442	1.25962e-162
19443	1.2353e-162
19444	1.21145e-162
19445	1.18805e-162
19446	1.16512e-162
19447	1.14262e-162
19448	1.12056e-162
19449	1.09892e-162
19450	1.0777e-162
19451	1.0569e-162
19452	1.03649e-162
19453	1.01648e-162
19454	9.9685e-163
19455	9.77602e-163
19456	9.58727e-163
19457	9.40215e-163
19458	9.22062e-163
19459	9.04258e-163
19460	8.86799e-163
19461	8.69676e-163
19462	8.52884e-163
19463	8.36417e-163
19464	8.20267e-163
19465	8.04429e-163
19466	7.88897e-163
19467	7.73665e-163
19468	7.58727e-163
19469	7.44077e-163
19470	7.2971e-163
19471	7.15621e-163
19472	7.01803e-163
19473	6.88253e-163
19474	6.74964e-163
19475	6.61931e-163
19476	6.49151e-163
19477	6.36617e-163
19478	6.24325e-163
19479	6.1227e-163
19480	6.00448e-163
19481	5.88854e-163
19482	5.77484e-163
19483	5.66334e-163
19484	5.55399e-163
19485	5.44675e-163
19486	5.34159e-163
19487	5.23845e-163
19488	5.1373e-163
19489	5.03811e-163
19490	4.94083e-163
19491	4.84543e-163
19492	4.75187e-163
19493	4.66012e-163
19494	4.57014e-163
19495	4.4819e-163
19496	4.39536e-163
19497	4.31049e-163
19498	4.22726e-163
19499	4.14564e-163
19500	4.0656e-163
19501	3.9871e-163
19502	3.91011e-163
19503	3.83461e-163
19504	3.76057e-163
19505	3.68796e-163
19506	3.61675e-163
19507	3.54692e-163
19508	3.47843e-163
19509	3.41127e-163
19510	3.3454e-163
19511	3.28081e-163
19512	3.21746e-163
19513	3.15533e-163
19514	3.09441e-163
19515	3.03466e-163
19516	2.97607e-163
19517	2.9186e-163
19518	2.86225e-163
19519	2.80698e-163
19520	2.75278e-163
19521	2.69963e-163
19522	2.6475e-163
19523	2.59638e-163
19524	2.54625e-163
19525	2.49709e-163
19526	2.44887e-163
19527	2.40159e-163
19528	2.35521e-163
19529	2.30974e-163
19530	2.26514e-163
19531	2.2214e-163
19532	2.17851e-163
19533	2.13645e-163
19534	2.09519e-163
19535	2.05474e-163
19536	2.01506e-163
19537	1.97616e-163
19538	1.938e-163
19539	1.90058e-163
19540	1.86388e-163
19541	1.82789e-163
19542	1.7926e-163
19543	1.75798e-163
19544	1.72404e-163
19545	1.69075e-163
19546	1.6581e-163
19547	1.62609e-163
19548	1.59469e-163
19549	1.5639e-163
19550	1.5337e-163
19551	1.50409e-163
19552	1.47504e-163
19553	1.44656e-163
19554	1.41863e-163
19555	1.39124e-163
19556	1.36438e-163
19557	1.33803e-163
19558	1.31219e-163
19559	1.28686e-163
19560	1.26201e-163
19561	1.23764e-163
19562	1.21374e-163
19563	1.19031e-163
19564	1.16732e-163
19565	1.14478e-163
19566	1.12268e-163
19567	1.101e-163
19568	1.07974e-163
19569	1.05889e-163
19570	1.03845e-163
19571	1.0184e-163
19572	9.98732e-164
19573	9.79447e-164
19574	9.60535e-164
19575	9.41988e-164
19576	9.23799e-164
19577	9.05961e-164
19578	8.88468e-164
19579	8.71312e-164
19580	8.54488e-164
19581	8.37989e-164
19582	8.21808e-164
19583	8.05939e-164
19584	7.90377e-164
19585	7.75116e-164
19586	7.60149e-164
19587	7.45471e-164
19588	7.31077e-164
19589	7.1696e-164
19590	7.03116e-164
19591	6.8954e-164
19592	6.76225e-164
19593	6.63168e-164
19594	6.50363e-164
19595	6.37805e-164
19596	6.25489e-164
19597	6.13411e-164
19598	6.01567e-164
19599	5.89951e-164
19600	5.78559e-164
19601	5.67388e-164
19602	5.56432e-164
19603	5.45688e-164
19604	5.35151e-164
19605	5.24817e-164
19606	5.14684e-164
19607	5.04745e-164
19608	4.94999e-164
19609	4.85441e-164
19610	4.76067e-164
19611	4.66875e-164
19612	4.5786e-164
19613	4.49019e-164
19614	4.40349e-164
19615	4.31846e-164
19616	4.23507e-164
19617	4.15329e-164
19618	4.0731e-164
19619	3.99445e-164
19620	3.91732e-164
19621	3.84167e-164
19622	3.76749e-164
19623	3.69475e-164
19624	3.6234e-164
19625	3.55344e-164
19626	3.48482e-164
19627	3.41753e-164
19628	3.35154e-164
19629	3.28682e-164
19630	3.22336e-164
19631	3.16112e-164
19632	3.10008e-164
19633	3.04021e-164
19634	2.98151e-164
19635	2.92394e-164
19636	2.86748e-164
19637	2.81211e-164
19638	2.75781e-164
19639	2.70456e-164
19640	2.65233e-164
19641	2.60112e-164
19642	2.55089e-164
19643	2.50163e-164
19644	2.45333e-164
19645	2.40595e-164
19646	2.3595e-164
19647	2.31394e-164
19648	2.26925e-164
19649	2.22544e-164
19650	2.18246e-164
19651	2.14032e-164
19652	2.09899e-164
19653	2.05846e-164
19654	2.01871e-164
19655	1.97973e-164
19656	1.9415e-164
19657	1.90401e-164
19658	1.86725e-164
19659	1.83119e-164
19660	1.79583e-164
19661	1.76115e-164
19662	1.72715e-164
19663	1.6938e-164
19664	1.66109e-164
19665	1.62901e-164
19666	1.59756e-164
19667	1.56671e-164
19668	1.53646e-164
19669	1.50679e-164
19670	1.47769e-164
19671	1.44916e-164
19672	1.42118e-164
19673	1.39373e-164
19674	1.36682e-164
19675	1.34043e-164
19676	1.31454e-164
19677	1.28916e-164
19678	1.26427e-164
19679	1.23985e-164
19680	1.21591e-164
19681	1.19243e-164
19682	1.16941e-164
19683	1.14683e-164
19684	1.12468e-164
19685	1.10296e-164
19686	1.08166e-164
19687	1.06078e-164
19688	1.04029e-164
19689	1.02021e-164
19690	1.00051e-164
19691	9.81186e-165
19692	9.6224e-165
19693	9.43659e-165
19694	9.25437e-165
19695	9.07567e-165
19696	8.90041e-165
19697	8.72855e-165
19698	8.56e-165
19699	8.3947e-165
19700	8.2326e-165
19701	8.07363e-165
19702	7.91773e-165
19703	7.76484e-165
19704	7.6149e-165
19705	7.46785e-165
19706	7.32365e-165
19707	7.18223e-165
19708	7.04354e-165
19709	6.90753e-165
19710	6.77414e-165
19711	6.64333e-165
19712	6.51505e-165
19713	6.38924e-165
19714	6.26586e-165
19715	6.14487e-165
19716	6.02621e-165
19717	5.90984e-165
19718	5.79572e-165
19719	5.68381e-165
19720	5.57405e-165
19721	5.46641e-165
19722	5.36086e-165
19723	5.25734e-165
19724	5.15582e-165
19725	5.05626e-165
19726	4.95862e-165
19727	4.86287e-165
19728	4.76896e-165
19729	4.67687e-165
19730	4.58656e-165
19731	4.49799e-165
19732	4.41114e-165
19733	4.32596e-165
19734	4.24242e-165
19735	4.1605e-165
19736	4.08016e-165
19737	4.00137e-165
19738	3.9241e-165
19739	3.84832e-165
19740	3.77401e-165
19741	3.70113e-165
19742	3.62966e-165
19743	3.55957e-165
19744	3.49084e-165
19745	3.42343e-165
19746	3.35732e-165
19747	3.29249e-165
19748	3.22891e-165
19749	3.16656e-165
19750	3.10541e-165
19751	3.04544e-165
19752	2.98663e-165
19753	2.92896e-165
19754	2.8724e-165
19755	2.81693e-165
19756	2.76254e-165
19757	2.70919e-165
19758	2.65688e-165
19759	2.60557e-165
19760	2.55525e-165
19761	2.50591e-165
19762	2.45752e-165
19763	2.41006e-165
19764	2.36353e-165
19765	2.31788e-165
19766	2.27312e-165
19767	2.22923e-165
19768	2.18618e-165
19769	2.14396e-165
19770	2.10256e-165
19771	2.06196e-165
19772	2.02214e-165
19773	1.9831e-165
19774	1.9448e-165
19775	1.90725e-165
19776	1.87042e-165
19777	1.8343e-165
19778	1.79887e-165
19779	1.76414e-165
19780	1.73007e-165
19781	1.69666e-165
19782	1.6639e-165
19783	1.63177e-165
19784	1.60026e-165
19785	1.56935e-165
19786	1.53905e-165
19787	1.50933e-165
19788	1.48018e-165
19789	1.4516e-165
19790	1.42357e-165
19791	1.39608e-165
19792	1.36912e-165
19793	1.34268e-165
19794	1.31675e-165
19795	1.29132e-165
19796	1.26639e-165
19797	1.24193e-165
19798	1.21795e-165
19799	1.19443e-165
19800	1.17136e-165
19801	1.14874e-165
19802	1.12656e-165
19803	1.10481e-165
19804	1.08347e-165
19805	1.06255e-165
19806	1.04203e-165
19807	1.02191e-165
19808	1.00217e-165
19809	9.82821e-166
19810	9.63842e-166
19811	9.45229e-166
19812	9.26976e-166
19813	9.09075e-166
19814	8.9152e-166
19815	8.74304e-166
19816	8.5742e-166
19817	8.40863e-166
19818	8.24625e-166
19819	8.087e-166
19820	7.93084e-166
19821	7.77768e-166
19822	7.62749e-166
19823	7.48019e-166
19824	7.33574e-166
19825	7.19408e-166
19826	7.05516e-166
19827	6.91892e-166
19828	6.7853e-166
19829	6.65427e-166
19830	6.52577e-166
19831	6.39975e-166
19832	6.27617e-166
19833	6.15497e-166
19834	6.03611e-166
19835	5.91954e-166
19836	5.80523e-166
19837	5.69313e-166
19838	5.58319e-166
19839	5.47537e-166
19840	5.36963e-166
19841	5.26594e-166
19842	5.16425e-166
19843	5.06452e-166
19844	4.96672e-166
19845	4.8708e-166
19846	4.77674e-166
19847	4.6845e-166
19848	4.59404e-166
19849	4.50532e-166
19850	4.41832e-166
19851	4.33299e-166
19852	4.24932e-166
19853	4.16726e-166
19854	4.08678e-166
19855	4.00786e-166
19856	3.93047e-166
19857	3.85456e-166
19858	3.78013e-166
19859	3.70713e-166
19860	3.63554e-166
19861	3.56533e-166
19862	3.49648e-166
19863	3.42896e-166
19864	3.36274e-166
19865	3.2978e-166
19866	3.23412e-166
19867	3.17166e-166
19868	3.11041e-166
19869	3.05035e-166
19870	2.99144e-166
19871	2.93367e-166
19872	2.87702e-166
19873	2.82146e-166
19874	2.76697e-166
19875	2.71354e-166
19876	2.66114e-166
19877	2.60975e-166
19878	2.55935e-166
19879	2.50992e-166
19880	2.46145e-166
19881	2.41392e-166
19882	2.3673e-166
19883	2.32159e-166
19884	2.27675e-166
19885	2.23279e-166
19886	2.18967e-166
19887	2.14738e-166
19888	2.10591e-166
19889	2.06524e-166
19890	2.02536e-166
19891	1.98625e-166
19892	1.94789e-166
19893	1.91027e-166
19894	1.87338e-166
19895	1.83721e-166
19896	1.80173e-166
19897	1.76693e-166
19898	1.73281e-166
19899	1.69935e-166
19900	1.66653e-166
19901	1.63435e-166
19902	1.60278e-166
19903	1.57183e-166
19904	1.54148e-166
19905	1.51171e-166
19906	1.48252e-166
19907	1.45389e-166
19908	1.42581e-166
19909	1.39827e-166
19910	1.37127e-166
19911	1.34479e-166
19912	1.31882e-166
19913	1.29335e-166
19914	1.26837e-166
19915	1.24388e-166
19916	1.21986e-166
19917	1.1963e-166
19918	1.1732e-166
19919	1.15054e-166
19920	1.12832e-166
19921	1.10653e-166
19922	1.08516e-166
19923	1.06421e-166
19924	1.04366e-166
19925	1.0235e-166
19926	1.00374e-166
19927	9.84351e-167
19928	9.65342e-167
19929	9.46699e-167
19930	9.28417e-167
19931	9.10487e-167
19932	8.92904e-167
19933	8.7566e-167
19934	8.5875e-167
19935	8.42166e-167
19936	8.25902e-167
19937	8.09952e-167
19938	7.94311e-167
19939	7.78971e-167
19940	7.63928e-167
19941	7.49175e-167
19942	7.34707e-167
19943	7.20518e-167
19944	7.06603e-167
19945	6.92958e-167
19946	6.79575e-167
19947	6.66451e-167
19948	6.53581e-167
19949	6.40959e-167
19950	6.28581e-167
19951	6.16442e-167
19952	6.04537e-167
19953	5.92862e-167
19954	5.81413e-167
19955	5.70184e-167
19956	5.59173e-167
19957	5.48374e-167
19958	5.37784e-167
19959	5.27398e-167
19960	5.17213e-167
19961	5.07225e-167
19962	4.97429e-167
19963	4.87823e-167
19964	4.78402e-167
19965	4.69163e-167
19966	4.60103e-167
19967	4.51217e-167
19968	4.42503e-167
19969	4.33957e-167
19970	4.25577e-167
19971	4.17358e-167
19972	4.09298e-167
19973	4.01393e-167
19974	3.93642e-167
19975	3.8604e-167
19976	3.78584e-167
19977	3.71273e-167
19978	3.64103e-167
19979	3.57071e-167
19980	3.50176e-167
19981	3.43413e-167
19982	3.36781e-167
19983	3.30277e-167
19984	3.23898e-167
19985	3.17643e-167
19986	3.11509e-167
19987	3.05493e-167
19988	2.99593e-167
19989	2.93807e-167
19990	2.88133e-167
19991	2.82569e-167
19992	2.77112e-167
19993	2.7176e-167
19994	2.66512e-167
19995	2.61365e-167
19996	2.56317e-167
19997	2.51367e-167
19998	2.46513e-167
19999	2.41752e-167
