1	-5.72416e-13
2	-8.54623e-12
3	7.61997e-11
4	7.96925e-10
5	3.95378e-09
6	1.39192e-08
7	3.959e-08
8	9.68583e-08
9	2.11649e-07
10	4.23269e-07
11	7.88043e-07
12	1.36423e-06
13	2.20169e-06
14	3.36713e-06
15	4.93206e-06
16	6.9718e-06
17	9.57694e-06
18	1.28471e-05
19	1.68881e-05
20	2.18038e-05
21	2.77323e-05
22	3.48181e-05
23	4.31018e-05
24	5.27065e-05
25	6.38387e-05
26	7.65287e-05
27	9.0948e-05
28	0.000107309
29	0.000125583
30	0.000146084
31	0.000169013
32	0.00019437
33	0.000222294
34	0.000253124
35	0.000286811
36	0.00032376
37	0.000364176
38	0.000407941
39	0.00045552
40	0.000507167
41	0.00056263
42	0.000622543
43	0.00068713
44	0.000755993
45	0.000829904
46	0.000909135
47	0.000993972
48	0.00108464
49	0.00118038
50	0.00128243
51	0.00139096
52	0.00150625
53	0.00162729
54	0.00175685
55	0.0018927
56	0.00203615
57	0.00218777
58	0.00234778
59	0.00251445
60	0.00269193
61	0.00287651
62	0.00307262
63	0.00327657
64	0.00349048
65	0.00371458
66	0.00394953
67	0.00419241
68	0.00444957
69	0.00471851
70	0.00499585
71	0.00528535
72	0.00559168
73	0.00590692
74	0.00623539
75	0.00657743
76	0.00693317
77	0.00730402
78	0.00768876
79	0.00808387
80	0.00849937
81	0.00893208
82	0.00937355
83	0.00983851
84	0.0103142
85	0.0108147
86	0.011325
87	0.0118532
88	0.0124002
89	0.0129661
90	0.013562
91	0.0141682
92	0.0147946
93	0.0154306
94	0.016098
95	0.0167881
96	0.0175018
97	0.018238
98	0.0189961
99	0.0197661
100	0.0205745
101	0.0213903
102	0.0222497
103	0.0231158
104	0.0240284
105	0.0249468
106	0.0259148
107	0.0268887
108	0.0279124
109	0.0289455
110	0.0300061
111	0.0311001
112	0.0322461
113	0.033399
114	0.0345842
115	0.0358049
116	0.0370563
117	0.038341
118	0.03966
119	0.0410147
120	0.0424088
121	0.0438365
122	0.0453017
123	0.0468048
124	0.0483462
125	0.0499284
126	0.0515127
127	0.0531746
128	0.0548794
129	0.0566266
130	0.0583745
131	0.0602088
132	0.0620894
133	0.0640156
134	0.0659416
135	0.0679598
136	0.0699776
137	0.0720896
138	0.0742593
139	0.076425
140	0.0786983
141	0.0809655
142	0.0833434
143	0.0857096
144	0.0882005
145	0.0906846
146	0.0932222
147	0.0958836
148	0.0985314
149	0.10132
150	0.104096
151	0.106925
152	0.109898
153	0.112861
154	0.115886
155	0.119054
156	0.122219
157	0.125447
158	0.128731
159	0.132104
160	0.135639
161	0.139139
162	0.142731
163	0.146394
164	0.150123
165	0.154056
166	0.157948
167	0.161925
168	0.165991
169	0.170123
170	0.174362
171	0.178679
172	0.183082
173	0.187581
174	0.192155
175	0.196845
176	0.201602
177	0.206487
178	0.211453
179	0.216522
180	0.221698
181	0.226964
182	0.232354
183	0.237828
184	0.24344
185	0.249131
186	0.254969
187	0.260887
188	0.266962
189	0.273115
190	0.279434
191	0.285633
192	0.292201
193	0.298863
194	0.305679
195	0.312598
196	0.319691
197	0.326883
198	0.33403
199	0.3415
200	0.349165
201	0.356923
202	0.364896
203	0.372708
204	0.38099
205	0.389371
206	0.397977
207	0.406416
208	0.415356
209	0.424412
210	0.433699
211	0.442821
212	0.452464
213	0.462255
214	0.471961
215	0.482143
216	0.492542
217	0.502812
218	0.513598
219	0.524642
220	0.535839
221	0.547
222	0.55865
223	0.570255
224	0.582386
225	0.594854
226	0.607102
227	0.62008
228	0.633269
229	0.646387
230	0.660155
231	0.674271
232	0.688245
233	0.703018
234	0.717701
235	0.733248
236	0.748867
237	0.765638
238	0.782369
239	0.798761
240	0.815993
241	0.832995
242	0.850999
243	0.86891
244	0.888092
245	0.907781
246	0.927482
247	0.947253
248	0.966579
249	0.986832
250	1.00673
251	1.02784
252	1.04901
253	1.07154
254	1.09296
255	1.115
256	1.13662
257	1.15911
258	1.18128
259	1.20475
260	1.2284
261	1.25253
262	1.27588
263	1.30002
264	1.32363
265	1.34755
266	1.37248
267	1.39771
268	1.42366
269	1.44859
270	1.47438
271	1.49953
272	1.52581
273	1.55163
274	1.57834
275	1.6055
276	1.6317
277	1.659
278	1.68557
279	1.71354
280	1.74104
281	1.76823
282	1.79643
283	1.82379
284	1.85251
285	1.88057
286	1.90837
287	1.93732
288	1.96551
289	1.99478
290	2.0229
291	2.05111
292	2.08039
293	2.10851
294	2.13667
295	2.16612
296	2.19443
297	2.2241
298	2.25259
299	2.28119
300	2.31123
301	2.34005
302	2.36899
303	2.39945
304	2.42865
305	2.45798
306	2.48889
307	2.5185
308	2.54975
309	2.57965
310	2.60969
311	2.64144
312	2.67179
313	2.70228
314	2.73456
315	2.76538
316	2.79635
317	2.82918
318	2.86048
319	2.89194
320	2.92535
321	2.95715
322	2.98911
323	3.02124
324	3.05543
325	3.08792
326	3.12057
327	3.15537
328	3.18839
329	3.22159
330	3.25701
331	3.29058
332	3.32433
333	3.3604
334	3.39453
335	3.42884
336	3.46334
337	3.50028
338	3.53517
339	3.57025
340	3.60787
341	3.64335
342	3.67902
343	3.71488
344	3.75342
345	3.7897
346	3.82616
347	3.86543
348	3.90232
349	3.93941
350	3.97669
351	4.01692
352	4.05464
353	4.09256
354	4.13355
355	4.17192
356	4.21048
357	4.24926
358	4.29127
359	4.3305
360	4.36994
361	4.40959
362	4.45264
363	4.49276
364	4.53309
365	4.57363
366	4.61776
367	4.65878
368	4.70003
369	4.745
370	4.78672
371	4.82867
372	4.87085
373	4.91695
374	4.95961
375	5.00251
376	5.04564
377	5.09291
378	5.13654
379	5.18041
380	5.22451
381	5.27297
382	5.3176
383	5.36247
384	5.40757
385	5.45726
386	5.5029
387	5.54878
388	5.59491
389	5.64587
390	5.69254
391	5.73947
392	5.78664
393	5.83407
394	5.88664
395	5.93465
396	5.9829
397	6.03141
398	6.08533
399	6.13442
400	6.18377
401	6.23339
402	6.28871
403	6.33894
404	6.38943
405	6.44019
406	6.49694
407	6.54831
408	6.59995
409	6.65188
410	6.71013
411	6.76268
412	6.81553
413	6.86866
414	6.92207
415	6.98223
416	7.03631
417	7.09067
418	7.14532
419	7.20708
420	7.26241
421	7.31803
422	7.37397
423	7.4374
424	7.49403
425	7.55097
426	7.60823
427	7.66579
428	7.73138
429	7.78968
430	7.8483
431	7.90725
432	7.97467
433	8.03437
434	8.09441
435	8.15478
436	8.21547
437	8.28523
438	8.34672
439	8.40855
440	8.47074
441	8.54253
442	8.60555
443	8.66893
444	8.73267
445	8.79677
446	8.87123
447	8.93622
448	9.00159
449	9.06735
450	9.14412
451	9.21081
452	9.2779
453	9.3454
454	9.41331
455	9.49316
456	9.56208
457	9.63144
458	9.70124
459	9.78387
460	9.85477
461	9.92614
462	9.99799
463	10.0703
464	10.1568
465	10.2304
466	10.3045
467	10.3792
468	10.4695
469	10.5457
470	10.6226
471	10.7003
472	10.7959
473	10.8758
474	10.9569
475	11.0396
476	11.1247
477	11.238
478	11.3162
479	11.395
480	11.4744
481	11.57
482	11.6509
483	11.7325
484	11.8149
485	11.9157
486	12.0002
487	12.0856
488	12.1721
489	12.2816
490	12.3722
491	12.4655
492	12.5631
493	12.701
494	12.7834
495	12.8663
496	12.9498
497	13.0484
498	13.1334
499	13.2191
500	13.3054
501	13.4089
502	13.4973
503	13.5866
504	13.696
505	13.7886
506	13.8829
507	13.9798
508	14.129
509	14.2198
510	14.306
511	14.405
512	14.4925
513	14.5805
514	14.6825
515	14.7721
516	14.8624
517	14.9533
518	15.0607
519	15.154
520	15.2483
521	15.3633
522	15.4627
523	15.5661
524	15.7036
525	15.7928
526	15.8825
527	15.9833
528	16.0742
529	16.1657
530	16.2693
531	16.3622
532	16.4685
533	16.5633
534	16.6733
535	16.7708
536	16.8698
537	16.9925
538	17.1148
539	17.218
540	17.31
541	17.4109
542	17.504
543	17.5975
544	17.7008
545	17.7957
546	17.9012
547	17.9976
548	18.1063
549	18.2183
550	18.3199
551	18.4572
552	18.5592
553	18.653
554	18.7533
555	18.848
556	18.9497
557	19.0523
558	19.1487
559	19.2533
560	19.3595
561	19.4683
562	19.5697
563	19.6986
564	19.7992
565	19.8982
566	19.9978
567	20.098
568	20.1989
569	20.3007
570	20.4034
571	20.5076
572	20.6144
573	20.7369
574	20.8348
575	20.933
576	21.0338
577	21.1353
578	21.2353
579	21.339
580	21.4461
581	21.554
582	21.6522
583	21.7521
584	21.8521
585	21.9572
586	22.0545
587	22.152
588	22.2497
589	22.3477
590	22.4459
591	22.5444
592	22.6431
593	22.742
594	22.8412
595	22.9406
596	23.0403
597	23.1402
598	23.2404
599	23.3407
600	23.4414
601	23.5422
602	23.6434
603	23.7447
604	23.8463
605	23.9481
606	24.0502
607	24.1525
608	24.2551
609	24.3579
610	24.4609
611	24.5642
612	24.6677
613	24.7715
614	24.8755
615	24.9797
616	25.0842
617	25.1889
618	25.2939
619	25.3991
620	25.5045
621	25.6102
622	25.7161
623	25.8223
624	25.9287
625	26.0353
626	26.1422
627	26.2494
628	26.3567
629	26.4643
630	26.5722
631	26.6803
632	26.7886
633	26.8972
634	27.006
635	27.115
636	27.2243
637	27.3338
638	27.4436
639	27.5536
640	27.6639
641	27.7744
642	27.8851
643	27.9961
644	28.1073
645	28.2187
646	28.3304
647	28.4424
648	28.5545
649	28.667
650	28.7796
651	28.8925
652	29.0056
653	29.119
654	29.2326
655	29.3465
656	29.4606
657	29.5749
658	29.6895
659	29.8043
660	29.9193
661	30.0346
662	30.1501
663	30.2659
664	30.3819
665	30.4981
666	30.6146
667	30.7314
668	30.8483
669	30.9655
670	31.083
671	31.2006
672	31.3186
673	31.4367
674	31.5551
675	31.6738
676	31.7926
677	31.9117
678	32.0311
679	32.1507
680	32.2705
681	32.3906
682	32.5109
683	32.6314
684	32.7522
685	32.8732
686	32.9945
687	33.116
688	33.2377
689	33.3597
690	33.4819
691	33.6044
692	33.727
693	33.85
694	33.9731
695	34.0965
696	34.2202
697	34.344
698	34.4682
699	34.5925
700	34.7171
701	34.8419
702	34.967
703	35.0923
704	35.2178
705	35.3436
706	35.4696
707	35.5958
708	35.7223
709	35.849
710	35.976
711	36.1032
712	36.2306
713	36.3583
714	36.4862
715	36.6143
716	36.7427
717	36.8713
718	37.0001
719	37.1292
720	37.2585
721	37.3881
722	37.5179
723	37.6479
724	37.7782
725	37.9087
726	38.0394
727	38.1704
728	38.3016
729	38.433
730	38.5647
731	38.6966
732	38.8287
733	38.9611
734	39.0937
735	39.2265
736	39.3596
737	39.4929
738	39.6265
739	39.7602
740	39.8943
741	40.0285
742	40.163
743	40.2977
744	40.4327
745	40.5678
746	40.7033
747	40.8389
748	40.9748
749	41.1109
750	41.2473
751	41.3838
752	41.5207
753	41.6577
754	41.795
755	41.9325
756	42.0702
757	42.2082
758	42.3464
759	42.4849
760	42.6236
761	42.7625
762	42.9016
763	43.041
764	43.1806
765	43.3204
766	43.4605
767	43.6008
768	43.7413
769	43.882
770	44.023
771	44.1643
772	44.3057
773	44.4474
774	44.5893
775	44.7314
776	44.8738
777	45.0164
778	45.1593
779	45.3023
780	45.4456
781	45.5891
782	45.7329
783	45.8769
784	46.0211
785	46.1655
786	46.3102
787	46.4551
788	46.6002
789	46.7456
790	46.8912
791	47.037
792	47.183
793	47.3293
794	47.4758
795	47.6225
796	47.7695
797	47.9167
798	48.0641
799	48.2117
800	48.3596
801	48.5077
802	48.656
803	48.8045
804	48.9533
805	49.1023
806	49.2515
807	49.401
808	49.5507
809	49.7006
810	49.8507
811	50.0011
812	50.1516
813	50.3025
814	50.4535
815	50.6048
816	50.7562
817	50.908
818	51.0599
819	51.2121
820	51.3644
821	51.5171
822	51.6699
823	51.8229
824	51.9762
825	52.1297
826	52.2835
827	52.4374
828	52.5916
829	52.746
830	52.9006
831	53.0555
832	53.2106
833	53.3659
834	53.5214
835	53.6771
836	53.8331
837	53.9893
838	54.1457
839	54.3023
840	54.4592
841	54.6163
842	54.7736
843	54.9311
844	55.0888
845	55.2468
846	55.405
847	55.5634
848	55.722
849	55.8809
850	56.0399
851	56.1992
852	56.3587
853	56.5184
854	56.6784
855	56.8386
856	56.9989
857	57.1596
858	57.3204
859	57.4814
860	57.6427
861	57.8042
862	57.9659
863	58.1278
864	58.2899
865	58.4523
866	58.6149
867	58.7777
868	58.9407
869	59.1039
870	59.2674
871	59.431
872	59.5949
873	59.759
874	59.9233
875	60.0878
876	60.2526
877	60.4176
878	60.5827
879	60.7481
880	60.9137
881	61.0796
882	61.2456
883	61.4119
884	61.5784
885	61.745
886	61.9119
887	62.0791
888	62.2464
889	62.4139
890	62.5817
891	62.7497
892	62.9179
893	63.0863
894	63.2549
895	63.4237
896	63.5928
897	63.762
898	63.9315
899	64.1012
900	64.2711
901	64.4412
902	64.6115
903	64.7821
904	64.9528
905	65.1238
906	65.2949
907	65.4663
908	65.6379
909	65.8097
910	65.9817
911	66.1539
912	66.3264
913	66.499
914	66.6719
915	66.8449
916	67.0182
917	67.1917
918	67.3654
919	67.5393
920	67.7134
921	67.8877
922	68.0622
923	68.237
924	68.4119
925	68.5871
926	68.7624
927	68.938
928	69.1138
929	69.2898
930	69.466
931	69.6424
932	69.819
933	69.9958
934	70.1728
935	70.35
936	70.5275
937	70.7051
938	70.883
939	71.061
940	71.2393
941	71.4177
942	71.5964
943	71.7753
944	71.9543
945	72.1336
946	72.3131
947	72.4928
948	72.6727
949	72.8528
950	73.0331
951	73.2136
952	73.3943
953	73.5752
954	73.7563
955	73.9376
956	74.1192
957	74.3009
958	74.4828
959	74.6649
960	74.8473
961	75.0298
962	75.2125
963	75.3954
964	75.5786
965	75.7619
966	75.9454
967	76.1292
968	76.3131
969	76.4972
970	76.6816
971	76.8661
972	77.0508
973	77.2358
974	77.4209
975	77.6062
976	77.7918
977	77.9775
978	78.1634
979	78.3495
980	78.5359
981	78.7224
982	78.9091
983	79.096
984	79.2831
985	79.4704
986	79.6579
987	79.8456
988	80.0335
989	80.2216
990	80.4099
991	80.5984
992	80.7871
993	80.9759
994	81.165
995	81.3543
996	81.5437
997	81.7334
998	81.9232
999	82.1133
1000	82.3035
1001	82.4939
1002	82.6846
1003	82.8754
1004	83.0664
1005	83.2576
1006	83.449
1007	83.6406
1008	83.8324
1009	84.0243
1010	84.2165
1011	84.4088
1012	84.6014
1013	84.7941
1014	84.9871
1015	85.1802
1016	85.3735
1017	85.567
1018	85.7607
1019	85.9546
1020	86.1486
1021	86.3429
1022	86.5373
1023	86.732
1024	86.9268
1025	87.1218
1026	87.317
1027	87.5124
1028	87.708
1029	87.9038
1030	88.0997
1031	88.2959
1032	88.4922
1033	88.6887
1034	88.8854
1035	89.0823
1036	89.2794
1037	89.4766
1038	89.6741
1039	89.8717
1040	90.0695
1041	90.2676
1042	90.4657
1043	90.6641
1044	90.8627
1045	91.0614
1046	91.2604
1047	91.4595
1048	91.6588
1049	91.8582
1050	92.0579
1051	92.2578
1052	92.4578
1053	92.658
1054	92.8584
1055	93.059
1056	93.2597
1057	93.4607
1058	93.6618
1059	93.8631
1060	94.0646
1061	94.2662
1062	94.4681
1063	94.6701
1064	94.8723
1065	95.0747
1066	95.2773
1067	95.48
1068	95.683
1069	95.8861
1070	96.0893
1071	96.2928
1072	96.4965
1073	96.7003
1074	96.9043
1075	97.1085
1076	97.3128
1077	97.5173
1078	97.722
1079	97.9269
1080	98.132
1081	98.3372
1082	98.5427
1083	98.7482
1084	98.954
1085	99.16
1086	99.3661
1087	99.5724
1088	99.7788
1089	99.9855
1090	100.192
1091	100.399
1092	100.606
1093	100.814
1094	101.021
1095	101.229
1096	101.437
1097	101.645
1098	101.853
1099	102.061
1100	102.27
1101	102.479
1102	102.688
1103	102.897
1104	103.106
1105	103.315
1106	103.525
1107	103.735
1108	103.945
1109	104.155
1110	104.365
1111	104.575
1112	104.786
1113	104.997
1114	105.208
1115	105.419
1116	105.63
1117	105.842
1118	106.053
1119	106.265
1120	106.477
1121	106.689
1122	106.901
1123	107.114
1124	107.326
1125	107.539
1126	107.752
1127	107.965
1128	108.178
1129	108.392
1130	108.606
1131	108.819
1132	109.033
1133	109.247
1134	109.462
1135	109.676
1136	109.891
1137	110.105
1138	110.32
1139	110.535
1140	110.751
1141	110.966
1142	111.182
1143	111.397
1144	111.613
1145	111.829
1146	112.046
1147	112.262
1148	112.479
1149	112.695
1150	112.912
1151	113.129
1152	113.346
1153	113.564
1154	113.781
1155	113.999
1156	114.217
1157	114.435
1158	114.653
1159	114.871
1160	115.09
1161	115.308
1162	115.527
1163	115.746
1164	115.965
1165	116.184
1166	116.404
1167	116.623
1168	116.843
1169	117.063
1170	117.283
1171	117.503
1172	117.724
1173	117.944
1174	118.165
1175	118.385
1176	118.606
1177	118.828
1178	119.049
1179	119.27
1180	119.492
1181	119.714
1182	119.935
1183	120.158
1184	120.38
1185	120.602
1186	120.825
1187	121.047
1188	121.27
1189	121.493
1190	121.716
1191	121.939
1192	122.163
1193	122.386
1194	122.61
1195	122.834
1196	123.058
1197	123.282
1198	123.506
1199	123.731
1200	123.955
1201	124.18
1202	124.405
1203	124.63
1204	124.855
1205	125.081
1206	125.306
1207	125.532
1208	125.758
1209	125.983
1210	126.21
1211	126.436
1212	126.662
1213	126.889
1214	127.115
1215	127.342
1216	127.569
1217	127.796
1218	128.023
1219	128.251
1220	128.478
1221	128.706
1222	128.934
1223	129.162
1224	129.39
1225	129.618
1226	129.846
1227	130.075
1228	130.304
1229	130.532
1230	130.761
1231	130.99
1232	131.22
1233	131.449
1234	131.679
1235	131.908
1236	132.138
1237	132.368
1238	132.598
1239	132.828
1240	133.059
1241	133.289
1242	133.52
1243	133.75
1244	133.981
1245	134.212
1246	134.444
1247	134.675
1248	134.906
1249	135.138
1250	135.37
1251	135.602
1252	135.834
1253	136.066
1254	136.298
1255	136.53
1256	136.763
1257	136.996
1258	137.228
1259	137.461
1260	137.694
1261	137.928
1262	138.161
1263	138.394
1264	138.628
1265	138.862
1266	139.096
1267	139.33
1268	139.564
1269	139.798
1270	140.033
1271	140.267
1272	140.502
1273	140.737
1274	140.971
1275	141.207
1276	141.442
1277	141.677
1278	141.912
1279	142.148
1280	142.384
1281	142.62
1282	142.856
1283	143.092
1284	143.328
1285	143.564
1286	143.801
1287	144.037
1288	144.274
1289	144.511
1290	144.748
1291	144.985
1292	145.222
1293	145.46
1294	145.697
1295	145.935
1296	146.172
1297	146.41
1298	146.648
1299	146.886
1300	147.125
1301	147.363
1302	147.601
1303	147.84
1304	148.079
1305	148.318
1306	148.557
1307	148.796
1308	149.035
1309	149.274
1310	149.514
1311	149.753
1312	149.993
1313	150.233
1314	150.473
1315	150.713
1316	150.953
1317	151.193
1318	151.434
1319	151.674
1320	151.915
1321	152.156
1322	152.397
1323	152.638
1324	152.879
1325	153.12
1326	153.361
1327	153.603
1328	153.844
1329	154.086
1330	154.328
1331	154.57
1332	154.812
1333	155.054
1334	155.296
1335	155.539
1336	155.781
1337	156.024
1338	156.267
1339	156.51
1340	156.753
1341	156.996
1342	157.239
1343	157.482
1344	157.726
1345	157.969
1346	158.213
1347	158.457
1348	158.701
1349	158.945
1350	159.189
1351	159.433
1352	159.677
1353	159.922
1354	160.166
1355	160.411
1356	160.656
1357	160.901
1358	161.146
1359	161.391
1360	161.636
1361	161.881
1362	162.127
1363	162.372
1364	162.618
1365	162.863
1366	163.109
1367	163.355
1368	163.601
1369	163.848
1370	164.094
1371	164.34
1372	164.587
1373	164.833
1374	165.08
1375	165.327
1376	165.574
1377	165.821
1378	166.068
1379	166.315
1380	166.562
1381	166.81
1382	167.057
1383	167.305
1384	167.553
1385	167.801
1386	168.049
1387	168.297
1388	168.545
1389	168.793
1390	169.041
1391	169.29
1392	169.538
1393	169.787
1394	170.036
1395	170.285
1396	170.534
1397	170.783
1398	171.032
1399	171.281
1400	171.53
1401	171.78
1402	172.029
1403	172.279
1404	172.529
1405	172.779
1406	173.029
1407	173.279
1408	173.529
1409	173.779
1410	174.029
1411	174.28
1412	174.53
1413	174.781
1414	175.032
1415	175.282
1416	175.533
1417	175.784
1418	176.035
1419	176.287
1420	176.538
1421	176.789
1422	177.041
1423	177.292
1424	177.544
1425	177.796
1426	178.047
1427	178.299
1428	178.551
1429	178.803
1430	179.056
1431	179.308
1432	179.56
1433	179.813
1434	180.065
1435	180.318
1436	180.571
1437	180.823
1438	181.076
1439	181.329
1440	181.582
1441	181.836
1442	182.089
1443	182.342
1444	182.596
1445	182.849
1446	183.103
1447	183.357
1448	183.61
1449	183.864
1450	184.118
1451	184.372
1452	184.626
1453	184.881
1454	185.135
1455	185.389
1456	185.644
1457	185.898
1458	186.153
1459	186.408
1460	186.662
1461	186.917
1462	187.172
1463	187.427
1464	187.682
1465	187.938
1466	188.193
1467	188.448
1468	188.704
1469	188.959
1470	189.215
1471	189.471
1472	189.726
1473	189.982
1474	190.238
1475	190.494
1476	190.75
1477	191.007
1478	191.263
1479	191.519
1480	191.776
1481	192.032
1482	192.289
1483	192.545
1484	192.802
1485	193.059
1486	193.316
1487	193.573
1488	193.83
1489	194.087
1490	194.344
1491	194.601
1492	194.859
1493	195.116
1494	195.374
1495	195.631
1496	195.889
1497	196.146
1498	196.404
1499	196.662
1500	196.92
1501	197.178
1502	197.436
1503	197.694
1504	197.952
1505	198.211
1506	198.469
1507	198.728
1508	198.986
1509	199.245
1510	199.503
1511	199.762
1512	200.021
1513	200.28
1514	200.539
1515	200.798
1516	201.057
1517	201.316
1518	201.575
1519	201.834
1520	202.094
1521	202.353
1522	202.612
1523	202.872
1524	203.132
1525	203.391
1526	203.651
1527	203.911
1528	204.171
1529	204.431
1530	204.691
1531	204.951
1532	205.211
1533	205.471
1534	205.731
1535	205.992
1536	206.252
1537	206.513
1538	206.773
1539	207.034
1540	207.294
1541	207.555
1542	207.816
1543	208.077
1544	208.338
1545	208.599
1546	208.86
1547	209.121
1548	209.382
1549	209.643
1550	209.904
1551	210.166
1552	210.427
1553	210.688
1554	210.95
1555	211.212
1556	211.473
1557	211.735
1558	211.997
1559	212.258
1560	212.52
1561	212.782
1562	213.044
1563	213.306
1564	213.568
1565	213.83
1566	214.093
1567	214.355
1568	214.617
1569	214.88
1570	215.142
1571	215.405
1572	215.667
1573	215.93
1574	216.192
1575	216.455
1576	216.718
1577	216.981
1578	217.243
1579	217.506
1580	217.769
1581	218.032
1582	218.295
1583	218.559
1584	218.822
1585	219.085
1586	219.348
1587	219.612
1588	219.875
1589	220.138
1590	220.402
1591	220.666
1592	220.929
1593	221.193
1594	221.456
1595	221.72
1596	221.984
1597	222.248
1598	222.512
1599	222.776
1600	223.04
1601	223.304
1602	223.568
1603	223.832
1604	224.096
1605	224.36
1606	224.625
1607	224.889
1608	225.153
1609	225.418
1610	225.682
1611	225.947
1612	226.211
1613	226.476
1614	226.74
1615	227.005
1616	227.27
1617	227.535
1618	227.799
1619	228.064
1620	228.329
1621	228.594
1622	228.859
1623	229.124
1624	229.389
1625	229.654
1626	229.919
1627	230.185
1628	230.45
1629	230.715
1630	230.98
1631	231.246
1632	231.511
1633	231.777
1634	232.042
1635	232.308
1636	232.573
1637	232.839
1638	233.104
1639	233.37
1640	233.636
1641	233.902
1642	234.167
1643	234.433
1644	234.699
1645	234.965
1646	235.231
1647	235.497
1648	235.763
1649	236.029
1650	236.295
1651	236.561
1652	236.827
1653	237.093
1654	237.36
1655	237.626
1656	237.892
1657	238.159
1658	238.425
1659	238.691
1660	238.958
1661	239.224
1662	239.491
1663	239.757
1664	240.024
1665	240.29
1666	240.557
1667	240.824
1668	241.09
1669	241.357
1670	241.624
1671	241.891
1672	242.157
1673	242.424
1674	242.691
1675	242.958
1676	243.225
1677	243.492
1678	243.759
1679	244.026
1680	244.293
1681	244.56
1682	244.827
1683	245.094
1684	245.362
1685	245.629
1686	245.896
1687	246.163
1688	246.43
1689	246.698
1690	246.965
1691	247.232
1692	247.5
1693	247.767
1694	248.035
1695	248.302
1696	248.57
1697	248.837
1698	249.105
1699	249.372
1700	249.64
1701	249.907
1702	250.175
1703	250.443
1704	250.71
1705	250.978
1706	251.246
1707	251.513
1708	251.781
1709	252.049
1710	252.317
1711	252.585
1712	252.852
1713	253.12
1714	253.388
1715	253.656
1716	253.924
1717	254.192
1718	254.46
1719	254.728
1720	254.996
1721	255.264
1722	255.532
1723	255.8
1724	256.068
1725	256.336
1726	256.604
1727	256.873
1728	257.141
1729	257.409
1730	257.677
1731	257.945
1732	258.213
1733	258.482
1734	258.75
1735	259.018
1736	259.286
1737	259.555
1738	259.823
1739	260.091
1740	260.36
1741	260.628
1742	260.897
1743	261.165
1744	261.433
1745	261.702
1746	261.97
1747	262.239
1748	262.507
1749	262.775
1750	263.044
1751	263.312
1752	263.581
1753	263.849
1754	264.118
1755	264.387
1756	264.655
1757	264.924
1758	265.192
1759	265.461
1760	265.729
1761	265.998
1762	266.267
1763	266.535
1764	266.804
1765	267.072
1766	267.341
1767	267.61
1768	267.878
1769	268.147
1770	268.416
1771	268.684
1772	268.953
1773	269.222
1774	269.49
1775	269.759
1776	270.028
1777	270.297
1778	270.565
1779	270.834
1780	271.103
1781	271.372
1782	271.64
1783	271.909
1784	272.178
1785	272.447
1786	272.715
1787	272.984
1788	273.253
1789	273.522
1790	273.79
1791	274.059
1792	274.328
1793	274.597
1794	274.866
1795	275.134
1796	275.403
1797	275.672
1798	275.941
1799	276.209
1800	276.478
1801	276.747
1802	277.016
1803	277.285
1804	277.553
1805	277.822
1806	278.091
1807	278.36
1808	278.629
1809	278.897
1810	279.166
1811	279.435
1812	279.704
1813	279.973
1814	280.241
1815	280.51
1816	280.779
1817	281.048
1818	281.317
1819	281.585
1820	281.854
1821	282.123
1822	282.392
1823	282.66
1824	282.929
1825	283.198
1826	283.467
1827	283.735
1828	284.004
1829	284.273
1830	284.541
1831	284.81
1832	285.079
1833	285.348
1834	285.616
1835	285.885
1836	286.154
1837	286.422
1838	286.691
1839	286.96
1840	287.228
1841	287.497
1842	287.765
1843	288.034
1844	288.303
1845	288.571
1846	288.84
1847	289.109
1848	289.377
1849	289.646
1850	289.914
1851	290.183
1852	290.451
1853	290.72
1854	290.988
1855	291.257
1856	291.525
1857	291.794
1858	292.062
1859	292.331
1860	292.599
1861	292.868
1862	293.136
1863	293.404
1864	293.673
1865	293.941
1866	294.209
1867	294.478
1868	294.746
1869	295.014
1870	295.283
1871	295.551
1872	295.819
1873	296.088
1874	296.356
1875	296.624
1876	296.892
1877	297.16
1878	297.429
1879	297.697
1880	297.965
1881	298.233
1882	298.501
1883	298.769
1884	299.037
1885	299.305
1886	299.573
1887	299.841
1888	300.109
1889	300.377
1890	300.645
1891	300.913
1892	301.181
1893	301.449
1894	301.717
1895	301.985
1896	302.253
1897	302.521
1898	302.788
1899	303.056
1900	303.324
1901	303.592
1902	303.859
1903	304.127
1904	304.395
1905	304.662
1906	304.93
1907	305.198
1908	305.465
1909	305.733
1910	306
1911	306.268
1912	306.535
1913	306.803
1914	307.07
1915	307.338
1916	307.605
1917	307.872
1918	308.14
1919	308.407
1920	308.674
1921	308.942
1922	309.209
1923	309.476
1924	309.743
1925	310.01
1926	310.278
1927	310.545
1928	310.812
1929	311.079
1930	311.346
1931	311.613
1932	311.88
1933	312.147
1934	312.414
1935	312.681
1936	312.948
1937	313.214
1938	313.481
1939	313.748
1940	314.015
1941	314.281
1942	314.548
1943	314.815
1944	315.081
1945	315.348
1946	315.615
1947	315.881
1948	316.148
1949	316.414
1950	316.68
1951	316.947
1952	317.213
1953	317.48
1954	317.746
1955	318.012
1956	318.278
1957	318.545
1958	318.811
1959	319.077
1960	319.343
1961	319.609
1962	319.875
1963	320.141
1964	320.407
1965	320.673
1966	320.939
1967	321.205
1968	321.471
1969	321.737
1970	322.002
1971	322.268
1972	322.534
1973	322.8
1974	323.065
1975	323.331
1976	323.596
1977	323.862
1978	324.127
1979	324.393
1980	324.658
1981	324.923
1982	325.189
1983	325.454
1984	325.719
1985	325.985
1986	326.25
1987	326.515
1988	326.78
1989	327.045
1990	327.31
1991	327.575
1992	327.84
1993	328.105
1994	328.37
1995	328.635
1996	328.899
1997	329.164
1998	329.429
1999	329.693
2000	329.958
2001	330.223
2002	330.487
2003	330.752
2004	331.016
2005	331.28
2006	331.545
2007	331.809
2008	332.073
2009	332.338
2010	332.602
2011	332.866
2012	333.13
2013	333.394
2014	333.658
2015	333.922
2016	334.186
2017	334.45
2018	334.714
2019	334.978
2020	335.241
2021	335.505
2022	335.769
2023	336.032
2024	336.296
2025	336.559
2026	336.823
2027	337.086
2028	337.35
2029	337.613
2030	337.876
2031	338.139
2032	338.403
2033	338.666
2034	338.929
2035	339.192
2036	339.455
2037	339.718
2038	339.981
2039	340.244
2040	340.506
2041	340.769
2042	341.032
2043	341.294
2044	341.557
2045	341.82
2046	342.082
2047	342.345
2048	342.607
2049	342.869
2050	343.132
2051	343.394
2052	343.656
2053	343.918
2054	344.18
2055	344.442
2056	344.704
2057	344.966
2058	345.228
2059	345.49
2060	345.752
2061	346.013
2062	346.275
2063	346.537
2064	346.798
2065	347.06
2066	347.321
2067	347.583
2068	347.844
2069	348.105
2070	348.366
2071	348.628
2072	348.889
2073	349.15
2074	349.411
2075	349.672
2076	349.933
2077	350.194
2078	350.454
2079	350.715
2080	350.976
2081	351.236
2082	351.497
2083	351.757
2084	352.018
2085	352.278
2086	352.539
2087	352.799
2088	353.059
2089	353.319
2090	353.579
2091	353.839
2092	354.099
2093	354.359
2094	354.619
2095	354.879
2096	355.139
2097	355.398
2098	355.658
2099	355.918
2100	356.177
2101	356.437
2102	356.696
2103	356.955
2104	357.215
2105	357.474
2106	357.733
2107	357.992
2108	358.251
2109	358.51
2110	358.769
2111	359.028
2112	359.286
2113	359.545
2114	359.804
2115	360.062
2116	360.321
2117	360.579
2118	360.838
2119	361.096
2120	361.354
2121	361.613
2122	361.871
2123	362.129
2124	362.387
2125	362.645
2126	362.903
2127	363.16
2128	363.418
2129	363.676
2130	363.933
2131	364.191
2132	364.449
2133	364.706
2134	364.963
2135	365.221
2136	365.478
2137	365.735
2138	365.992
2139	366.249
2140	366.506
2141	366.763
2142	367.02
2143	367.276
2144	367.533
2145	367.79
2146	368.046
2147	368.303
2148	368.559
2149	368.816
2150	369.072
2151	369.328
2152	369.584
2153	369.84
2154	370.096
2155	370.352
2156	370.608
2157	370.864
2158	371.119
2159	371.375
2160	371.631
2161	371.886
2162	372.142
2163	372.397
2164	372.652
2165	372.907
2166	373.163
2167	373.418
2168	373.673
2169	373.928
2170	374.182
2171	374.437
2172	374.692
2173	374.947
2174	375.201
2175	375.456
2176	375.71
2177	375.964
2178	376.219
2179	376.473
2180	376.727
2181	376.981
2182	377.235
2183	377.489
2184	377.743
2185	377.996
2186	378.25
2187	378.504
2188	378.757
2189	379.011
2190	379.264
2191	379.517
2192	379.771
2193	380.024
2194	380.277
2195	380.53
2196	380.783
2197	381.036
2198	381.288
2199	381.541
2200	381.794
2201	382.046
2202	382.299
2203	382.551
2204	382.803
2205	383.056
2206	383.308
2207	383.56
2208	383.812
2209	384.064
2210	384.315
2211	384.567
2212	384.819
2213	385.07
2214	385.322
2215	385.573
2216	385.825
2217	386.076
2218	386.327
2219	386.578
2220	386.829
2221	387.08
2222	387.331
2223	387.582
2224	387.833
2225	388.083
2226	388.334
2227	388.584
2228	388.835
2229	389.085
2230	389.335
2231	389.585
2232	389.835
2233	390.085
2234	390.335
2235	390.585
2236	390.835
2237	391.084
2238	391.334
2239	391.583
2240	391.833
2241	392.082
2242	392.331
2243	392.58
2244	392.829
2245	393.078
2246	393.327
2247	393.576
2248	393.825
2249	394.073
2250	394.322
2251	394.57
2252	394.819
2253	395.067
2254	395.315
2255	395.563
2256	395.811
2257	396.059
2258	396.307
2259	396.555
2260	396.803
2261	397.05
2262	397.298
2263	397.545
2264	397.793
2265	398.04
2266	398.287
2267	398.534
2268	398.781
2269	399.028
2270	399.275
2271	399.521
2272	399.768
2273	400.015
2274	400.261
2275	400.507
2276	400.754
2277	401
2278	401.246
2279	401.492
2280	401.738
2281	401.984
2282	402.229
2283	402.475
2284	402.721
2285	402.966
2286	403.211
2287	403.457
2288	403.702
2289	403.947
2290	404.192
2291	404.437
2292	404.682
2293	404.926
2294	405.171
2295	405.416
2296	405.66
2297	405.905
2298	406.149
2299	406.393
2300	406.637
2301	406.881
2302	407.125
2303	407.369
2304	407.612
2305	407.856
2306	408.1
2307	408.343
2308	408.586
2309	408.83
2310	409.073
2311	409.316
2312	409.559
2313	409.802
2314	410.045
2315	410.287
2316	410.53
2317	410.772
2318	411.015
2319	411.257
2320	411.499
2321	411.741
2322	411.983
2323	412.225
2324	412.467
2325	412.709
2326	412.95
2327	413.192
2328	413.433
2329	413.675
2330	413.916
2331	414.157
2332	414.398
2333	414.639
2334	414.88
2335	415.121
2336	415.361
2337	415.602
2338	415.842
2339	416.083
2340	416.323
2341	416.563
2342	416.803
2343	417.043
2344	417.283
2345	417.523
2346	417.763
2347	418.002
2348	418.242
2349	418.481
2350	418.72
2351	418.96
2352	419.199
2353	419.438
2354	419.676
2355	419.915
2356	420.154
2357	420.393
2358	420.631
2359	420.869
2360	421.108
2361	421.346
2362	421.584
2363	421.822
2364	422.06
2365	422.298
2366	422.535
2367	422.773
2368	423.01
2369	423.248
2370	423.485
2371	423.722
2372	423.959
2373	424.196
2374	424.433
2375	424.67
2376	424.906
2377	425.143
2378	425.379
2379	425.616
2380	425.852
2381	426.088
2382	426.324
2383	426.56
2384	426.796
2385	427.031
2386	427.267
2387	427.503
2388	427.738
2389	427.973
2390	428.208
2391	428.443
2392	428.678
2393	428.913
2394	429.148
2395	429.383
2396	429.617
2397	429.852
2398	430.086
2399	430.32
2400	430.554
2401	430.788
2402	431.022
2403	431.256
2404	431.49
2405	431.724
2406	431.957
2407	432.19
2408	432.424
2409	432.657
2410	432.89
2411	433.123
2412	433.356
2413	433.588
2414	433.821
2415	434.054
2416	434.286
2417	434.518
2418	434.751
2419	434.983
2420	435.215
2421	435.446
2422	435.678
2423	435.91
2424	436.141
2425	436.373
2426	436.604
2427	436.835
2428	437.067
2429	437.298
2430	437.528
2431	437.759
2432	437.99
2433	438.22
2434	438.451
2435	438.681
2436	438.911
2437	439.142
2438	439.372
2439	439.602
2440	439.831
2441	440.061
2442	440.291
2443	440.52
2444	440.749
2445	440.979
2446	441.208
2447	441.437
2448	441.666
2449	441.894
2450	442.123
2451	442.352
2452	442.58
2453	442.808
2454	443.037
2455	443.265
2456	443.493
2457	443.721
2458	443.948
2459	444.176
2460	444.403
2461	444.631
2462	444.858
2463	445.085
2464	445.313
2465	445.539
2466	445.766
2467	445.993
2468	446.22
2469	446.446
2470	446.673
2471	446.899
2472	447.125
2473	447.351
2474	447.577
2475	447.803
2476	448.029
2477	448.254
2478	448.48
2479	448.705
2480	448.93
2481	449.155
2482	449.38
2483	449.605
2484	449.83
2485	450.055
2486	450.279
2487	450.504
2488	450.728
2489	450.952
2490	451.176
2491	451.4
2492	451.624
2493	451.848
2494	452.072
2495	452.295
2496	452.518
2497	452.742
2498	452.965
2499	453.188
2500	453.411
2501	453.634
2502	453.856
2503	454.079
2504	454.301
2505	454.524
2506	454.746
2507	454.968
2508	455.19
2509	455.412
2510	455.633
2511	455.855
2512	456.076
2513	456.298
2514	456.519
2515	456.74
2516	456.961
2517	457.182
2518	457.403
2519	457.624
2520	457.844
2521	458.064
2522	458.285
2523	458.505
2524	458.725
2525	458.945
2526	459.165
2527	459.384
2528	459.604
2529	459.823
2530	460.043
2531	460.262
2532	460.481
2533	460.7
2534	460.919
2535	461.138
2536	461.356
2537	461.575
2538	461.793
2539	462.011
2540	462.229
2541	462.447
2542	462.665
2543	462.883
2544	463.101
2545	463.318
2546	463.535
2547	463.753
2548	463.97
2549	464.187
2550	464.404
2551	464.62
2552	464.837
2553	465.054
2554	465.27
2555	465.486
2556	465.702
2557	465.918
2558	466.134
2559	466.35
2560	466.566
2561	466.781
2562	466.997
2563	467.212
2564	467.427
2565	467.642
2566	467.857
2567	468.072
2568	468.286
2569	468.501
2570	468.715
2571	468.93
2572	469.144
2573	469.358
2574	469.572
2575	469.785
2576	469.999
2577	470.213
2578	470.426
2579	470.639
2580	470.852
2581	471.065
2582	471.278
2583	471.491
2584	471.704
2585	471.916
2586	472.129
2587	472.341
2588	472.553
2589	472.765
2590	472.977
2591	473.189
2592	473.4
2593	473.612
2594	473.823
2595	474.034
2596	474.245
2597	474.456
2598	474.667
2599	474.878
2600	475.089
2601	475.299
2602	475.509
2603	475.72
2604	475.93
2605	476.14
2606	476.35
2607	476.559
2608	476.769
2609	476.978
2610	477.188
2611	477.397
2612	477.606
2613	477.815
2614	478.024
2615	478.232
2616	478.441
2617	478.649
2618	478.857
2619	479.066
2620	479.274
2621	479.482
2622	479.689
2623	479.897
2624	480.104
2625	480.312
2626	480.519
2627	480.726
2628	480.933
2629	481.14
2630	481.347
2631	481.553
2632	481.76
2633	481.966
2634	482.172
2635	482.378
2636	482.584
2637	482.79
2638	482.996
2639	483.201
2640	483.407
2641	483.612
2642	483.817
2643	484.022
2644	484.227
2645	484.432
2646	484.637
2647	484.841
2648	485.045
2649	485.25
2650	485.454
2651	485.658
2652	485.861
2653	486.065
2654	486.269
2655	486.472
2656	486.675
2657	486.879
2658	487.082
2659	487.285
2660	487.487
2661	487.69
2662	487.893
2663	488.095
2664	488.297
2665	488.499
2666	488.701
2667	488.903
2668	489.105
2669	489.306
2670	489.508
2671	489.709
2672	489.91
2673	490.111
2674	490.312
2675	490.513
2676	490.713
2677	490.914
2678	491.114
2679	491.315
2680	491.515
2681	491.715
2682	491.914
2683	492.114
2684	492.314
2685	492.513
2686	492.712
2687	492.912
2688	493.111
2689	493.309
2690	493.508
2691	493.707
2692	493.905
2693	494.104
2694	494.302
2695	494.5
2696	494.698
2697	494.896
2698	495.093
2699	495.291
2700	495.488
2701	495.685
2702	495.882
2703	496.079
2704	496.276
2705	496.473
2706	496.669
2707	496.866
2708	497.062
2709	497.258
2710	497.454
2711	497.65
2712	497.846
2713	498.042
2714	498.237
2715	498.432
2716	498.628
2717	498.823
2718	499.018
2719	499.212
2720	499.407
2721	499.601
2722	499.796
2723	499.99
2724	500.184
2725	500.378
2726	500.572
2727	500.766
2728	500.959
2729	501.153
2730	501.346
2731	501.539
2732	501.732
2733	501.925
2734	502.117
2735	502.31
2736	502.502
2737	502.695
2738	502.887
2739	503.079
2740	503.271
2741	503.463
2742	503.654
2743	503.846
2744	504.037
2745	504.228
2746	504.419
2747	504.61
2748	504.801
2749	504.991
2750	505.182
2751	505.372
2752	505.562
2753	505.752
2754	505.942
2755	506.132
2756	506.322
2757	506.511
2758	506.701
2759	506.89
2760	507.079
2761	507.268
2762	507.457
2763	507.645
2764	507.834
2765	508.022
2766	508.21
2767	508.399
2768	508.587
2769	508.774
2770	508.962
2771	509.15
2772	509.337
2773	509.524
2774	509.711
2775	509.898
2776	510.085
2777	510.272
2778	510.458
2779	510.645
2780	510.831
2781	511.017
2782	511.203
2783	511.389
2784	511.575
2785	511.76
2786	511.946
2787	512.131
2788	512.316
2789	512.501
2790	512.686
2791	512.87
2792	513.055
2793	513.239
2794	513.424
2795	513.608
2796	513.792
2797	513.976
2798	514.159
2799	514.343
2800	514.526
2801	514.71
2802	514.893
2803	515.076
2804	515.259
2805	515.441
2806	515.624
2807	515.806
2808	515.988
2809	516.171
2810	516.353
2811	516.534
2812	516.716
2813	516.898
2814	517.079
2815	517.26
2816	517.441
2817	517.622
2818	517.803
2819	517.984
2820	518.164
2821	518.345
2822	518.525
2823	518.705
2824	518.885
2825	519.065
2826	519.245
2827	519.424
2828	519.604
2829	519.783
2830	519.962
2831	520.141
2832	520.32
2833	520.498
2834	520.677
2835	520.855
2836	521.033
2837	521.212
2838	521.39
2839	521.567
2840	521.745
2841	521.922
2842	522.1
2843	522.277
2844	522.454
2845	522.631
2846	522.808
2847	522.984
2848	523.161
2849	523.337
2850	523.513
2851	523.69
2852	523.865
2853	524.041
2854	524.217
2855	524.392
2856	524.568
2857	524.743
2858	524.918
2859	525.093
2860	525.267
2861	525.442
2862	525.616
2863	525.791
2864	525.965
2865	526.139
2866	526.313
2867	526.487
2868	526.66
2869	526.834
2870	527.007
2871	527.18
2872	527.353
2873	527.526
2874	527.698
2875	527.871
2876	528.043
2877	528.216
2878	528.388
2879	528.56
2880	528.731
2881	528.903
2882	529.075
2883	529.246
2884	529.417
2885	529.588
2886	529.759
2887	529.93
2888	530.101
2889	530.271
2890	530.441
2891	530.612
2892	530.782
2893	530.952
2894	531.121
2895	531.291
2896	531.46
2897	531.63
2898	531.799
2899	531.968
2900	532.137
2901	532.305
2902	532.474
2903	532.642
2904	532.811
2905	532.979
2906	533.147
2907	533.315
2908	533.482
2909	533.65
2910	533.817
2911	533.984
2912	534.151
2913	534.318
2914	534.485
2915	534.652
2916	534.818
2917	534.985
2918	535.151
2919	535.317
2920	535.483
2921	535.648
2922	535.814
2923	535.979
2924	536.145
2925	536.31
2926	536.475
2927	536.64
2928	536.804
2929	536.969
2930	537.133
2931	537.298
2932	537.462
2933	537.626
2934	537.789
2935	537.953
2936	538.117
2937	538.28
2938	538.443
2939	538.606
2940	538.769
2941	538.932
2942	539.094
2943	539.257
2944	539.419
2945	539.581
2946	539.743
2947	539.905
2948	540.067
2949	540.228
2950	540.39
2951	540.551
2952	540.712
2953	540.873
2954	541.034
2955	541.195
2956	541.355
2957	541.516
2958	541.676
2959	541.836
2960	541.996
2961	542.155
2962	542.315
2963	542.474
2964	542.634
2965	542.793
2966	542.952
2967	543.111
2968	543.269
2969	543.428
2970	543.586
2971	543.745
2972	543.903
2973	544.061
2974	544.219
2975	544.376
2976	544.534
2977	544.691
2978	544.848
2979	545.005
2980	545.162
2981	545.319
2982	545.475
2983	545.632
2984	545.788
2985	545.944
2986	546.1
2987	546.256
2988	546.412
2989	546.567
2990	546.723
2991	546.878
2992	547.033
2993	547.188
2994	547.343
2995	547.497
2996	547.652
2997	547.806
2998	547.96
2999	548.114
3000	548.268
3001	548.422
3002	548.575
3003	548.729
3004	548.882
3005	549.035
3006	549.188
3007	549.341
3008	549.494
3009	549.646
3010	549.798
3011	549.951
3012	550.103
3013	550.255
3014	550.406
3015	550.558
3016	550.709
3017	550.861
3018	551.012
3019	551.163
3020	551.314
3021	551.464
3022	551.615
3023	551.765
3024	551.915
3025	552.065
3026	552.215
3027	552.365
3028	552.515
3029	552.664
3030	552.813
3031	552.963
3032	553.112
3033	553.26
3034	553.409
3035	553.558
3036	553.706
3037	553.854
3038	554.002
3039	554.15
3040	554.298
3041	554.446
3042	554.593
3043	554.741
3044	554.888
3045	555.035
3046	555.182
3047	555.328
3048	555.475
3049	555.621
3050	555.768
3051	555.914
3052	556.06
3053	556.205
3054	556.351
3055	556.496
3056	556.642
3057	556.787
3058	556.932
3059	557.077
3060	557.222
3061	557.366
3062	557.511
3063	557.655
3064	557.799
3065	557.943
3066	558.087
3067	558.23
3068	558.374
3069	558.517
3070	558.66
3071	558.803
3072	558.946
3073	559.089
3074	559.232
3075	559.374
3076	559.516
3077	559.658
3078	559.8
3079	559.942
3080	560.084
3081	560.225
3082	560.367
3083	560.508
3084	560.649
3085	560.79
3086	560.93
3087	561.071
3088	561.211
3089	561.352
3090	561.492
3091	561.632
3092	561.772
3093	561.911
3094	562.051
3095	562.19
3096	562.329
3097	562.468
3098	562.607
3099	562.746
3100	562.885
3101	563.023
3102	563.161
3103	563.299
3104	563.437
3105	563.575
3106	563.713
3107	563.85
3108	563.988
3109	564.125
3110	564.262
3111	564.399
3112	564.536
3113	564.672
3114	564.809
3115	564.945
3116	565.081
3117	565.217
3118	565.353
3119	565.488
3120	565.624
3121	565.759
3122	565.894
3123	566.029
3124	566.164
3125	566.299
3126	566.434
3127	566.568
3128	566.702
3129	566.836
3130	566.97
3131	567.104
3132	567.238
3133	567.371
3134	567.505
3135	567.638
3136	567.771
3137	567.904
3138	568.036
3139	568.169
3140	568.301
3141	568.434
3142	568.566
3143	568.698
3144	568.83
3145	568.961
3146	569.093
3147	569.224
3148	569.355
3149	569.486
3150	569.617
3151	569.748
3152	569.878
3153	570.009
3154	570.139
3155	570.269
3156	570.399
3157	570.529
3158	570.658
3159	570.788
3160	570.917
3161	571.046
3162	571.175
3163	571.304
3164	571.433
3165	571.562
3166	571.69
3167	571.818
3168	571.946
3169	572.074
3170	572.202
3171	572.33
3172	572.457
3173	572.584
3174	572.711
3175	572.838
3176	572.965
3177	573.092
3178	573.219
3179	573.345
3180	573.471
3181	573.597
3182	573.723
3183	573.849
3184	573.975
3185	574.1
3186	574.225
3187	574.35
3188	574.475
3189	574.6
3190	574.725
3191	574.849
3192	574.974
3193	575.098
3194	575.222
3195	575.346
3196	575.47
3197	575.593
3198	575.717
3199	575.84
3200	575.963
3201	576.086
3202	576.209
3203	576.332
3204	576.454
3205	576.577
3206	576.699
3207	576.821
3208	576.943
3209	577.064
3210	577.186
3211	577.308
3212	577.429
3213	577.55
3214	577.671
3215	577.792
3216	577.912
3217	578.033
3218	578.153
3219	578.273
3220	578.393
3221	578.513
3222	578.633
3223	578.753
3224	578.872
3225	578.991
3226	579.11
3227	579.229
3228	579.348
3229	579.467
3230	579.585
3231	579.704
3232	579.822
3233	579.94
3234	580.058
3235	580.175
3236	580.293
3237	580.41
3238	580.528
3239	580.645
3240	580.762
3241	580.878
3242	580.995
3243	581.111
3244	581.228
3245	581.344
3246	581.46
3247	581.576
3248	581.691
3249	581.807
3250	581.922
3251	582.038
3252	582.153
3253	582.268
3254	582.382
3255	582.497
3256	582.612
3257	582.726
3258	582.84
3259	582.954
3260	583.068
3261	583.181
3262	583.295
3263	583.408
3264	583.522
3265	583.635
3266	583.748
3267	583.86
3268	583.973
3269	584.085
3270	584.198
3271	584.31
3272	584.422
3273	584.534
3274	584.645
3275	584.757
3276	584.868
3277	584.979
3278	585.09
3279	585.201
3280	585.312
3281	585.423
3282	585.533
3283	585.643
3284	585.753
3285	585.863
3286	585.973
3287	586.083
3288	586.192
3289	586.302
3290	586.411
3291	586.52
3292	586.629
3293	586.738
3294	586.846
3295	586.955
3296	587.063
3297	587.171
3298	587.279
3299	587.387
3300	587.494
3301	587.602
3302	587.709
3303	587.816
3304	587.923
3305	588.03
3306	588.137
3307	588.244
3308	588.35
3309	588.456
3310	588.562
3311	588.668
3312	588.774
3313	588.88
3314	588.985
3315	589.091
3316	589.196
3317	589.301
3318	589.406
3319	589.51
3320	589.615
3321	589.719
3322	589.824
3323	589.928
3324	590.032
3325	590.135
3326	590.239
3327	590.342
3328	590.446
3329	590.549
3330	590.652
3331	590.755
3332	590.858
3333	590.96
3334	591.063
3335	591.165
3336	591.267
3337	591.369
3338	591.471
3339	591.572
3340	591.674
3341	591.775
3342	591.876
3343	591.977
3344	592.078
3345	592.179
3346	592.279
3347	592.38
3348	592.48
3349	592.58
3350	592.68
3351	592.78
3352	592.879
3353	592.979
3354	593.078
3355	593.177
3356	593.276
3357	593.375
3358	593.474
3359	593.572
3360	593.671
3361	593.769
3362	593.867
3363	593.965
3364	594.063
3365	594.16
3366	594.258
3367	594.355
3368	594.452
3369	594.549
3370	594.646
3371	594.743
3372	594.839
3373	594.936
3374	595.032
3375	595.128
3376	595.224
3377	595.32
3378	595.415
3379	595.511
3380	595.606
3381	595.701
3382	595.796
3383	595.891
3384	595.986
3385	596.08
3386	596.175
3387	596.269
3388	596.363
3389	596.457
3390	596.551
3391	596.644
3392	596.738
3393	596.831
3394	596.924
3395	597.017
3396	597.11
3397	597.203
3398	597.295
3399	597.388
3400	597.48
3401	597.572
3402	597.664
3403	597.756
3404	597.847
3405	597.939
3406	598.03
3407	598.121
3408	598.212
3409	598.303
3410	598.394
3411	598.484
3412	598.575
3413	598.665
3414	598.755
3415	598.845
3416	598.935
3417	599.025
3418	599.114
3419	599.203
3420	599.293
3421	599.382
3422	599.47
3423	599.559
3424	599.648
3425	599.736
3426	599.824
3427	599.912
3428	600
3429	600.088
3430	600.176
3431	600.263
3432	600.351
3433	600.438
3434	600.525
3435	600.612
3436	600.698
3437	600.785
3438	600.871
3439	600.958
3440	601.044
3441	601.13
3442	601.216
3443	601.301
3444	601.387
3445	601.472
3446	601.557
3447	601.642
3448	601.727
3449	601.812
3450	601.897
3451	601.981
3452	602.065
3453	602.15
3454	602.233
3455	602.317
3456	602.401
3457	602.485
3458	602.568
3459	602.651
3460	602.734
3461	602.817
3462	602.9
3463	602.982
3464	603.065
3465	603.147
3466	603.229
3467	603.311
3468	603.393
3469	603.475
3470	603.557
3471	603.638
3472	603.719
3473	603.8
3474	603.881
3475	603.962
3476	604.043
3477	604.123
3478	604.203
3479	604.284
3480	604.364
3481	604.444
3482	604.523
3483	604.603
3484	604.682
3485	604.762
3486	604.841
3487	604.92
3488	604.998
3489	605.077
3490	605.156
3491	605.234
3492	605.312
3493	605.39
3494	605.468
3495	605.546
3496	605.624
3497	605.701
3498	605.778
3499	605.855
3500	605.932
3501	606.009
3502	606.086
3503	606.163
3504	606.239
3505	606.315
3506	606.391
3507	606.467
3508	606.543
3509	606.619
3510	606.694
3511	606.769
3512	606.845
3513	606.92
3514	606.995
3515	607.069
3516	607.144
3517	607.218
3518	607.293
3519	607.367
3520	607.441
3521	607.515
3522	607.588
3523	607.662
3524	607.735
3525	607.808
3526	607.881
3527	607.954
3528	608.027
3529	608.1
3530	608.172
3531	608.245
3532	608.317
3533	608.389
3534	608.461
3535	608.532
3536	608.604
3537	608.675
3538	608.747
3539	608.818
3540	608.889
3541	608.96
3542	609.03
3543	609.101
3544	609.171
3545	609.241
3546	609.312
3547	609.381
3548	609.451
3549	609.521
3550	609.59
3551	609.66
3552	609.729
3553	609.798
3554	609.867
3555	609.935
3556	610.004
3557	610.072
3558	610.141
3559	610.209
3560	610.277
3561	610.345
3562	610.412
3563	610.48
3564	610.547
3565	610.615
3566	610.682
3567	610.749
3568	610.815
3569	610.882
3570	610.948
3571	611.015
3572	611.081
3573	611.147
3574	611.213
3575	611.279
3576	611.344
3577	611.41
3578	611.475
3579	611.54
3580	611.605
3581	611.67
3582	611.735
3583	611.799
3584	611.864
3585	611.928
3586	611.992
3587	612.056
3588	612.12
3589	612.184
3590	612.247
3591	612.31
3592	612.374
3593	612.437
3594	612.5
3595	612.562
3596	612.625
3597	612.687
3598	612.75
3599	612.812
3600	612.874
3601	612.936
3602	612.998
3603	613.059
3604	613.121
3605	613.182
3606	613.243
3607	613.304
3608	613.365
3609	613.426
3610	613.486
3611	613.547
3612	613.607
3613	613.667
3614	613.727
3615	613.787
3616	613.846
3617	613.906
3618	613.965
3619	614.025
3620	614.084
3621	614.143
3622	614.201
3623	614.26
3624	614.318
3625	614.377
3626	614.435
3627	614.493
3628	614.551
3629	614.609
3630	614.666
3631	614.724
3632	614.781
3633	614.838
3634	614.895
3635	614.952
3636	615.009
3637	615.065
3638	615.122
3639	615.178
3640	615.234
3641	615.29
3642	615.346
3643	615.402
3644	615.457
3645	615.513
3646	615.568
3647	615.623
3648	615.678
3649	615.733
3650	615.788
3651	615.842
3652	615.896
3653	615.951
3654	616.005
3655	616.059
3656	616.112
3657	616.166
3658	616.22
3659	616.273
3660	616.326
3661	616.379
3662	616.432
3663	616.485
3664	616.538
3665	616.59
3666	616.642
3667	616.695
3668	616.747
3669	616.799
3670	616.85
3671	616.902
3672	616.953
3673	617.005
3674	617.056
3675	617.107
3676	617.158
3677	617.209
3678	617.259
3679	617.31
3680	617.36
3681	617.41
3682	617.46
3683	617.51
3684	617.56
3685	617.609
3686	617.659
3687	617.708
3688	617.757
3689	617.806
3690	617.855
3691	617.904
3692	617.952
3693	618.001
3694	618.049
3695	618.097
3696	618.145
3697	618.193
3698	618.24
3699	618.288
3700	618.335
3701	618.383
3702	618.43
3703	618.477
3704	618.524
3705	618.57
3706	618.617
3707	618.663
3708	618.71
3709	618.756
3710	618.802
3711	618.847
3712	618.893
3713	618.939
3714	618.984
3715	619.029
3716	619.074
3717	619.119
3718	619.164
3719	619.209
3720	619.253
3721	619.298
3722	619.342
3723	619.386
3724	619.43
3725	619.474
3726	619.518
3727	619.561
3728	619.604
3729	619.648
3730	619.691
3731	619.734
3732	619.777
3733	619.819
3734	619.862
3735	619.904
3736	619.946
3737	619.989
3738	620.03
3739	620.072
3740	620.114
3741	620.155
3742	620.197
3743	620.238
3744	620.279
3745	620.32
3746	620.361
3747	620.402
3748	620.442
3749	620.483
3750	620.523
3751	620.563
3752	620.603
3753	620.643
3754	620.682
3755	620.722
3756	620.761
3757	620.801
3758	620.84
3759	620.879
3760	620.918
3761	620.956
3762	620.995
3763	621.033
3764	621.071
3765	621.11
3766	621.148
3767	621.185
3768	621.223
3769	621.261
3770	621.298
3771	621.335
3772	621.372
3773	621.409
3774	621.446
3775	621.483
3776	621.52
3777	621.556
3778	621.592
3779	621.628
3780	621.664
3781	621.7
3782	621.736
3783	621.772
3784	621.807
3785	621.842
3786	621.878
3787	621.913
3788	621.947
3789	621.982
3790	622.017
3791	622.051
3792	622.086
3793	622.12
3794	622.154
3795	622.188
3796	622.221
3797	622.255
3798	622.289
3799	622.322
3800	622.355
3801	622.388
3802	622.421
3803	622.454
3804	622.487
3805	622.519
3806	622.551
3807	622.584
3808	622.616
3809	622.648
3810	622.679
3811	622.711
3812	622.743
3813	622.774
3814	622.805
3815	622.836
3816	622.867
3817	622.898
3818	622.929
3819	622.959
3820	622.99
3821	623.02
3822	623.05
3823	623.08
3824	623.11
3825	623.14
3826	623.169
3827	623.199
3828	623.228
3829	623.257
3830	623.286
3831	623.315
3832	623.344
3833	623.373
3834	623.401
3835	623.429
3836	623.458
3837	623.486
3838	623.514
3839	623.541
3840	623.569
3841	623.597
3842	623.624
3843	623.651
3844	623.678
3845	623.705
3846	623.732
3847	623.759
3848	623.785
3849	623.812
3850	623.838
3851	623.864
3852	623.89
3853	623.916
3854	623.942
3855	623.967
3856	623.993
3857	624.018
3858	624.043
3859	624.068
3860	624.093
3861	624.118
3862	624.143
3863	624.167
3864	624.191
3865	624.216
3866	624.24
3867	624.264
3868	624.288
3869	624.311
3870	624.335
3871	624.358
3872	624.381
3873	624.405
3874	624.428
3875	624.45
3876	624.473
3877	624.496
3878	624.518
3879	624.54
3880	624.563
3881	624.585
3882	624.607
3883	624.628
3884	624.65
3885	624.672
3886	624.693
3887	624.714
3888	624.735
3889	624.756
3890	624.777
3891	624.798
3892	624.818
3893	624.839
3894	624.859
3895	624.879
3896	624.899
3897	624.919
3898	624.939
3899	624.958
3900	624.978
3901	624.997
3902	625.016
3903	625.035
3904	625.054
3905	625.073
3906	625.092
3907	625.11
3908	625.129
3909	625.147
3910	625.165
3911	625.183
3912	625.201
3913	625.219
3914	625.236
3915	625.254
3916	625.271
3917	625.288
3918	625.305
3919	625.322
3920	625.339
3921	625.356
3922	625.372
3923	625.389
3924	625.405
3925	625.421
3926	625.437
3927	625.453
3928	625.469
3929	625.484
3930	625.5
3931	625.515
3932	625.53
3933	625.545
3934	625.56
3935	625.575
3936	625.59
3937	625.604
3938	625.619
3939	625.633
3940	625.647
3941	625.661
3942	625.675
3943	625.689
3944	625.702
3945	625.716
3946	625.729
3947	625.742
3948	625.755
3949	625.768
3950	625.781
3951	625.794
3952	625.806
3953	625.819
3954	625.831
3955	625.843
3956	625.855
3957	625.867
3958	625.879
3959	625.89
3960	625.902
3961	625.913
3962	625.924
3963	625.935
3964	625.946
3965	625.957
3966	625.968
3967	625.979
3968	625.989
3969	625.999
3970	626.009
3971	626.019
3972	626.029
3973	626.039
3974	626.049
3975	626.058
3976	626.068
3977	626.077
3978	626.086
3979	626.095
3980	626.104
3981	626.113
3982	626.121
3983	626.13
3984	626.138
3985	626.146
3986	626.155
3987	626.162
3988	626.17
3989	626.178
3990	626.186
3991	626.193
3992	626.2
3993	626.208
3994	626.215
3995	626.222
3996	626.228
3997	626.235
3998	626.241
3999	626.248
4000	626.254
4001	626.26
4002	626.266
4003	626.272
4004	626.278
4005	626.284
4006	626.289
4007	626.295
4008	626.3
4009	626.305
4010	626.31
4011	626.315
4012	626.319
4013	626.324
4014	626.329
4015	626.333
4016	626.337
4017	626.341
4018	626.345
4019	626.349
4020	626.353
4021	626.356
4022	626.36
4023	626.363
4024	626.366
4025	626.369
4026	626.372
4027	626.375
4028	626.378
4029	626.38
4030	626.383
4031	626.385
4032	626.387
4033	626.389
4034	626.391
4035	626.393
4036	626.395
4037	626.396
4038	626.398
4039	626.399
4040	626.4
4041	626.401
4042	626.402
4043	626.403
4044	626.403
4045	626.404
4046	626.404
4047	626.405
4048	626.405
4049	626.405
4050	626.405
4051	626.404
4052	626.404
4053	626.404
4054	626.403
4055	626.402
4056	626.401
4057	626.4
4058	626.399
4059	626.398
4060	626.397
4061	626.395
4062	626.393
4063	626.392
4064	626.39
4065	626.388
4066	626.386
4067	626.383
4068	626.381
4069	626.379
4070	626.376
4071	626.373
4072	626.37
4073	626.367
4074	626.364
4075	626.361
4076	626.358
4077	626.354
4078	626.351
4079	626.347
4080	626.343
4081	626.339
4082	626.335
4083	626.331
4084	626.326
4085	626.322
4086	626.317
4087	626.312
4088	626.307
4089	626.302
4090	626.297
4091	626.292
4092	626.287
4093	626.281
4094	626.276
4095	626.27
4096	626.264
4097	626.258
4098	626.252
4099	626.246
4100	626.239
4101	626.233
4102	626.226
4103	626.22
4104	626.213
4105	626.206
4106	626.199
4107	626.192
4108	626.184
4109	626.177
4110	626.169
4111	626.162
4112	626.154
4113	626.146
4114	626.138
4115	626.13
4116	626.121
4117	626.113
4118	626.104
4119	626.096
4120	626.087
4121	626.078
4122	626.069
4123	626.06
4124	626.05
4125	626.041
4126	626.031
4127	626.022
4128	626.012
4129	626.002
4130	625.992
4131	625.982
4132	625.972
4133	625.961
4134	625.951
4135	625.94
4136	625.929
4137	625.919
4138	625.908
4139	625.896
4140	625.885
4141	625.874
4142	625.862
4143	625.851
4144	625.839
4145	625.827
4146	625.815
4147	625.803
4148	625.791
4149	625.779
4150	625.766
4151	625.754
4152	625.741
4153	625.728
4154	625.715
4155	625.702
4156	625.689
4157	625.676
4158	625.663
4159	625.649
4160	625.635
4161	625.622
4162	625.608
4163	625.594
4164	625.58
4165	625.565
4166	625.551
4167	625.537
4168	625.522
4169	625.507
4170	625.493
4171	625.478
4172	625.463
4173	625.447
4174	625.432
4175	625.417
4176	625.401
4177	625.385
4178	625.37
4179	625.354
4180	625.338
4181	625.322
4182	625.305
4183	625.289
4184	625.273
4185	625.256
4186	625.239
4187	625.222
4188	625.205
4189	625.188
4190	625.171
4191	625.154
4192	625.136
4193	625.119
4194	625.101
4195	625.083
4196	625.066
4197	625.048
4198	625.029
4199	625.011
4200	624.993
4201	624.974
4202	624.956
4203	624.937
4204	624.918
4205	624.899
4206	624.88
4207	624.861
4208	624.842
4209	624.822
4210	624.803
4211	624.783
4212	624.763
4213	624.744
4214	624.724
4215	624.703
4216	624.683
4217	624.663
4218	624.642
4219	624.622
4220	624.601
4221	624.58
4222	624.559
4223	624.538
4224	624.517
4225	624.496
4226	624.475
4227	624.453
4228	624.431
4229	624.41
4230	624.388
4231	624.366
4232	624.344
4233	624.322
4234	624.299
4235	624.277
4236	624.254
4237	624.232
4238	624.209
4239	624.186
4240	624.163
4241	624.14
4242	624.117
4243	624.093
4244	624.07
4245	624.046
4246	624.023
4247	623.999
4248	623.975
4249	623.951
4250	623.927
4251	623.903
4252	623.878
4253	623.854
4254	623.829
4255	623.805
4256	623.78
4257	623.755
4258	623.73
4259	623.705
4260	623.679
4261	623.654
4262	623.629
4263	623.603
4264	623.577
4265	623.551
4266	623.525
4267	623.499
4268	623.473
4269	623.447
4270	623.421
4271	623.394
4272	623.367
4273	623.341
4274	623.314
4275	623.287
4276	623.26
4277	623.233
4278	623.205
4279	623.178
4280	623.15
4281	623.123
4282	623.095
4283	623.067
4284	623.039
4285	623.011
4286	622.983
4287	622.955
4288	622.926
4289	622.898
4290	622.869
4291	622.84
4292	622.811
4293	622.783
4294	622.753
4295	622.724
4296	622.695
4297	622.666
4298	622.636
4299	622.606
4300	622.577
4301	622.547
4302	622.517
4303	622.487
4304	622.457
4305	622.426
4306	622.396
4307	622.365
4308	622.335
4309	622.304
4310	622.273
4311	622.242
4312	622.211
4313	622.18
4314	622.149
4315	622.117
4316	622.086
4317	622.054
4318	622.022
4319	621.991
4320	621.959
4321	621.927
4322	621.895
4323	621.862
4324	621.83
4325	621.797
4326	621.765
4327	621.732
4328	621.699
4329	621.666
4330	621.633
4331	621.6
4332	621.567
4333	621.534
4334	621.5
4335	621.467
4336	621.433
4337	621.399
4338	621.365
4339	621.331
4340	621.297
4341	621.263
4342	621.229
4343	621.194
4344	621.16
4345	621.125
4346	621.09
4347	621.055
4348	621.02
4349	620.985
4350	620.95
4351	620.915
4352	620.879
4353	620.844
4354	620.808
4355	620.773
4356	620.737
4357	620.701
4358	620.665
4359	620.629
4360	620.592
4361	620.556
4362	620.52
4363	620.483
4364	620.446
4365	620.41
4366	620.373
4367	620.336
4368	620.299
4369	620.261
4370	620.224
4371	620.187
4372	620.149
4373	620.111
4374	620.074
4375	620.036
4376	619.998
4377	619.96
4378	619.922
4379	619.883
4380	619.845
4381	619.807
4382	619.768
4383	619.729
4384	619.69
4385	619.652
4386	619.613
4387	619.573
4388	619.534
4389	619.495
4390	619.456
4391	619.416
4392	619.376
4393	619.337
4394	619.297
4395	619.257
4396	619.217
4397	619.177
4398	619.136
4399	619.096
4400	619.056
4401	619.015
4402	618.974
4403	618.934
4404	618.893
4405	618.852
4406	618.811
4407	618.769
4408	618.728
4409	618.687
4410	618.645
4411	618.604
4412	618.562
4413	618.52
4414	618.478
4415	618.436
4416	618.394
4417	618.352
4418	618.31
4419	618.267
4420	618.225
4421	618.182
4422	618.139
4423	618.096
4424	618.053
4425	618.01
4426	617.967
4427	617.924
4428	617.881
4429	617.837
4430	617.794
4431	617.75
4432	617.706
4433	617.662
4434	617.618
4435	617.574
4436	617.53
4437	617.486
4438	617.442
4439	617.397
4440	617.353
4441	617.308
4442	617.263
4443	617.218
4444	617.173
4445	617.128
4446	617.083
4447	617.038
4448	616.992
4449	616.947
4450	616.901
4451	616.856
4452	616.81
4453	616.764
4454	616.718
4455	616.672
4456	616.626
4457	616.58
4458	616.533
4459	616.487
4460	616.44
4461	616.393
4462	616.347
4463	616.3
4464	616.253
4465	616.206
4466	616.159
4467	616.111
4468	616.064
4469	616.016
4470	615.969
4471	615.921
4472	615.873
4473	615.826
4474	615.778
4475	615.729
4476	615.681
4477	615.633
4478	615.585
4479	615.536
4480	615.488
4481	615.439
4482	615.39
4483	615.341
4484	615.292
4485	615.243
4486	615.194
4487	615.145
4488	615.096
4489	615.046
4490	614.997
4491	614.947
4492	614.897
4493	614.847
4494	614.798
4495	614.747
4496	614.697
4497	614.647
4498	614.597
4499	614.546
4500	614.496
4501	614.445
4502	614.395
4503	614.344
4504	614.293
4505	614.242
4506	614.191
4507	614.14
4508	614.088
4509	614.037
4510	613.985
4511	613.934
4512	613.882
4513	613.83
4514	613.778
4515	613.727
4516	613.674
4517	613.622
4518	613.57
4519	613.518
4520	613.465
4521	613.413
4522	613.36
4523	613.307
4524	613.254
4525	613.202
4526	613.149
4527	613.095
4528	613.042
4529	612.989
4530	612.936
4531	612.882
4532	612.828
4533	612.775
4534	612.721
4535	612.667
4536	612.613
4537	612.559
4538	612.505
4539	612.451
4540	612.396
4541	612.342
4542	612.287
4543	612.233
4544	612.178
4545	612.123
4546	612.068
4547	612.013
4548	611.958
4549	611.903
4550	611.848
4551	611.792
4552	611.737
4553	611.681
4554	611.626
4555	611.57
4556	611.514
4557	611.458
4558	611.402
4559	611.346
4560	611.29
4561	611.233
4562	611.177
4563	611.12
4564	611.064
4565	611.007
4566	610.95
4567	610.893
4568	610.836
4569	610.779
4570	610.722
4571	610.665
4572	610.608
4573	610.55
4574	610.493
4575	610.435
4576	610.377
4577	610.32
4578	610.262
4579	610.204
4580	610.146
4581	610.088
4582	610.029
4583	609.971
4584	609.912
4585	609.854
4586	609.795
4587	609.737
4588	609.678
4589	609.619
4590	609.56
4591	609.501
4592	609.442
4593	609.382
4594	609.323
4595	609.264
4596	609.204
4597	609.144
4598	609.085
4599	609.025
4600	608.965
4601	608.905
4602	608.845
4603	608.785
4604	608.725
4605	608.664
4606	608.604
4607	608.543
4608	608.483
4609	608.422
4610	608.361
4611	608.3
4612	608.239
4613	608.178
4614	608.117
4615	608.056
4616	607.995
4617	607.933
4618	607.872
4619	607.81
4620	607.748
4621	607.687
4622	607.625
4623	607.563
4624	607.501
4625	607.439
4626	607.376
4627	607.314
4628	607.252
4629	607.189
4630	607.127
4631	607.064
4632	607.001
4633	606.938
4634	606.875
4635	606.812
4636	606.749
4637	606.686
4638	606.623
4639	606.559
4640	606.496
4641	606.432
4642	606.369
4643	606.305
4644	606.241
4645	606.177
4646	606.113
4647	606.049
4648	605.985
4649	605.921
4650	605.857
4651	605.792
4652	605.728
4653	605.663
4654	605.599
4655	605.534
4656	605.469
4657	605.404
4658	605.339
4659	605.274
4660	605.209
4661	605.143
4662	605.078
4663	605.013
4664	604.947
4665	604.881
4666	604.816
4667	604.75
4668	604.684
4669	604.618
4670	604.552
4671	604.486
4672	604.42
4673	604.353
4674	604.287
4675	604.221
4676	604.154
4677	604.087
4678	604.021
4679	603.954
4680	603.887
4681	603.82
4682	603.753
4683	603.686
4684	603.618
4685	603.551
4686	603.484
4687	603.416
4688	603.349
4689	603.281
4690	603.213
4691	603.145
4692	603.077
4693	603.009
4694	602.941
4695	602.873
4696	602.805
4697	602.737
4698	602.668
4699	602.6
4700	602.531
4701	602.462
4702	602.394
4703	602.325
4704	602.256
4705	602.187
4706	602.118
4707	602.049
4708	601.979
4709	601.91
4710	601.841
4711	601.771
4712	601.701
4713	601.632
4714	601.562
4715	601.492
4716	601.422
4717	601.352
4718	601.282
4719	601.212
4720	601.142
4721	601.072
4722	601.001
4723	600.931
4724	600.86
4725	600.789
4726	600.719
4727	600.648
4728	600.577
4729	600.506
4730	600.435
4731	600.364
4732	600.293
4733	600.221
4734	600.15
4735	600.078
4736	600.007
4737	599.935
4738	599.863
4739	599.792
4740	599.72
4741	599.648
4742	599.576
4743	599.504
4744	599.431
4745	599.359
4746	599.287
4747	599.214
4748	599.142
4749	599.069
4750	598.997
4751	598.924
4752	598.851
4753	598.778
4754	598.705
4755	598.632
4756	598.559
4757	598.486
4758	598.412
4759	598.339
4760	598.265
4761	598.192
4762	598.118
4763	598.044
4764	597.971
4765	597.897
4766	597.823
4767	597.749
4768	597.675
4769	597.6
4770	597.526
4771	597.452
4772	597.377
4773	597.303
4774	597.228
4775	597.154
4776	597.079
4777	597.004
4778	596.929
4779	596.854
4780	596.779
4781	596.704
4782	596.629
4783	596.554
4784	596.478
4785	596.403
4786	596.327
4787	596.252
4788	596.176
4789	596.1
4790	596.024
4791	595.948
4792	595.872
4793	595.796
4794	595.72
4795	595.644
4796	595.568
4797	595.491
4798	595.415
4799	595.338
4800	595.262
4801	595.185
4802	595.108
4803	595.031
4804	594.955
4805	594.878
4806	594.8
4807	594.723
4808	594.646
4809	594.569
4810	594.491
4811	594.414
4812	594.336
4813	594.259
4814	594.181
4815	594.103
4816	594.026
4817	593.948
4818	593.87
4819	593.792
4820	593.714
4821	593.635
4822	593.557
4823	593.479
4824	593.4
4825	593.322
4826	593.243
4827	593.165
4828	593.086
4829	593.007
4830	592.928
4831	592.849
4832	592.77
4833	592.691
4834	592.612
4835	592.533
4836	592.453
4837	592.374
4838	592.294
4839	592.215
4840	592.135
4841	592.056
4842	591.976
4843	591.896
4844	591.816
4845	591.736
4846	591.656
4847	591.576
4848	591.496
4849	591.415
4850	591.335
4851	591.254
4852	591.174
4853	591.093
4854	591.013
4855	590.932
4856	590.851
4857	590.77
4858	590.689
4859	590.608
4860	590.527
4861	590.446
4862	590.365
4863	590.284
4864	590.202
4865	590.121
4866	590.039
4867	589.958
4868	589.876
4869	589.794
4870	589.712
4871	589.63
4872	589.548
4873	589.466
4874	589.384
4875	589.302
4876	589.22
4877	589.138
4878	589.055
4879	588.973
4880	588.89
4881	588.808
4882	588.725
4883	588.642
4884	588.559
4885	588.476
4886	588.393
4887	588.31
4888	588.227
4889	588.144
4890	588.061
4891	587.978
4892	587.894
4893	587.811
4894	587.727
4895	587.644
4896	587.56
4897	587.476
4898	587.392
4899	587.308
4900	587.224
4901	587.14
4902	587.056
4903	586.972
4904	586.888
4905	586.804
4906	586.719
4907	586.635
4908	586.55
4909	586.466
4910	586.381
4911	586.296
4912	586.212
4913	586.127
4914	586.042
4915	585.957
4916	585.872
4917	585.787
4918	585.701
4919	585.616
4920	585.531
4921	585.445
4922	585.36
4923	585.274
4924	585.189
4925	585.103
4926	585.017
4927	584.931
4928	584.846
4929	584.76
4930	584.674
4931	584.587
4932	584.501
4933	584.415
4934	584.329
4935	584.242
4936	584.156
4937	584.069
4938	583.983
4939	583.896
4940	583.81
4941	583.723
4942	583.636
4943	583.549
4944	583.462
4945	583.375
4946	583.288
4947	583.201
4948	583.113
4949	583.026
4950	582.939
4951	582.851
4952	582.764
4953	582.676
4954	582.589
4955	582.501
4956	582.413
4957	582.325
4958	582.237
4959	582.149
4960	582.061
4961	581.973
4962	581.885
4963	581.797
4964	581.708
4965	581.62
4966	581.532
4967	581.443
4968	581.355
4969	581.266
4970	581.177
4971	581.088
4972	581
4973	580.911
4974	580.822
4975	580.733
4976	580.644
4977	580.554
4978	580.465
4979	580.376
4980	580.287
4981	580.197
4982	580.108
4983	580.018
4984	579.929
4985	579.839
4986	579.749
4987	579.659
4988	579.569
4989	579.479
4990	579.389
4991	579.299
4992	579.209
4993	579.119
4994	579.029
4995	578.939
4996	578.848
4997	578.758
4998	578.667
4999	578.577
5000	578.486
5001	578.395
5002	578.304
5003	578.214
5004	578.123
5005	578.032
5006	577.941
5007	577.85
5008	577.759
5009	577.667
5010	577.576
5011	577.485
5012	577.393
5013	577.302
5014	577.21
5015	577.119
5016	577.027
5017	576.935
5018	576.844
5019	576.752
5020	576.66
5021	576.568
5022	576.476
5023	576.384
5024	576.292
5025	576.199
5026	576.107
5027	576.015
5028	575.922
5029	575.83
5030	575.737
5031	575.645
5032	575.552
5033	575.459
5034	575.367
5035	575.274
5036	575.181
5037	575.088
5038	574.995
5039	574.902
5040	574.809
5041	574.716
5042	574.622
5043	574.529
5044	574.436
5045	574.342
5046	574.249
5047	574.155
5048	574.062
5049	573.968
5050	573.874
5051	573.78
5052	573.686
5053	573.593
5054	573.499
5055	573.405
5056	573.31
5057	573.216
5058	573.122
5059	573.028
5060	572.933
5061	572.839
5062	572.745
5063	572.65
5064	572.555
5065	572.461
5066	572.366
5067	572.271
5068	572.176
5069	572.082
5070	571.987
5071	571.892
5072	571.797
5073	571.702
5074	571.606
5075	571.511
5076	571.416
5077	571.32
5078	571.225
5079	571.13
5080	571.034
5081	570.938
5082	570.843
5083	570.747
5084	570.651
5085	570.556
5086	570.46
5087	570.364
5088	570.268
5089	570.172
5090	570.076
5091	569.979
5092	569.883
5093	569.787
5094	569.691
5095	569.594
5096	569.498
5097	569.401
5098	569.305
5099	569.208
5100	569.111
5101	569.015
5102	568.918
5103	568.821
5104	568.724
5105	568.627
5106	568.53
5107	568.433
5108	568.336
5109	568.239
5110	568.141
5111	568.044
5112	567.947
5113	567.849
5114	567.752
5115	567.654
5116	567.557
5117	567.459
5118	567.361
5119	567.264
5120	567.166
5121	567.068
5122	566.97
5123	566.872
5124	566.774
5125	566.676
5126	566.578
5127	566.479
5128	566.381
5129	566.283
5130	566.185
5131	566.086
5132	565.988
5133	565.889
5134	565.79
5135	565.692
5136	565.593
5137	565.494
5138	565.396
5139	565.297
5140	565.198
5141	565.099
5142	565
5143	564.901
5144	564.802
5145	564.702
5146	564.603
5147	564.504
5148	564.404
5149	564.305
5150	564.206
5151	564.106
5152	564.006
5153	563.907
5154	563.807
5155	563.707
5156	563.608
5157	563.508
5158	563.408
5159	563.308
5160	563.208
5161	563.108
5162	563.008
5163	562.908
5164	562.807
5165	562.707
5166	562.607
5167	562.506
5168	562.406
5169	562.305
5170	562.205
5171	562.104
5172	562.004
5173	561.903
5174	561.802
5175	561.701
5176	561.601
5177	561.5
5178	561.399
5179	561.298
5180	561.197
5181	561.096
5182	560.994
5183	560.893
5184	560.792
5185	560.691
5186	560.589
5187	560.488
5188	560.386
5189	560.285
5190	560.183
5191	560.081
5192	559.98
5193	559.878
5194	559.776
5195	559.674
5196	559.573
5197	559.471
5198	559.369
5199	559.267
5200	559.164
5201	559.062
5202	558.96
5203	558.858
5204	558.756
5205	558.653
5206	558.551
5207	558.448
5208	558.346
5209	558.243
5210	558.141
5211	558.038
5212	557.935
5213	557.833
5214	557.73
5215	557.627
5216	557.524
5217	557.421
5218	557.318
5219	557.215
5220	557.112
5221	557.009
5222	556.906
5223	556.802
5224	556.699
5225	556.596
5226	556.492
5227	556.389
5228	556.285
5229	556.182
5230	556.078
5231	555.974
5232	555.871
5233	555.767
5234	555.663
5235	555.559
5236	555.455
5237	555.352
5238	555.248
5239	555.144
5240	555.039
5241	554.935
5242	554.831
5243	554.727
5244	554.623
5245	554.518
5246	554.414
5247	554.309
5248	554.205
5249	554.1
5250	553.996
5251	553.891
5252	553.787
5253	553.682
5254	553.577
5255	553.472
5256	553.367
5257	553.263
5258	553.158
5259	553.053
5260	552.947
5261	552.842
5262	552.737
5263	552.632
5264	552.527
5265	552.422
5266	552.316
5267	552.211
5268	552.105
5269	552
5270	551.894
5271	551.789
5272	551.683
5273	551.578
5274	551.472
5275	551.366
5276	551.26
5277	551.154
5278	551.049
5279	550.943
5280	550.837
5281	550.731
5282	550.624
5283	550.518
5284	550.412
5285	550.306
5286	550.2
5287	550.093
5288	549.987
5289	549.881
5290	549.774
5291	549.668
5292	549.561
5293	549.455
5294	549.348
5295	549.241
5296	549.135
5297	549.028
5298	548.921
5299	548.814
5300	548.707
5301	548.6
5302	548.493
5303	548.386
5304	548.279
5305	548.172
5306	548.065
5307	547.958
5308	547.85
5309	547.743
5310	547.636
5311	547.528
5312	547.421
5313	547.313
5314	547.206
5315	547.098
5316	546.991
5317	546.883
5318	546.775
5319	546.668
5320	546.56
5321	546.452
5322	546.344
5323	546.236
5324	546.128
5325	546.02
5326	545.912
5327	545.804
5328	545.696
5329	545.588
5330	545.48
5331	545.371
5332	545.263
5333	545.155
5334	545.046
5335	544.938
5336	544.829
5337	544.721
5338	544.612
5339	544.504
5340	544.395
5341	544.286
5342	544.178
5343	544.069
5344	543.96
5345	543.851
5346	543.742
5347	543.633
5348	543.524
5349	543.415
5350	543.306
5351	543.197
5352	543.088
5353	542.979
5354	542.869
5355	542.76
5356	542.651
5357	542.541
5358	542.432
5359	542.322
5360	542.213
5361	542.103
5362	541.994
5363	541.884
5364	541.775
5365	541.665
5366	541.555
5367	541.445
5368	541.335
5369	541.226
5370	541.116
5371	541.006
5372	540.896
5373	540.786
5374	540.676
5375	540.566
5376	540.455
5377	540.345
5378	540.235
5379	540.125
5380	540.014
5381	539.904
5382	539.794
5383	539.683
5384	539.573
5385	539.462
5386	539.352
5387	539.241
5388	539.13
5389	539.02
5390	538.909
5391	538.798
5392	538.687
5393	538.577
5394	538.466
5395	538.355
5396	538.244
5397	538.133
5398	538.022
5399	537.911
5400	537.8
5401	537.688
5402	537.577
5403	537.466
5404	537.355
5405	537.243
5406	537.132
5407	537.021
5408	536.909
5409	536.798
5410	536.686
5411	536.575
5412	536.463
5413	536.352
5414	536.24
5415	536.128
5416	536.016
5417	535.905
5418	535.793
5419	535.681
5420	535.569
5421	535.457
5422	535.345
5423	535.233
5424	535.121
5425	535.009
5426	534.897
5427	534.785
5428	534.673
5429	534.56
5430	534.448
5431	534.336
5432	534.223
5433	534.111
5434	533.999
5435	533.886
5436	533.774
5437	533.661
5438	533.549
5439	533.436
5440	533.323
5441	533.211
5442	533.098
5443	532.985
5444	532.872
5445	532.76
5446	532.647
5447	532.534
5448	532.421
5449	532.308
5450	532.195
5451	532.082
5452	531.969
5453	531.856
5454	531.743
5455	531.629
5456	531.516
5457	531.403
5458	531.29
5459	531.176
5460	531.063
5461	530.949
5462	530.836
5463	530.722
5464	530.609
5465	530.495
5466	530.382
5467	530.268
5468	530.155
5469	530.041
5470	529.927
5471	529.813
5472	529.7
5473	529.586
5474	529.472
5475	529.358
5476	529.244
5477	529.13
5478	529.016
5479	528.902
5480	528.788
5481	528.674
5482	528.56
5483	528.445
5484	528.331
5485	528.217
5486	528.103
5487	527.988
5488	527.874
5489	527.76
5490	527.645
5491	527.531
5492	527.416
5493	527.302
5494	527.187
5495	527.073
5496	526.958
5497	526.843
5498	526.729
5499	526.614
5500	526.499
5501	526.384
5502	526.269
5503	526.155
5504	526.04
5505	525.925
5506	525.81
5507	525.695
5508	525.58
5509	525.465
5510	525.35
5511	525.234
5512	525.119
5513	525.004
5514	524.889
5515	524.774
5516	524.658
5517	524.543
5518	524.428
5519	524.312
5520	524.197
5521	524.081
5522	523.966
5523	523.85
5524	523.735
5525	523.619
5526	523.504
5527	523.388
5528	523.272
5529	523.156
5530	523.041
5531	522.925
5532	522.809
5533	522.693
5534	522.577
5535	522.461
5536	522.345
5537	522.23
5538	522.113
5539	521.997
5540	521.881
5541	521.765
5542	521.649
5543	521.533
5544	521.417
5545	521.301
5546	521.184
5547	521.068
5548	520.952
5549	520.835
5550	520.719
5551	520.603
5552	520.486
5553	520.37
5554	520.253
5555	520.137
5556	520.02
5557	519.903
5558	519.787
5559	519.67
5560	519.553
5561	519.437
5562	519.32
5563	519.203
5564	519.086
5565	518.969
5566	518.853
5567	518.736
5568	518.619
5569	518.502
5570	518.385
5571	518.268
5572	518.151
5573	518.034
5574	517.916
5575	517.799
5576	517.682
5577	517.565
5578	517.448
5579	517.33
5580	517.213
5581	517.096
5582	516.978
5583	516.861
5584	516.744
5585	516.626
5586	516.509
5587	516.391
5588	516.274
5589	516.156
5590	516.039
5591	515.921
5592	515.803
5593	515.686
5594	515.568
5595	515.45
5596	515.332
5597	515.215
5598	515.097
5599	514.979
5600	514.861
5601	514.743
5602	514.625
5603	514.507
5604	514.389
5605	514.271
5606	514.153
5607	514.035
5608	513.917
5609	513.799
5610	513.681
5611	513.563
5612	513.444
5613	513.326
5614	513.208
5615	513.09
5616	512.971
5617	512.853
5618	512.735
5619	512.616
5620	512.498
5621	512.379
5622	512.261
5623	512.142
5624	512.024
5625	511.905
5626	511.787
5627	511.668
5628	511.549
5629	511.431
5630	511.312
5631	511.193
5632	511.074
5633	510.956
5634	510.837
5635	510.718
5636	510.599
5637	510.48
5638	510.361
5639	510.242
5640	510.123
5641	510.004
5642	509.885
5643	509.766
5644	509.647
5645	509.528
5646	509.409
5647	509.29
5648	509.171
5649	509.051
5650	508.932
5651	508.813
5652	508.694
5653	508.574
5654	508.455
5655	508.336
5656	508.216
5657	508.097
5658	507.977
5659	507.858
5660	507.738
5661	507.619
5662	507.499
5663	507.38
5664	507.26
5665	507.141
5666	507.021
5667	506.901
5668	506.782
5669	506.662
5670	506.542
5671	506.422
5672	506.303
5673	506.183
5674	506.063
5675	505.943
5676	505.823
5677	505.703
5678	505.583
5679	505.463
5680	505.343
5681	505.223
5682	505.103
5683	504.983
5684	504.863
5685	504.743
5686	504.623
5687	504.503
5688	504.382
5689	504.262
5690	504.142
5691	504.022
5692	503.902
5693	503.781
5694	503.661
5695	503.541
5696	503.42
5697	503.3
5698	503.179
5699	503.059
5700	502.938
5701	502.818
5702	502.697
5703	502.577
5704	502.456
5705	502.336
5706	502.215
5707	502.094
5708	501.974
5709	501.853
5710	501.732
5711	501.612
5712	501.491
5713	501.37
5714	501.249
5715	501.129
5716	501.008
5717	500.887
5718	500.766
5719	500.645
5720	500.524
5721	500.403
5722	500.282
5723	500.161
5724	500.04
5725	499.919
5726	499.798
5727	499.677
5728	499.556
5729	499.435
5730	499.314
5731	499.192
5732	499.071
5733	498.95
5734	498.829
5735	498.708
5736	498.586
5737	498.465
5738	498.344
5739	498.222
5740	498.101
5741	497.98
5742	497.858
5743	497.737
5744	497.615
5745	497.494
5746	497.372
5747	497.251
5748	497.129
5749	497.008
5750	496.886
5751	496.764
5752	496.643
5753	496.521
5754	496.4
5755	496.278
5756	496.156
5757	496.034
5758	495.913
5759	495.791
5760	495.669
5761	495.547
5762	495.425
5763	495.304
5764	495.182
5765	495.06
5766	494.938
5767	494.816
5768	494.694
5769	494.572
5770	494.45
5771	494.328
5772	494.206
5773	494.084
5774	493.962
5775	493.84
5776	493.718
5777	493.596
5778	493.473
5779	493.351
5780	493.229
5781	493.107
5782	492.985
5783	492.862
5784	492.74
5785	492.618
5786	492.496
5787	492.373
5788	492.251
5789	492.128
5790	492.006
5791	491.884
5792	491.761
5793	491.639
5794	491.516
5795	491.394
5796	491.271
5797	491.149
5798	491.026
5799	490.904
5800	490.781
5801	490.659
5802	490.536
5803	490.413
5804	490.291
5805	490.168
5806	490.045
5807	489.923
5808	489.8
5809	489.677
5810	489.554
5811	489.432
5812	489.309
5813	489.186
5814	489.063
5815	488.94
5816	488.817
5817	488.695
5818	488.572
5819	488.449
5820	488.326
5821	488.203
5822	488.08
5823	487.957
5824	487.834
5825	487.711
5826	487.588
5827	487.465
5828	487.342
5829	487.219
5830	487.095
5831	486.972
5832	486.849
5833	486.726
5834	486.603
5835	486.48
5836	486.356
5837	486.233
5838	486.11
5839	485.987
5840	485.863
5841	485.74
5842	485.617
5843	485.493
5844	485.37
5845	485.247
5846	485.123
5847	485
5848	484.877
5849	484.753
5850	484.63
5851	484.506
5852	484.383
5853	484.259
5854	484.136
5855	484.012
5856	483.889
5857	483.765
5858	483.641
5859	483.518
5860	483.394
5861	483.271
5862	483.147
5863	483.023
5864	482.9
5865	482.776
5866	482.652
5867	482.528
5868	482.405
5869	482.281
5870	482.157
5871	482.033
5872	481.91
5873	481.786
5874	481.662
5875	481.538
5876	481.414
5877	481.29
5878	481.166
5879	481.043
5880	480.919
5881	480.795
5882	480.671
5883	480.547
5884	480.423
5885	480.299
5886	480.175
5887	480.051
5888	479.927
5889	479.803
5890	479.679
5891	479.554
5892	479.43
5893	479.306
5894	479.182
5895	479.058
5896	478.934
5897	478.81
5898	478.685
5899	478.561
5900	478.437
5901	478.313
5902	478.189
5903	478.064
5904	477.94
5905	477.816
5906	477.691
5907	477.567
5908	477.443
5909	477.318
5910	477.194
5911	477.07
5912	476.945
5913	476.821
5914	476.697
5915	476.572
5916	476.448
5917	476.323
5918	476.199
5919	476.074
5920	475.95
5921	475.825
5922	475.701
5923	475.576
5924	475.452
5925	475.327
5926	475.203
5927	475.078
5928	474.953
5929	474.829
5930	474.704
5931	474.579
5932	474.455
5933	474.33
5934	474.205
5935	474.081
5936	473.956
5937	473.831
5938	473.707
5939	473.582
5940	473.457
5941	473.332
5942	473.208
5943	473.083
5944	472.958
5945	472.833
5946	472.708
5947	472.584
5948	472.459
5949	472.334
5950	472.209
5951	472.084
5952	471.959
5953	471.834
5954	471.709
5955	471.584
5956	471.459
5957	471.335
5958	471.21
5959	471.085
5960	470.96
5961	470.835
5962	470.71
5963	470.585
5964	470.46
5965	470.334
5966	470.209
5967	470.084
5968	469.959
5969	469.834
5970	469.709
5971	469.584
5972	469.459
5973	469.334
5974	469.208
5975	469.083
5976	468.958
5977	468.833
5978	468.708
5979	468.583
5980	468.457
5981	468.332
5982	468.207
5983	468.082
5984	467.956
5985	467.831
5986	467.706
5987	467.581
5988	467.455
5989	467.33
5990	467.205
5991	467.079
5992	466.954
5993	466.829
5994	466.703
5995	466.578
5996	466.452
5997	466.327
5998	466.202
5999	466.076
6000	465.951
6001	465.825
6002	465.7
6003	465.574
6004	465.449
6005	465.324
6006	465.198
6007	465.073
6008	464.947
6009	464.822
6010	464.696
6011	464.57
6012	464.445
6013	464.319
6014	464.194
6015	464.068
6016	463.943
6017	463.817
6018	463.692
6019	463.566
6020	463.44
6021	463.315
6022	463.189
6023	463.063
6024	462.938
6025	462.812
6026	462.686
6027	462.561
6028	462.435
6029	462.309
6030	462.184
6031	462.058
6032	461.932
6033	461.806
6034	461.681
6035	461.555
6036	461.429
6037	461.303
6038	461.178
6039	461.052
6040	460.926
6041	460.8
6042	460.674
6043	460.549
6044	460.423
6045	460.297
6046	460.171
6047	460.045
6048	459.919
6049	459.794
6050	459.668
6051	459.542
6052	459.416
6053	459.29
6054	459.164
6055	459.038
6056	458.912
6057	458.786
6058	458.66
6059	458.535
6060	458.409
6061	458.283
6062	458.157
6063	458.031
6064	457.905
6065	457.779
6066	457.653
6067	457.527
6068	457.401
6069	457.275
6070	457.149
6071	457.023
6072	456.897
6073	456.771
6074	456.644
6075	456.518
6076	456.392
6077	456.266
6078	456.14
6079	456.014
6080	455.888
6081	455.762
6082	455.636
6083	455.51
6084	455.384
6085	455.257
6086	455.131
6087	455.005
6088	454.879
6089	454.753
6090	454.627
6091	454.501
6092	454.374
6093	454.248
6094	454.122
6095	453.996
6096	453.87
6097	453.743
6098	453.617
6099	453.491
6100	453.365
6101	453.239
6102	453.112
6103	452.986
6104	452.86
6105	452.734
6106	452.607
6107	452.481
6108	452.355
6109	452.228
6110	452.102
6111	451.976
6112	451.85
6113	451.723
6114	451.597
6115	451.471
6116	451.344
6117	451.218
6118	451.092
6119	450.965
6120	450.839
6121	450.713
6122	450.586
6123	450.46
6124	450.334
6125	450.207
6126	450.081
6127	449.955
6128	449.828
6129	449.702
6130	449.575
6131	449.449
6132	449.323
6133	449.196
6134	449.07
6135	448.943
6136	448.817
6137	448.691
6138	448.564
6139	448.438
6140	448.311
6141	448.185
6142	448.058
6143	447.932
6144	447.806
6145	447.679
6146	447.553
6147	447.426
6148	447.3
6149	447.173
6150	447.047
6151	446.92
6152	446.794
6153	446.667
6154	446.541
6155	446.414
6156	446.288
6157	446.161
6158	446.035
6159	445.908
6160	445.782
6161	445.655
6162	445.529
6163	445.402
6164	445.276
6165	445.149
6166	445.023
6167	444.896
6168	444.769
6169	444.643
6170	444.516
6171	444.39
6172	444.263
6173	444.137
6174	444.01
6175	443.884
6176	443.757
6177	443.63
6178	443.504
6179	443.377
6180	443.251
6181	443.124
6182	442.997
6183	442.871
6184	442.744
6185	442.618
6186	442.491
6187	442.364
6188	442.238
6189	442.111
6190	441.985
6191	441.858
6192	441.731
6193	441.605
6194	441.478
6195	441.351
6196	441.225
6197	441.098
6198	440.972
6199	440.845
6200	440.718
6201	440.592
6202	440.465
6203	440.338
6204	440.212
6205	440.085
6206	439.958
6207	439.832
6208	439.705
6209	439.578
6210	439.452
6211	439.325
6212	439.198
6213	439.072
6214	438.945
6215	438.818
6216	438.692
6217	438.565
6218	438.438
6219	438.312
6220	438.185
6221	438.058
6222	437.932
6223	437.805
6224	437.678
6225	437.552
6226	437.425
6227	437.298
6228	437.172
6229	437.045
6230	436.918
6231	436.792
6232	436.665
6233	436.538
6234	436.411
6235	436.285
6236	436.158
6237	436.031
6238	435.905
6239	435.778
6240	435.651
6241	435.524
6242	435.398
6243	435.271
6244	435.144
6245	435.018
6246	434.891
6247	434.764
6248	434.638
6249	434.511
6250	434.384
6251	434.257
6252	434.131
6253	434.004
6254	433.877
6255	433.751
6256	433.624
6257	433.497
6258	433.37
6259	433.244
6260	433.117
6261	432.99
6262	432.864
6263	432.737
6264	432.61
6265	432.483
6266	432.357
6267	432.23
6268	432.103
6269	431.976
6270	431.85
6271	431.723
6272	431.596
6273	431.47
6274	431.343
6275	431.216
6276	431.089
6277	430.963
6278	430.836
6279	430.709
6280	430.583
6281	430.456
6282	430.329
6283	430.202
6284	430.076
6285	429.949
6286	429.822
6287	429.696
6288	429.569
6289	429.442
6290	429.315
6291	429.189
6292	429.062
6293	428.935
6294	428.809
6295	428.682
6296	428.555
6297	428.429
6298	428.302
6299	428.175
6300	428.048
6301	427.922
6302	427.795
6303	427.668
6304	427.542
6305	427.415
6306	427.288
6307	427.162
6308	427.035
6309	426.908
6310	426.781
6311	426.655
6312	426.528
6313	426.401
6314	426.275
6315	426.148
6316	426.021
6317	425.895
6318	425.768
6319	425.641
6320	425.515
6321	425.388
6322	425.261
6323	425.135
6324	425.008
6325	424.881
6326	424.755
6327	424.628
6328	424.501
6329	424.375
6330	424.248
6331	424.121
6332	423.995
6333	423.868
6334	423.741
6335	423.615
6336	423.488
6337	423.362
6338	423.235
6339	423.108
6340	422.982
6341	422.855
6342	422.728
6343	422.602
6344	422.475
6345	422.349
6346	422.222
6347	422.095
6348	421.969
6349	421.842
6350	421.715
6351	421.589
6352	421.462
6353	421.336
6354	421.209
6355	421.082
6356	420.956
6357	420.829
6358	420.703
6359	420.576
6360	420.45
6361	420.323
6362	420.196
6363	420.07
6364	419.943
6365	419.817
6366	419.69
6367	419.564
6368	419.437
6369	419.31
6370	419.184
6371	419.057
6372	418.931
6373	418.804
6374	418.678
6375	418.551
6376	418.425
6377	418.298
6378	418.172
6379	418.045
6380	417.919
6381	417.792
6382	417.666
6383	417.539
6384	417.413
6385	417.286
6386	417.16
6387	417.033
6388	416.907
6389	416.78
6390	416.654
6391	416.527
6392	416.401
6393	416.274
6394	416.148
6395	416.021
6396	415.895
6397	415.769
6398	415.642
6399	415.516
6400	415.389
6401	415.263
6402	415.136
6403	415.01
6404	414.884
6405	414.757
6406	414.631
6407	414.504
6408	414.378
6409	414.252
6410	414.125
6411	413.999
6412	413.872
6413	413.746
6414	413.62
6415	413.493
6416	413.367
6417	413.241
6418	413.114
6419	412.988
6420	412.862
6421	412.735
6422	412.609
6423	412.483
6424	412.356
6425	412.23
6426	412.104
6427	411.977
6428	411.851
6429	411.725
6430	411.598
6431	411.472
6432	411.346
6433	411.22
6434	411.093
6435	410.967
6436	410.841
6437	410.715
6438	410.588
6439	410.462
6440	410.336
6441	410.21
6442	410.083
6443	409.957
6444	409.831
6445	409.705
6446	409.578
6447	409.452
6448	409.326
6449	409.2
6450	409.074
6451	408.948
6452	408.821
6453	408.695
6454	408.569
6455	408.443
6456	408.317
6457	408.191
6458	408.064
6459	407.938
6460	407.812
6461	407.686
6462	407.56
6463	407.434
6464	407.308
6465	407.182
6466	407.056
6467	406.93
6468	406.803
6469	406.677
6470	406.551
6471	406.425
6472	406.299
6473	406.173
6474	406.047
6475	405.921
6476	405.795
6477	405.669
6478	405.543
6479	405.417
6480	405.291
6481	405.165
6482	405.039
6483	404.913
6484	404.787
6485	404.661
6486	404.535
6487	404.409
6488	404.283
6489	404.157
6490	404.031
6491	403.906
6492	403.78
6493	403.654
6494	403.528
6495	403.402
6496	403.276
6497	403.15
6498	403.024
6499	402.898
6500	402.773
6501	402.647
6502	402.521
6503	402.395
6504	402.269
6505	402.143
6506	402.018
6507	401.892
6508	401.766
6509	401.64
6510	401.514
6511	401.389
6512	401.263
6513	401.137
6514	401.011
6515	400.886
6516	400.76
6517	400.634
6518	400.508
6519	400.383
6520	400.257
6521	400.131
6522	400.005
6523	399.88
6524	399.754
6525	399.628
6526	399.503
6527	399.377
6528	399.251
6529	399.126
6530	399
6531	398.875
6532	398.749
6533	398.623
6534	398.498
6535	398.372
6536	398.247
6537	398.121
6538	397.995
6539	397.87
6540	397.744
6541	397.619
6542	397.493
6543	397.368
6544	397.242
6545	397.117
6546	396.991
6547	396.866
6548	396.74
6549	396.615
6550	396.489
6551	396.364
6552	396.238
6553	396.113
6554	395.988
6555	395.862
6556	395.737
6557	395.611
6558	395.486
6559	395.36
6560	395.235
6561	395.11
6562	394.984
6563	394.859
6564	394.734
6565	394.608
6566	394.483
6567	394.358
6568	394.232
6569	394.107
6570	393.982
6571	393.857
6572	393.731
6573	393.606
6574	393.481
6575	393.355
6576	393.23
6577	393.105
6578	392.98
6579	392.855
6580	392.729
6581	392.604
6582	392.479
6583	392.354
6584	392.229
6585	392.104
6586	391.978
6587	391.853
6588	391.728
6589	391.603
6590	391.478
6591	391.353
6592	391.228
6593	391.103
6594	390.978
6595	390.853
6596	390.728
6597	390.602
6598	390.477
6599	390.352
6600	390.227
6601	390.102
6602	389.977
6603	389.852
6604	389.727
6605	389.603
6606	389.478
6607	389.353
6608	389.228
6609	389.103
6610	388.978
6611	388.853
6612	388.728
6613	388.603
6614	388.478
6615	388.354
6616	388.229
6617	388.104
6618	387.979
6619	387.854
6620	387.729
6621	387.605
6622	387.48
6623	387.355
6624	387.23
6625	387.106
6626	386.981
6627	386.856
6628	386.731
6629	386.607
6630	386.482
6631	386.357
6632	386.233
6633	386.108
6634	385.983
6635	385.859
6636	385.734
6637	385.609
6638	385.485
6639	385.36
6640	385.235
6641	385.111
6642	384.986
6643	384.862
6644	384.737
6645	384.613
6646	384.488
6647	384.364
6648	384.239
6649	384.115
6650	383.99
6651	383.866
6652	383.741
6653	383.617
6654	383.492
6655	383.368
6656	383.243
6657	383.119
6658	382.995
6659	382.87
6660	382.746
6661	382.622
6662	382.497
6663	382.373
6664	382.249
6665	382.124
6666	382
6667	381.876
6668	381.751
6669	381.627
6670	381.503
6671	381.379
6672	381.254
6673	381.13
6674	381.006
6675	380.882
6676	380.758
6677	380.633
6678	380.509
6679	380.385
6680	380.261
6681	380.137
6682	380.013
6683	379.889
6684	379.764
6685	379.64
6686	379.516
6687	379.392
6688	379.268
6689	379.144
6690	379.02
6691	378.896
6692	378.772
6693	378.648
6694	378.524
6695	378.4
6696	378.276
6697	378.152
6698	378.028
6699	377.905
6700	377.781
6701	377.657
6702	377.533
6703	377.409
6704	377.285
6705	377.161
6706	377.038
6707	376.914
6708	376.79
6709	376.666
6710	376.542
6711	376.419
6712	376.295
6713	376.171
6714	376.047
6715	375.924
6716	375.8
6717	375.676
6718	375.553
6719	375.429
6720	375.305
6721	375.182
6722	375.058
6723	374.934
6724	374.811
6725	374.687
6726	374.564
6727	374.44
6728	374.317
6729	374.193
6730	374.07
6731	373.946
6732	373.823
6733	373.699
6734	373.576
6735	373.452
6736	373.329
6737	373.205
6738	373.082
6739	372.958
6740	372.835
6741	372.712
6742	372.588
6743	372.465
6744	372.342
6745	372.218
6746	372.095
6747	371.972
6748	371.848
6749	371.725
6750	371.602
6751	371.479
6752	371.355
6753	371.232
6754	371.109
6755	370.986
6756	370.863
6757	370.739
6758	370.616
6759	370.493
6760	370.37
6761	370.247
6762	370.124
6763	370.001
6764	369.878
6765	369.755
6766	369.632
6767	369.509
6768	369.386
6769	369.263
6770	369.14
6771	369.017
6772	368.894
6773	368.771
6774	368.648
6775	368.525
6776	368.402
6777	368.279
6778	368.156
6779	368.033
6780	367.911
6781	367.788
6782	367.665
6783	367.542
6784	367.419
6785	367.297
6786	367.174
6787	367.051
6788	366.928
6789	366.806
6790	366.683
6791	366.56
6792	366.437
6793	366.315
6794	366.192
6795	366.07
6796	365.947
6797	365.824
6798	365.702
6799	365.579
6800	365.457
6801	365.334
6802	365.212
6803	365.089
6804	364.967
6805	364.844
6806	364.722
6807	364.599
6808	364.477
6809	364.354
6810	364.232
6811	364.109
6812	363.987
6813	363.865
6814	363.742
6815	363.62
6816	363.498
6817	363.375
6818	363.253
6819	363.131
6820	363.009
6821	362.886
6822	362.764
6823	362.642
6824	362.52
6825	362.397
6826	362.275
6827	362.153
6828	362.031
6829	361.909
6830	361.787
6831	361.665
6832	361.543
6833	361.42
6834	361.298
6835	361.176
6836	361.054
6837	360.932
6838	360.81
6839	360.688
6840	360.566
6841	360.444
6842	360.323
6843	360.201
6844	360.079
6845	359.957
6846	359.835
6847	359.713
6848	359.591
6849	359.469
6850	359.348
6851	359.226
6852	359.104
6853	358.982
6854	358.861
6855	358.739
6856	358.617
6857	358.495
6858	358.374
6859	358.252
6860	358.13
6861	358.009
6862	357.887
6863	357.766
6864	357.644
6865	357.522
6866	357.401
6867	357.279
6868	357.158
6869	357.036
6870	356.915
6871	356.793
6872	356.672
6873	356.55
6874	356.429
6875	356.308
6876	356.186
6877	356.065
6878	355.943
6879	355.822
6880	355.701
6881	355.579
6882	355.458
6883	355.337
6884	355.216
6885	355.094
6886	354.973
6887	354.852
6888	354.731
6889	354.609
6890	354.488
6891	354.367
6892	354.246
6893	354.125
6894	354.004
6895	353.883
6896	353.762
6897	353.641
6898	353.52
6899	353.398
6900	353.277
6901	353.156
6902	353.036
6903	352.915
6904	352.794
6905	352.673
6906	352.552
6907	352.431
6908	352.31
6909	352.189
6910	352.068
6911	351.948
6912	351.827
6913	351.706
6914	351.585
6915	351.464
6916	351.344
6917	351.223
6918	351.102
6919	350.982
6920	350.861
6921	350.74
6922	350.62
6923	350.499
6924	350.378
6925	350.258
6926	350.137
6927	350.017
6928	349.896
6929	349.776
6930	349.655
6931	349.535
6932	349.414
6933	349.294
6934	349.173
6935	349.053
6936	348.932
6937	348.812
6938	348.692
6939	348.571
6940	348.451
6941	348.331
6942	348.21
6943	348.09
6944	347.97
6945	347.85
6946	347.729
6947	347.609
6948	347.489
6949	347.369
6950	347.249
6951	347.128
6952	347.008
6953	346.888
6954	346.768
6955	346.648
6956	346.528
6957	346.408
6958	346.288
6959	346.168
6960	346.048
6961	345.928
6962	345.808
6963	345.688
6964	345.568
6965	345.448
6966	345.328
6967	345.209
6968	345.089
6969	344.969
6970	344.849
6971	344.729
6972	344.61
6973	344.49
6974	344.37
6975	344.25
6976	344.131
6977	344.011
6978	343.891
6979	343.772
6980	343.652
6981	343.532
6982	343.413
6983	343.293
6984	343.174
6985	343.054
6986	342.935
6987	342.815
6988	342.696
6989	342.576
6990	342.457
6991	342.337
6992	342.218
6993	342.098
6994	341.979
6995	341.86
6996	341.74
6997	341.621
6998	341.502
6999	341.382
7000	341.263
7001	341.144
7002	341.025
7003	340.905
7004	340.786
7005	340.667
7006	340.548
7007	340.429
7008	340.31
7009	340.191
7010	340.072
7011	339.952
7012	339.833
7013	339.714
7014	339.595
7015	339.476
7016	339.357
7017	339.238
7018	339.12
7019	339.001
7020	338.882
7021	338.763
7022	338.644
7023	338.525
7024	338.406
7025	338.288
7026	338.169
7027	338.05
7028	337.931
7029	337.812
7030	337.694
7031	337.575
7032	337.456
7033	337.338
7034	337.219
7035	337.1
7036	336.982
7037	336.863
7038	336.745
7039	336.626
7040	336.508
7041	336.389
7042	336.271
7043	336.152
7044	336.034
7045	335.915
7046	335.797
7047	335.679
7048	335.56
7049	335.442
7050	335.324
7051	335.205
7052	335.087
7053	334.969
7054	334.85
7055	334.732
7056	334.614
7057	334.496
7058	334.378
7059	334.259
7060	334.141
7061	334.023
7062	333.905
7063	333.787
7064	333.669
7065	333.551
7066	333.433
7067	333.315
7068	333.197
7069	333.079
7070	332.961
7071	332.843
7072	332.725
7073	332.607
7074	332.489
7075	332.371
7076	332.254
7077	332.136
7078	332.018
7079	331.9
7080	331.783
7081	331.665
7082	331.547
7083	331.429
7084	331.312
7085	331.194
7086	331.076
7087	330.959
7088	330.841
7089	330.724
7090	330.606
7091	330.489
7092	330.371
7093	330.254
7094	330.136
7095	330.019
7096	329.901
7097	329.784
7098	329.666
7099	329.549
7100	329.432
7101	329.314
7102	329.197
7103	329.08
7104	328.962
7105	328.845
7106	328.728
7107	328.611
7108	328.493
7109	328.376
7110	328.259
7111	328.142
7112	328.025
7113	327.908
7114	327.791
7115	327.674
7116	327.557
7117	327.44
7118	327.323
7119	327.206
7120	327.089
7121	326.972
7122	326.855
7123	326.738
7124	326.621
7125	326.504
7126	326.387
7127	326.271
7128	326.154
7129	326.037
7130	325.92
7131	325.803
7132	325.687
7133	325.57
7134	325.453
7135	325.337
7136	325.22
7137	325.104
7138	324.987
7139	324.87
7140	324.754
7141	324.637
7142	324.521
7143	324.404
7144	324.288
7145	324.171
7146	324.055
7147	323.939
7148	323.822
7149	323.706
7150	323.589
7151	323.473
7152	323.357
7153	323.241
7154	323.124
7155	323.008
7156	322.892
7157	322.776
7158	322.659
7159	322.543
7160	322.427
7161	322.311
7162	322.195
7163	322.079
7164	321.963
7165	321.847
7166	321.731
7167	321.615
7168	321.499
7169	321.383
7170	321.267
7171	321.151
7172	321.035
7173	320.919
7174	320.803
7175	320.688
7176	320.572
7177	320.456
7178	320.34
7179	320.224
7180	320.109
7181	319.993
7182	319.877
7183	319.762
7184	319.646
7185	319.53
7186	319.415
7187	319.299
7188	319.184
7189	319.068
7190	318.953
7191	318.837
7192	318.722
7193	318.606
7194	318.491
7195	318.375
7196	318.26
7197	318.145
7198	318.029
7199	317.914
7200	317.799
7201	317.683
7202	317.568
7203	317.453
7204	317.338
7205	317.223
7206	317.107
7207	316.992
7208	316.877
7209	316.762
7210	316.647
7211	316.532
7212	316.417
7213	316.302
7214	316.187
7215	316.072
7216	315.957
7217	315.842
7218	315.727
7219	315.612
7220	315.497
7221	315.382
7222	315.268
7223	315.153
7224	315.038
7225	314.923
7226	314.808
7227	314.694
7228	314.579
7229	314.464
7230	314.35
7231	314.235
7232	314.12
7233	314.006
7234	313.891
7235	313.777
7236	313.662
7237	313.548
7238	313.433
7239	313.319
7240	313.204
7241	313.09
7242	312.976
7243	312.861
7244	312.747
7245	312.633
7246	312.518
7247	312.404
7248	312.29
7249	312.175
7250	312.061
7251	311.947
7252	311.833
7253	311.719
7254	311.605
7255	311.49
7256	311.376
7257	311.262
7258	311.148
7259	311.034
7260	310.92
7261	310.806
7262	310.692
7263	310.578
7264	310.464
7265	310.351
7266	310.237
7267	310.123
7268	310.009
7269	309.895
7270	309.781
7271	309.668
7272	309.554
7273	309.44
7274	309.327
7275	309.213
7276	309.099
7277	308.986
7278	308.872
7279	308.758
7280	308.645
7281	308.531
7282	308.418
7283	308.304
7284	308.191
7285	308.077
7286	307.964
7287	307.851
7288	307.737
7289	307.624
7290	307.511
7291	307.397
7292	307.284
7293	307.171
7294	307.057
7295	306.944
7296	306.831
7297	306.718
7298	306.605
7299	306.492
7300	306.379
7301	306.265
7302	306.152
7303	306.039
7304	305.926
7305	305.813
7306	305.7
7307	305.587
7308	305.474
7309	305.362
7310	305.249
7311	305.136
7312	305.023
7313	304.91
7314	304.797
7315	304.685
7316	304.572
7317	304.459
7318	304.346
7319	304.234
7320	304.121
7321	304.008
7322	303.896
7323	303.783
7324	303.671
7325	303.558
7326	303.446
7327	303.333
7328	303.221
7329	303.108
7330	302.996
7331	302.883
7332	302.771
7333	302.659
7334	302.546
7335	302.434
7336	302.322
7337	302.209
7338	302.097
7339	301.985
7340	301.873
7341	301.761
7342	301.648
7343	301.536
7344	301.424
7345	301.312
7346	301.2
7347	301.088
7348	300.976
7349	300.864
7350	300.752
7351	300.64
7352	300.528
7353	300.416
7354	300.304
7355	300.193
7356	300.081
7357	299.969
7358	299.857
7359	299.745
7360	299.634
7361	299.522
7362	299.41
7363	299.299
7364	299.187
7365	299.075
7366	298.964
7367	298.852
7368	298.741
7369	298.629
7370	298.518
7371	298.406
7372	298.295
7373	298.183
7374	298.072
7375	297.96
7376	297.849
7377	297.738
7378	297.626
7379	297.515
7380	297.404
7381	297.293
7382	297.181
7383	297.07
7384	296.959
7385	296.848
7386	296.737
7387	296.626
7388	296.514
7389	296.403
7390	296.292
7391	296.181
7392	296.07
7393	295.959
7394	295.848
7395	295.738
7396	295.627
7397	295.516
7398	295.405
7399	295.294
7400	295.183
7401	295.072
7402	294.962
7403	294.851
7404	294.74
7405	294.63
7406	294.519
7407	294.408
7408	294.298
7409	294.187
7410	294.077
7411	293.966
7412	293.855
7413	293.745
7414	293.635
7415	293.524
7416	293.414
7417	293.303
7418	293.193
7419	293.083
7420	292.972
7421	292.862
7422	292.752
7423	292.641
7424	292.531
7425	292.421
7426	292.311
7427	292.201
7428	292.09
7429	291.98
7430	291.87
7431	291.76
7432	291.65
7433	291.54
7434	291.43
7435	291.32
7436	291.21
7437	291.1
7438	290.99
7439	290.88
7440	290.771
7441	290.661
7442	290.551
7443	290.441
7444	290.331
7445	290.222
7446	290.112
7447	290.002
7448	289.893
7449	289.783
7450	289.673
7451	289.564
7452	289.454
7453	289.345
7454	289.235
7455	289.126
7456	289.016
7457	288.907
7458	288.797
7459	288.688
7460	288.579
7461	288.469
7462	288.36
7463	288.251
7464	288.141
7465	288.032
7466	287.923
7467	287.814
7468	287.704
7469	287.595
7470	287.486
7471	287.377
7472	287.268
7473	287.159
7474	287.05
7475	286.941
7476	286.832
7477	286.723
7478	286.614
7479	286.505
7480	286.396
7481	286.287
7482	286.179
7483	286.07
7484	285.961
7485	285.852
7486	285.743
7487	285.635
7488	285.526
7489	285.417
7490	285.309
7491	285.2
7492	285.091
7493	284.983
7494	284.874
7495	284.766
7496	284.657
7497	284.549
7498	284.44
7499	284.332
7500	284.224
7501	284.115
7502	284.007
7503	283.899
7504	283.79
7505	283.682
7506	283.574
7507	283.465
7508	283.357
7509	283.249
7510	283.141
7511	283.033
7512	282.925
7513	282.817
7514	282.709
7515	282.601
7516	282.493
7517	282.385
7518	282.277
7519	282.169
7520	282.061
7521	281.953
7522	281.845
7523	281.737
7524	281.629
7525	281.522
7526	281.414
7527	281.306
7528	281.198
7529	281.091
7530	280.983
7531	280.875
7532	280.768
7533	280.66
7534	280.553
7535	280.445
7536	280.338
7537	280.23
7538	280.123
7539	280.015
7540	279.908
7541	279.8
7542	279.693
7543	279.586
7544	279.478
7545	279.371
7546	279.264
7547	279.157
7548	279.049
7549	278.942
7550	278.835
7551	278.728
7552	278.621
7553	278.514
7554	278.407
7555	278.3
7556	278.192
7557	278.085
7558	277.979
7559	277.872
7560	277.765
7561	277.658
7562	277.551
7563	277.444
7564	277.337
7565	277.23
7566	277.124
7567	277.017
7568	276.91
7569	276.804
7570	276.697
7571	276.59
7572	276.484
7573	276.377
7574	276.27
7575	276.164
7576	276.057
7577	275.951
7578	275.844
7579	275.738
7580	275.632
7581	275.525
7582	275.419
7583	275.312
7584	275.206
7585	275.1
7586	274.994
7587	274.887
7588	274.781
7589	274.675
7590	274.569
7591	274.463
7592	274.357
7593	274.25
7594	274.144
7595	274.038
7596	273.932
7597	273.826
7598	273.72
7599	273.614
7600	273.509
7601	273.403
7602	273.297
7603	273.191
7604	273.085
7605	272.979
7606	272.874
7607	272.768
7608	272.662
7609	272.556
7610	272.451
7611	272.345
7612	272.239
7613	272.134
7614	272.028
7615	271.923
7616	271.817
7617	271.712
7618	271.606
7619	271.501
7620	271.396
7621	271.29
7622	271.185
7623	271.079
7624	270.974
7625	270.869
7626	270.764
7627	270.658
7628	270.553
7629	270.448
7630	270.343
7631	270.238
7632	270.133
7633	270.028
7634	269.922
7635	269.817
7636	269.712
7637	269.607
7638	269.503
7639	269.398
7640	269.293
7641	269.188
7642	269.083
7643	268.978
7644	268.873
7645	268.769
7646	268.664
7647	268.559
7648	268.454
7649	268.35
7650	268.245
7651	268.14
7652	268.036
7653	267.931
7654	267.827
7655	267.722
7656	267.618
7657	267.513
7658	267.409
7659	267.304
7660	267.2
7661	267.096
7662	266.991
7663	266.887
7664	266.783
7665	266.678
7666	266.574
7667	266.47
7668	266.366
7669	266.262
7670	266.158
7671	266.053
7672	265.949
7673	265.845
7674	265.741
7675	265.637
7676	265.533
7677	265.429
7678	265.325
7679	265.222
7680	265.118
7681	265.014
7682	264.91
7683	264.806
7684	264.702
7685	264.599
7686	264.495
7687	264.391
7688	264.288
7689	264.184
7690	264.08
7691	263.977
7692	263.873
7693	263.77
7694	263.666
7695	263.563
7696	263.459
7697	263.356
7698	263.252
7699	263.149
7700	263.046
7701	262.942
7702	262.839
7703	262.736
7704	262.632
7705	262.529
7706	262.426
7707	262.323
7708	262.22
7709	262.116
7710	262.013
7711	261.91
7712	261.807
7713	261.704
7714	261.601
7715	261.498
7716	261.395
7717	261.292
7718	261.189
7719	261.087
7720	260.984
7721	260.881
7722	260.778
7723	260.675
7724	260.573
7725	260.47
7726	260.367
7727	260.265
7728	260.162
7729	260.059
7730	259.957
7731	259.854
7732	259.752
7733	259.649
7734	259.547
7735	259.444
7736	259.342
7737	259.239
7738	259.137
7739	259.035
7740	258.932
7741	258.83
7742	258.728
7743	258.626
7744	258.523
7745	258.421
7746	258.319
7747	258.217
7748	258.115
7749	258.013
7750	257.911
7751	257.809
7752	257.707
7753	257.605
7754	257.503
7755	257.401
7756	257.299
7757	257.197
7758	257.095
7759	256.993
7760	256.891
7761	256.79
7762	256.688
7763	256.586
7764	256.484
7765	256.383
7766	256.281
7767	256.18
7768	256.078
7769	255.976
7770	255.875
7771	255.773
7772	255.672
7773	255.57
7774	255.469
7775	255.368
7776	255.266
7777	255.165
7778	255.063
7779	254.962
7780	254.861
7781	254.76
7782	254.658
7783	254.557
7784	254.456
7785	254.355
7786	254.254
7787	254.153
7788	254.052
7789	253.951
7790	253.85
7791	253.749
7792	253.648
7793	253.547
7794	253.446
7795	253.345
7796	253.244
7797	253.143
7798	253.042
7799	252.942
7800	252.841
7801	252.74
7802	252.639
7803	252.539
7804	252.438
7805	252.338
7806	252.237
7807	252.136
7808	252.036
7809	251.935
7810	251.835
7811	251.734
7812	251.634
7813	251.534
7814	251.433
7815	251.333
7816	251.232
7817	251.132
7818	251.032
7819	250.932
7820	250.831
7821	250.731
7822	250.631
7823	250.531
7824	250.431
7825	250.331
7826	250.231
7827	250.131
7828	250.031
7829	249.931
7830	249.831
7831	249.731
7832	249.631
7833	249.531
7834	249.431
7835	249.331
7836	249.231
7837	249.132
7838	249.032
7839	248.932
7840	248.833
7841	248.733
7842	248.633
7843	248.534
7844	248.434
7845	248.334
7846	248.235
7847	248.135
7848	248.036
7849	247.936
7850	247.837
7851	247.738
7852	247.638
7853	247.539
7854	247.44
7855	247.34
7856	247.241
7857	247.142
7858	247.043
7859	246.943
7860	246.844
7861	246.745
7862	246.646
7863	246.547
7864	246.448
7865	246.349
7866	246.25
7867	246.151
7868	246.052
7869	245.953
7870	245.854
7871	245.755
7872	245.656
7873	245.557
7874	245.459
7875	245.36
7876	245.261
7877	245.162
7878	245.064
7879	244.965
7880	244.866
7881	244.768
7882	244.669
7883	244.571
7884	244.472
7885	244.374
7886	244.275
7887	244.177
7888	244.078
7889	243.98
7890	243.882
7891	243.783
7892	243.685
7893	243.587
7894	243.488
7895	243.39
7896	243.292
7897	243.194
7898	243.096
7899	242.998
7900	242.899
7901	242.801
7902	242.703
7903	242.605
7904	242.507
7905	242.409
7906	242.311
7907	242.214
7908	242.116
7909	242.018
7910	241.92
7911	241.822
7912	241.724
7913	241.627
7914	241.529
7915	241.431
7916	241.334
7917	241.236
7918	241.138
7919	241.041
7920	240.943
7921	240.846
7922	240.748
7923	240.651
7924	240.553
7925	240.456
7926	240.358
7927	240.261
7928	240.164
7929	240.066
7930	239.969
7931	239.872
7932	239.774
7933	239.677
7934	239.58
7935	239.483
7936	239.386
7937	239.289
7938	239.192
7939	239.094
7940	238.997
7941	238.9
7942	238.803
7943	238.707
7944	238.61
7945	238.513
7946	238.416
7947	238.319
7948	238.222
7949	238.125
7950	238.029
7951	237.932
7952	237.835
7953	237.739
7954	237.642
7955	237.545
7956	237.449
7957	237.352
7958	237.256
7959	237.159
7960	237.063
7961	236.966
7962	236.87
7963	236.773
7964	236.677
7965	236.58
7966	236.484
7967	236.388
7968	236.292
7969	236.195
7970	236.099
7971	236.003
7972	235.907
7973	235.811
7974	235.714
7975	235.618
7976	235.522
7977	235.426
7978	235.33
7979	235.234
7980	235.138
7981	235.042
7982	234.946
7983	234.851
7984	234.755
7985	234.659
7986	234.563
7987	234.467
7988	234.372
7989	234.276
7990	234.18
7991	234.085
7992	233.989
7993	233.893
7994	233.798
7995	233.702
7996	233.607
7997	233.511
7998	233.416
7999	233.32
8000	233.225
8001	233.13
8002	233.034
8003	232.939
8004	232.844
8005	232.748
8006	232.653
8007	232.558
8008	232.463
8009	232.367
8010	232.272
8011	232.177
8012	232.082
8013	231.987
8014	231.892
8015	231.797
8016	231.702
8017	231.607
8018	231.512
8019	231.417
8020	231.322
8021	231.227
8022	231.133
8023	231.038
8024	230.943
8025	230.848
8026	230.754
8027	230.659
8028	230.564
8029	230.47
8030	230.375
8031	230.28
8032	230.186
8033	230.091
8034	229.997
8035	229.902
8036	229.808
8037	229.714
8038	229.619
8039	229.525
8040	229.43
8041	229.336
8042	229.242
8043	229.148
8044	229.053
8045	228.959
8046	228.865
8047	228.771
8048	228.677
8049	228.583
8050	228.489
8051	228.395
8052	228.301
8053	228.207
8054	228.113
8055	228.019
8056	227.925
8057	227.831
8058	227.737
8059	227.643
8060	227.549
8061	227.456
8062	227.362
8063	227.268
8064	227.174
8065	227.081
8066	226.987
8067	226.894
8068	226.8
8069	226.706
8070	226.613
8071	226.519
8072	226.426
8073	226.333
8074	226.239
8075	226.146
8076	226.052
8077	225.959
8078	225.866
8079	225.772
8080	225.679
8081	225.586
8082	225.493
8083	225.4
8084	225.306
8085	225.213
8086	225.12
8087	225.027
8088	224.934
8089	224.841
8090	224.748
8091	224.655
8092	224.562
8093	224.469
8094	224.377
8095	224.284
8096	224.191
8097	224.098
8098	224.005
8099	223.913
8100	223.82
8101	223.727
8102	223.634
8103	223.542
8104	223.449
8105	223.357
8106	223.264
8107	223.172
8108	223.079
8109	222.987
8110	222.894
8111	222.802
8112	222.709
8113	222.617
8114	222.525
8115	222.432
8116	222.34
8117	222.248
8118	222.156
8119	222.063
8120	221.971
8121	221.879
8122	221.787
8123	221.695
8124	221.603
8125	221.511
8126	221.419
8127	221.327
8128	221.235
8129	221.143
8130	221.051
8131	220.959
8132	220.867
8133	220.776
8134	220.684
8135	220.592
8136	220.5
8137	220.409
8138	220.317
8139	220.225
8140	220.134
8141	220.042
8142	219.95
8143	219.859
8144	219.767
8145	219.676
8146	219.584
8147	219.493
8148	219.402
8149	219.31
8150	219.219
8151	219.128
8152	219.036
8153	218.945
8154	218.854
8155	218.763
8156	218.671
8157	218.58
8158	218.489
8159	218.398
8160	218.307
8161	218.216
8162	218.125
8163	218.034
8164	217.943
8165	217.852
8166	217.761
8167	217.67
8168	217.579
8169	217.488
8170	217.398
8171	217.307
8172	217.216
8173	217.125
8174	217.035
8175	216.944
8176	216.853
8177	216.763
8178	216.672
8179	216.581
8180	216.491
8181	216.4
8182	216.31
8183	216.219
8184	216.129
8185	216.039
8186	215.948
8187	215.858
8188	215.768
8189	215.677
8190	215.587
8191	215.497
8192	215.407
8193	215.316
8194	215.226
8195	215.136
8196	215.046
8197	214.956
8198	214.866
8199	214.776
8200	214.686
8201	214.596
8202	214.506
8203	214.416
8204	214.326
8205	214.236
8206	214.146
8207	214.057
8208	213.967
8209	213.877
8210	213.787
8211	213.698
8212	213.608
8213	213.518
8214	213.429
8215	213.339
8216	213.25
8217	213.16
8218	213.071
8219	212.981
8220	212.892
8221	212.802
8222	212.713
8223	212.623
8224	212.534
8225	212.445
8226	212.355
8227	212.266
8228	212.177
8229	212.088
8230	211.999
8231	211.909
8232	211.82
8233	211.731
8234	211.642
8235	211.553
8236	211.464
8237	211.375
8238	211.286
8239	211.197
8240	211.108
8241	211.019
8242	210.931
8243	210.842
8244	210.753
8245	210.664
8246	210.575
8247	210.487
8248	210.398
8249	210.309
8250	210.221
8251	210.132
8252	210.044
8253	209.955
8254	209.866
8255	209.778
8256	209.689
8257	209.601
8258	209.513
8259	209.424
8260	209.336
8261	209.247
8262	209.159
8263	209.071
8264	208.983
8265	208.894
8266	208.806
8267	208.718
8268	208.63
8269	208.542
8270	208.454
8271	208.366
8272	208.278
8273	208.19
8274	208.102
8275	208.014
8276	207.926
8277	207.838
8278	207.75
8279	207.662
8280	207.574
8281	207.486
8282	207.399
8283	207.311
8284	207.223
8285	207.136
8286	207.048
8287	206.96
8288	206.873
8289	206.785
8290	206.698
8291	206.61
8292	206.523
8293	206.435
8294	206.348
8295	206.26
8296	206.173
8297	206.085
8298	205.998
8299	205.911
8300	205.824
8301	205.736
8302	205.649
8303	205.562
8304	205.475
8305	205.388
8306	205.3
8307	205.213
8308	205.126
8309	205.039
8310	204.952
8311	204.865
8312	204.778
8313	204.691
8314	204.604
8315	204.518
8316	204.431
8317	204.344
8318	204.257
8319	204.17
8320	204.084
8321	203.997
8322	203.91
8323	203.824
8324	203.737
8325	203.65
8326	203.564
8327	203.477
8328	203.391
8329	203.304
8330	203.218
8331	203.131
8332	203.045
8333	202.959
8334	202.872
8335	202.786
8336	202.7
8337	202.613
8338	202.527
8339	202.441
8340	202.355
8341	202.268
8342	202.182
8343	202.096
8344	202.01
8345	201.924
8346	201.838
8347	201.752
8348	201.666
8349	201.58
8350	201.494
8351	201.408
8352	201.322
8353	201.237
8354	201.151
8355	201.065
8356	200.979
8357	200.894
8358	200.808
8359	200.722
8360	200.637
8361	200.551
8362	200.465
8363	200.38
8364	200.294
8365	200.209
8366	200.123
8367	200.038
8368	199.952
8369	199.867
8370	199.782
8371	199.696
8372	199.611
8373	199.526
8374	199.44
8375	199.355
8376	199.27
8377	199.185
8378	199.099
8379	199.014
8380	198.929
8381	198.844
8382	198.759
8383	198.674
8384	198.589
8385	198.504
8386	198.419
8387	198.334
8388	198.249
8389	198.164
8390	198.08
8391	197.995
8392	197.91
8393	197.825
8394	197.741
8395	197.656
8396	197.571
8397	197.487
8398	197.402
8399	197.317
8400	197.233
8401	197.148
8402	197.064
8403	196.979
8404	196.895
8405	196.81
8406	196.726
8407	196.642
8408	196.557
8409	196.473
8410	196.389
8411	196.304
8412	196.22
8413	196.136
8414	196.052
8415	195.967
8416	195.883
8417	195.799
8418	195.715
8419	195.631
8420	195.547
8421	195.463
8422	195.379
8423	195.295
8424	195.211
8425	195.127
8426	195.043
8427	194.96
8428	194.876
8429	194.792
8430	194.708
8431	194.625
8432	194.541
8433	194.457
8434	194.374
8435	194.29
8436	194.206
8437	194.123
8438	194.039
8439	193.956
8440	193.872
8441	193.789
8442	193.705
8443	193.622
8444	193.539
8445	193.455
8446	193.372
8447	193.289
8448	193.205
8449	193.122
8450	193.039
8451	192.956
8452	192.873
8453	192.789
8454	192.706
8455	192.623
8456	192.54
8457	192.457
8458	192.374
8459	192.291
8460	192.208
8461	192.125
8462	192.042
8463	191.96
8464	191.877
8465	191.794
8466	191.711
8467	191.628
8468	191.546
8469	191.463
8470	191.38
8471	191.298
8472	191.215
8473	191.132
8474	191.05
8475	190.967
8476	190.885
8477	190.802
8478	190.72
8479	190.637
8480	190.555
8481	190.473
8482	190.39
8483	190.308
8484	190.226
8485	190.143
8486	190.061
8487	189.979
8488	189.897
8489	189.814
8490	189.732
8491	189.65
8492	189.568
8493	189.486
8494	189.404
8495	189.322
8496	189.24
8497	189.158
8498	189.076
8499	188.994
8500	188.912
8501	188.831
8502	188.749
8503	188.667
8504	188.585
8505	188.503
8506	188.422
8507	188.34
8508	188.258
8509	188.177
8510	188.095
8511	188.014
8512	187.932
8513	187.851
8514	187.769
8515	187.688
8516	187.606
8517	187.525
8518	187.443
8519	187.362
8520	187.281
8521	187.199
8522	187.118
8523	187.037
8524	186.956
8525	186.874
8526	186.793
8527	186.712
8528	186.631
8529	186.55
8530	186.469
8531	186.388
8532	186.307
8533	186.226
8534	186.145
8535	186.064
8536	185.983
8537	185.902
8538	185.821
8539	185.74
8540	185.66
8541	185.579
8542	185.498
8543	185.417
8544	185.337
8545	185.256
8546	185.175
8547	185.095
8548	185.014
8549	184.934
8550	184.853
8551	184.773
8552	184.692
8553	184.612
8554	184.531
8555	184.451
8556	184.371
8557	184.29
8558	184.21
8559	184.13
8560	184.049
8561	183.969
8562	183.889
8563	183.809
8564	183.729
8565	183.649
8566	183.568
8567	183.488
8568	183.408
8569	183.328
8570	183.248
8571	183.168
8572	183.088
8573	183.008
8574	182.929
8575	182.849
8576	182.769
8577	182.689
8578	182.609
8579	182.53
8580	182.45
8581	182.37
8582	182.29
8583	182.211
8584	182.131
8585	182.052
8586	181.972
8587	181.893
8588	181.813
8589	181.734
8590	181.654
8591	181.575
8592	181.495
8593	181.416
8594	181.336
8595	181.257
8596	181.178
8597	181.099
8598	181.019
8599	180.94
8600	180.861
8601	180.782
8602	180.703
8603	180.624
8604	180.544
8605	180.465
8606	180.386
8607	180.307
8608	180.228
8609	180.149
8610	180.071
8611	179.992
8612	179.913
8613	179.834
8614	179.755
8615	179.676
8616	179.598
8617	179.519
8618	179.44
8619	179.361
8620	179.283
8621	179.204
8622	179.125
8623	179.047
8624	178.968
8625	178.89
8626	178.811
8627	178.733
8628	178.654
8629	178.576
8630	178.498
8631	178.419
8632	178.341
8633	178.263
8634	178.184
8635	178.106
8636	178.028
8637	177.95
8638	177.871
8639	177.793
8640	177.715
8641	177.637
8642	177.559
8643	177.481
8644	177.403
8645	177.325
8646	177.247
8647	177.169
8648	177.091
8649	177.013
8650	176.935
8651	176.857
8652	176.78
8653	176.702
8654	176.624
8655	176.546
8656	176.469
8657	176.391
8658	176.313
8659	176.236
8660	176.158
8661	176.081
8662	176.003
8663	175.926
8664	175.848
8665	175.771
8666	175.693
8667	175.616
8668	175.538
8669	175.461
8670	175.384
8671	175.306
8672	175.229
8673	175.152
8674	175.075
8675	174.997
8676	174.92
8677	174.843
8678	174.766
8679	174.689
8680	174.612
8681	174.535
8682	174.458
8683	174.381
8684	174.304
8685	174.227
8686	174.15
8687	174.073
8688	173.996
8689	173.919
8690	173.843
8691	173.766
8692	173.689
8693	173.612
8694	173.536
8695	173.459
8696	173.382
8697	173.306
8698	173.229
8699	173.152
8700	173.076
8701	172.999
8702	172.923
8703	172.846
8704	172.77
8705	172.694
8706	172.617
8707	172.541
8708	172.465
8709	172.388
8710	172.312
8711	172.236
8712	172.16
8713	172.083
8714	172.007
8715	171.931
8716	171.855
8717	171.779
8718	171.703
8719	171.627
8720	171.551
8721	171.475
8722	171.399
8723	171.323
8724	171.247
8725	171.171
8726	171.095
8727	171.019
8728	170.944
8729	170.868
8730	170.792
8731	170.716
8732	170.641
8733	170.565
8734	170.489
8735	170.414
8736	170.338
8737	170.262
8738	170.187
8739	170.111
8740	170.036
8741	169.96
8742	169.885
8743	169.81
8744	169.734
8745	169.659
8746	169.584
8747	169.508
8748	169.433
8749	169.358
8750	169.282
8751	169.207
8752	169.132
8753	169.057
8754	168.982
8755	168.907
8756	168.832
8757	168.757
8758	168.682
8759	168.607
8760	168.532
8761	168.457
8762	168.382
8763	168.307
8764	168.232
8765	168.157
8766	168.082
8767	168.008
8768	167.933
8769	167.858
8770	167.783
8771	167.709
8772	167.634
8773	167.56
8774	167.485
8775	167.41
8776	167.336
8777	167.261
8778	167.187
8779	167.112
8780	167.038
8781	166.963
8782	166.889
8783	166.815
8784	166.74
8785	166.666
8786	166.592
8787	166.518
8788	166.443
8789	166.369
8790	166.295
8791	166.221
8792	166.147
8793	166.073
8794	165.998
8795	165.924
8796	165.85
8797	165.776
8798	165.702
8799	165.628
8800	165.555
8801	165.481
8802	165.407
8803	165.333
8804	165.259
8805	165.185
8806	165.112
8807	165.038
8808	164.964
8809	164.89
8810	164.817
8811	164.743
8812	164.67
8813	164.596
8814	164.522
8815	164.449
8816	164.375
8817	164.302
8818	164.228
8819	164.155
8820	164.082
8821	164.008
8822	163.935
8823	163.862
8824	163.788
8825	163.715
8826	163.642
8827	163.568
8828	163.495
8829	163.422
8830	163.349
8831	163.276
8832	163.203
8833	163.13
8834	163.057
8835	162.984
8836	162.911
8837	162.838
8838	162.765
8839	162.692
8840	162.619
8841	162.546
8842	162.473
8843	162.401
8844	162.328
8845	162.255
8846	162.182
8847	162.11
8848	162.037
8849	161.964
8850	161.892
8851	161.819
8852	161.746
8853	161.674
8854	161.601
8855	161.529
8856	161.456
8857	161.384
8858	161.312
8859	161.239
8860	161.167
8861	161.094
8862	161.022
8863	160.95
8864	160.878
8865	160.805
8866	160.733
8867	160.661
8868	160.589
8869	160.517
8870	160.445
8871	160.372
8872	160.3
8873	160.228
8874	160.156
8875	160.084
8876	160.012
8877	159.941
8878	159.869
8879	159.797
8880	159.725
8881	159.653
8882	159.581
8883	159.509
8884	159.438
8885	159.366
8886	159.294
8887	159.223
8888	159.151
8889	159.079
8890	159.008
8891	158.936
8892	158.865
8893	158.793
8894	158.722
8895	158.65
8896	158.579
8897	158.507
8898	158.436
8899	158.365
8900	158.293
8901	158.222
8902	158.151
8903	158.079
8904	158.008
8905	157.937
8906	157.866
8907	157.795
8908	157.723
8909	157.652
8910	157.581
8911	157.51
8912	157.439
8913	157.368
8914	157.297
8915	157.226
8916	157.155
8917	157.084
8918	157.014
8919	156.943
8920	156.872
8921	156.801
8922	156.73
8923	156.66
8924	156.589
8925	156.518
8926	156.447
8927	156.377
8928	156.306
8929	156.236
8930	156.165
8931	156.094
8932	156.024
8933	155.953
8934	155.883
8935	155.813
8936	155.742
8937	155.672
8938	155.601
8939	155.531
8940	155.461
8941	155.39
8942	155.32
8943	155.25
8944	155.18
8945	155.11
8946	155.039
8947	154.969
8948	154.899
8949	154.829
8950	154.759
8951	154.689
8952	154.619
8953	154.549
8954	154.479
8955	154.409
8956	154.339
8957	154.269
8958	154.199
8959	154.13
8960	154.06
8961	153.99
8962	153.92
8963	153.85
8964	153.781
8965	153.711
8966	153.641
8967	153.572
8968	153.502
8969	153.433
8970	153.363
8971	153.294
8972	153.224
8973	153.155
8974	153.085
8975	153.016
8976	152.946
8977	152.877
8978	152.808
8979	152.738
8980	152.669
8981	152.6
8982	152.53
8983	152.461
8984	152.392
8985	152.323
8986	152.254
8987	152.185
8988	152.115
8989	152.046
8990	151.977
8991	151.908
8992	151.839
8993	151.77
8994	151.701
8995	151.632
8996	151.564
8997	151.495
8998	151.426
8999	151.357
9000	151.288
9001	151.219
9002	151.151
9003	151.082
9004	151.013
9005	150.945
9006	150.876
9007	150.807
9008	150.739
9009	150.67
9010	150.602
9011	150.533
9012	150.465
9013	150.396
9014	150.328
9015	150.259
9016	150.191
9017	150.123
9018	150.054
9019	149.986
9020	149.918
9021	149.849
9022	149.781
9023	149.713
9024	149.645
9025	149.577
9026	149.508
9027	149.44
9028	149.372
9029	149.304
9030	149.236
9031	149.168
9032	149.1
9033	149.032
9034	148.964
9035	148.896
9036	148.828
9037	148.76
9038	148.693
9039	148.625
9040	148.557
9041	148.489
9042	148.422
9043	148.354
9044	148.286
9045	148.218
9046	148.151
9047	148.083
9048	148.016
9049	147.948
9050	147.881
9051	147.813
9052	147.746
9053	147.678
9054	147.611
9055	147.543
9056	147.476
9057	147.408
9058	147.341
9059	147.274
9060	147.206
9061	147.139
9062	147.072
9063	147.005
9064	146.938
9065	146.87
9066	146.803
9067	146.736
9068	146.669
9069	146.602
9070	146.535
9071	146.468
9072	146.401
9073	146.334
9074	146.267
9075	146.2
9076	146.133
9077	146.066
9078	146
9079	145.933
9080	145.866
9081	145.799
9082	145.732
9083	145.666
9084	145.599
9085	145.532
9086	145.466
9087	145.399
9088	145.332
9089	145.266
9090	145.199
9091	145.133
9092	145.066
9093	145
9094	144.933
9095	144.867
9096	144.801
9097	144.734
9098	144.668
9099	144.602
9100	144.535
9101	144.469
9102	144.403
9103	144.336
9104	144.27
9105	144.204
9106	144.138
9107	144.072
9108	144.006
9109	143.94
9110	143.874
9111	143.808
9112	143.742
9113	143.676
9114	143.61
9115	143.544
9116	143.478
9117	143.412
9118	143.346
9119	143.28
9120	143.214
9121	143.149
9122	143.083
9123	143.017
9124	142.952
9125	142.886
9126	142.82
9127	142.755
9128	142.689
9129	142.623
9130	142.558
9131	142.492
9132	142.427
9133	142.361
9134	142.296
9135	142.23
9136	142.165
9137	142.1
9138	142.034
9139	141.969
9140	141.904
9141	141.838
9142	141.773
9143	141.708
9144	141.643
9145	141.577
9146	141.512
9147	141.447
9148	141.382
9149	141.317
9150	141.252
9151	141.187
9152	141.122
9153	141.057
9154	140.992
9155	140.927
9156	140.862
9157	140.797
9158	140.732
9159	140.667
9160	140.602
9161	140.538
9162	140.473
9163	140.408
9164	140.343
9165	140.279
9166	140.214
9167	140.149
9168	140.085
9169	140.02
9170	139.956
9171	139.891
9172	139.827
9173	139.762
9174	139.698
9175	139.633
9176	139.569
9177	139.504
9178	139.44
9179	139.376
9180	139.311
9181	139.247
9182	139.183
9183	139.118
9184	139.054
9185	138.99
9186	138.926
9187	138.862
9188	138.797
9189	138.733
9190	138.669
9191	138.605
9192	138.541
9193	138.477
9194	138.413
9195	138.349
9196	138.285
9197	138.221
9198	138.157
9199	138.093
9200	138.03
9201	137.966
9202	137.902
9203	137.838
9204	137.774
9205	137.711
9206	137.647
9207	137.583
9208	137.52
9209	137.456
9210	137.392
9211	137.329
9212	137.265
9213	137.202
9214	137.138
9215	137.075
9216	137.011
9217	136.948
9218	136.884
9219	136.821
9220	136.758
9221	136.694
9222	136.631
9223	136.568
9224	136.505
9225	136.441
9226	136.378
9227	136.315
9228	136.252
9229	136.189
9230	136.125
9231	136.062
9232	135.999
9233	135.936
9234	135.873
9235	135.81
9236	135.747
9237	135.684
9238	135.621
9239	135.558
9240	135.496
9241	135.433
9242	135.37
9243	135.307
9244	135.244
9245	135.181
9246	135.119
9247	135.056
9248	134.993
9249	134.931
9250	134.868
9251	134.805
9252	134.743
9253	134.68
9254	134.618
9255	134.555
9256	134.493
9257	134.43
9258	134.368
9259	134.305
9260	134.243
9261	134.181
9262	134.118
9263	134.056
9264	133.994
9265	133.931
9266	133.869
9267	133.807
9268	133.745
9269	133.682
9270	133.62
9271	133.558
9272	133.496
9273	133.434
9274	133.372
9275	133.31
9276	133.248
9277	133.186
9278	133.124
9279	133.062
9280	133
9281	132.938
9282	132.876
9283	132.814
9284	132.752
9285	132.691
9286	132.629
9287	132.567
9288	132.505
9289	132.444
9290	132.382
9291	132.32
9292	132.259
9293	132.197
9294	132.135
9295	132.074
9296	132.012
9297	131.951
9298	131.889
9299	131.828
9300	131.766
9301	131.705
9302	131.644
9303	131.582
9304	131.521
9305	131.46
9306	131.398
9307	131.337
9308	131.276
9309	131.214
9310	131.153
9311	131.092
9312	131.031
9313	130.97
9314	130.909
9315	130.848
9316	130.786
9317	130.725
9318	130.664
9319	130.603
9320	130.542
9321	130.481
9322	130.421
9323	130.36
9324	130.299
9325	130.238
9326	130.177
9327	130.116
9328	130.055
9329	129.995
9330	129.934
9331	129.873
9332	129.813
9333	129.752
9334	129.691
9335	129.631
9336	129.57
9337	129.509
9338	129.449
9339	129.388
9340	129.328
9341	129.267
9342	129.207
9343	129.146
9344	129.086
9345	129.026
9346	128.965
9347	128.905
9348	128.845
9349	128.784
9350	128.724
9351	128.664
9352	128.604
9353	128.543
9354	128.483
9355	128.423
9356	128.363
9357	128.303
9358	128.243
9359	128.183
9360	128.123
9361	128.063
9362	128.003
9363	127.943
9364	127.883
9365	127.823
9366	127.763
9367	127.703
9368	127.643
9369	127.583
9370	127.524
9371	127.464
9372	127.404
9373	127.344
9374	127.285
9375	127.225
9376	127.165
9377	127.106
9378	127.046
9379	126.986
9380	126.927
9381	126.867
9382	126.808
9383	126.748
9384	126.689
9385	126.629
9386	126.57
9387	126.511
9388	126.451
9389	126.392
9390	126.332
9391	126.273
9392	126.214
9393	126.155
9394	126.095
9395	126.036
9396	125.977
9397	125.918
9398	125.859
9399	125.8
9400	125.74
9401	125.681
9402	125.622
9403	125.563
9404	125.504
9405	125.445
9406	125.386
9407	125.327
9408	125.268
9409	125.21
9410	125.151
9411	125.092
9412	125.033
9413	124.974
9414	124.915
9415	124.857
9416	124.798
9417	124.739
9418	124.681
9419	124.622
9420	124.563
9421	124.505
9422	124.446
9423	124.387
9424	124.329
9425	124.27
9426	124.212
9427	124.153
9428	124.095
9429	124.037
9430	123.978
9431	123.92
9432	123.861
9433	123.803
9434	123.745
9435	123.686
9436	123.628
9437	123.57
9438	123.512
9439	123.453
9440	123.395
9441	123.337
9442	123.279
9443	123.221
9444	123.163
9445	123.105
9446	123.047
9447	122.989
9448	122.931
9449	122.873
9450	122.815
9451	122.757
9452	122.699
9453	122.641
9454	122.583
9455	122.525
9456	122.468
9457	122.41
9458	122.352
9459	122.294
9460	122.236
9461	122.179
9462	122.121
9463	122.063
9464	122.006
9465	121.948
9466	121.891
9467	121.833
9468	121.776
9469	121.718
9470	121.661
9471	121.603
9472	121.546
9473	121.488
9474	121.431
9475	121.373
9476	121.316
9477	121.259
9478	121.201
9479	121.144
9480	121.087
9481	121.03
9482	120.972
9483	120.915
9484	120.858
9485	120.801
9486	120.744
9487	120.687
9488	120.63
9489	120.572
9490	120.515
9491	120.458
9492	120.401
9493	120.344
9494	120.288
9495	120.231
9496	120.174
9497	120.117
9498	120.06
9499	120.003
9500	119.946
9501	119.89
9502	119.833
9503	119.776
9504	119.719
9505	119.663
9506	119.606
9507	119.549
9508	119.493
9509	119.436
9510	119.379
9511	119.323
9512	119.266
9513	119.21
9514	119.153
9515	119.097
9516	119.04
9517	118.984
9518	118.928
9519	118.871
9520	118.815
9521	118.758
9522	118.702
9523	118.646
9524	118.59
9525	118.533
9526	118.477
9527	118.421
9528	118.365
9529	118.309
9530	118.252
9531	118.196
9532	118.14
9533	118.084
9534	118.028
9535	117.972
9536	117.916
9537	117.86
9538	117.804
9539	117.748
9540	117.692
9541	117.636
9542	117.581
9543	117.525
9544	117.469
9545	117.413
9546	117.357
9547	117.302
9548	117.246
9549	117.19
9550	117.134
9551	117.079
9552	117.023
9553	116.967
9554	116.912
9555	116.856
9556	116.801
9557	116.745
9558	116.69
9559	116.634
9560	116.579
9561	116.523
9562	116.468
9563	116.413
9564	116.357
9565	116.302
9566	116.246
9567	116.191
9568	116.136
9569	116.081
9570	116.025
9571	115.97
9572	115.915
9573	115.86
9574	115.805
9575	115.749
9576	115.694
9577	115.639
9578	115.584
9579	115.529
9580	115.474
9581	115.419
9582	115.364
9583	115.309
9584	115.254
9585	115.199
9586	115.145
9587	115.09
9588	115.035
9589	114.98
9590	114.925
9591	114.87
9592	114.816
9593	114.761
9594	114.706
9595	114.652
9596	114.597
9597	114.542
9598	114.488
9599	114.433
9600	114.378
9601	114.324
9602	114.269
9603	114.215
9604	114.16
9605	114.106
9606	114.051
9607	113.997
9608	113.943
9609	113.888
9610	113.834
9611	113.78
9612	113.725
9613	113.671
9614	113.617
9615	113.562
9616	113.508
9617	113.454
9618	113.4
9619	113.346
9620	113.291
9621	113.237
9622	113.183
9623	113.129
9624	113.075
9625	113.021
9626	112.967
9627	112.913
9628	112.859
9629	112.805
9630	112.751
9631	112.697
9632	112.644
9633	112.59
9634	112.536
9635	112.482
9636	112.428
9637	112.374
9638	112.321
9639	112.267
9640	112.213
9641	112.16
9642	112.106
9643	112.052
9644	111.999
9645	111.945
9646	111.892
9647	111.838
9648	111.784
9649	111.731
9650	111.678
9651	111.624
9652	111.571
9653	111.517
9654	111.464
9655	111.41
9656	111.357
9657	111.304
9658	111.25
9659	111.197
9660	111.144
9661	111.091
9662	111.037
9663	110.984
9664	110.931
9665	110.878
9666	110.825
9667	110.772
9668	110.719
9669	110.665
9670	110.612
9671	110.559
9672	110.506
9673	110.453
9674	110.4
9675	110.348
9676	110.295
9677	110.242
9678	110.189
9679	110.136
9680	110.083
9681	110.03
9682	109.978
9683	109.925
9684	109.872
9685	109.819
9686	109.767
9687	109.714
9688	109.661
9689	109.609
9690	109.556
9691	109.503
9692	109.451
9693	109.398
9694	109.346
9695	109.293
9696	109.241
9697	109.188
9698	109.136
9699	109.083
9700	109.031
9701	108.979
9702	108.926
9703	108.874
9704	108.822
9705	108.769
9706	108.717
9707	108.665
9708	108.613
9709	108.56
9710	108.508
9711	108.456
9712	108.404
9713	108.352
9714	108.3
9715	108.248
9716	108.195
9717	108.143
9718	108.091
9719	108.039
9720	107.987
9721	107.936
9722	107.884
9723	107.832
9724	107.78
9725	107.728
9726	107.676
9727	107.624
9728	107.572
9729	107.521
9730	107.469
9731	107.417
9732	107.365
9733	107.314
9734	107.262
9735	107.21
9736	107.159
9737	107.107
9738	107.056
9739	107.004
9740	106.952
9741	106.901
9742	106.849
9743	106.798
9744	106.747
9745	106.695
9746	106.644
9747	106.592
9748	106.541
9749	106.49
9750	106.438
9751	106.387
9752	106.336
9753	106.284
9754	106.233
9755	106.182
9756	106.131
9757	106.079
9758	106.028
9759	105.977
9760	105.926
9761	105.875
9762	105.824
9763	105.773
9764	105.722
9765	105.671
9766	105.62
9767	105.569
9768	105.518
9769	105.467
9770	105.416
9771	105.365
9772	105.314
9773	105.263
9774	105.212
9775	105.162
9776	105.111
9777	105.06
9778	105.009
9779	104.959
9780	104.908
9781	104.857
9782	104.807
9783	104.756
9784	104.705
9785	104.655
9786	104.604
9787	104.554
9788	104.503
9789	104.453
9790	104.402
9791	104.352
9792	104.301
9793	104.251
9794	104.2
9795	104.15
9796	104.1
9797	104.049
9798	103.999
9799	103.949
9800	103.898
9801	103.848
9802	103.798
9803	103.748
9804	103.697
9805	103.647
9806	103.597
9807	103.547
9808	103.497
9809	103.447
9810	103.397
9811	103.347
9812	103.296
9813	103.246
9814	103.196
9815	103.146
9816	103.097
9817	103.047
9818	102.997
9819	102.947
9820	102.897
9821	102.847
9822	102.797
9823	102.747
9824	102.698
9825	102.648
9826	102.598
9827	102.548
9828	102.499
9829	102.449
9830	102.399
9831	102.35
9832	102.3
9833	102.251
9834	102.201
9835	102.151
9836	102.102
9837	102.052
9838	102.003
9839	101.953
9840	101.904
9841	101.855
9842	101.805
9843	101.756
9844	101.706
9845	101.657
9846	101.608
9847	101.558
9848	101.509
9849	101.46
9850	101.411
9851	101.361
9852	101.312
9853	101.263
9854	101.214
9855	101.165
9856	101.115
9857	101.066
9858	101.017
9859	100.968
9860	100.919
9861	100.87
9862	100.821
9863	100.772
9864	100.723
9865	100.674
9866	100.625
9867	100.576
9868	100.528
9869	100.479
9870	100.43
9871	100.381
9872	100.332
9873	100.283
9874	100.235
9875	100.186
9876	100.137
9877	100.089
9878	100.04
9879	99.9913
9880	99.9426
9881	99.894
9882	99.8454
9883	99.7968
9884	99.7483
9885	99.6998
9886	99.6512
9887	99.6028
9888	99.5543
9889	99.5058
9890	99.4574
9891	99.409
9892	99.3606
9893	99.3122
9894	99.2639
9895	99.2156
9896	99.1673
9897	99.119
9898	99.0707
9899	99.0225
9900	98.9742
9901	98.926
9902	98.8778
9903	98.8297
9904	98.7815
9905	98.7334
9906	98.6853
9907	98.6372
9908	98.5891
9909	98.5411
9910	98.4931
9911	98.4451
9912	98.3971
9913	98.3491
9914	98.3012
9915	98.2533
9916	98.2053
9917	98.1575
9918	98.1096
9919	98.0618
9920	98.0139
9921	97.9661
9922	97.9184
9923	97.8706
9924	97.8228
9925	97.7751
9926	97.7274
9927	97.6797
9928	97.6321
9929	97.5844
9930	97.5368
9931	97.4892
9932	97.4416
9933	97.3941
9934	97.3465
9935	97.299
9936	97.2515
9937	97.204
9938	97.1566
9939	97.1091
9940	97.0617
9941	97.0143
9942	96.9669
9943	96.9196
9944	96.8722
9945	96.8249
9946	96.7776
9947	96.7303
9948	96.6831
9949	96.6358
9950	96.5886
9951	96.5414
9952	96.4942
9953	96.4471
9954	96.3999
9955	96.3528
9956	96.3057
9957	96.2586
9958	96.2116
9959	96.1645
9960	96.1175
9961	96.0705
9962	96.0235
9963	95.9765
9964	95.9296
9965	95.8827
9966	95.8358
9967	95.7889
9968	95.742
9969	95.6952
9970	95.6484
9971	95.6016
9972	95.5548
9973	95.508
9974	95.4613
9975	95.4146
9976	95.3679
9977	95.3212
9978	95.2745
9979	95.2279
9980	95.1812
9981	95.1346
9982	95.088
9983	95.0415
9984	94.9949
9985	94.9484
9986	94.9019
9987	94.8554
9988	94.809
9989	94.7625
9990	94.7161
9991	94.6697
9992	94.6233
9993	94.5769
9994	94.5306
9995	94.4842
9996	94.4379
9997	94.3916
9998	94.3454
9999	94.2991
10000	94.2529
10001	94.2067
10002	94.1605
10003	94.1143
10004	94.0682
10005	94.022
10006	93.9759
10007	93.9298
10008	93.8838
10009	93.8377
10010	93.7917
10011	93.7457
10012	93.6997
10013	93.6537
10014	93.6077
10015	93.5618
10016	93.5159
10017	93.47
10018	93.4241
10019	93.3783
10020	93.3324
10021	93.2866
10022	93.2408
10023	93.195
10024	93.1493
10025	93.1035
10026	93.0578
10027	93.0121
10028	92.9664
10029	92.9208
10030	92.8751
10031	92.8295
10032	92.7839
10033	92.7383
10034	92.6928
10035	92.6472
10036	92.6017
10037	92.5562
10038	92.5107
10039	92.4652
10040	92.4198
10041	92.3744
10042	92.3289
10043	92.2836
10044	92.2382
10045	92.1928
10046	92.1475
10047	92.1022
10048	92.0569
10049	92.0116
10050	91.9664
10051	91.9211
10052	91.8759
10053	91.8307
10054	91.7856
10055	91.7404
10056	91.6953
10057	91.6501
10058	91.605
10059	91.56
10060	91.5149
10061	91.4699
10062	91.4248
10063	91.3798
10064	91.3349
10065	91.2899
10066	91.2449
10067	91.2
10068	91.1551
10069	91.1102
10070	91.0654
10071	91.0205
10072	90.9757
10073	90.9309
10074	90.8861
10075	90.8413
10076	90.7966
10077	90.7518
10078	90.7071
10079	90.6624
10080	90.6177
10081	90.5731
10082	90.5285
10083	90.4838
10084	90.4392
10085	90.3947
10086	90.3501
10087	90.3056
10088	90.261
10089	90.2165
10090	90.172
10091	90.1276
10092	90.0831
10093	90.0387
10094	89.9943
10095	89.9499
10096	89.9055
10097	89.8612
10098	89.8169
10099	89.7726
10100	89.7283
10101	89.684
10102	89.6397
10103	89.5955
10104	89.5513
10105	89.5071
10106	89.4629
10107	89.4187
10108	89.3746
10109	89.3305
10110	89.2864
10111	89.2423
10112	89.1982
10113	89.1542
10114	89.1102
10115	89.0662
10116	89.0222
10117	88.9782
10118	88.9343
10119	88.8903
10120	88.8464
10121	88.8025
10122	88.7586
10123	88.7148
10124	88.6709
10125	88.6271
10126	88.5833
10127	88.5396
10128	88.4958
10129	88.452
10130	88.4083
10131	88.3646
10132	88.3209
10133	88.2773
10134	88.2336
10135	88.19
10136	88.1464
10137	88.1028
10138	88.0592
10139	88.0157
10140	87.9721
10141	87.9286
10142	87.8851
10143	87.8416
10144	87.7982
10145	87.7547
10146	87.7113
10147	87.6679
10148	87.6245
10149	87.5812
10150	87.5378
10151	87.4945
10152	87.4512
10153	87.4079
10154	87.3646
10155	87.3214
10156	87.2781
10157	87.2349
10158	87.1917
10159	87.1485
10160	87.1054
10161	87.0622
10162	87.0191
10163	86.976
10164	86.9329
10165	86.8899
10166	86.8468
10167	86.8038
10168	86.7608
10169	86.7178
10170	86.6748
10171	86.6319
10172	86.5889
10173	86.546
10174	86.5031
10175	86.4602
10176	86.4174
10177	86.3745
10178	86.3317
10179	86.2889
10180	86.2461
10181	86.2033
10182	86.1606
10183	86.1179
10184	86.0752
10185	86.0325
10186	85.9898
10187	85.9471
10188	85.9045
10189	85.8619
10190	85.8193
10191	85.7767
10192	85.7341
10193	85.6916
10194	85.649
10195	85.6065
10196	85.564
10197	85.5216
10198	85.4791
10199	85.4367
10200	85.3943
10201	85.3519
10202	85.3095
10203	85.2671
10204	85.2248
10205	85.1825
10206	85.1402
10207	85.0979
10208	85.0556
10209	85.0134
10210	84.9711
10211	84.9289
10212	84.8867
10213	84.8445
10214	84.8024
10215	84.7602
10216	84.7181
10217	84.676
10218	84.6339
10219	84.5919
10220	84.5498
10221	84.5078
10222	84.4658
10223	84.4238
10224	84.3818
10225	84.3399
10226	84.2979
10227	84.256
10228	84.2141
10229	84.1722
10230	84.1304
10231	84.0885
10232	84.0467
10233	84.0049
10234	83.9631
10235	83.9213
10236	83.8795
10237	83.8378
10238	83.7961
10239	83.7544
10240	83.7127
10241	83.671
10242	83.6294
10243	83.5878
10244	83.5462
10245	83.5046
10246	83.463
10247	83.4214
10248	83.3799
10249	83.3384
10250	83.2969
10251	83.2554
10252	83.2139
10253	83.1725
10254	83.1311
10255	83.0897
10256	83.0483
10257	83.0069
10258	82.9655
10259	82.9242
10260	82.8829
10261	82.8416
10262	82.8003
10263	82.759
10264	82.7178
10265	82.6766
10266	82.6353
10267	82.5942
10268	82.553
10269	82.5118
10270	82.4707
10271	82.4296
10272	82.3885
10273	82.3474
10274	82.3063
10275	82.2653
10276	82.2242
10277	82.1832
10278	82.1422
10279	82.1013
10280	82.0603
10281	82.0194
10282	81.9784
10283	81.9375
10284	81.8966
10285	81.8558
10286	81.8149
10287	81.7741
10288	81.7333
10289	81.6925
10290	81.6517
10291	81.6109
10292	81.5702
10293	81.5295
10294	81.4888
10295	81.4481
10296	81.4074
10297	81.3668
10298	81.3261
10299	81.2855
10300	81.2449
10301	81.2043
10302	81.1638
10303	81.1232
10304	81.0827
10305	81.0422
10306	81.0017
10307	80.9612
10308	80.9207
10309	80.8803
10310	80.8399
10311	80.7995
10312	80.7591
10313	80.7187
10314	80.6784
10315	80.6381
10316	80.5977
10317	80.5574
10318	80.5172
10319	80.4769
10320	80.4367
10321	80.3964
10322	80.3562
10323	80.316
10324	80.2759
10325	80.2357
10326	80.1956
10327	80.1554
10328	80.1153
10329	80.0753
10330	80.0352
10331	79.9951
10332	79.9551
10333	79.9151
10334	79.8751
10335	79.8351
10336	79.7952
10337	79.7552
10338	79.7153
10339	79.6754
10340	79.6355
10341	79.5956
10342	79.5558
10343	79.5159
10344	79.4761
10345	79.4363
10346	79.3965
10347	79.3568
10348	79.317
10349	79.2773
10350	79.2376
10351	79.1979
10352	79.1582
10353	79.1185
10354	79.0789
10355	79.0393
10356	78.9997
10357	78.9601
10358	78.9205
10359	78.8809
10360	78.8414
10361	78.8019
10362	78.7624
10363	78.7229
10364	78.6834
10365	78.644
10366	78.6045
10367	78.5651
10368	78.5257
10369	78.4863
10370	78.447
10371	78.4076
10372	78.3683
10373	78.329
10374	78.2897
10375	78.2504
10376	78.2112
10377	78.1719
10378	78.1327
10379	78.0935
10380	78.0543
10381	78.0151
10382	77.976
10383	77.9368
10384	77.8977
10385	77.8586
10386	77.8195
10387	77.7805
10388	77.7414
10389	77.7024
10390	77.6634
10391	77.6244
10392	77.5854
10393	77.5464
10394	77.5075
10395	77.4685
10396	77.4296
10397	77.3907
10398	77.3519
10399	77.313
10400	77.2742
10401	77.2353
10402	77.1965
10403	77.1577
10404	77.119
10405	77.0802
10406	77.0415
10407	77.0027
10408	76.964
10409	76.9253
10410	76.8867
10411	76.848
10412	76.8094
10413	76.7708
10414	76.7322
10415	76.6936
10416	76.655
10417	76.6165
10418	76.5779
10419	76.5394
10420	76.5009
10421	76.4624
10422	76.424
10423	76.3855
10424	76.3471
10425	76.3087
10426	76.2703
10427	76.2319
10428	76.1935
10429	76.1552
10430	76.1169
10431	76.0786
10432	76.0403
10433	76.002
10434	75.9637
10435	75.9255
10436	75.8873
10437	75.849
10438	75.8109
10439	75.7727
10440	75.7345
10441	75.6964
10442	75.6583
10443	75.6202
10444	75.5821
10445	75.544
10446	75.5059
10447	75.4679
10448	75.4299
10449	75.3919
10450	75.3539
10451	75.3159
10452	75.278
10453	75.24
10454	75.2021
10455	75.1642
10456	75.1263
10457	75.0885
10458	75.0506
10459	75.0128
10460	74.975
10461	74.9372
10462	74.8994
10463	74.8616
10464	74.8239
10465	74.7861
10466	74.7484
10467	74.7107
10468	74.673
10469	74.6354
10470	74.5977
10471	74.5601
10472	74.5225
10473	74.4849
10474	74.4473
10475	74.4097
10476	74.3722
10477	74.3346
10478	74.2971
10479	74.2596
10480	74.2222
10481	74.1847
10482	74.1472
10483	74.1098
10484	74.0724
10485	74.035
10486	73.9976
10487	73.9603
10488	73.9229
10489	73.8856
10490	73.8483
10491	73.811
10492	73.7737
10493	73.7364
10494	73.6992
10495	73.662
10496	73.6247
10497	73.5875
10498	73.5504
10499	73.5132
10500	73.4761
10501	73.4389
10502	73.4018
10503	73.3647
10504	73.3276
10505	73.2906
10506	73.2535
10507	73.2165
10508	73.1795
10509	73.1425
10510	73.1055
10511	73.0686
10512	73.0316
10513	72.9947
10514	72.9578
10515	72.9209
10516	72.884
10517	72.8471
10518	72.8103
10519	72.7735
10520	72.7366
10521	72.6998
10522	72.6631
10523	72.6263
10524	72.5896
10525	72.5528
10526	72.5161
10527	72.4794
10528	72.4427
10529	72.4061
10530	72.3694
10531	72.3328
10532	72.2962
10533	72.2596
10534	72.223
10535	72.1864
10536	72.1499
10537	72.1133
10538	72.0768
10539	72.0403
10540	72.0038
10541	71.9674
10542	71.9309
10543	71.8945
10544	71.8581
10545	71.8217
10546	71.7853
10547	71.7489
10548	71.7126
10549	71.6762
10550	71.6399
10551	71.6036
10552	71.5673
10553	71.5311
10554	71.4948
10555	71.4586
10556	71.4224
10557	71.3861
10558	71.35
10559	71.3138
10560	71.2776
10561	71.2415
10562	71.2054
10563	71.1693
10564	71.1332
10565	71.0971
10566	71.061
10567	71.025
10568	70.989
10569	70.953
10570	70.917
10571	70.881
10572	70.845
10573	70.8091
10574	70.7732
10575	70.7373
10576	70.7014
10577	70.6655
10578	70.6296
10579	70.5938
10580	70.5579
10581	70.5221
10582	70.4863
10583	70.4505
10584	70.4148
10585	70.379
10586	70.3433
10587	70.3076
10588	70.2719
10589	70.2362
10590	70.2005
10591	70.1649
10592	70.1292
10593	70.0936
10594	70.058
10595	70.0224
10596	69.9869
10597	69.9513
10598	69.9158
10599	69.8802
10600	69.8447
10601	69.8092
10602	69.7738
10603	69.7383
10604	69.7029
10605	69.6674
10606	69.632
10607	69.5966
10608	69.5613
10609	69.5259
10610	69.4906
10611	69.4552
10612	69.4199
10613	69.3846
10614	69.3493
10615	69.3141
10616	69.2788
10617	69.2436
10618	69.2084
10619	69.1732
10620	69.138
10621	69.1028
10622	69.0676
10623	69.0325
10624	68.9974
10625	68.9623
10626	68.9272
10627	68.8921
10628	68.8571
10629	68.822
10630	68.787
10631	68.752
10632	68.717
10633	68.682
10634	68.647
10635	68.6121
10636	68.5772
10637	68.5422
10638	68.5073
10639	68.4725
10640	68.4376
10641	68.4027
10642	68.3679
10643	68.3331
10644	68.2983
10645	68.2635
10646	68.2287
10647	68.194
10648	68.1592
10649	68.1245
10650	68.0898
10651	68.0551
10652	68.0204
10653	67.9858
10654	67.9511
10655	67.9165
10656	67.8819
10657	67.8473
10658	67.8127
10659	67.7781
10660	67.7436
10661	67.709
10662	67.6745
10663	67.64
10664	67.6055
10665	67.571
10666	67.5366
10667	67.5021
10668	67.4677
10669	67.4333
10670	67.3989
10671	67.3645
10672	67.3302
10673	67.2958
10674	67.2615
10675	67.2272
10676	67.1929
10677	67.1586
10678	67.1243
10679	67.0901
10680	67.0558
10681	67.0216
10682	66.9874
10683	66.9532
10684	66.919
10685	66.8849
10686	66.8507
10687	66.8166
10688	66.7825
10689	66.7484
10690	66.7143
10691	66.6803
10692	66.6462
10693	66.6122
10694	66.5781
10695	66.5441
10696	66.5102
10697	66.4762
10698	66.4422
10699	66.4083
10700	66.3744
10701	66.3404
10702	66.3066
10703	66.2727
10704	66.2388
10705	66.205
10706	66.1711
10707	66.1373
10708	66.1035
10709	66.0697
10710	66.0359
10711	66.0022
10712	65.9685
10713	65.9347
10714	65.901
10715	65.8673
10716	65.8336
10717	65.8
10718	65.7663
10719	65.7327
10720	65.6991
10721	65.6655
10722	65.6319
10723	65.5983
10724	65.5648
10725	65.5312
10726	65.4977
10727	65.4642
10728	65.4307
10729	65.3972
10730	65.3638
10731	65.3303
10732	65.2969
10733	65.2635
10734	65.2301
10735	65.1967
10736	65.1633
10737	65.13
10738	65.0966
10739	65.0633
10740	65.03
10741	64.9967
10742	64.9634
10743	64.9301
10744	64.8969
10745	64.8637
10746	64.8304
10747	64.7972
10748	64.7641
10749	64.7309
10750	64.6977
10751	64.6646
10752	64.6315
10753	64.5983
10754	64.5652
10755	64.5322
10756	64.4991
10757	64.466
10758	64.433
10759	64.4
10760	64.367
10761	64.334
10762	64.301
10763	64.2681
10764	64.2351
10765	64.2022
10766	64.1693
10767	64.1364
10768	64.1035
10769	64.0706
10770	64.0378
10771	64.0049
10772	63.9721
10773	63.9393
10774	63.9065
10775	63.8737
10776	63.841
10777	63.8082
10778	63.7755
10779	63.7428
10780	63.7101
10781	63.6774
10782	63.6447
10783	63.6121
10784	63.5794
10785	63.5468
10786	63.5142
10787	63.4816
10788	63.449
10789	63.4164
10790	63.3839
10791	63.3513
10792	63.3188
10793	63.2863
10794	63.2538
10795	63.2213
10796	63.1889
10797	63.1564
10798	63.124
10799	63.0916
10800	63.0592
10801	63.0268
10802	62.9944
10803	62.9621
10804	62.9297
10805	62.8974
10806	62.8651
10807	62.8328
10808	62.8005
10809	62.7682
10810	62.736
10811	62.7037
10812	62.6715
10813	62.6393
10814	62.6071
10815	62.5749
10816	62.5428
10817	62.5106
10818	62.4785
10819	62.4464
10820	62.4143
10821	62.3822
10822	62.3501
10823	62.318
10824	62.286
10825	62.254
10826	62.222
10827	62.19
10828	62.158
10829	62.126
10830	62.094
10831	62.0621
10832	62.0302
10833	61.9983
10834	61.9664
10835	61.9345
10836	61.9026
10837	61.8708
10838	61.8389
10839	61.8071
10840	61.7753
10841	61.7435
10842	61.7117
10843	61.68
10844	61.6482
10845	61.6165
10846	61.5848
10847	61.553
10848	61.5214
10849	61.4897
10850	61.458
10851	61.4264
10852	61.3947
10853	61.3631
10854	61.3315
10855	61.2999
10856	61.2684
10857	61.2368
10858	61.2053
10859	61.1737
10860	61.1422
10861	61.1107
10862	61.0792
10863	61.0478
10864	61.0163
10865	60.9849
10866	60.9534
10867	60.922
10868	60.8906
10869	60.8592
10870	60.8279
10871	60.7965
10872	60.7652
10873	60.7338
10874	60.7025
10875	60.6712
10876	60.64
10877	60.6087
10878	60.5774
10879	60.5462
10880	60.515
10881	60.4838
10882	60.4526
10883	60.4214
10884	60.3902
10885	60.3591
10886	60.3279
10887	60.2968
10888	60.2657
10889	60.2346
10890	60.2035
10891	60.1725
10892	60.1414
10893	60.1104
10894	60.0794
10895	60.0484
10896	60.0174
10897	59.9864
10898	59.9554
10899	59.9245
10900	59.8936
10901	59.8626
10902	59.8317
10903	59.8008
10904	59.77
10905	59.7391
10906	59.7082
10907	59.6774
10908	59.6466
10909	59.6158
10910	59.585
10911	59.5542
10912	59.5235
10913	59.4927
10914	59.462
10915	59.4313
10916	59.4006
10917	59.3699
10918	59.3392
10919	59.3085
10920	59.2779
10921	59.2473
10922	59.2166
10923	59.186
10924	59.1554
10925	59.1249
10926	59.0943
10927	59.0638
10928	59.0332
10929	59.0027
10930	58.9722
10931	58.9417
10932	58.9112
10933	58.8808
10934	58.8503
10935	58.8199
10936	58.7895
10937	58.7591
10938	58.7287
10939	58.6983
10940	58.6679
10941	58.6376
10942	58.6072
10943	58.5769
10944	58.5466
10945	58.5163
10946	58.4861
10947	58.4558
10948	58.4255
10949	58.3953
10950	58.3651
10951	58.3349
10952	58.3047
10953	58.2745
10954	58.2443
10955	58.2142
10956	58.1841
10957	58.1539
10958	58.1238
10959	58.0937
10960	58.0637
10961	58.0336
10962	58.0035
10963	57.9735
10964	57.9435
10965	57.9135
10966	57.8835
10967	57.8535
10968	57.8235
10969	57.7936
10970	57.7636
10971	57.7337
10972	57.7038
10973	57.6739
10974	57.644
10975	57.6141
10976	57.5843
10977	57.5544
10978	57.5246
10979	57.4948
10980	57.465
10981	57.4352
10982	57.4054
10983	57.3757
10984	57.3459
10985	57.3162
10986	57.2865
10987	57.2568
10988	57.2271
10989	57.1974
10990	57.1678
10991	57.1381
10992	57.1085
10993	57.0789
10994	57.0493
10995	57.0197
10996	56.9901
10997	56.9605
10998	56.931
10999	56.9015
11000	56.8719
11001	56.8424
11002	56.8129
11003	56.7835
11004	56.754
11005	56.7245
11006	56.6951
11007	56.6657
11008	56.6363
11009	56.6069
11010	56.5775
11011	56.5481
11012	56.5188
11013	56.4894
11014	56.4601
11015	56.4308
11016	56.4015
11017	56.3722
11018	56.3429
11019	56.3137
11020	56.2844
11021	56.2552
11022	56.226
11023	56.1968
11024	56.1676
11025	56.1384
11026	56.1092
11027	56.0801
11028	56.051
11029	56.0218
11030	55.9927
11031	55.9636
11032	55.9345
11033	55.9055
11034	55.8764
11035	55.8474
11036	55.8184
11037	55.7894
11038	55.7604
11039	55.7314
11040	55.7024
11041	55.6734
11042	55.6445
11043	55.6156
11044	55.5866
11045	55.5577
11046	55.5289
11047	55.5
11048	55.4711
11049	55.4423
11050	55.4134
11051	55.3846
11052	55.3558
11053	55.327
11054	55.2982
11055	55.2695
11056	55.2407
11057	55.212
11058	55.1832
11059	55.1545
11060	55.1258
11061	55.0971
11062	55.0685
11063	55.0398
11064	55.0112
11065	54.9825
11066	54.9539
11067	54.9253
11068	54.8967
11069	54.8681
11070	54.8396
11071	54.811
11072	54.7825
11073	54.754
11074	54.7255
11075	54.697
11076	54.6685
11077	54.64
11078	54.6116
11079	54.5831
11080	54.5547
11081	54.5263
11082	54.4979
11083	54.4695
11084	54.4411
11085	54.4127
11086	54.3844
11087	54.3561
11088	54.3277
11089	54.2994
11090	54.2711
11091	54.2428
11092	54.2146
11093	54.1863
11094	54.1581
11095	54.1298
11096	54.1016
11097	54.0734
11098	54.0452
11099	54.0171
11100	53.9889
11101	53.9608
11102	53.9326
11103	53.9045
11104	53.8764
11105	53.8483
11106	53.8202
11107	53.7921
11108	53.7641
11109	53.736
11110	53.708
11111	53.68
11112	53.652
11113	53.624
11114	53.596
11115	53.5681
11116	53.5401
11117	53.5122
11118	53.4843
11119	53.4564
11120	53.4285
11121	53.4006
11122	53.3727
11123	53.3448
11124	53.317
11125	53.2892
11126	53.2614
11127	53.2336
11128	53.2058
11129	53.178
11130	53.1502
11131	53.1225
11132	53.0947
11133	53.067
11134	53.0393
11135	53.0116
11136	52.9839
11137	52.9562
11138	52.9286
11139	52.9009
11140	52.8733
11141	52.8457
11142	52.8181
11143	52.7905
11144	52.7629
11145	52.7353
11146	52.7078
11147	52.6802
11148	52.6527
11149	52.6252
11150	52.5977
11151	52.5702
11152	52.5427
11153	52.5153
11154	52.4878
11155	52.4604
11156	52.433
11157	52.4055
11158	52.3781
11159	52.3508
11160	52.3234
11161	52.296
11162	52.2687
11163	52.2413
11164	52.214
11165	52.1867
11166	52.1594
11167	52.1321
11168	52.1049
11169	52.0776
11170	52.0504
11171	52.0232
11172	51.9959
11173	51.9687
11174	51.9415
11175	51.9144
11176	51.8872
11177	51.8601
11178	51.8329
11179	51.8058
11180	51.7787
11181	51.7516
11182	51.7245
11183	51.6974
11184	51.6704
11185	51.6433
11186	51.6163
11187	51.5893
11188	51.5622
11189	51.5352
11190	51.5083
11191	51.4813
11192	51.4543
11193	51.4274
11194	51.4005
11195	51.3735
11196	51.3466
11197	51.3197
11198	51.2929
11199	51.266
11200	51.2391
11201	51.2123
11202	51.1855
11203	51.1586
11204	51.1318
11205	51.1051
11206	51.0783
11207	51.0515
11208	51.0248
11209	50.998
11210	50.9713
11211	50.9446
11212	50.9179
11213	50.8912
11214	50.8645
11215	50.8378
11216	50.8112
11217	50.7846
11218	50.7579
11219	50.7313
11220	50.7047
11221	50.6781
11222	50.6516
11223	50.625
11224	50.5984
11225	50.5719
11226	50.5454
11227	50.5189
11228	50.4924
11229	50.4659
11230	50.4394
11231	50.4129
11232	50.3865
11233	50.3601
11234	50.3336
11235	50.3072
11236	50.2808
11237	50.2545
11238	50.2281
11239	50.2017
11240	50.1754
11241	50.149
11242	50.1227
11243	50.0964
11244	50.0701
11245	50.0438
11246	50.0176
11247	49.9913
11248	49.9651
11249	49.9388
11250	49.9126
11251	49.8864
11252	49.8602
11253	49.834
11254	49.8078
11255	49.7817
11256	49.7555
11257	49.7294
11258	49.7033
11259	49.6772
11260	49.6511
11261	49.625
11262	49.5989
11263	49.5729
11264	49.5468
11265	49.5208
11266	49.4948
11267	49.4688
11268	49.4428
11269	49.4168
11270	49.3908
11271	49.3648
11272	49.3389
11273	49.313
11274	49.287
11275	49.2611
11276	49.2352
11277	49.2094
11278	49.1835
11279	49.1576
11280	49.1318
11281	49.1059
11282	49.0801
11283	49.0543
11284	49.0285
11285	49.0027
11286	48.977
11287	48.9512
11288	48.9254
11289	48.8997
11290	48.874
11291	48.8483
11292	48.8226
11293	48.7969
11294	48.7712
11295	48.7456
11296	48.7199
11297	48.6943
11298	48.6686
11299	48.643
11300	48.6174
11301	48.5918
11302	48.5663
11303	48.5407
11304	48.5152
11305	48.4896
11306	48.4641
11307	48.4386
11308	48.4131
11309	48.3876
11310	48.3621
11311	48.3366
11312	48.3112
11313	48.2858
11314	48.2603
11315	48.2349
11316	48.2095
11317	48.1841
11318	48.1587
11319	48.1334
11320	48.108
11321	48.0827
11322	48.0573
11323	48.032
11324	48.0067
11325	47.9814
11326	47.9561
11327	47.9309
11328	47.9056
11329	47.8804
11330	47.8551
11331	47.8299
11332	47.8047
11333	47.7795
11334	47.7543
11335	47.7292
11336	47.704
11337	47.6788
11338	47.6537
11339	47.6286
11340	47.6035
11341	47.5784
11342	47.5533
11343	47.5282
11344	47.5031
11345	47.4781
11346	47.4531
11347	47.428
11348	47.403
11349	47.378
11350	47.353
11351	47.328
11352	47.3031
11353	47.2781
11354	47.2532
11355	47.2282
11356	47.2033
11357	47.1784
11358	47.1535
11359	47.1286
11360	47.1038
11361	47.0789
11362	47.0541
11363	47.0292
11364	47.0044
11365	46.9796
11366	46.9548
11367	46.93
11368	46.9052
11369	46.8805
11370	46.8557
11371	46.831
11372	46.8063
11373	46.7815
11374	46.7568
11375	46.7322
11376	46.7075
11377	46.6828
11378	46.6581
11379	46.6335
11380	46.6089
11381	46.5843
11382	46.5596
11383	46.5351
11384	46.5105
11385	46.4859
11386	46.4613
11387	46.4368
11388	46.4123
11389	46.3877
11390	46.3632
11391	46.3387
11392	46.3142
11393	46.2897
11394	46.2653
11395	46.2408
11396	46.2164
11397	46.192
11398	46.1675
11399	46.1431
11400	46.1187
11401	46.0944
11402	46.07
11403	46.0456
11404	46.0213
11405	45.9969
11406	45.9726
11407	45.9483
11408	45.924
11409	45.8997
11410	45.8754
11411	45.8512
11412	45.8269
11413	45.8027
11414	45.7785
11415	45.7542
11416	45.73
11417	45.7058
11418	45.6817
11419	45.6575
11420	45.6333
11421	45.6092
11422	45.585
11423	45.5609
11424	45.5368
11425	45.5127
11426	45.4886
11427	45.4645
11428	45.4405
11429	45.4164
11430	45.3924
11431	45.3683
11432	45.3443
11433	45.3203
11434	45.2963
11435	45.2723
11436	45.2484
11437	45.2244
11438	45.2005
11439	45.1765
11440	45.1526
11441	45.1287
11442	45.1048
11443	45.0809
11444	45.057
11445	45.0331
11446	45.0093
11447	44.9854
11448	44.9616
11449	44.9378
11450	44.914
11451	44.8902
11452	44.8664
11453	44.8426
11454	44.8188
11455	44.7951
11456	44.7713
11457	44.7476
11458	44.7239
11459	44.7002
11460	44.6765
11461	44.6528
11462	44.6291
11463	44.6055
11464	44.5818
11465	44.5582
11466	44.5346
11467	44.511
11468	44.4874
11469	44.4638
11470	44.4402
11471	44.4166
11472	44.3931
11473	44.3695
11474	44.346
11475	44.3225
11476	44.2989
11477	44.2754
11478	44.252
11479	44.2285
11480	44.205
11481	44.1816
11482	44.1581
11483	44.1347
11484	44.1113
11485	44.0879
11486	44.0645
11487	44.0411
11488	44.0177
11489	43.9943
11490	43.971
11491	43.9477
11492	43.9243
11493	43.901
11494	43.8777
11495	43.8544
11496	43.8311
11497	43.8079
11498	43.7846
11499	43.7613
11500	43.7381
11501	43.7149
11502	43.6917
11503	43.6685
11504	43.6453
11505	43.6221
11506	43.5989
11507	43.5758
11508	43.5526
11509	43.5295
11510	43.5063
11511	43.4832
11512	43.4601
11513	43.437
11514	43.414
11515	43.3909
11516	43.3678
11517	43.3448
11518	43.3218
11519	43.2987
11520	43.2757
11521	43.2527
11522	43.2297
11523	43.2068
11524	43.1838
11525	43.1608
11526	43.1379
11527	43.1149
11528	43.092
11529	43.0691
11530	43.0462
11531	43.0233
11532	43.0004
11533	42.9776
11534	42.9547
11535	42.9319
11536	42.9091
11537	42.8862
11538	42.8634
11539	42.8406
11540	42.8178
11541	42.7951
11542	42.7723
11543	42.7495
11544	42.7268
11545	42.7041
11546	42.6813
11547	42.6586
11548	42.6359
11549	42.6132
11550	42.5906
11551	42.5679
11552	42.5452
11553	42.5226
11554	42.5
11555	42.4773
11556	42.4547
11557	42.4321
11558	42.4095
11559	42.387
11560	42.3644
11561	42.3418
11562	42.3193
11563	42.2968
11564	42.2742
11565	42.2517
11566	42.2292
11567	42.2067
11568	42.1843
11569	42.1618
11570	42.1393
11571	42.1169
11572	42.0945
11573	42.072
11574	42.0496
11575	42.0272
11576	42.0048
11577	41.9824
11578	41.9601
11579	41.9377
11580	41.9154
11581	41.893
11582	41.8707
11583	41.8484
11584	41.8261
11585	41.8038
11586	41.7815
11587	41.7593
11588	41.737
11589	41.7147
11590	41.6925
11591	41.6703
11592	41.6481
11593	41.6259
11594	41.6037
11595	41.5815
11596	41.5593
11597	41.5372
11598	41.515
11599	41.4929
11600	41.4707
11601	41.4486
11602	41.4265
11603	41.4044
11604	41.3823
11605	41.3603
11606	41.3382
11607	41.3161
11608	41.2941
11609	41.2721
11610	41.25
11611	41.228
11612	41.206
11613	41.1841
11614	41.1621
11615	41.1401
11616	41.1182
11617	41.0962
11618	41.0743
11619	41.0524
11620	41.0304
11621	41.0085
11622	40.9866
11623	40.9648
11624	40.9429
11625	40.921
11626	40.8992
11627	40.8774
11628	40.8555
11629	40.8337
11630	40.8119
11631	40.7901
11632	40.7683
11633	40.7466
11634	40.7248
11635	40.703
11636	40.6813
11637	40.6596
11638	40.6379
11639	40.6161
11640	40.5945
11641	40.5728
11642	40.5511
11643	40.5294
11644	40.5078
11645	40.4861
11646	40.4645
11647	40.4429
11648	40.4213
11649	40.3997
11650	40.3781
11651	40.3565
11652	40.3349
11653	40.3133
11654	40.2918
11655	40.2703
11656	40.2487
11657	40.2272
11658	40.2057
11659	40.1842
11660	40.1627
11661	40.1413
11662	40.1198
11663	40.0983
11664	40.0769
11665	40.0555
11666	40.034
11667	40.0126
11668	39.9912
11669	39.9698
11670	39.9485
11671	39.9271
11672	39.9057
11673	39.8844
11674	39.863
11675	39.8417
11676	39.8204
11677	39.7991
11678	39.7778
11679	39.7565
11680	39.7352
11681	39.714
11682	39.6927
11683	39.6715
11684	39.6503
11685	39.629
11686	39.6078
11687	39.5866
11688	39.5654
11689	39.5442
11690	39.5231
11691	39.5019
11692	39.4808
11693	39.4596
11694	39.4385
11695	39.4174
11696	39.3963
11697	39.3752
11698	39.3541
11699	39.333
11700	39.312
11701	39.2909
11702	39.2699
11703	39.2488
11704	39.2278
11705	39.2068
11706	39.1858
11707	39.1648
11708	39.1438
11709	39.1228
11710	39.1019
11711	39.0809
11712	39.06
11713	39.0391
11714	39.0181
11715	38.9972
11716	38.9763
11717	38.9554
11718	38.9346
11719	38.9137
11720	38.8928
11721	38.872
11722	38.8511
11723	38.8303
11724	38.8095
11725	38.7887
11726	38.7679
11727	38.7471
11728	38.7263
11729	38.7056
11730	38.6848
11731	38.6641
11732	38.6433
11733	38.6226
11734	38.6019
11735	38.5812
11736	38.5605
11737	38.5398
11738	38.5192
11739	38.4985
11740	38.4778
11741	38.4572
11742	38.4366
11743	38.4159
11744	38.3953
11745	38.3747
11746	38.3541
11747	38.3336
11748	38.313
11749	38.2924
11750	38.2719
11751	38.2513
11752	38.2308
11753	38.2103
11754	38.1898
11755	38.1693
11756	38.1488
11757	38.1283
11758	38.1078
11759	38.0874
11760	38.0669
11761	38.0465
11762	38.0261
11763	38.0056
11764	37.9852
11765	37.9648
11766	37.9444
11767	37.9241
11768	37.9037
11769	37.8833
11770	37.863
11771	37.8427
11772	37.8223
11773	37.802
11774	37.7817
11775	37.7614
11776	37.7411
11777	37.7208
11778	37.7006
11779	37.6803
11780	37.6601
11781	37.6398
11782	37.6196
11783	37.5994
11784	37.5792
11785	37.559
11786	37.5388
11787	37.5186
11788	37.4985
11789	37.4783
11790	37.4582
11791	37.438
11792	37.4179
11793	37.3978
11794	37.3777
11795	37.3576
11796	37.3375
11797	37.3174
11798	37.2973
11799	37.2773
11800	37.2572
11801	37.2372
11802	37.2172
11803	37.1972
11804	37.1772
11805	37.1572
11806	37.1372
11807	37.1172
11808	37.0972
11809	37.0773
11810	37.0573
11811	37.0374
11812	37.0175
11813	36.9975
11814	36.9776
11815	36.9577
11816	36.9379
11817	36.918
11818	36.8981
11819	36.8782
11820	36.8584
11821	36.8386
11822	36.8187
11823	36.7989
11824	36.7791
11825	36.7593
11826	36.7395
11827	36.7197
11828	36.7
11829	36.6802
11830	36.6605
11831	36.6407
11832	36.621
11833	36.6013
11834	36.5816
11835	36.5619
11836	36.5422
11837	36.5225
11838	36.5028
11839	36.4832
11840	36.4635
11841	36.4439
11842	36.4242
11843	36.4046
11844	36.385
11845	36.3654
11846	36.3458
11847	36.3262
11848	36.3067
11849	36.2871
11850	36.2675
11851	36.248
11852	36.2285
11853	36.2089
11854	36.1894
11855	36.1699
11856	36.1504
11857	36.1309
11858	36.1115
11859	36.092
11860	36.0725
11861	36.0531
11862	36.0337
11863	36.0142
11864	35.9948
11865	35.9754
11866	35.956
11867	35.9366
11868	35.9172
11869	35.8979
11870	35.8785
11871	35.8592
11872	35.8398
11873	35.8205
11874	35.8012
11875	35.7819
11876	35.7626
11877	35.7433
11878	35.724
11879	35.7047
11880	35.6854
11881	35.6662
11882	35.6469
11883	35.6277
11884	35.6085
11885	35.5893
11886	35.5701
11887	35.5509
11888	35.5317
11889	35.5125
11890	35.4933
11891	35.4742
11892	35.455
11893	35.4359
11894	35.4168
11895	35.3977
11896	35.3785
11897	35.3594
11898	35.3404
11899	35.3213
11900	35.3022
11901	35.2831
11902	35.2641
11903	35.245
11904	35.226
11905	35.207
11906	35.188
11907	35.169
11908	35.15
11909	35.131
11910	35.112
11911	35.093
11912	35.0741
11913	35.0551
11914	35.0362
11915	35.0173
11916	34.9984
11917	34.9794
11918	34.9605
11919	34.9417
11920	34.9228
11921	34.9039
11922	34.885
11923	34.8662
11924	34.8473
11925	34.8285
11926	34.8097
11927	34.7909
11928	34.7721
11929	34.7533
11930	34.7345
11931	34.7157
11932	34.6969
11933	34.6782
11934	34.6594
11935	34.6407
11936	34.622
11937	34.6032
11938	34.5845
11939	34.5658
11940	34.5471
11941	34.5284
11942	34.5098
11943	34.4911
11944	34.4725
11945	34.4538
11946	34.4352
11947	34.4165
11948	34.3979
11949	34.3793
11950	34.3607
11951	34.3421
11952	34.3235
11953	34.305
11954	34.2864
11955	34.2679
11956	34.2493
11957	34.2308
11958	34.2123
11959	34.1937
11960	34.1752
11961	34.1567
11962	34.1383
11963	34.1198
11964	34.1013
11965	34.0828
11966	34.0644
11967	34.046
11968	34.0275
11969	34.0091
11970	33.9907
11971	33.9723
11972	33.9539
11973	33.9355
11974	33.9171
11975	33.8988
11976	33.8804
11977	33.862
11978	33.8437
11979	33.8254
11980	33.8071
11981	33.7887
11982	33.7704
11983	33.7521
11984	33.7339
11985	33.7156
11986	33.6973
11987	33.6791
11988	33.6608
11989	33.6426
11990	33.6244
11991	33.6061
11992	33.5879
11993	33.5697
11994	33.5515
11995	33.5333
11996	33.5152
11997	33.497
11998	33.4788
11999	33.4607
12000	33.4426
12001	33.4244
12002	33.4063
12003	33.3882
12004	33.3701
12005	33.352
12006	33.3339
12007	33.3159
12008	33.2978
12009	33.2797
12010	33.2617
12011	33.2437
12012	33.2256
12013	33.2076
12014	33.1896
12015	33.1716
12016	33.1536
12017	33.1356
12018	33.1176
12019	33.0997
12020	33.0817
12021	33.0638
12022	33.0458
12023	33.0279
12024	33.01
12025	32.9921
12026	32.9742
12027	32.9563
12028	32.9384
12029	32.9205
12030	32.9027
12031	32.8848
12032	32.867
12033	32.8491
12034	32.8313
12035	32.8135
12036	32.7957
12037	32.7779
12038	32.7601
12039	32.7423
12040	32.7245
12041	32.7067
12042	32.689
12043	32.6712
12044	32.6535
12045	32.6358
12046	32.618
12047	32.6003
12048	32.5826
12049	32.5649
12050	32.5472
12051	32.5296
12052	32.5119
12053	32.4942
12054	32.4766
12055	32.4589
12056	32.4413
12057	32.4237
12058	32.4061
12059	32.3885
12060	32.3709
12061	32.3533
12062	32.3357
12063	32.3181
12064	32.3006
12065	32.283
12066	32.2655
12067	32.2479
12068	32.2304
12069	32.2129
12070	32.1954
12071	32.1779
12072	32.1604
12073	32.1429
12074	32.1254
12075	32.108
12076	32.0905
12077	32.0731
12078	32.0556
12079	32.0382
12080	32.0208
12081	32.0034
12082	31.986
12083	31.9686
12084	31.9512
12085	31.9338
12086	31.9164
12087	31.8991
12088	31.8817
12089	31.8644
12090	31.8471
12091	31.8297
12092	31.8124
12093	31.7951
12094	31.7778
12095	31.7605
12096	31.7433
12097	31.726
12098	31.7087
12099	31.6915
12100	31.6742
12101	31.657
12102	31.6398
12103	31.6225
12104	31.6053
12105	31.5881
12106	31.5709
12107	31.5537
12108	31.5366
12109	31.5194
12110	31.5023
12111	31.4851
12112	31.468
12113	31.4508
12114	31.4337
12115	31.4166
12116	31.3995
12117	31.3824
12118	31.3653
12119	31.3482
12120	31.3312
12121	31.3141
12122	31.297
12123	31.28
12124	31.263
12125	31.2459
12126	31.2289
12127	31.2119
12128	31.1949
12129	31.1779
12130	31.1609
12131	31.1439
12132	31.127
12133	31.11
12134	31.0931
12135	31.0761
12136	31.0592
12137	31.0423
12138	31.0254
12139	31.0084
12140	30.9915
12141	30.9747
12142	30.9578
12143	30.9409
12144	30.924
12145	30.9072
12146	30.8903
12147	30.8735
12148	30.8567
12149	30.8398
12150	30.823
12151	30.8062
12152	30.7894
12153	30.7726
12154	30.7559
12155	30.7391
12156	30.7223
12157	30.7056
12158	30.6888
12159	30.6721
12160	30.6554
12161	30.6386
12162	30.6219
12163	30.6052
12164	30.5885
12165	30.5719
12166	30.5552
12167	30.5385
12168	30.5219
12169	30.5052
12170	30.4886
12171	30.4719
12172	30.4553
12173	30.4387
12174	30.4221
12175	30.4055
12176	30.3889
12177	30.3723
12178	30.3557
12179	30.3391
12180	30.3226
12181	30.306
12182	30.2895
12183	30.273
12184	30.2564
12185	30.2399
12186	30.2234
12187	30.2069
12188	30.1904
12189	30.1739
12190	30.1575
12191	30.141
12192	30.1245
12193	30.1081
12194	30.0917
12195	30.0752
12196	30.0588
12197	30.0424
12198	30.026
12199	30.0096
12200	29.9932
12201	29.9768
12202	29.9604
12203	29.9441
12204	29.9277
12205	29.9114
12206	29.895
12207	29.8787
12208	29.8624
12209	29.846
12210	29.8297
12211	29.8134
12212	29.7971
12213	29.7809
12214	29.7646
12215	29.7483
12216	29.7321
12217	29.7158
12218	29.6996
12219	29.6833
12220	29.6671
12221	29.6509
12222	29.6347
12223	29.6185
12224	29.6023
12225	29.5861
12226	29.5699
12227	29.5538
12228	29.5376
12229	29.5215
12230	29.5053
12231	29.4892
12232	29.4731
12233	29.4569
12234	29.4408
12235	29.4247
12236	29.4086
12237	29.3925
12238	29.3765
12239	29.3604
12240	29.3443
12241	29.3283
12242	29.3122
12243	29.2962
12244	29.2802
12245	29.2642
12246	29.2482
12247	29.2322
12248	29.2162
12249	29.2002
12250	29.1842
12251	29.1682
12252	29.1523
12253	29.1363
12254	29.1204
12255	29.1044
12256	29.0885
12257	29.0726
12258	29.0567
12259	29.0408
12260	29.0249
12261	29.009
12262	28.9931
12263	28.9772
12264	28.9614
12265	28.9455
12266	28.9296
12267	28.9138
12268	28.898
12269	28.8822
12270	28.8663
12271	28.8505
12272	28.8347
12273	28.8189
12274	28.8032
12275	28.7874
12276	28.7716
12277	28.7559
12278	28.7401
12279	28.7244
12280	28.7086
12281	28.6929
12282	28.6772
12283	28.6615
12284	28.6458
12285	28.6301
12286	28.6144
12287	28.5987
12288	28.583
12289	28.5674
12290	28.5517
12291	28.5361
12292	28.5204
12293	28.5048
12294	28.4892
12295	28.4736
12296	28.4579
12297	28.4424
12298	28.4268
12299	28.4112
12300	28.3956
12301	28.38
12302	28.3645
12303	28.3489
12304	28.3334
12305	28.3178
12306	28.3023
12307	28.2868
12308	28.2713
12309	28.2558
12310	28.2403
12311	28.2248
12312	28.2093
12313	28.1939
12314	28.1784
12315	28.1629
12316	28.1475
12317	28.132
12318	28.1166
12319	28.1012
12320	28.0858
12321	28.0704
12322	28.055
12323	28.0396
12324	28.0242
12325	28.0088
12326	27.9934
12327	27.9781
12328	27.9627
12329	27.9474
12330	27.932
12331	27.9167
12332	27.9014
12333	27.8861
12334	27.8708
12335	27.8555
12336	27.8402
12337	27.8249
12338	27.8096
12339	27.7944
12340	27.7791
12341	27.7639
12342	27.7486
12343	27.7334
12344	27.7181
12345	27.7029
12346	27.6877
12347	27.6725
12348	27.6573
12349	27.6421
12350	27.6269
12351	27.6118
12352	27.5966
12353	27.5814
12354	27.5663
12355	27.5512
12356	27.536
12357	27.5209
12358	27.5058
12359	27.4907
12360	27.4756
12361	27.4605
12362	27.4454
12363	27.4303
12364	27.4152
12365	27.4002
12366	27.3851
12367	27.3701
12368	27.355
12369	27.34
12370	27.325
12371	27.3099
12372	27.2949
12373	27.2799
12374	27.2649
12375	27.2499
12376	27.235
12377	27.22
12378	27.205
12379	27.1901
12380	27.1751
12381	27.1602
12382	27.1453
12383	27.1303
12384	27.1154
12385	27.1005
12386	27.0856
12387	27.0707
12388	27.0558
12389	27.0409
12390	27.0261
12391	27.0112
12392	26.9963
12393	26.9815
12394	26.9667
12395	26.9518
12396	26.937
12397	26.9222
12398	26.9074
12399	26.8926
12400	26.8778
12401	26.863
12402	26.8482
12403	26.8334
12404	26.8187
12405	26.8039
12406	26.7892
12407	26.7744
12408	26.7597
12409	26.745
12410	26.7302
12411	26.7155
12412	26.7008
12413	26.6861
12414	26.6714
12415	26.6567
12416	26.6421
12417	26.6274
12418	26.6127
12419	26.5981
12420	26.5835
12421	26.5688
12422	26.5542
12423	26.5396
12424	26.525
12425	26.5103
12426	26.4957
12427	26.4812
12428	26.4666
12429	26.452
12430	26.4374
12431	26.4229
12432	26.4083
12433	26.3938
12434	26.3792
12435	26.3647
12436	26.3502
12437	26.3357
12438	26.3212
12439	26.3067
12440	26.2922
12441	26.2777
12442	26.2632
12443	26.2487
12444	26.2343
12445	26.2198
12446	26.2054
12447	26.1909
12448	26.1765
12449	26.1621
12450	26.1476
12451	26.1332
12452	26.1188
12453	26.1044
12454	26.09
12455	26.0756
12456	26.0613
12457	26.0469
12458	26.0325
12459	26.0182
12460	26.0039
12461	25.9895
12462	25.9752
12463	25.9609
12464	25.9465
12465	25.9322
12466	25.9179
12467	25.9036
12468	25.8894
12469	25.8751
12470	25.8608
12471	25.8465
12472	25.8323
12473	25.818
12474	25.8038
12475	25.7896
12476	25.7753
12477	25.7611
12478	25.7469
12479	25.7327
12480	25.7185
12481	25.7043
12482	25.6901
12483	25.676
12484	25.6618
12485	25.6476
12486	25.6335
12487	25.6193
12488	25.6052
12489	25.5911
12490	25.5769
12491	25.5628
12492	25.5487
12493	25.5346
12494	25.5205
12495	25.5064
12496	25.4923
12497	25.4783
12498	25.4642
12499	25.4502
12500	25.4361
12501	25.4221
12502	25.408
12503	25.394
12504	25.38
12505	25.366
12506	25.3519
12507	25.3379
12508	25.324
12509	25.31
12510	25.296
12511	25.282
12512	25.2681
12513	25.2541
12514	25.2401
12515	25.2262
12516	25.2123
12517	25.1983
12518	25.1844
12519	25.1705
12520	25.1566
12521	25.1427
12522	25.1288
12523	25.1149
12524	25.101
12525	25.0872
12526	25.0733
12527	25.0595
12528	25.0456
12529	25.0318
12530	25.0179
12531	25.0041
12532	24.9903
12533	24.9765
12534	24.9627
12535	24.9489
12536	24.9351
12537	24.9213
12538	24.9075
12539	24.8937
12540	24.88
12541	24.8662
12542	24.8525
12543	24.8387
12544	24.825
12545	24.8113
12546	24.7976
12547	24.7838
12548	24.7701
12549	24.7564
12550	24.7427
12551	24.7291
12552	24.7154
12553	24.7017
12554	24.688
12555	24.6744
12556	24.6607
12557	24.6471
12558	24.6335
12559	24.6198
12560	24.6062
12561	24.5926
12562	24.579
12563	24.5654
12564	24.5518
12565	24.5382
12566	24.5246
12567	24.5111
12568	24.4975
12569	24.4839
12570	24.4704
12571	24.4569
12572	24.4433
12573	24.4298
12574	24.4163
12575	24.4027
12576	24.3892
12577	24.3757
12578	24.3622
12579	24.3488
12580	24.3353
12581	24.3218
12582	24.3083
12583	24.2949
12584	24.2814
12585	24.268
12586	24.2545
12587	24.2411
12588	24.2277
12589	24.2143
12590	24.2009
12591	24.1875
12592	24.1741
12593	24.1607
12594	24.1473
12595	24.1339
12596	24.1205
12597	24.1072
12598	24.0938
12599	24.0805
12600	24.0671
12601	24.0538
12602	24.0405
12603	24.0272
12604	24.0139
12605	24.0005
12606	23.9872
12607	23.974
12608	23.9607
12609	23.9474
12610	23.9341
12611	23.9209
12612	23.9076
12613	23.8943
12614	23.8811
12615	23.8679
12616	23.8546
12617	23.8414
12618	23.8282
12619	23.815
12620	23.8018
12621	23.7886
12622	23.7754
12623	23.7622
12624	23.749
12625	23.7359
12626	23.7227
12627	23.7096
12628	23.6964
12629	23.6833
12630	23.6701
12631	23.657
12632	23.6439
12633	23.6308
12634	23.6177
12635	23.6046
12636	23.5915
12637	23.5784
12638	23.5653
12639	23.5522
12640	23.5392
12641	23.5261
12642	23.5131
12643	23.5
12644	23.487
12645	23.4739
12646	23.4609
12647	23.4479
12648	23.4349
12649	23.4219
12650	23.4089
12651	23.3959
12652	23.3829
12653	23.3699
12654	23.357
12655	23.344
12656	23.331
12657	23.3181
12658	23.3052
12659	23.2922
12660	23.2793
12661	23.2664
12662	23.2534
12663	23.2405
12664	23.2276
12665	23.2147
12666	23.2018
12667	23.189
12668	23.1761
12669	23.1632
12670	23.1504
12671	23.1375
12672	23.1246
12673	23.1118
12674	23.099
12675	23.0861
12676	23.0733
12677	23.0605
12678	23.0477
12679	23.0349
12680	23.0221
12681	23.0093
12682	22.9965
12683	22.9837
12684	22.971
12685	22.9582
12686	22.9455
12687	22.9327
12688	22.92
12689	22.9072
12690	22.8945
12691	22.8818
12692	22.8691
12693	22.8564
12694	22.8437
12695	22.831
12696	22.8183
12697	22.8056
12698	22.7929
12699	22.7802
12700	22.7676
12701	22.7549
12702	22.7423
12703	22.7296
12704	22.717
12705	22.7044
12706	22.6917
12707	22.6791
12708	22.6665
12709	22.6539
12710	22.6413
12711	22.6287
12712	22.6161
12713	22.6036
12714	22.591
12715	22.5784
12716	22.5659
12717	22.5533
12718	22.5408
12719	22.5282
12720	22.5157
12721	22.5032
12722	22.4907
12723	22.4782
12724	22.4656
12725	22.4531
12726	22.4407
12727	22.4282
12728	22.4157
12729	22.4032
12730	22.3908
12731	22.3783
12732	22.3658
12733	22.3534
12734	22.341
12735	22.3285
12736	22.3161
12737	22.3037
12738	22.2913
12739	22.2789
12740	22.2665
12741	22.2541
12742	22.2417
12743	22.2293
12744	22.2169
12745	22.2046
12746	22.1922
12747	22.1798
12748	22.1675
12749	22.1551
12750	22.1428
12751	22.1305
12752	22.1182
12753	22.1058
12754	22.0935
12755	22.0812
12756	22.0689
12757	22.0566
12758	22.0444
12759	22.0321
12760	22.0198
12761	22.0075
12762	21.9953
12763	21.983
12764	21.9708
12765	21.9585
12766	21.9463
12767	21.9341
12768	21.9219
12769	21.9097
12770	21.8974
12771	21.8852
12772	21.8731
12773	21.8609
12774	21.8487
12775	21.8365
12776	21.8243
12777	21.8122
12778	21.8
12779	21.7879
12780	21.7757
12781	21.7636
12782	21.7515
12783	21.7393
12784	21.7272
12785	21.7151
12786	21.703
12787	21.6909
12788	21.6788
12789	21.6667
12790	21.6546
12791	21.6426
12792	21.6305
12793	21.6184
12794	21.6064
12795	21.5943
12796	21.5823
12797	21.5703
12798	21.5582
12799	21.5462
12800	21.5342
12801	21.5222
12802	21.5102
12803	21.4982
12804	21.4862
12805	21.4742
12806	21.4622
12807	21.4503
12808	21.4383
12809	21.4263
12810	21.4144
12811	21.4024
12812	21.3905
12813	21.3786
12814	21.3666
12815	21.3547
12816	21.3428
12817	21.3309
12818	21.319
12819	21.3071
12820	21.2952
12821	21.2833
12822	21.2714
12823	21.2596
12824	21.2477
12825	21.2358
12826	21.224
12827	21.2121
12828	21.2003
12829	21.1885
12830	21.1766
12831	21.1648
12832	21.153
12833	21.1412
12834	21.1294
12835	21.1176
12836	21.1058
12837	21.094
12838	21.0822
12839	21.0705
12840	21.0587
12841	21.0469
12842	21.0352
12843	21.0234
12844	21.0117
12845	21
12846	20.9882
12847	20.9765
12848	20.9648
12849	20.9531
12850	20.9414
12851	20.9297
12852	20.918
12853	20.9063
12854	20.8946
12855	20.8829
12856	20.8713
12857	20.8596
12858	20.848
12859	20.8363
12860	20.8247
12861	20.813
12862	20.8014
12863	20.7898
12864	20.7782
12865	20.7665
12866	20.7549
12867	20.7433
12868	20.7317
12869	20.7202
12870	20.7086
12871	20.697
12872	20.6854
12873	20.6739
12874	20.6623
12875	20.6508
12876	20.6392
12877	20.6277
12878	20.6161
12879	20.6046
12880	20.5931
12881	20.5816
12882	20.5701
12883	20.5586
12884	20.5471
12885	20.5356
12886	20.5241
12887	20.5126
12888	20.5011
12889	20.4897
12890	20.4782
12891	20.4668
12892	20.4553
12893	20.4439
12894	20.4324
12895	20.421
12896	20.4096
12897	20.3982
12898	20.3868
12899	20.3753
12900	20.3639
12901	20.3526
12902	20.3412
12903	20.3298
12904	20.3184
12905	20.307
12906	20.2957
12907	20.2843
12908	20.273
12909	20.2616
12910	20.2503
12911	20.2389
12912	20.2276
12913	20.2163
12914	20.205
12915	20.1937
12916	20.1824
12917	20.1711
12918	20.1598
12919	20.1485
12920	20.1372
12921	20.1259
12922	20.1147
12923	20.1034
12924	20.0921
12925	20.0809
12926	20.0696
12927	20.0584
12928	20.0472
12929	20.036
12930	20.0247
12931	20.0135
12932	20.0023
12933	19.9911
12934	19.9799
12935	19.9687
12936	19.9575
12937	19.9464
12938	19.9352
12939	19.924
12940	19.9128
12941	19.9017
12942	19.8905
12943	19.8794
12944	19.8683
12945	19.8571
12946	19.846
12947	19.8349
12948	19.8238
12949	19.8127
12950	19.8016
12951	19.7905
12952	19.7794
12953	19.7683
12954	19.7572
12955	19.7461
12956	19.7351
12957	19.724
12958	19.7129
12959	19.7019
12960	19.6909
12961	19.6798
12962	19.6688
12963	19.6578
12964	19.6467
12965	19.6357
12966	19.6247
12967	19.6137
12968	19.6027
12969	19.5917
12970	19.5807
12971	19.5698
12972	19.5588
12973	19.5478
12974	19.5368
12975	19.5259
12976	19.5149
12977	19.504
12978	19.4931
12979	19.4821
12980	19.4712
12981	19.4603
12982	19.4494
12983	19.4384
12984	19.4275
12985	19.4166
12986	19.4057
12987	19.3949
12988	19.384
12989	19.3731
12990	19.3622
12991	19.3514
12992	19.3405
12993	19.3297
12994	19.3188
12995	19.308
12996	19.2971
12997	19.2863
12998	19.2755
12999	19.2647
13000	19.2538
13001	19.243
13002	19.2322
13003	19.2214
13004	19.2107
13005	19.1999
13006	19.1891
13007	19.1783
13008	19.1676
13009	19.1568
13010	19.146
13011	19.1353
13012	19.1245
13013	19.1138
13014	19.1031
13015	19.0923
13016	19.0816
13017	19.0709
13018	19.0602
13019	19.0495
13020	19.0388
13021	19.0281
13022	19.0174
13023	19.0067
13024	18.9961
13025	18.9854
13026	18.9747
13027	18.9641
13028	18.9534
13029	18.9428
13030	18.9321
13031	18.9215
13032	18.9109
13033	18.9002
13034	18.8896
13035	18.879
13036	18.8684
13037	18.8578
13038	18.8472
13039	18.8366
13040	18.826
13041	18.8154
13042	18.8049
13043	18.7943
13044	18.7837
13045	18.7732
13046	18.7626
13047	18.7521
13048	18.7415
13049	18.731
13050	18.7205
13051	18.7099
13052	18.6994
13053	18.6889
13054	18.6784
13055	18.6679
13056	18.6574
13057	18.6469
13058	18.6364
13059	18.626
13060	18.6155
13061	18.605
13062	18.5946
13063	18.5841
13064	18.5736
13065	18.5632
13066	18.5528
13067	18.5423
13068	18.5319
13069	18.5215
13070	18.5111
13071	18.5006
13072	18.4902
13073	18.4798
13074	18.4694
13075	18.459
13076	18.4487
13077	18.4383
13078	18.4279
13079	18.4175
13080	18.4072
13081	18.3968
13082	18.3865
13083	18.3761
13084	18.3658
13085	18.3554
13086	18.3451
13087	18.3348
13088	18.3245
13089	18.3142
13090	18.3039
13091	18.2936
13092	18.2833
13093	18.273
13094	18.2627
13095	18.2524
13096	18.2421
13097	18.2319
13098	18.2216
13099	18.2113
13100	18.2011
13101	18.1908
13102	18.1806
13103	18.1704
13104	18.1601
13105	18.1499
13106	18.1397
13107	18.1295
13108	18.1193
13109	18.109
13110	18.0989
13111	18.0887
13112	18.0785
13113	18.0683
13114	18.0581
13115	18.0479
13116	18.0378
13117	18.0276
13118	18.0175
13119	18.0073
13120	17.9972
13121	17.987
13122	17.9769
13123	17.9668
13124	17.9566
13125	17.9465
13126	17.9364
13127	17.9263
13128	17.9162
13129	17.9061
13130	17.896
13131	17.8859
13132	17.8759
13133	17.8658
13134	17.8557
13135	17.8456
13136	17.8356
13137	17.8255
13138	17.8155
13139	17.8054
13140	17.7954
13141	17.7854
13142	17.7754
13143	17.7653
13144	17.7553
13145	17.7453
13146	17.7353
13147	17.7253
13148	17.7153
13149	17.7053
13150	17.6953
13151	17.6854
13152	17.6754
13153	17.6654
13154	17.6555
13155	17.6455
13156	17.6356
13157	17.6256
13158	17.6157
13159	17.6057
13160	17.5958
13161	17.5859
13162	17.576
13163	17.566
13164	17.5561
13165	17.5462
13166	17.5363
13167	17.5264
13168	17.5165
13169	17.5067
13170	17.4968
13171	17.4869
13172	17.4771
13173	17.4672
13174	17.4573
13175	17.4475
13176	17.4376
13177	17.4278
13178	17.418
13179	17.4081
13180	17.3983
13181	17.3885
13182	17.3787
13183	17.3689
13184	17.3591
13185	17.3493
13186	17.3395
13187	17.3297
13188	17.3199
13189	17.3101
13190	17.3003
13191	17.2906
13192	17.2808
13193	17.2711
13194	17.2613
13195	17.2516
13196	17.2418
13197	17.2321
13198	17.2224
13199	17.2126
13200	17.2029
13201	17.1932
13202	17.1835
13203	17.1738
13204	17.1641
13205	17.1544
13206	17.1447
13207	17.135
13208	17.1253
13209	17.1157
13210	17.106
13211	17.0963
13212	17.0867
13213	17.077
13214	17.0674
13215	17.0577
13216	17.0481
13217	17.0385
13218	17.0288
13219	17.0192
13220	17.0096
13221	17
13222	16.9904
13223	16.9808
13224	16.9712
13225	16.9616
13226	16.952
13227	16.9424
13228	16.9329
13229	16.9233
13230	16.9137
13231	16.9042
13232	16.8946
13233	16.8851
13234	16.8755
13235	16.866
13236	16.8564
13237	16.8469
13238	16.8374
13239	16.8279
13240	16.8183
13241	16.8088
13242	16.7993
13243	16.7898
13244	16.7803
13245	16.7709
13246	16.7614
13247	16.7519
13248	16.7424
13249	16.733
13250	16.7235
13251	16.714
13252	16.7046
13253	16.6951
13254	16.6857
13255	16.6762
13256	16.6668
13257	16.6574
13258	16.648
13259	16.6385
13260	16.6291
13261	16.6197
13262	16.6103
13263	16.6009
13264	16.5915
13265	16.5821
13266	16.5728
13267	16.5634
13268	16.554
13269	16.5446
13270	16.5353
13271	16.5259
13272	16.5166
13273	16.5072
13274	16.4979
13275	16.4885
13276	16.4792
13277	16.4699
13278	16.4606
13279	16.4512
13280	16.4419
13281	16.4326
13282	16.4233
13283	16.414
13284	16.4047
13285	16.3955
13286	16.3862
13287	16.3769
13288	16.3676
13289	16.3584
13290	16.3491
13291	16.3398
13292	16.3306
13293	16.3213
13294	16.3121
13295	16.3029
13296	16.2936
13297	16.2844
13298	16.2752
13299	16.266
13300	16.2567
13301	16.2475
13302	16.2383
13303	16.2291
13304	16.2199
13305	16.2107
13306	16.2016
13307	16.1924
13308	16.1832
13309	16.174
13310	16.1649
13311	16.1557
13312	16.1466
13313	16.1374
13314	16.1283
13315	16.1191
13316	16.11
13317	16.1009
13318	16.0918
13319	16.0826
13320	16.0735
13321	16.0644
13322	16.0553
13323	16.0462
13324	16.0371
13325	16.028
13326	16.0189
13327	16.0099
13328	16.0008
13329	15.9917
13330	15.9826
13331	15.9736
13332	15.9645
13333	15.9555
13334	15.9464
13335	15.9374
13336	15.9284
13337	15.9193
13338	15.9103
13339	15.9013
13340	15.8923
13341	15.8833
13342	15.8742
13343	15.8652
13344	15.8562
13345	15.8473
13346	15.8383
13347	15.8293
13348	15.8203
13349	15.8113
13350	15.8024
13351	15.7934
13352	15.7844
13353	15.7755
13354	15.7665
13355	15.7576
13356	15.7487
13357	15.7397
13358	15.7308
13359	15.7219
13360	15.7129
13361	15.704
13362	15.6951
13363	15.6862
13364	15.6773
13365	15.6684
13366	15.6595
13367	15.6506
13368	15.6418
13369	15.6329
13370	15.624
13371	15.6151
13372	15.6063
13373	15.5974
13374	15.5886
13375	15.5797
13376	15.5709
13377	15.562
13378	15.5532
13379	15.5444
13380	15.5355
13381	15.5267
13382	15.5179
13383	15.5091
13384	15.5003
13385	15.4915
13386	15.4827
13387	15.4739
13388	15.4651
13389	15.4563
13390	15.4476
13391	15.4388
13392	15.43
13393	15.4213
13394	15.4125
13395	15.4037
13396	15.395
13397	15.3863
13398	15.3775
13399	15.3688
13400	15.3601
13401	15.3513
13402	15.3426
13403	15.3339
13404	15.3252
13405	15.3165
13406	15.3078
13407	15.2991
13408	15.2904
13409	15.2817
13410	15.273
13411	15.2643
13412	15.2557
13413	15.247
13414	15.2383
13415	15.2297
13416	15.221
13417	15.2124
13418	15.2037
13419	15.1951
13420	15.1864
13421	15.1778
13422	15.1692
13423	15.1606
13424	15.1519
13425	15.1433
13426	15.1347
13427	15.1261
13428	15.1175
13429	15.1089
13430	15.1003
13431	15.0917
13432	15.0832
13433	15.0746
13434	15.066
13435	15.0575
13436	15.0489
13437	15.0403
13438	15.0318
13439	15.0232
13440	15.0147
13441	15.0062
13442	14.9976
13443	14.9891
13444	14.9806
13445	14.972
13446	14.9635
13447	14.955
13448	14.9465
13449	14.938
13450	14.9295
13451	14.921
13452	14.9125
13453	14.904
13454	14.8956
13455	14.8871
13456	14.8786
13457	14.8702
13458	14.8617
13459	14.8532
13460	14.8448
13461	14.8363
13462	14.8279
13463	14.8195
13464	14.811
13465	14.8026
13466	14.7942
13467	14.7858
13468	14.7773
13469	14.7689
13470	14.7605
13471	14.7521
13472	14.7437
13473	14.7353
13474	14.7269
13475	14.7186
13476	14.7102
13477	14.7018
13478	14.6934
13479	14.6851
13480	14.6767
13481	14.6684
13482	14.66
13483	14.6517
13484	14.6433
13485	14.635
13486	14.6266
13487	14.6183
13488	14.61
13489	14.6017
13490	14.5934
13491	14.585
13492	14.5767
13493	14.5684
13494	14.5601
13495	14.5519
13496	14.5436
13497	14.5353
13498	14.527
13499	14.5187
13500	14.5105
13501	14.5022
13502	14.4939
13503	14.4857
13504	14.4774
13505	14.4692
13506	14.4609
13507	14.4527
13508	14.4445
13509	14.4362
13510	14.428
13511	14.4198
13512	14.4116
13513	14.4033
13514	14.3951
13515	14.3869
13516	14.3787
13517	14.3705
13518	14.3623
13519	14.3542
13520	14.346
13521	14.3378
13522	14.3296
13523	14.3215
13524	14.3133
13525	14.3051
13526	14.297
13527	14.2888
13528	14.2807
13529	14.2725
13530	14.2644
13531	14.2563
13532	14.2481
13533	14.24
13534	14.2319
13535	14.2238
13536	14.2157
13537	14.2076
13538	14.1995
13539	14.1914
13540	14.1833
13541	14.1752
13542	14.1671
13543	14.159
13544	14.151
13545	14.1429
13546	14.1348
13547	14.1268
13548	14.1187
13549	14.1106
13550	14.1026
13551	14.0945
13552	14.0865
13553	14.0785
13554	14.0704
13555	14.0624
13556	14.0544
13557	14.0464
13558	14.0384
13559	14.0303
13560	14.0223
13561	14.0143
13562	14.0063
13563	13.9983
13564	13.9904
13565	13.9824
13566	13.9744
13567	13.9664
13568	13.9584
13569	13.9505
13570	13.9425
13571	13.9346
13572	13.9266
13573	13.9187
13574	13.9107
13575	13.9028
13576	13.8948
13577	13.8869
13578	13.879
13579	13.8711
13580	13.8631
13581	13.8552
13582	13.8473
13583	13.8394
13584	13.8315
13585	13.8236
13586	13.8157
13587	13.8078
13588	13.7999
13589	13.7921
13590	13.7842
13591	13.7763
13592	13.7684
13593	13.7606
13594	13.7527
13595	13.7449
13596	13.737
13597	13.7292
13598	13.7213
13599	13.7135
13600	13.7056
13601	13.6978
13602	13.69
13603	13.6822
13604	13.6744
13605	13.6665
13606	13.6587
13607	13.6509
13608	13.6431
13609	13.6353
13610	13.6275
13611	13.6198
13612	13.612
13613	13.6042
13614	13.5964
13615	13.5887
13616	13.5809
13617	13.5731
13618	13.5654
13619	13.5576
13620	13.5499
13621	13.5421
13622	13.5344
13623	13.5266
13624	13.5189
13625	13.5112
13626	13.5035
13627	13.4957
13628	13.488
13629	13.4803
13630	13.4726
13631	13.4649
13632	13.4572
13633	13.4495
13634	13.4418
13635	13.4341
13636	13.4265
13637	13.4188
13638	13.4111
13639	13.4034
13640	13.3958
13641	13.3881
13642	13.3805
13643	13.3728
13644	13.3652
13645	13.3575
13646	13.3499
13647	13.3422
13648	13.3346
13649	13.327
13650	13.3194
13651	13.3117
13652	13.3041
13653	13.2965
13654	13.2889
13655	13.2813
13656	13.2737
13657	13.2661
13658	13.2585
13659	13.2509
13660	13.2433
13661	13.2358
13662	13.2282
13663	13.2206
13664	13.2131
13665	13.2055
13666	13.1979
13667	13.1904
13668	13.1828
13669	13.1753
13670	13.1678
13671	13.1602
13672	13.1527
13673	13.1452
13674	13.1376
13675	13.1301
13676	13.1226
13677	13.1151
13678	13.1076
13679	13.1001
13680	13.0926
13681	13.0851
13682	13.0776
13683	13.0701
13684	13.0626
13685	13.0551
13686	13.0477
13687	13.0402
13688	13.0327
13689	13.0253
13690	13.0178
13691	13.0103
13692	13.0029
13693	12.9955
13694	12.988
13695	12.9806
13696	12.9731
13697	12.9657
13698	12.9583
13699	12.9509
13700	12.9434
13701	12.936
13702	12.9286
13703	12.9212
13704	12.9138
13705	12.9064
13706	12.899
13707	12.8916
13708	12.8842
13709	12.8769
13710	12.8695
13711	12.8621
13712	12.8547
13713	12.8474
13714	12.84
13715	12.8326
13716	12.8253
13717	12.8179
13718	12.8106
13719	12.8033
13720	12.7959
13721	12.7886
13722	12.7813
13723	12.7739
13724	12.7666
13725	12.7593
13726	12.752
13727	12.7447
13728	12.7374
13729	12.7301
13730	12.7228
13731	12.7155
13732	12.7082
13733	12.7009
13734	12.6936
13735	12.6863
13736	12.6791
13737	12.6718
13738	12.6645
13739	12.6573
13740	12.65
13741	12.6428
13742	12.6355
13743	12.6283
13744	12.621
13745	12.6138
13746	12.6065
13747	12.5993
13748	12.5921
13749	12.5849
13750	12.5776
13751	12.5704
13752	12.5632
13753	12.556
13754	12.5488
13755	12.5416
13756	12.5344
13757	12.5272
13758	12.52
13759	12.5129
13760	12.5057
13761	12.4985
13762	12.4913
13763	12.4842
13764	12.477
13765	12.4698
13766	12.4627
13767	12.4555
13768	12.4484
13769	12.4412
13770	12.4341
13771	12.427
13772	12.4198
13773	12.4127
13774	12.4056
13775	12.3985
13776	12.3913
13777	12.3842
13778	12.3771
13779	12.37
13780	12.3629
13781	12.3558
13782	12.3487
13783	12.3416
13784	12.3346
13785	12.3275
13786	12.3204
13787	12.3133
13788	12.3063
13789	12.2992
13790	12.2921
13791	12.2851
13792	12.278
13793	12.271
13794	12.2639
13795	12.2569
13796	12.2498
13797	12.2428
13798	12.2358
13799	12.2287
13800	12.2217
13801	12.2147
13802	12.2077
13803	12.2007
13804	12.1937
13805	12.1867
13806	12.1797
13807	12.1727
13808	12.1657
13809	12.1587
13810	12.1517
13811	12.1447
13812	12.1377
13813	12.1308
13814	12.1238
13815	12.1168
13816	12.1099
13817	12.1029
13818	12.096
13819	12.089
13820	12.0821
13821	12.0751
13822	12.0682
13823	12.0612
13824	12.0543
13825	12.0474
13826	12.0405
13827	12.0335
13828	12.0266
13829	12.0197
13830	12.0128
13831	12.0059
13832	11.999
13833	11.9921
13834	11.9852
13835	11.9783
13836	11.9714
13837	11.9645
13838	11.9577
13839	11.9508
13840	11.9439
13841	11.9371
13842	11.9302
13843	11.9233
13844	11.9165
13845	11.9096
13846	11.9028
13847	11.8959
13848	11.8891
13849	11.8822
13850	11.8754
13851	11.8686
13852	11.8618
13853	11.8549
13854	11.8481
13855	11.8413
13856	11.8345
13857	11.8277
13858	11.8209
13859	11.8141
13860	11.8073
13861	11.8005
13862	11.7937
13863	11.7869
13864	11.7801
13865	11.7734
13866	11.7666
13867	11.7598
13868	11.7531
13869	11.7463
13870	11.7395
13871	11.7328
13872	11.726
13873	11.7193
13874	11.7125
13875	11.7058
13876	11.6991
13877	11.6923
13878	11.6856
13879	11.6789
13880	11.6721
13881	11.6654
13882	11.6587
13883	11.652
13884	11.6453
13885	11.6386
13886	11.6319
13887	11.6252
13888	11.6185
13889	11.6118
13890	11.6051
13891	11.5985
13892	11.5918
13893	11.5851
13894	11.5784
13895	11.5718
13896	11.5651
13897	11.5584
13898	11.5518
13899	11.5451
13900	11.5385
13901	11.5318
13902	11.5252
13903	11.5186
13904	11.5119
13905	11.5053
13906	11.4987
13907	11.492
13908	11.4854
13909	11.4788
13910	11.4722
13911	11.4656
13912	11.459
13913	11.4524
13914	11.4458
13915	11.4392
13916	11.4326
13917	11.426
13918	11.4194
13919	11.4129
13920	11.4063
13921	11.3997
13922	11.3931
13923	11.3866
13924	11.38
13925	11.3735
13926	11.3669
13927	11.3604
13928	11.3538
13929	11.3473
13930	11.3407
13931	11.3342
13932	11.3277
13933	11.3211
13934	11.3146
13935	11.3081
13936	11.3016
13937	11.2951
13938	11.2885
13939	11.282
13940	11.2755
13941	11.269
13942	11.2625
13943	11.256
13944	11.2496
13945	11.2431
13946	11.2366
13947	11.2301
13948	11.2236
13949	11.2172
13950	11.2107
13951	11.2042
13952	11.1978
13953	11.1913
13954	11.1849
13955	11.1784
13956	11.172
13957	11.1655
13958	11.1591
13959	11.1526
13960	11.1462
13961	11.1398
13962	11.1334
13963	11.1269
13964	11.1205
13965	11.1141
13966	11.1077
13967	11.1013
13968	11.0949
13969	11.0885
13970	11.0821
13971	11.0757
13972	11.0693
13973	11.0629
13974	11.0565
13975	11.0502
13976	11.0438
13977	11.0374
13978	11.031
13979	11.0247
13980	11.0183
13981	11.012
13982	11.0056
13983	10.9992
13984	10.9929
13985	10.9866
13986	10.9802
13987	10.9739
13988	10.9675
13989	10.9612
13990	10.9549
13991	10.9486
13992	10.9422
13993	10.9359
13994	10.9296
13995	10.9233
13996	10.917
13997	10.9107
13998	10.9044
13999	10.8981
14000	10.8918
14001	10.8855
14002	10.8792
14003	10.873
14004	10.8667
14005	10.8604
14006	10.8541
14007	10.8479
14008	10.8416
14009	10.8353
14010	10.8291
14011	10.8228
14012	10.8166
14013	10.8103
14014	10.8041
14015	10.7978
14016	10.7916
14017	10.7854
14018	10.7791
14019	10.7729
14020	10.7667
14021	10.7605
14022	10.7543
14023	10.7481
14024	10.7418
14025	10.7356
14026	10.7294
14027	10.7232
14028	10.717
14029	10.7108
14030	10.7047
14031	10.6985
14032	10.6923
14033	10.6861
14034	10.6799
14035	10.6738
14036	10.6676
14037	10.6614
14038	10.6553
14039	10.6491
14040	10.643
14041	10.6368
14042	10.6307
14043	10.6245
14044	10.6184
14045	10.6122
14046	10.6061
14047	10.6
14048	10.5939
14049	10.5877
14050	10.5816
14051	10.5755
14052	10.5694
14053	10.5633
14054	10.5572
14055	10.5511
14056	10.545
14057	10.5389
14058	10.5328
14059	10.5267
14060	10.5206
14061	10.5145
14062	10.5084
14063	10.5023
14064	10.4963
14065	10.4902
14066	10.4841
14067	10.4781
14068	10.472
14069	10.466
14070	10.4599
14071	10.4539
14072	10.4478
14073	10.4418
14074	10.4357
14075	10.4297
14076	10.4237
14077	10.4176
14078	10.4116
14079	10.4056
14080	10.3996
14081	10.3935
14082	10.3875
14083	10.3815
14084	10.3755
14085	10.3695
14086	10.3635
14087	10.3575
14088	10.3515
14089	10.3455
14090	10.3395
14091	10.3336
14092	10.3276
14093	10.3216
14094	10.3156
14095	10.3097
14096	10.3037
14097	10.2977
14098	10.2918
14099	10.2858
14100	10.2799
14101	10.2739
14102	10.268
14103	10.262
14104	10.2561
14105	10.2501
14106	10.2442
14107	10.2383
14108	10.2324
14109	10.2264
14110	10.2205
14111	10.2146
14112	10.2087
14113	10.2028
14114	10.1969
14115	10.191
14116	10.1851
14117	10.1792
14118	10.1733
14119	10.1674
14120	10.1615
14121	10.1556
14122	10.1497
14123	10.1438
14124	10.138
14125	10.1321
14126	10.1262
14127	10.1204
14128	10.1145
14129	10.1086
14130	10.1028
14131	10.0969
14132	10.0911
14133	10.0852
14134	10.0794
14135	10.0736
14136	10.0677
14137	10.0619
14138	10.0561
14139	10.0502
14140	10.0444
14141	10.0386
14142	10.0328
14143	10.027
14144	10.0212
14145	10.0153
14146	10.0095
14147	10.0037
14148	9.99794
14149	9.99215
14150	9.98636
14151	9.98057
14152	9.97479
14153	9.96901
14154	9.96323
14155	9.95746
14156	9.95168
14157	9.94592
14158	9.94015
14159	9.93439
14160	9.92863
14161	9.92287
14162	9.91712
14163	9.91137
14164	9.90563
14165	9.89988
14166	9.89415
14167	9.88841
14168	9.88268
14169	9.87695
14170	9.87122
14171	9.8655
14172	9.85978
14173	9.85406
14174	9.84834
14175	9.84263
14176	9.83693
14177	9.83122
14178	9.82552
14179	9.81982
14180	9.81413
14181	9.80843
14182	9.80275
14183	9.79706
14184	9.79138
14185	9.7857
14186	9.78002
14187	9.77435
14188	9.76868
14189	9.76301
14190	9.75735
14191	9.75169
14192	9.74603
14193	9.74038
14194	9.73473
14195	9.72908
14196	9.72344
14197	9.71779
14198	9.71216
14199	9.70652
14200	9.70089
14201	9.69526
14202	9.68963
14203	9.68401
14204	9.67839
14205	9.67278
14206	9.66716
14207	9.66155
14208	9.65594
14209	9.65034
14210	9.64474
14211	9.63914
14212	9.63355
14213	9.62796
14214	9.62237
14215	9.61678
14216	9.6112
14217	9.60562
14218	9.60004
14219	9.59447
14220	9.5889
14221	9.58334
14222	9.57777
14223	9.57221
14224	9.56665
14225	9.5611
14226	9.55555
14227	9.55
14228	9.54446
14229	9.53891
14230	9.53337
14231	9.52784
14232	9.52231
14233	9.51678
14234	9.51125
14235	9.50573
14236	9.50021
14237	9.49469
14238	9.48917
14239	9.48366
14240	9.47815
14241	9.47265
14242	9.46715
14243	9.46165
14244	9.45615
14245	9.45066
14246	9.44517
14247	9.43968
14248	9.4342
14249	9.42872
14250	9.42324
14251	9.41777
14252	9.4123
14253	9.40683
14254	9.40136
14255	9.3959
14256	9.39044
14257	9.38498
14258	9.37953
14259	9.37408
14260	9.36863
14261	9.36319
14262	9.35775
14263	9.35231
14264	9.34687
14265	9.34144
14266	9.33601
14267	9.33059
14268	9.32516
14269	9.31974
14270	9.31433
14271	9.30891
14272	9.3035
14273	9.2981
14274	9.29269
14275	9.28729
14276	9.28189
14277	9.27649
14278	9.2711
14279	9.26571
14280	9.26032
14281	9.25494
14282	9.24956
14283	9.24418
14284	9.23881
14285	9.23344
14286	9.22807
14287	9.2227
14288	9.21734
14289	9.21198
14290	9.20662
14291	9.20127
14292	9.19592
14293	9.19057
14294	9.18522
14295	9.17988
14296	9.17454
14297	9.16921
14298	9.16387
14299	9.15854
14300	9.15322
14301	9.14789
14302	9.14257
14303	9.13725
14304	9.13194
14305	9.12663
14306	9.12132
14307	9.11601
14308	9.11071
14309	9.10541
14310	9.10011
14311	9.09481
14312	9.08952
14313	9.08423
14314	9.07895
14315	9.07367
14316	9.06839
14317	9.06311
14318	9.05784
14319	9.05256
14320	9.0473
14321	9.04203
14322	9.03677
14323	9.03151
14324	9.02625
14325	9.021
14326	9.01575
14327	9.0105
14328	9.00526
14329	9.00002
14330	8.99478
14331	8.98954
14332	8.98431
14333	8.97908
14334	8.97385
14335	8.96863
14336	8.96341
14337	8.95819
14338	8.95297
14339	8.94776
14340	8.94255
14341	8.93735
14342	8.93214
14343	8.92694
14344	8.92174
14345	8.91655
14346	8.91136
14347	8.90617
14348	8.90098
14349	8.8958
14350	8.89062
14351	8.88544
14352	8.88027
14353	8.87509
14354	8.86992
14355	8.86476
14356	8.8596
14357	8.85443
14358	8.84928
14359	8.84412
14360	8.83897
14361	8.83382
14362	8.82868
14363	8.82353
14364	8.81839
14365	8.81326
14366	8.80812
14367	8.80299
14368	8.79786
14369	8.79274
14370	8.78761
14371	8.78249
14372	8.77738
14373	8.77226
14374	8.76715
14375	8.76204
14376	8.75694
14377	8.75183
14378	8.74673
14379	8.74164
14380	8.73654
14381	8.73145
14382	8.72636
14383	8.72128
14384	8.71619
14385	8.71111
14386	8.70604
14387	8.70096
14388	8.69589
14389	8.69082
14390	8.68575
14391	8.68069
14392	8.67563
14393	8.67057
14394	8.66552
14395	8.66047
14396	8.65542
14397	8.65037
14398	8.64533
14399	8.64029
14400	8.63525
14401	8.63022
14402	8.62518
14403	8.62016
14404	8.61513
14405	8.61011
14406	8.60508
14407	8.60007
14408	8.59505
14409	8.59004
14410	8.58503
14411	8.58002
14412	8.57502
14413	8.57002
14414	8.56502
14415	8.56002
14416	8.55503
14417	8.55004
14418	8.54505
14419	8.54007
14420	8.53509
14421	8.53011
14422	8.52513
14423	8.52016
14424	8.51519
14425	8.51022
14426	8.50526
14427	8.50029
14428	8.49534
14429	8.49038
14430	8.48543
14431	8.48047
14432	8.47553
14433	8.47058
14434	8.46564
14435	8.4607
14436	8.45576
14437	8.45083
14438	8.44589
14439	8.44097
14440	8.43604
14441	8.43112
14442	8.4262
14443	8.42128
14444	8.41636
14445	8.41145
14446	8.40654
14447	8.40163
14448	8.39673
14449	8.39183
14450	8.38693
14451	8.38203
14452	8.37714
14453	8.37225
14454	8.36736
14455	8.36248
14456	8.3576
14457	8.35272
14458	8.34784
14459	8.34297
14460	8.3381
14461	8.33323
14462	8.32836
14463	8.3235
14464	8.31864
14465	8.31378
14466	8.30893
14467	8.30407
14468	8.29922
14469	8.29438
14470	8.28953
14471	8.28469
14472	8.27985
14473	8.27502
14474	8.27018
14475	8.26535
14476	8.26053
14477	8.2557
14478	8.25088
14479	8.24606
14480	8.24124
14481	8.23643
14482	8.23162
14483	8.22681
14484	8.222
14485	8.2172
14486	8.2124
14487	8.2076
14488	8.20281
14489	8.19801
14490	8.19322
14491	8.18844
14492	8.18365
14493	8.17887
14494	8.17409
14495	8.16931
14496	8.16454
14497	8.15977
14498	8.155
14499	8.15023
14500	8.14547
14501	8.14071
14502	8.13595
14503	8.1312
14504	8.12645
14505	8.1217
14506	8.11695
14507	8.1122
14508	8.10746
14509	8.10272
14510	8.09799
14511	8.09325
14512	8.08852
14513	8.08379
14514	8.07907
14515	8.07434
14516	8.06962
14517	8.06491
14518	8.06019
14519	8.05548
14520	8.05077
14521	8.04606
14522	8.04136
14523	8.03665
14524	8.03196
14525	8.02726
14526	8.02256
14527	8.01787
14528	8.01318
14529	8.0085
14530	8.00381
14531	7.99913
14532	7.99446
14533	7.98978
14534	7.98511
14535	7.98044
14536	7.97577
14537	7.9711
14538	7.96644
14539	7.96178
14540	7.95712
14541	7.95247
14542	7.94782
14543	7.94317
14544	7.93852
14545	7.93388
14546	7.92924
14547	7.9246
14548	7.91996
14549	7.91533
14550	7.91069
14551	7.90607
14552	7.90144
14553	7.89682
14554	7.8922
14555	7.88758
14556	7.88296
14557	7.87835
14558	7.87374
14559	7.86913
14560	7.86453
14561	7.85992
14562	7.85532
14563	7.85073
14564	7.84613
14565	7.84154
14566	7.83695
14567	7.83236
14568	7.82778
14569	7.8232
14570	7.81862
14571	7.81404
14572	7.80947
14573	7.80489
14574	7.80032
14575	7.79576
14576	7.79119
14577	7.78663
14578	7.78207
14579	7.77752
14580	7.77296
14581	7.76841
14582	7.76386
14583	7.75932
14584	7.75477
14585	7.75023
14586	7.7457
14587	7.74116
14588	7.73663
14589	7.7321
14590	7.72757
14591	7.72304
14592	7.71852
14593	7.714
14594	7.70948
14595	7.70497
14596	7.70045
14597	7.69594
14598	7.69143
14599	7.68693
14600	7.68243
14601	7.67793
14602	7.67343
14603	7.66893
14604	7.66444
14605	7.65995
14606	7.65546
14607	7.65098
14608	7.6465
14609	7.64202
14610	7.63754
14611	7.63306
14612	7.62859
14613	7.62412
14614	7.61965
14615	7.61519
14616	7.61073
14617	7.60627
14618	7.60181
14619	7.59736
14620	7.5929
14621	7.58845
14622	7.58401
14623	7.57956
14624	7.57512
14625	7.57068
14626	7.56624
14627	7.56181
14628	7.55738
14629	7.55295
14630	7.54852
14631	7.54409
14632	7.53967
14633	7.53525
14634	7.53083
14635	7.52642
14636	7.52201
14637	7.5176
14638	7.51319
14639	7.50879
14640	7.50438
14641	7.49998
14642	7.49559
14643	7.49119
14644	7.4868
14645	7.48241
14646	7.47802
14647	7.47364
14648	7.46925
14649	7.46487
14650	7.4605
14651	7.45612
14652	7.45175
14653	7.44738
14654	7.44301
14655	7.43864
14656	7.43428
14657	7.42992
14658	7.42556
14659	7.42121
14660	7.41686
14661	7.4125
14662	7.40816
14663	7.40381
14664	7.39947
14665	7.39513
14666	7.39079
14667	7.38645
14668	7.38212
14669	7.37779
14670	7.37346
14671	7.36913
14672	7.36481
14673	7.36049
14674	7.35617
14675	7.35185
14676	7.34754
14677	7.34323
14678	7.33892
14679	7.33461
14680	7.33031
14681	7.32601
14682	7.32171
14683	7.31741
14684	7.31312
14685	7.30883
14686	7.30454
14687	7.30025
14688	7.29596
14689	7.29168
14690	7.2874
14691	7.28312
14692	7.27885
14693	7.27458
14694	7.27031
14695	7.26604
14696	7.26177
14697	7.25751
14698	7.25325
14699	7.24899
14700	7.24474
14701	7.24048
14702	7.23623
14703	7.23198
14704	7.22774
14705	7.22349
14706	7.21925
14707	7.21501
14708	7.21078
14709	7.20654
14710	7.20231
14711	7.19808
14712	7.19385
14713	7.18963
14714	7.18541
14715	7.18119
14716	7.17697
14717	7.17275
14718	7.16854
14719	7.16433
14720	7.16012
14721	7.15592
14722	7.15171
14723	7.14751
14724	7.14331
14725	7.13912
14726	7.13492
14727	7.13073
14728	7.12654
14729	7.12236
14730	7.11817
14731	7.11399
14732	7.10981
14733	7.10563
14734	7.10146
14735	7.09729
14736	7.09312
14737	7.08895
14738	7.08478
14739	7.08062
14740	7.07646
14741	7.0723
14742	7.06815
14743	7.06399
14744	7.05984
14745	7.05569
14746	7.05155
14747	7.0474
14748	7.04326
14749	7.03912
14750	7.03498
14751	7.03085
14752	7.02672
14753	7.02259
14754	7.01846
14755	7.01433
14756	7.01021
14757	7.00609
14758	7.00197
14759	6.99785
14760	6.99374
14761	6.98963
14762	6.98552
14763	6.98141
14764	6.97731
14765	6.97321
14766	6.96911
14767	6.96501
14768	6.96091
14769	6.95682
14770	6.95273
14771	6.94864
14772	6.94455
14773	6.94047
14774	6.93639
14775	6.93231
14776	6.92823
14777	6.92416
14778	6.92009
14779	6.91602
14780	6.91195
14781	6.90788
14782	6.90382
14783	6.89976
14784	6.8957
14785	6.89165
14786	6.88759
14787	6.88354
14788	6.87949
14789	6.87545
14790	6.8714
14791	6.86736
14792	6.86332
14793	6.85928
14794	6.85525
14795	6.85121
14796	6.84718
14797	6.84315
14798	6.83913
14799	6.8351
14800	6.83108
14801	6.82706
14802	6.82304
14803	6.81903
14804	6.81502
14805	6.81101
14806	6.807
14807	6.80299
14808	6.79899
14809	6.79499
14810	6.79099
14811	6.78699
14812	6.783
14813	6.77901
14814	6.77502
14815	6.77103
14816	6.76704
14817	6.76306
14818	6.75908
14819	6.7551
14820	6.75112
14821	6.74715
14822	6.74318
14823	6.73921
14824	6.73524
14825	6.73128
14826	6.72731
14827	6.72335
14828	6.71939
14829	6.71544
14830	6.71148
14831	6.70753
14832	6.70358
14833	6.69963
14834	6.69569
14835	6.69175
14836	6.68781
14837	6.68387
14838	6.67993
14839	6.676
14840	6.67207
14841	6.66814
14842	6.66421
14843	6.66029
14844	6.65636
14845	6.65244
14846	6.64852
14847	6.64461
14848	6.64069
14849	6.63678
14850	6.63287
14851	6.62897
14852	6.62506
14853	6.62116
14854	6.61726
14855	6.61336
14856	6.60946
14857	6.60557
14858	6.60168
14859	6.59779
14860	6.5939
14861	6.59002
14862	6.58613
14863	6.58225
14864	6.57838
14865	6.5745
14866	6.57063
14867	6.56675
14868	6.56288
14869	6.55902
14870	6.55515
14871	6.55129
14872	6.54743
14873	6.54357
14874	6.53971
14875	6.53586
14876	6.53201
14877	6.52816
14878	6.52431
14879	6.52046
14880	6.51662
14881	6.51278
14882	6.50894
14883	6.5051
14884	6.50127
14885	6.49744
14886	6.49361
14887	6.48978
14888	6.48595
14889	6.48213
14890	6.47831
14891	6.47449
14892	6.47067
14893	6.46686
14894	6.46304
14895	6.45923
14896	6.45542
14897	6.45162
14898	6.44781
14899	6.44401
14900	6.44021
14901	6.43641
14902	6.43262
14903	6.42882
14904	6.42503
14905	6.42124
14906	6.41746
14907	6.41367
14908	6.40989
14909	6.40611
14910	6.40233
14911	6.39855
14912	6.39478
14913	6.39101
14914	6.38724
14915	6.38347
14916	6.37971
14917	6.37594
14918	6.37218
14919	6.36842
14920	6.36466
14921	6.36091
14922	6.35716
14923	6.35341
14924	6.34966
14925	6.34591
14926	6.34217
14927	6.33843
14928	6.33469
14929	6.33095
14930	6.32721
14931	6.32348
14932	6.31975
14933	6.31602
14934	6.31229
14935	6.30857
14936	6.30484
14937	6.30112
14938	6.2974
14939	6.29369
14940	6.28997
14941	6.28626
14942	6.28255
14943	6.27884
14944	6.27514
14945	6.27143
14946	6.26773
14947	6.26403
14948	6.26033
14949	6.25664
14950	6.25294
14951	6.24925
14952	6.24556
14953	6.24188
14954	6.23819
14955	6.23451
14956	6.23083
14957	6.22715
14958	6.22347
14959	6.2198
14960	6.21613
14961	6.21246
14962	6.20879
14963	6.20512
14964	6.20146
14965	6.1978
14966	6.19414
14967	6.19048
14968	6.18682
14969	6.18317
14970	6.17952
14971	6.17587
14972	6.17222
14973	6.16857
14974	6.16493
14975	6.16129
14976	6.15765
14977	6.15401
14978	6.15038
14979	6.14675
14980	6.14312
14981	6.13949
14982	6.13586
14983	6.13224
14984	6.12861
14985	6.12499
14986	6.12137
14987	6.11776
14988	6.11414
14989	6.11053
14990	6.10692
14991	6.10331
14992	6.09971
14993	6.0961
14994	6.0925
14995	6.0889
14996	6.0853
14997	6.08171
14998	6.07811
14999	6.07452
15000	6.07093
15001	6.06734
15002	6.06376
15003	6.06017
15004	6.05659
15005	6.05301
15006	6.04944
15007	6.04586
15008	6.04229
15009	6.03872
15010	6.03515
15011	6.03158
15012	6.02801
15013	6.02445
15014	6.02089
15015	6.01733
15016	6.01377
15017	6.01022
15018	6.00667
15019	6.00311
15020	5.99957
15021	5.99602
15022	5.99247
15023	5.98893
15024	5.98539
15025	5.98185
15026	5.97831
15027	5.97478
15028	5.97125
15029	5.96772
15030	5.96419
15031	5.96066
15032	5.95713
15033	5.95361
15034	5.95009
15035	5.94657
15036	5.94306
15037	5.93954
15038	5.93603
15039	5.93252
15040	5.92901
15041	5.9255
15042	5.922
15043	5.91849
15044	5.91499
15045	5.9115
15046	5.908
15047	5.9045
15048	5.90101
15049	5.89752
15050	5.89403
15051	5.89054
15052	5.88706
15053	5.88358
15054	5.8801
15055	5.87662
15056	5.87314
15057	5.86967
15058	5.86619
15059	5.86272
15060	5.85925
15061	5.85579
15062	5.85232
15063	5.84886
15064	5.8454
15065	5.84194
15066	5.83848
15067	5.83503
15068	5.83157
15069	5.82812
15070	5.82467
15071	5.82122
15072	5.81778
15073	5.81434
15074	5.8109
15075	5.80746
15076	5.80402
15077	5.80058
15078	5.79715
15079	5.79372
15080	5.79029
15081	5.78686
15082	5.78344
15083	5.78001
15084	5.77659
15085	5.77317
15086	5.76975
15087	5.76634
15088	5.76292
15089	5.75951
15090	5.7561
15091	5.75269
15092	5.74929
15093	5.74588
15094	5.74248
15095	5.73908
15096	5.73568
15097	5.73229
15098	5.72889
15099	5.7255
15100	5.72211
15101	5.71872
15102	5.71533
15103	5.71195
15104	5.70856
15105	5.70518
15106	5.7018
15107	5.69843
15108	5.69505
15109	5.69168
15110	5.68831
15111	5.68494
15112	5.68157
15113	5.67821
15114	5.67484
15115	5.67148
15116	5.66812
15117	5.66476
15118	5.66141
15119	5.65805
15120	5.6547
15121	5.65135
15122	5.648
15123	5.64466
15124	5.64131
15125	5.63797
15126	5.63463
15127	5.63129
15128	5.62795
15129	5.62462
15130	5.62129
15131	5.61796
15132	5.61463
15133	5.6113
15134	5.60797
15135	5.60465
15136	5.60133
15137	5.59801
15138	5.59469
15139	5.59138
15140	5.58806
15141	5.58475
15142	5.58144
15143	5.57813
15144	5.57483
15145	5.57152
15146	5.56822
15147	5.56492
15148	5.56162
15149	5.55832
15150	5.55503
15151	5.55173
15152	5.54844
15153	5.54515
15154	5.54187
15155	5.53858
15156	5.5353
15157	5.53201
15158	5.52873
15159	5.52546
15160	5.52218
15161	5.51891
15162	5.51563
15163	5.51236
15164	5.50909
15165	5.50583
15166	5.50256
15167	5.4993
15168	5.49604
15169	5.49278
15170	5.48952
15171	5.48627
15172	5.48301
15173	5.47976
15174	5.47651
15175	5.47326
15176	5.47002
15177	5.46677
15178	5.46353
15179	5.46029
15180	5.45705
15181	5.45381
15182	5.45058
15183	5.44734
15184	5.44411
15185	5.44088
15186	5.43765
15187	5.43443
15188	5.4312
15189	5.42798
15190	5.42476
15191	5.42154
15192	5.41833
15193	5.41511
15194	5.4119
15195	5.40869
15196	5.40548
15197	5.40227
15198	5.39907
15199	5.39586
15200	5.39266
15201	5.38946
15202	5.38626
15203	5.38306
15204	5.37987
15205	5.37668
15206	5.37349
15207	5.3703
15208	5.36711
15209	5.36392
15210	5.36074
15211	5.35756
15212	5.35438
15213	5.3512
15214	5.34802
15215	5.34485
15216	5.34168
15217	5.33851
15218	5.33534
15219	5.33217
15220	5.329
15221	5.32584
15222	5.32268
15223	5.31952
15224	5.31636
15225	5.3132
15226	5.31005
15227	5.3069
15228	5.30375
15229	5.3006
15230	5.29745
15231	5.2943
15232	5.29116
15233	5.28802
15234	5.28488
15235	5.28174
15236	5.2786
15237	5.27547
15238	5.27233
15239	5.2692
15240	5.26607
15241	5.26295
15242	5.25982
15243	5.2567
15244	5.25357
15245	5.25045
15246	5.24734
15247	5.24422
15248	5.2411
15249	5.23799
15250	5.23488
15251	5.23177
15252	5.22866
15253	5.22556
15254	5.22245
15255	5.21935
15256	5.21625
15257	5.21315
15258	5.21005
15259	5.20696
15260	5.20386
15261	5.20077
15262	5.19768
15263	5.19459
15264	5.19151
15265	5.18842
15266	5.18534
15267	5.18226
15268	5.17918
15269	5.1761
15270	5.17302
15271	5.16995
15272	5.16688
15273	5.16381
15274	5.16074
15275	5.15767
15276	5.1546
15277	5.15154
15278	5.14848
15279	5.14542
15280	5.14236
15281	5.1393
15282	5.13625
15283	5.1332
15284	5.13014
15285	5.12709
15286	5.12405
15287	5.121
15288	5.11796
15289	5.11491
15290	5.11187
15291	5.10883
15292	5.1058
15293	5.10276
15294	5.09973
15295	5.0967
15296	5.09366
15297	5.09064
15298	5.08761
15299	5.08458
15300	5.08156
15301	5.07854
15302	5.07552
15303	5.0725
15304	5.06948
15305	5.06647
15306	5.06346
15307	5.06045
15308	5.05744
15309	5.05443
15310	5.05142
15311	5.04842
15312	5.04542
15313	5.04241
15314	5.03942
15315	5.03642
15316	5.03342
15317	5.03043
15318	5.02744
15319	5.02445
15320	5.02146
15321	5.01847
15322	5.01548
15323	5.0125
15324	5.00952
15325	5.00654
15326	5.00356
15327	5.00058
15328	4.99761
15329	4.99463
15330	4.99166
15331	4.98869
15332	4.98572
15333	4.98276
15334	4.97979
15335	4.97683
15336	4.97387
15337	4.97091
15338	4.96795
15339	4.96499
15340	4.96204
15341	4.95909
15342	4.95613
15343	4.95319
15344	4.95024
15345	4.94729
15346	4.94435
15347	4.9414
15348	4.93846
15349	4.93552
15350	4.93259
15351	4.92965
15352	4.92672
15353	4.92378
15354	4.92085
15355	4.91792
15356	4.91499
15357	4.91207
15358	4.90914
15359	4.90622
15360	4.9033
15361	4.90038
15362	4.89746
15363	4.89455
15364	4.89163
15365	4.88872
15366	4.88581
15367	4.8829
15368	4.87999
15369	4.87709
15370	4.87418
15371	4.87128
15372	4.86838
15373	4.86548
15374	4.86259
15375	4.85969
15376	4.8568
15377	4.8539
15378	4.85101
15379	4.84812
15380	4.84524
15381	4.84235
15382	4.83947
15383	4.83658
15384	4.8337
15385	4.83082
15386	4.82795
15387	4.82507
15388	4.8222
15389	4.81932
15390	4.81645
15391	4.81358
15392	4.81072
15393	4.80785
15394	4.80499
15395	4.80212
15396	4.79926
15397	4.7964
15398	4.79355
15399	4.79069
15400	4.78784
15401	4.78498
15402	4.78213
15403	4.77928
15404	4.77643
15405	4.77359
15406	4.77074
15407	4.7679
15408	4.76506
15409	4.76222
15410	4.75938
15411	4.75655
15412	4.75371
15413	4.75088
15414	4.74805
15415	4.74522
15416	4.74239
15417	4.73956
15418	4.73674
15419	4.73391
15420	4.73109
15421	4.72827
15422	4.72545
15423	4.72264
15424	4.71982
15425	4.71701
15426	4.7142
15427	4.71139
15428	4.70858
15429	4.70577
15430	4.70297
15431	4.70016
15432	4.69736
15433	4.69456
15434	4.69176
15435	4.68896
15436	4.68617
15437	4.68337
15438	4.68058
15439	4.67779
15440	4.675
15441	4.67221
15442	4.66943
15443	4.66664
15444	4.66386
15445	4.66108
15446	4.6583
15447	4.65552
15448	4.65274
15449	4.64997
15450	4.6472
15451	4.64442
15452	4.64165
15453	4.63889
15454	4.63612
15455	4.63335
15456	4.63059
15457	4.62783
15458	4.62507
15459	4.62231
15460	4.61955
15461	4.6168
15462	4.61404
15463	4.61129
15464	4.60854
15465	4.60579
15466	4.60304
15467	4.60029
15468	4.59755
15469	4.59481
15470	4.59207
15471	4.58933
15472	4.58659
15473	4.58385
15474	4.58112
15475	4.57838
15476	4.57565
15477	4.57292
15478	4.57019
15479	4.56746
15480	4.56474
15481	4.56201
15482	4.55929
15483	4.55657
15484	4.55385
15485	4.55113
15486	4.54842
15487	4.5457
15488	4.54299
15489	4.54028
15490	4.53757
15491	4.53486
15492	4.53215
15493	4.52945
15494	4.52674
15495	4.52404
15496	4.52134
15497	4.51864
15498	4.51594
15499	4.51325
15500	4.51055
15501	4.50786
15502	4.50517
15503	4.50248
15504	4.49979
15505	4.49711
15506	4.49442
15507	4.49174
15508	4.48906
15509	4.48638
15510	4.4837
15511	4.48102
15512	4.47834
15513	4.47567
15514	4.473
15515	4.47033
15516	4.46766
15517	4.46499
15518	4.46232
15519	4.45966
15520	4.45699
15521	4.45433
15522	4.45167
15523	4.44901
15524	4.44636
15525	4.4437
15526	4.44105
15527	4.43839
15528	4.43574
15529	4.43309
15530	4.43044
15531	4.4278
15532	4.42515
15533	4.42251
15534	4.41987
15535	4.41723
15536	4.41459
15537	4.41195
15538	4.40932
15539	4.40668
15540	4.40405
15541	4.40142
15542	4.39879
15543	4.39616
15544	4.39353
15545	4.39091
15546	4.38828
15547	4.38566
15548	4.38304
15549	4.38042
15550	4.3778
15551	4.37519
15552	4.37257
15553	4.36996
15554	4.36735
15555	4.36474
15556	4.36213
15557	4.35952
15558	4.35692
15559	4.35431
15560	4.35171
15561	4.34911
15562	4.34651
15563	4.34391
15564	4.34132
15565	4.33872
15566	4.33613
15567	4.33354
15568	4.33095
15569	4.32836
15570	4.32577
15571	4.32318
15572	4.3206
15573	4.31802
15574	4.31543
15575	4.31285
15576	4.31028
15577	4.3077
15578	4.30512
15579	4.30255
15580	4.29998
15581	4.29741
15582	4.29484
15583	4.29227
15584	4.2897
15585	4.28714
15586	4.28457
15587	4.28201
15588	4.27945
15589	4.27689
15590	4.27433
15591	4.27178
15592	4.26922
15593	4.26667
15594	4.26412
15595	4.26157
15596	4.25902
15597	4.25647
15598	4.25393
15599	4.25138
15600	4.24884
15601	4.2463
15602	4.24376
15603	4.24122
15604	4.23868
15605	4.23615
15606	4.23361
15607	4.23108
15608	4.22855
15609	4.22602
15610	4.22349
15611	4.22096
15612	4.21844
15613	4.21591
15614	4.21339
15615	4.21087
15616	4.20835
15617	4.20583
15618	4.20332
15619	4.2008
15620	4.19829
15621	4.19578
15622	4.19327
15623	4.19076
15624	4.18825
15625	4.18574
15626	4.18324
15627	4.18073
15628	4.17823
15629	4.17573
15630	4.17323
15631	4.17073
15632	4.16824
15633	4.16574
15634	4.16325
15635	4.16076
15636	4.15827
15637	4.15578
15638	4.15329
15639	4.15081
15640	4.14832
15641	4.14584
15642	4.14336
15643	4.14088
15644	4.1384
15645	4.13592
15646	4.13344
15647	4.13097
15648	4.1285
15649	4.12602
15650	4.12355
15651	4.12108
15652	4.11862
15653	4.11615
15654	4.11369
15655	4.11122
15656	4.10876
15657	4.1063
15658	4.10384
15659	4.10139
15660	4.09893
15661	4.09647
15662	4.09402
15663	4.09157
15664	4.08912
15665	4.08667
15666	4.08422
15667	4.08178
15668	4.07933
15669	4.07689
15670	4.07445
15671	4.07201
15672	4.06957
15673	4.06713
15674	4.06469
15675	4.06226
15676	4.05983
15677	4.05739
15678	4.05496
15679	4.05254
15680	4.05011
15681	4.04768
15682	4.04526
15683	4.04283
15684	4.04041
15685	4.03799
15686	4.03557
15687	4.03315
15688	4.03074
15689	4.02832
15690	4.02591
15691	4.0235
15692	4.02109
15693	4.01868
15694	4.01627
15695	4.01386
15696	4.01146
15697	4.00905
15698	4.00665
15699	4.00425
15700	4.00185
15701	3.99945
15702	3.99705
15703	3.99466
15704	3.99226
15705	3.98987
15706	3.98748
15707	3.98509
15708	3.9827
15709	3.98031
15710	3.97793
15711	3.97554
15712	3.97316
15713	3.97078
15714	3.9684
15715	3.96602
15716	3.96364
15717	3.96127
15718	3.95889
15719	3.95652
15720	3.95415
15721	3.95178
15722	3.94941
15723	3.94704
15724	3.94467
15725	3.94231
15726	3.93995
15727	3.93758
15728	3.93522
15729	3.93286
15730	3.9305
15731	3.92815
15732	3.92579
15733	3.92344
15734	3.92109
15735	3.91873
15736	3.91638
15737	3.91404
15738	3.91169
15739	3.90934
15740	3.907
15741	3.90465
15742	3.90231
15743	3.89997
15744	3.89763
15745	3.8953
15746	3.89296
15747	3.89062
15748	3.88829
15749	3.88596
15750	3.88363
15751	3.8813
15752	3.87897
15753	3.87664
15754	3.87432
15755	3.87199
15756	3.86967
15757	3.86735
15758	3.86503
15759	3.86271
15760	3.86039
15761	3.85808
15762	3.85576
15763	3.85345
15764	3.85114
15765	3.84883
15766	3.84652
15767	3.84421
15768	3.8419
15769	3.8396
15770	3.83729
15771	3.83499
15772	3.83269
15773	3.83039
15774	3.82809
15775	3.82579
15776	3.8235
15777	3.8212
15778	3.81891
15779	3.81662
15780	3.81433
15781	3.81204
15782	3.80975
15783	3.80746
15784	3.80518
15785	3.80289
15786	3.80061
15787	3.79833
15788	3.79605
15789	3.79377
15790	3.79149
15791	3.78922
15792	3.78694
15793	3.78467
15794	3.7824
15795	3.78013
15796	3.77786
15797	3.77559
15798	3.77332
15799	3.77106
15800	3.76879
15801	3.76653
15802	3.76427
15803	3.76201
15804	3.75975
15805	3.75749
15806	3.75524
15807	3.75298
15808	3.75073
15809	3.74847
15810	3.74622
15811	3.74397
15812	3.74173
15813	3.73948
15814	3.73723
15815	3.73499
15816	3.73275
15817	3.7305
15818	3.72826
15819	3.72602
15820	3.72379
15821	3.72155
15822	3.71931
15823	3.71708
15824	3.71485
15825	3.71262
15826	3.71039
15827	3.70816
15828	3.70593
15829	3.7037
15830	3.70148
15831	3.69925
15832	3.69703
15833	3.69481
15834	3.69259
15835	3.69037
15836	3.68816
15837	3.68594
15838	3.68373
15839	3.68151
15840	3.6793
15841	3.67709
15842	3.67488
15843	3.67267
15844	3.67047
15845	3.66826
15846	3.66606
15847	3.66385
15848	3.66165
15849	3.65945
15850	3.65725
15851	3.65505
15852	3.65286
15853	3.65066
15854	3.64847
15855	3.64627
15856	3.64408
15857	3.64189
15858	3.6397
15859	3.63752
15860	3.63533
15861	3.63315
15862	3.63096
15863	3.62878
15864	3.6266
15865	3.62442
15866	3.62224
15867	3.62006
15868	3.61789
15869	3.61571
15870	3.61354
15871	3.61136
15872	3.60919
15873	3.60702
15874	3.60485
15875	3.60269
15876	3.60052
15877	3.59836
15878	3.59619
15879	3.59403
15880	3.59187
15881	3.58971
15882	3.58755
15883	3.58539
15884	3.58324
15885	3.58108
15886	3.57893
15887	3.57678
15888	3.57463
15889	3.57248
15890	3.57033
15891	3.56818
15892	3.56604
15893	3.56389
15894	3.56175
15895	3.55961
15896	3.55746
15897	3.55532
15898	3.55319
15899	3.55105
15900	3.54891
15901	3.54678
15902	3.54465
15903	3.54251
15904	3.54038
15905	3.53825
15906	3.53612
15907	3.534
15908	3.53187
15909	3.52975
15910	3.52762
15911	3.5255
15912	3.52338
15913	3.52126
15914	3.51914
15915	3.51702
15916	3.51491
15917	3.51279
15918	3.51068
15919	3.50857
15920	3.50646
15921	3.50435
15922	3.50224
15923	3.50013
15924	3.49802
15925	3.49592
15926	3.49381
15927	3.49171
15928	3.48961
15929	3.48751
15930	3.48541
15931	3.48331
15932	3.48122
15933	3.47912
15934	3.47703
15935	3.47494
15936	3.47284
15937	3.47075
15938	3.46866
15939	3.46658
15940	3.46449
15941	3.4624
15942	3.46032
15943	3.45824
15944	3.45616
15945	3.45408
15946	3.452
15947	3.44992
15948	3.44784
15949	3.44577
15950	3.44369
15951	3.44162
15952	3.43955
15953	3.43747
15954	3.4354
15955	3.43334
15956	3.43127
15957	3.4292
15958	3.42714
15959	3.42507
15960	3.42301
15961	3.42095
15962	3.41889
15963	3.41683
15964	3.41477
15965	3.41272
15966	3.41066
15967	3.40861
15968	3.40656
15969	3.4045
15970	3.40245
15971	3.40041
15972	3.39836
15973	3.39631
15974	3.39426
15975	3.39222
15976	3.39018
15977	3.38814
15978	3.38609
15979	3.38405
15980	3.38202
15981	3.37998
15982	3.37794
15983	3.37591
15984	3.37387
15985	3.37184
15986	3.36981
15987	3.36778
15988	3.36575
15989	3.36372
15990	3.3617
15991	3.35967
15992	3.35765
15993	3.35562
15994	3.3536
15995	3.35158
15996	3.34956
15997	3.34754
15998	3.34553
15999	3.34351
16000	3.3415
16001	3.33948
16002	3.33747
16003	3.33546
16004	3.33345
16005	3.33144
16006	3.32943
16007	3.32743
16008	3.32542
16009	3.32342
16010	3.32141
16011	3.31941
16012	3.31741
16013	3.31541
16014	3.31341
16015	3.31142
16016	3.30942
16017	3.30743
16018	3.30543
16019	3.30344
16020	3.30145
16021	3.29946
16022	3.29747
16023	3.29548
16024	3.29349
16025	3.29151
16026	3.28952
16027	3.28754
16028	3.28556
16029	3.28358
16030	3.2816
16031	3.27962
16032	3.27764
16033	3.27567
16034	3.27369
16035	3.27172
16036	3.26975
16037	3.26777
16038	3.2658
16039	3.26383
16040	3.26187
16041	3.2599
16042	3.25793
16043	3.25597
16044	3.254
16045	3.25204
16046	3.25008
16047	3.24812
16048	3.24616
16049	3.2442
16050	3.24225
16051	3.24029
16052	3.23834
16053	3.23638
16054	3.23443
16055	3.23248
16056	3.23053
16057	3.22858
16058	3.22664
16059	3.22469
16060	3.22274
16061	3.2208
16062	3.21886
16063	3.21692
16064	3.21497
16065	3.21304
16066	3.2111
16067	3.20916
16068	3.20722
16069	3.20529
16070	3.20335
16071	3.20142
16072	3.19949
16073	3.19756
16074	3.19563
16075	3.1937
16076	3.19178
16077	3.18985
16078	3.18792
16079	3.186
16080	3.18408
16081	3.18216
16082	3.18024
16083	3.17832
16084	3.1764
16085	3.17448
16086	3.17257
16087	3.17065
16088	3.16874
16089	3.16683
16090	3.16491
16091	3.163
16092	3.1611
16093	3.15919
16094	3.15728
16095	3.15537
16096	3.15347
16097	3.15157
16098	3.14966
16099	3.14776
16100	3.14586
16101	3.14396
16102	3.14207
16103	3.14017
16104	3.13827
16105	3.13638
16106	3.13449
16107	3.13259
16108	3.1307
16109	3.12881
16110	3.12692
16111	3.12503
16112	3.12315
16113	3.12126
16114	3.11938
16115	3.11749
16116	3.11561
16117	3.11373
16118	3.11185
16119	3.10997
16120	3.10809
16121	3.10622
16122	3.10434
16123	3.10247
16124	3.10059
16125	3.09872
16126	3.09685
16127	3.09498
16128	3.09311
16129	3.09124
16130	3.08937
16131	3.08751
16132	3.08564
16133	3.08378
16134	3.08192
16135	3.08005
16136	3.07819
16137	3.07633
16138	3.07448
16139	3.07262
16140	3.07076
16141	3.06891
16142	3.06705
16143	3.0652
16144	3.06335
16145	3.0615
16146	3.05965
16147	3.0578
16148	3.05595
16149	3.05411
16150	3.05226
16151	3.05042
16152	3.04857
16153	3.04673
16154	3.04489
16155	3.04305
16156	3.04121
16157	3.03938
16158	3.03754
16159	3.0357
16160	3.03387
16161	3.03204
16162	3.0302
16163	3.02837
16164	3.02654
16165	3.02471
16166	3.02288
16167	3.02106
16168	3.01923
16169	3.01741
16170	3.01558
16171	3.01376
16172	3.01194
16173	3.01012
16174	3.0083
16175	3.00648
16176	3.00466
16177	3.00285
16178	3.00103
16179	2.99922
16180	2.99741
16181	2.99559
16182	2.99378
16183	2.99197
16184	2.99016
16185	2.98836
16186	2.98655
16187	2.98474
16188	2.98294
16189	2.98114
16190	2.97933
16191	2.97753
16192	2.97573
16193	2.97393
16194	2.97213
16195	2.97034
16196	2.96854
16197	2.96675
16198	2.96495
16199	2.96316
16200	2.96137
16201	2.95958
16202	2.95779
16203	2.956
16204	2.95421
16205	2.95242
16206	2.95064
16207	2.94885
16208	2.94707
16209	2.94529
16210	2.94351
16211	2.94173
16212	2.93995
16213	2.93817
16214	2.93639
16215	2.93462
16216	2.93284
16217	2.93107
16218	2.92929
16219	2.92752
16220	2.92575
16221	2.92398
16222	2.92221
16223	2.92044
16224	2.91868
16225	2.91691
16226	2.91515
16227	2.91338
16228	2.91162
16229	2.90986
16230	2.9081
16231	2.90634
16232	2.90458
16233	2.90282
16234	2.90107
16235	2.89931
16236	2.89756
16237	2.8958
16238	2.89405
16239	2.8923
16240	2.89055
16241	2.8888
16242	2.88705
16243	2.88531
16244	2.88356
16245	2.88181
16246	2.88007
16247	2.87833
16248	2.87659
16249	2.87484
16250	2.8731
16251	2.87137
16252	2.86963
16253	2.86789
16254	2.86616
16255	2.86442
16256	2.86269
16257	2.86095
16258	2.85922
16259	2.85749
16260	2.85576
16261	2.85403
16262	2.85231
16263	2.85058
16264	2.84885
16265	2.84713
16266	2.8454
16267	2.84368
16268	2.84196
16269	2.84024
16270	2.83852
16271	2.8368
16272	2.83508
16273	2.83337
16274	2.83165
16275	2.82994
16276	2.82822
16277	2.82651
16278	2.8248
16279	2.82309
16280	2.82138
16281	2.81967
16282	2.81796
16283	2.81626
16284	2.81455
16285	2.81285
16286	2.81114
16287	2.80944
16288	2.80774
16289	2.80604
16290	2.80434
16291	2.80264
16292	2.80094
16293	2.79925
16294	2.79755
16295	2.79586
16296	2.79416
16297	2.79247
16298	2.79078
16299	2.78909
16300	2.7874
16301	2.78571
16302	2.78402
16303	2.78234
16304	2.78065
16305	2.77897
16306	2.77728
16307	2.7756
16308	2.77392
16309	2.77224
16310	2.77056
16311	2.76888
16312	2.7672
16313	2.76553
16314	2.76385
16315	2.76218
16316	2.7605
16317	2.75883
16318	2.75716
16319	2.75549
16320	2.75382
16321	2.75215
16322	2.75048
16323	2.74882
16324	2.74715
16325	2.74548
16326	2.74382
16327	2.74216
16328	2.7405
16329	2.73884
16330	2.73718
16331	2.73552
16332	2.73386
16333	2.7322
16334	2.73055
16335	2.72889
16336	2.72724
16337	2.72558
16338	2.72393
16339	2.72228
16340	2.72063
16341	2.71898
16342	2.71733
16343	2.71569
16344	2.71404
16345	2.71239
16346	2.71075
16347	2.70911
16348	2.70746
16349	2.70582
16350	2.70418
16351	2.70254
16352	2.7009
16353	2.69927
16354	2.69763
16355	2.69599
16356	2.69436
16357	2.69273
16358	2.69109
16359	2.68946
16360	2.68783
16361	2.6862
16362	2.68457
16363	2.68294
16364	2.68132
16365	2.67969
16366	2.67807
16367	2.67644
16368	2.67482
16369	2.6732
16370	2.67158
16371	2.66996
16372	2.66834
16373	2.66672
16374	2.6651
16375	2.66348
16376	2.66187
16377	2.66025
16378	2.65864
16379	2.65703
16380	2.65542
16381	2.65381
16382	2.6522
16383	2.65059
16384	2.64898
16385	2.64737
16386	2.64577
16387	2.64416
16388	2.64256
16389	2.64095
16390	2.63935
16391	2.63775
16392	2.63615
16393	2.63455
16394	2.63295
16395	2.63135
16396	2.62976
16397	2.62816
16398	2.62657
16399	2.62497
16400	2.62338
16401	2.62179
16402	2.6202
16403	2.61861
16404	2.61702
16405	2.61543
16406	2.61384
16407	2.61226
16408	2.61067
16409	2.60909
16410	2.60751
16411	2.60592
16412	2.60434
16413	2.60276
16414	2.60118
16415	2.5996
16416	2.59802
16417	2.59645
16418	2.59487
16419	2.5933
16420	2.59172
16421	2.59015
16422	2.58858
16423	2.58701
16424	2.58544
16425	2.58387
16426	2.5823
16427	2.58073
16428	2.57916
16429	2.5776
16430	2.57603
16431	2.57447
16432	2.57291
16433	2.57134
16434	2.56978
16435	2.56822
16436	2.56666
16437	2.56511
16438	2.56355
16439	2.56199
16440	2.56044
16441	2.55888
16442	2.55733
16443	2.55577
16444	2.55422
16445	2.55267
16446	2.55112
16447	2.54957
16448	2.54802
16449	2.54648
16450	2.54493
16451	2.54338
16452	2.54184
16453	2.5403
16454	2.53875
16455	2.53721
16456	2.53567
16457	2.53413
16458	2.53259
16459	2.53105
16460	2.52952
16461	2.52798
16462	2.52644
16463	2.52491
16464	2.52338
16465	2.52184
16466	2.52031
16467	2.51878
16468	2.51725
16469	2.51572
16470	2.51419
16471	2.51267
16472	2.51114
16473	2.50961
16474	2.50809
16475	2.50657
16476	2.50504
16477	2.50352
16478	2.502
16479	2.50048
16480	2.49896
16481	2.49744
16482	2.49592
16483	2.49441
16484	2.49289
16485	2.49138
16486	2.48986
16487	2.48835
16488	2.48684
16489	2.48533
16490	2.48382
16491	2.48231
16492	2.4808
16493	2.47929
16494	2.47778
16495	2.47628
16496	2.47477
16497	2.47327
16498	2.47177
16499	2.47026
16500	2.46876
16501	2.46726
16502	2.46576
16503	2.46426
16504	2.46277
16505	2.46127
16506	2.45977
16507	2.45828
16508	2.45678
16509	2.45529
16510	2.4538
16511	2.45231
16512	2.45082
16513	2.44933
16514	2.44784
16515	2.44635
16516	2.44486
16517	2.44337
16518	2.44189
16519	2.4404
16520	2.43892
16521	2.43744
16522	2.43596
16523	2.43447
16524	2.43299
16525	2.43152
16526	2.43004
16527	2.42856
16528	2.42708
16529	2.42561
16530	2.42413
16531	2.42266
16532	2.42118
16533	2.41971
16534	2.41824
16535	2.41677
16536	2.4153
16537	2.41383
16538	2.41236
16539	2.4109
16540	2.40943
16541	2.40796
16542	2.4065
16543	2.40504
16544	2.40357
16545	2.40211
16546	2.40065
16547	2.39919
16548	2.39773
16549	2.39627
16550	2.39481
16551	2.39336
16552	2.3919
16553	2.39045
16554	2.38899
16555	2.38754
16556	2.38609
16557	2.38464
16558	2.38318
16559	2.38173
16560	2.38029
16561	2.37884
16562	2.37739
16563	2.37594
16564	2.3745
16565	2.37305
16566	2.37161
16567	2.37017
16568	2.36872
16569	2.36728
16570	2.36584
16571	2.3644
16572	2.36296
16573	2.36153
16574	2.36009
16575	2.35865
16576	2.35722
16577	2.35578
16578	2.35435
16579	2.35292
16580	2.35149
16581	2.35005
16582	2.34862
16583	2.34719
16584	2.34577
16585	2.34434
16586	2.34291
16587	2.34149
16588	2.34006
16589	2.33864
16590	2.33721
16591	2.33579
16592	2.33437
16593	2.33295
16594	2.33153
16595	2.33011
16596	2.32869
16597	2.32727
16598	2.32585
16599	2.32444
16600	2.32302
16601	2.32161
16602	2.3202
16603	2.31878
16604	2.31737
16605	2.31596
16606	2.31455
16607	2.31314
16608	2.31173
16609	2.31033
16610	2.30892
16611	2.30751
16612	2.30611
16613	2.3047
16614	2.3033
16615	2.3019
16616	2.3005
16617	2.2991
16618	2.2977
16619	2.2963
16620	2.2949
16621	2.2935
16622	2.2921
16623	2.29071
16624	2.28931
16625	2.28792
16626	2.28652
16627	2.28513
16628	2.28374
16629	2.28235
16630	2.28096
16631	2.27957
16632	2.27818
16633	2.27679
16634	2.27541
16635	2.27402
16636	2.27264
16637	2.27125
16638	2.26987
16639	2.26848
16640	2.2671
16641	2.26572
16642	2.26434
16643	2.26296
16644	2.26158
16645	2.26021
16646	2.25883
16647	2.25745
16648	2.25608
16649	2.2547
16650	2.25333
16651	2.25196
16652	2.25058
16653	2.24921
16654	2.24784
16655	2.24647
16656	2.2451
16657	2.24374
16658	2.24237
16659	2.241
16660	2.23964
16661	2.23827
16662	2.23691
16663	2.23554
16664	2.23418
16665	2.23282
16666	2.23146
16667	2.2301
16668	2.22874
16669	2.22738
16670	2.22602
16671	2.22467
16672	2.22331
16673	2.22196
16674	2.2206
16675	2.21925
16676	2.2179
16677	2.21654
16678	2.21519
16679	2.21384
16680	2.21249
16681	2.21115
16682	2.2098
16683	2.20845
16684	2.2071
16685	2.20576
16686	2.20441
16687	2.20307
16688	2.20173
16689	2.20038
16690	2.19904
16691	2.1977
16692	2.19636
16693	2.19502
16694	2.19368
16695	2.19235
16696	2.19101
16697	2.18967
16698	2.18834
16699	2.18701
16700	2.18567
16701	2.18434
16702	2.18301
16703	2.18168
16704	2.18035
16705	2.17902
16706	2.17769
16707	2.17636
16708	2.17503
16709	2.17371
16710	2.17238
16711	2.17105
16712	2.16973
16713	2.16841
16714	2.16708
16715	2.16576
16716	2.16444
16717	2.16312
16718	2.1618
16719	2.16048
16720	2.15917
16721	2.15785
16722	2.15653
16723	2.15522
16724	2.1539
16725	2.15259
16726	2.15128
16727	2.14996
16728	2.14865
16729	2.14734
16730	2.14603
16731	2.14472
16732	2.14341
16733	2.14211
16734	2.1408
16735	2.13949
16736	2.13819
16737	2.13688
16738	2.13558
16739	2.13428
16740	2.13297
16741	2.13167
16742	2.13037
16743	2.12907
16744	2.12777
16745	2.12647
16746	2.12518
16747	2.12388
16748	2.12258
16749	2.12129
16750	2.11999
16751	2.1187
16752	2.11741
16753	2.11612
16754	2.11482
16755	2.11353
16756	2.11224
16757	2.11095
16758	2.10967
16759	2.10838
16760	2.10709
16761	2.1058
16762	2.10452
16763	2.10324
16764	2.10195
16765	2.10067
16766	2.09939
16767	2.0981
16768	2.09682
16769	2.09554
16770	2.09426
16771	2.09299
16772	2.09171
16773	2.09043
16774	2.08916
16775	2.08788
16776	2.08661
16777	2.08533
16778	2.08406
16779	2.08279
16780	2.08151
16781	2.08024
16782	2.07897
16783	2.0777
16784	2.07644
16785	2.07517
16786	2.0739
16787	2.07263
16788	2.07137
16789	2.0701
16790	2.06884
16791	2.06758
16792	2.06631
16793	2.06505
16794	2.06379
16795	2.06253
16796	2.06127
16797	2.06001
16798	2.05875
16799	2.0575
16800	2.05624
16801	2.05498
16802	2.05373
16803	2.05247
16804	2.05122
16805	2.04997
16806	2.04872
16807	2.04746
16808	2.04621
16809	2.04496
16810	2.04372
16811	2.04247
16812	2.04122
16813	2.03997
16814	2.03873
16815	2.03748
16816	2.03624
16817	2.03499
16818	2.03375
16819	2.03251
16820	2.03126
16821	2.03002
16822	2.02878
16823	2.02754
16824	2.02631
16825	2.02507
16826	2.02383
16827	2.02259
16828	2.02136
16829	2.02012
16830	2.01889
16831	2.01765
16832	2.01642
16833	2.01519
16834	2.01396
16835	2.01273
16836	2.0115
16837	2.01027
16838	2.00904
16839	2.00781
16840	2.00659
16841	2.00536
16842	2.00413
16843	2.00291
16844	2.00168
16845	2.00046
16846	1.99924
16847	1.99802
16848	1.9968
16849	1.99558
16850	1.99436
16851	1.99314
16852	1.99192
16853	1.9907
16854	1.98948
16855	1.98827
16856	1.98705
16857	1.98584
16858	1.98462
16859	1.98341
16860	1.9822
16861	1.98099
16862	1.97978
16863	1.97857
16864	1.97736
16865	1.97615
16866	1.97494
16867	1.97373
16868	1.97252
16869	1.97132
16870	1.97011
16871	1.96891
16872	1.9677
16873	1.9665
16874	1.9653
16875	1.9641
16876	1.9629
16877	1.9617
16878	1.9605
16879	1.9593
16880	1.9581
16881	1.9569
16882	1.95571
16883	1.95451
16884	1.95331
16885	1.95212
16886	1.95093
16887	1.94973
16888	1.94854
16889	1.94735
16890	1.94616
16891	1.94497
16892	1.94378
16893	1.94259
16894	1.9414
16895	1.94021
16896	1.93903
16897	1.93784
16898	1.93666
16899	1.93547
16900	1.93429
16901	1.9331
16902	1.93192
16903	1.93074
16904	1.92956
16905	1.92838
16906	1.9272
16907	1.92602
16908	1.92484
16909	1.92366
16910	1.92249
16911	1.92131
16912	1.92014
16913	1.91896
16914	1.91779
16915	1.91661
16916	1.91544
16917	1.91427
16918	1.9131
16919	1.91193
16920	1.91076
16921	1.90959
16922	1.90842
16923	1.90725
16924	1.90608
16925	1.90492
16926	1.90375
16927	1.90259
16928	1.90142
16929	1.90026
16930	1.8991
16931	1.89793
16932	1.89677
16933	1.89561
16934	1.89445
16935	1.89329
16936	1.89213
16937	1.89098
16938	1.88982
16939	1.88866
16940	1.88751
16941	1.88635
16942	1.8852
16943	1.88404
16944	1.88289
16945	1.88174
16946	1.88058
16947	1.87943
16948	1.87828
16949	1.87713
16950	1.87598
16951	1.87483
16952	1.87369
16953	1.87254
16954	1.87139
16955	1.87025
16956	1.8691
16957	1.86796
16958	1.86682
16959	1.86567
16960	1.86453
16961	1.86339
16962	1.86225
16963	1.86111
16964	1.85997
16965	1.85883
16966	1.85769
16967	1.85655
16968	1.85542
16969	1.85428
16970	1.85314
16971	1.85201
16972	1.85088
16973	1.84974
16974	1.84861
16975	1.84748
16976	1.84635
16977	1.84522
16978	1.84409
16979	1.84296
16980	1.84183
16981	1.8407
16982	1.83957
16983	1.83845
16984	1.83732
16985	1.83619
16986	1.83507
16987	1.83395
16988	1.83282
16989	1.8317
16990	1.83058
16991	1.82946
16992	1.82834
16993	1.82722
16994	1.8261
16995	1.82498
16996	1.82386
16997	1.82274
16998	1.82163
16999	1.82051
17000	1.81939
17001	1.81828
17002	1.81717
17003	1.81605
17004	1.81494
17005	1.81383
17006	1.81272
17007	1.81161
17008	1.8105
17009	1.80939
17010	1.80828
17011	1.80717
17012	1.80606
17013	1.80496
17014	1.80385
17015	1.80274
17016	1.80164
17017	1.80054
17018	1.79943
17019	1.79833
17020	1.79723
17021	1.79613
17022	1.79503
17023	1.79393
17024	1.79283
17025	1.79173
17026	1.79063
17027	1.78953
17028	1.78843
17029	1.78734
17030	1.78624
17031	1.78515
17032	1.78405
17033	1.78296
17034	1.78187
17035	1.78078
17036	1.77968
17037	1.77859
17038	1.7775
17039	1.77641
17040	1.77532
17041	1.77424
17042	1.77315
17043	1.77206
17044	1.77098
17045	1.76989
17046	1.7688
17047	1.76772
17048	1.76664
17049	1.76555
17050	1.76447
17051	1.76339
17052	1.76231
17053	1.76123
17054	1.76015
17055	1.75907
17056	1.75799
17057	1.75691
17058	1.75583
17059	1.75476
17060	1.75368
17061	1.75261
17062	1.75153
17063	1.75046
17064	1.74938
17065	1.74831
17066	1.74724
17067	1.74617
17068	1.7451
17069	1.74403
17070	1.74296
17071	1.74189
17072	1.74082
17073	1.73975
17074	1.73869
17075	1.73762
17076	1.73655
17077	1.73549
17078	1.73442
17079	1.73336
17080	1.7323
17081	1.73123
17082	1.73017
17083	1.72911
17084	1.72805
17085	1.72699
17086	1.72593
17087	1.72487
17088	1.72381
17089	1.72276
17090	1.7217
17091	1.72064
17092	1.71959
17093	1.71853
17094	1.71748
17095	1.71642
17096	1.71537
17097	1.71432
17098	1.71327
17099	1.71222
17100	1.71117
17101	1.71012
17102	1.70907
17103	1.70802
17104	1.70697
17105	1.70592
17106	1.70488
17107	1.70383
17108	1.70278
17109	1.70174
17110	1.70069
17111	1.69965
17112	1.69861
17113	1.69757
17114	1.69652
17115	1.69548
17116	1.69444
17117	1.6934
17118	1.69236
17119	1.69132
17120	1.69029
17121	1.68925
17122	1.68821
17123	1.68718
17124	1.68614
17125	1.68511
17126	1.68407
17127	1.68304
17128	1.682
17129	1.68097
17130	1.67994
17131	1.67891
17132	1.67788
17133	1.67685
17134	1.67582
17135	1.67479
17136	1.67376
17137	1.67273
17138	1.67171
17139	1.67068
17140	1.66966
17141	1.66863
17142	1.66761
17143	1.66658
17144	1.66556
17145	1.66454
17146	1.66351
17147	1.66249
17148	1.66147
17149	1.66045
17150	1.65943
17151	1.65841
17152	1.6574
17153	1.65638
17154	1.65536
17155	1.65434
17156	1.65333
17157	1.65231
17158	1.6513
17159	1.65028
17160	1.64927
17161	1.64826
17162	1.64725
17163	1.64623
17164	1.64522
17165	1.64421
17166	1.6432
17167	1.64219
17168	1.64118
17169	1.64018
17170	1.63917
17171	1.63816
17172	1.63716
17173	1.63615
17174	1.63515
17175	1.63414
17176	1.63314
17177	1.63213
17178	1.63113
17179	1.63013
17180	1.62913
17181	1.62813
17182	1.62713
17183	1.62613
17184	1.62513
17185	1.62413
17186	1.62313
17187	1.62214
17188	1.62114
17189	1.62014
17190	1.61915
17191	1.61815
17192	1.61716
17193	1.61617
17194	1.61517
17195	1.61418
17196	1.61319
17197	1.6122
17198	1.61121
17199	1.61022
17200	1.60923
17201	1.60824
17202	1.60725
17203	1.60626
17204	1.60527
17205	1.60429
17206	1.6033
17207	1.60232
17208	1.60133
17209	1.60035
17210	1.59936
17211	1.59838
17212	1.5974
17213	1.59642
17214	1.59544
17215	1.59446
17216	1.59348
17217	1.5925
17218	1.59152
17219	1.59054
17220	1.58956
17221	1.58858
17222	1.58761
17223	1.58663
17224	1.58566
17225	1.58468
17226	1.58371
17227	1.58273
17228	1.58176
17229	1.58079
17230	1.57982
17231	1.57885
17232	1.57788
17233	1.57691
17234	1.57594
17235	1.57497
17236	1.574
17237	1.57303
17238	1.57206
17239	1.5711
17240	1.57013
17241	1.56917
17242	1.5682
17243	1.56724
17244	1.56627
17245	1.56531
17246	1.56435
17247	1.56339
17248	1.56243
17249	1.56146
17250	1.5605
17251	1.55954
17252	1.55859
17253	1.55763
17254	1.55667
17255	1.55571
17256	1.55476
17257	1.5538
17258	1.55284
17259	1.55189
17260	1.55093
17261	1.54998
17262	1.54903
17263	1.54807
17264	1.54712
17265	1.54617
17266	1.54522
17267	1.54427
17268	1.54332
17269	1.54237
17270	1.54142
17271	1.54047
17272	1.53953
17273	1.53858
17274	1.53763
17275	1.53669
17276	1.53574
17277	1.5348
17278	1.53385
17279	1.53291
17280	1.53196
17281	1.53102
17282	1.53008
17283	1.52914
17284	1.5282
17285	1.52726
17286	1.52632
17287	1.52538
17288	1.52444
17289	1.5235
17290	1.52257
17291	1.52163
17292	1.52069
17293	1.51976
17294	1.51882
17295	1.51789
17296	1.51695
17297	1.51602
17298	1.51509
17299	1.51415
17300	1.51322
17301	1.51229
17302	1.51136
17303	1.51043
17304	1.5095
17305	1.50857
17306	1.50764
17307	1.50672
17308	1.50579
17309	1.50486
17310	1.50394
17311	1.50301
17312	1.50208
17313	1.50116
17314	1.50024
17315	1.49931
17316	1.49839
17317	1.49747
17318	1.49655
17319	1.49562
17320	1.4947
17321	1.49378
17322	1.49286
17323	1.49195
17324	1.49103
17325	1.49011
17326	1.48919
17327	1.48828
17328	1.48736
17329	1.48644
17330	1.48553
17331	1.48461
17332	1.4837
17333	1.48279
17334	1.48187
17335	1.48096
17336	1.48005
17337	1.47914
17338	1.47823
17339	1.47732
17340	1.47641
17341	1.4755
17342	1.47459
17343	1.47368
17344	1.47277
17345	1.47187
17346	1.47096
17347	1.47005
17348	1.46915
17349	1.46824
17350	1.46734
17351	1.46644
17352	1.46553
17353	1.46463
17354	1.46373
17355	1.46283
17356	1.46193
17357	1.46103
17358	1.46013
17359	1.45923
17360	1.45833
17361	1.45743
17362	1.45653
17363	1.45564
17364	1.45474
17365	1.45384
17366	1.45295
17367	1.45205
17368	1.45116
17369	1.45026
17370	1.44937
17371	1.44848
17372	1.44759
17373	1.44669
17374	1.4458
17375	1.44491
17376	1.44402
17377	1.44313
17378	1.44224
17379	1.44135
17380	1.44047
17381	1.43958
17382	1.43869
17383	1.43781
17384	1.43692
17385	1.43603
17386	1.43515
17387	1.43427
17388	1.43338
17389	1.4325
17390	1.43162
17391	1.43073
17392	1.42985
17393	1.42897
17394	1.42809
17395	1.42721
17396	1.42633
17397	1.42545
17398	1.42457
17399	1.4237
17400	1.42282
17401	1.42194
17402	1.42106
17403	1.42019
17404	1.41931
17405	1.41844
17406	1.41756
17407	1.41669
17408	1.41582
17409	1.41495
17410	1.41407
17411	1.4132
17412	1.41233
17413	1.41146
17414	1.41059
17415	1.40972
17416	1.40885
17417	1.40798
17418	1.40712
17419	1.40625
17420	1.40538
17421	1.40451
17422	1.40365
17423	1.40278
17424	1.40192
17425	1.40105
17426	1.40019
17427	1.39933
17428	1.39846
17429	1.3976
17430	1.39674
17431	1.39588
17432	1.39502
17433	1.39416
17434	1.3933
17435	1.39244
17436	1.39158
17437	1.39072
17438	1.38987
17439	1.38901
17440	1.38815
17441	1.3873
17442	1.38644
17443	1.38559
17444	1.38473
17445	1.38388
17446	1.38302
17447	1.38217
17448	1.38132
17449	1.38047
17450	1.37962
17451	1.37877
17452	1.37791
17453	1.37707
17454	1.37622
17455	1.37537
17456	1.37452
17457	1.37367
17458	1.37282
17459	1.37198
17460	1.37113
17461	1.37028
17462	1.36944
17463	1.3686
17464	1.36775
17465	1.36691
17466	1.36606
17467	1.36522
17468	1.36438
17469	1.36354
17470	1.3627
17471	1.36186
17472	1.36102
17473	1.36018
17474	1.35934
17475	1.3585
17476	1.35766
17477	1.35682
17478	1.35599
17479	1.35515
17480	1.35431
17481	1.35348
17482	1.35264
17483	1.35181
17484	1.35097
17485	1.35014
17486	1.34931
17487	1.34847
17488	1.34764
17489	1.34681
17490	1.34598
17491	1.34515
17492	1.34432
17493	1.34349
17494	1.34266
17495	1.34183
17496	1.341
17497	1.34018
17498	1.33935
17499	1.33852
17500	1.3377
17501	1.33687
17502	1.33605
17503	1.33522
17504	1.3344
17505	1.33357
17506	1.33275
17507	1.33193
17508	1.33111
17509	1.33028
17510	1.32946
17511	1.32864
17512	1.32782
17513	1.327
17514	1.32618
17515	1.32536
17516	1.32455
17517	1.32373
17518	1.32291
17519	1.3221
17520	1.32128
17521	1.32046
17522	1.31965
17523	1.31883
17524	1.31802
17525	1.31721
17526	1.31639
17527	1.31558
17528	1.31477
17529	1.31396
17530	1.31314
17531	1.31233
17532	1.31152
17533	1.31071
17534	1.3099
17535	1.3091
17536	1.30829
17537	1.30748
17538	1.30667
17539	1.30587
17540	1.30506
17541	1.30425
17542	1.30345
17543	1.30264
17544	1.30184
17545	1.30103
17546	1.30023
17547	1.29943
17548	1.29863
17549	1.29782
17550	1.29702
17551	1.29622
17552	1.29542
17553	1.29462
17554	1.29382
17555	1.29302
17556	1.29222
17557	1.29142
17558	1.29063
17559	1.28983
17560	1.28903
17561	1.28824
17562	1.28744
17563	1.28665
17564	1.28585
17565	1.28506
17566	1.28426
17567	1.28347
17568	1.28268
17569	1.28188
17570	1.28109
17571	1.2803
17572	1.27951
17573	1.27872
17574	1.27793
17575	1.27714
17576	1.27635
17577	1.27556
17578	1.27477
17579	1.27399
17580	1.2732
17581	1.27241
17582	1.27163
17583	1.27084
17584	1.27006
17585	1.26927
17586	1.26849
17587	1.2677
17588	1.26692
17589	1.26614
17590	1.26535
17591	1.26457
17592	1.26379
17593	1.26301
17594	1.26223
17595	1.26145
17596	1.26067
17597	1.25989
17598	1.25911
17599	1.25833
17600	1.25756
17601	1.25678
17602	1.256
17603	1.25523
17604	1.25445
17605	1.25368
17606	1.2529
17607	1.25213
17608	1.25135
17609	1.25058
17610	1.24981
17611	1.24903
17612	1.24826
17613	1.24749
17614	1.24672
17615	1.24595
17616	1.24518
17617	1.24441
17618	1.24364
17619	1.24287
17620	1.2421
17621	1.24133
17622	1.24057
17623	1.2398
17624	1.23903
17625	1.23827
17626	1.2375
17627	1.23674
17628	1.23597
17629	1.23521
17630	1.23444
17631	1.23368
17632	1.23292
17633	1.23216
17634	1.23139
17635	1.23063
17636	1.22987
17637	1.22911
17638	1.22835
17639	1.22759
17640	1.22683
17641	1.22607
17642	1.22532
17643	1.22456
17644	1.2238
17645	1.22304
17646	1.22229
17647	1.22153
17648	1.22078
17649	1.22002
17650	1.21927
17651	1.21851
17652	1.21776
17653	1.21701
17654	1.21625
17655	1.2155
17656	1.21475
17657	1.214
17658	1.21325
17659	1.2125
17660	1.21175
17661	1.211
17662	1.21025
17663	1.2095
17664	1.20875
17665	1.208
17666	1.20726
17667	1.20651
17668	1.20576
17669	1.20502
17670	1.20427
17671	1.20353
17672	1.20278
17673	1.20204
17674	1.20129
17675	1.20055
17676	1.19981
17677	1.19907
17678	1.19832
17679	1.19758
17680	1.19684
17681	1.1961
17682	1.19536
17683	1.19462
17684	1.19388
17685	1.19314
17686	1.19241
17687	1.19167
17688	1.19093
17689	1.19019
17690	1.18946
17691	1.18872
17692	1.18799
17693	1.18725
17694	1.18652
17695	1.18578
17696	1.18505
17697	1.18431
17698	1.18358
17699	1.18285
17700	1.18212
17701	1.18139
17702	1.18065
17703	1.17992
17704	1.17919
17705	1.17846
17706	1.17773
17707	1.177
17708	1.17628
17709	1.17555
17710	1.17482
17711	1.17409
17712	1.17337
17713	1.17264
17714	1.17191
17715	1.17119
17716	1.17046
17717	1.16974
17718	1.16902
17719	1.16829
17720	1.16757
17721	1.16685
17722	1.16612
17723	1.1654
17724	1.16468
17725	1.16396
17726	1.16324
17727	1.16252
17728	1.1618
17729	1.16108
17730	1.16036
17731	1.15964
17732	1.15892
17733	1.15821
17734	1.15749
17735	1.15677
17736	1.15606
17737	1.15534
17738	1.15463
17739	1.15391
17740	1.1532
17741	1.15248
17742	1.15177
17743	1.15105
17744	1.15034
17745	1.14963
17746	1.14892
17747	1.14821
17748	1.1475
17749	1.14678
17750	1.14607
17751	1.14536
17752	1.14466
17753	1.14395
17754	1.14324
17755	1.14253
17756	1.14182
17757	1.14112
17758	1.14041
17759	1.1397
17760	1.139
17761	1.13829
17762	1.13759
17763	1.13688
17764	1.13618
17765	1.13547
17766	1.13477
17767	1.13407
17768	1.13336
17769	1.13266
17770	1.13196
17771	1.13126
17772	1.13056
17773	1.12986
17774	1.12916
17775	1.12846
17776	1.12776
17777	1.12706
17778	1.12636
17779	1.12566
17780	1.12497
17781	1.12427
17782	1.12357
17783	1.12288
17784	1.12218
17785	1.12149
17786	1.12079
17787	1.1201
17788	1.1194
17789	1.11871
17790	1.11802
17791	1.11732
17792	1.11663
17793	1.11594
17794	1.11525
17795	1.11456
17796	1.11387
17797	1.11318
17798	1.11249
17799	1.1118
17800	1.11111
17801	1.11042
17802	1.10973
17803	1.10904
17804	1.10836
17805	1.10767
17806	1.10698
17807	1.1063
17808	1.10561
17809	1.10493
17810	1.10424
17811	1.10356
17812	1.10287
17813	1.10219
17814	1.10151
17815	1.10082
17816	1.10014
17817	1.09946
17818	1.09878
17819	1.0981
17820	1.09741
17821	1.09673
17822	1.09605
17823	1.09538
17824	1.0947
17825	1.09402
17826	1.09334
17827	1.09266
17828	1.09198
17829	1.09131
17830	1.09063
17831	1.08995
17832	1.08928
17833	1.0886
17834	1.08793
17835	1.08725
17836	1.08658
17837	1.08591
17838	1.08523
17839	1.08456
17840	1.08389
17841	1.08322
17842	1.08254
17843	1.08187
17844	1.0812
17845	1.08053
17846	1.07986
17847	1.07919
17848	1.07852
17849	1.07785
17850	1.07718
17851	1.07652
17852	1.07585
17853	1.07518
17854	1.07452
17855	1.07385
17856	1.07318
17857	1.07252
17858	1.07185
17859	1.07119
17860	1.07052
17861	1.06986
17862	1.0692
17863	1.06853
17864	1.06787
17865	1.06721
17866	1.06655
17867	1.06588
17868	1.06522
17869	1.06456
17870	1.0639
17871	1.06324
17872	1.06258
17873	1.06192
17874	1.06126
17875	1.06061
17876	1.05995
17877	1.05929
17878	1.05863
17879	1.05798
17880	1.05732
17881	1.05666
17882	1.05601
17883	1.05535
17884	1.0547
17885	1.05404
17886	1.05339
17887	1.05274
17888	1.05208
17889	1.05143
17890	1.05078
17891	1.05013
17892	1.04947
17893	1.04882
17894	1.04817
17895	1.04752
17896	1.04687
17897	1.04622
17898	1.04557
17899	1.04492
17900	1.04428
17901	1.04363
17902	1.04298
17903	1.04233
17904	1.04169
17905	1.04104
17906	1.04039
17907	1.03975
17908	1.0391
17909	1.03846
17910	1.03781
17911	1.03717
17912	1.03653
17913	1.03588
17914	1.03524
17915	1.0346
17916	1.03395
17917	1.03331
17918	1.03267
17919	1.03203
17920	1.03139
17921	1.03075
17922	1.03011
17923	1.02947
17924	1.02883
17925	1.02819
17926	1.02755
17927	1.02692
17928	1.02628
17929	1.02564
17930	1.02501
17931	1.02437
17932	1.02373
17933	1.0231
17934	1.02246
17935	1.02183
17936	1.02119
17937	1.02056
17938	1.01993
17939	1.01929
17940	1.01866
17941	1.01803
17942	1.01739
17943	1.01676
17944	1.01613
17945	1.0155
17946	1.01487
17947	1.01424
17948	1.01361
17949	1.01298
17950	1.01235
17951	1.01172
17952	1.0111
17953	1.01047
17954	1.00984
17955	1.00921
17956	1.00859
17957	1.00796
17958	1.00733
17959	1.00671
17960	1.00608
17961	1.00546
17962	1.00483
17963	1.00421
17964	1.00359
17965	1.00296
17966	1.00234
17967	1.00172
17968	1.00109
17969	1.00047
17970	0.999851
17971	0.99923
17972	0.99861
17973	0.997989
17974	0.997369
17975	0.99675
17976	0.996131
17977	0.995512
17978	0.994894
17979	0.994276
17980	0.993658
17981	0.993041
17982	0.992424
17983	0.991807
17984	0.991191
17985	0.990575
17986	0.98996
17987	0.989345
17988	0.98873
17989	0.988116
17990	0.987502
17991	0.986888
17992	0.986275
17993	0.985662
17994	0.98505
17995	0.984438
17996	0.983826
17997	0.983215
17998	0.982604
17999	0.981994
18000	0.981383
18001	0.980774
18002	0.980164
18003	0.979555
18004	0.978946
18005	0.978338
18006	0.97773
18007	0.977122
18008	0.976515
18009	0.975908
18010	0.975302
18011	0.974696
18012	0.97409
18013	0.973485
18014	0.97288
18015	0.972275
18016	0.971671
18017	0.971067
18018	0.970463
18019	0.96986
18020	0.969257
18021	0.968655
18022	0.968053
18023	0.967451
18024	0.96685
18025	0.966249
18026	0.965648
18027	0.965048
18028	0.964448
18029	0.963849
18030	0.963249
18031	0.962651
18032	0.962052
18033	0.961454
18034	0.960856
18035	0.960259
18036	0.959662
18037	0.959066
18038	0.958469
18039	0.957873
18040	0.957278
18041	0.956683
18042	0.956088
18043	0.955494
18044	0.954899
18045	0.954306
18046	0.953712
18047	0.953119
18048	0.952527
18049	0.951935
18050	0.951343
18051	0.950751
18052	0.95016
18053	0.949569
18054	0.948979
18055	0.948389
18056	0.947799
18057	0.94721
18058	0.94662
18059	0.946032
18060	0.945444
18061	0.944856
18062	0.944268
18063	0.943681
18064	0.943094
18065	0.942507
18066	0.941921
18067	0.941335
18068	0.94075
18069	0.940165
18070	0.93958
18071	0.938996
18072	0.938412
18073	0.937828
18074	0.937245
18075	0.936662
18076	0.936079
18077	0.935497
18078	0.934915
18079	0.934334
18080	0.933752
18081	0.933172
18082	0.932591
18083	0.932011
18084	0.931431
18085	0.930852
18086	0.930273
18087	0.929694
18088	0.929116
18089	0.928538
18090	0.92796
18091	0.927383
18092	0.926806
18093	0.926229
18094	0.925653
18095	0.925077
18096	0.924502
18097	0.923926
18098	0.923351
18099	0.922777
18100	0.922203
18101	0.921629
18102	0.921056
18103	0.920483
18104	0.91991
18105	0.919337
18106	0.918765
18107	0.918194
18108	0.917622
18109	0.917051
18110	0.916481
18111	0.91591
18112	0.91534
18113	0.914771
18114	0.914202
18115	0.913633
18116	0.913064
18117	0.912496
18118	0.911928
18119	0.91136
18120	0.910793
18121	0.910226
18122	0.90966
18123	0.909094
18124	0.908528
18125	0.907962
18126	0.907397
18127	0.906833
18128	0.906268
18129	0.905704
18130	0.90514
18131	0.904577
18132	0.904014
18133	0.903451
18134	0.902889
18135	0.902327
18136	0.901765
18137	0.901204
18138	0.900643
18139	0.900082
18140	0.899522
18141	0.898962
18142	0.898402
18143	0.897843
18144	0.897284
18145	0.896725
18146	0.896167
18147	0.895609
18148	0.895052
18149	0.894494
18150	0.893938
18151	0.893381
18152	0.892825
18153	0.892269
18154	0.891713
18155	0.891158
18156	0.890603
18157	0.890049
18158	0.889495
18159	0.888941
18160	0.888387
18161	0.887834
18162	0.887281
18163	0.886729
18164	0.886176
18165	0.885625
18166	0.885073
18167	0.884522
18168	0.883971
18169	0.883421
18170	0.882871
18171	0.882321
18172	0.881771
18173	0.881222
18174	0.880673
18175	0.880125
18176	0.879577
18177	0.879029
18178	0.878481
18179	0.877934
18180	0.877387
18181	0.876841
18182	0.876295
18183	0.875749
18184	0.875204
18185	0.874658
18186	0.874114
18187	0.873569
18188	0.873025
18189	0.872481
18190	0.871938
18191	0.871395
18192	0.870852
18193	0.870309
18194	0.869767
18195	0.869225
18196	0.868684
18197	0.868143
18198	0.867602
18199	0.867061
18200	0.866521
18201	0.865981
18202	0.865442
18203	0.864903
18204	0.864364
18205	0.863825
18206	0.863287
18207	0.862749
18208	0.862212
18209	0.861674
18210	0.861138
18211	0.860601
18212	0.860065
18213	0.859529
18214	0.858993
18215	0.858458
18216	0.857923
18217	0.857389
18218	0.856854
18219	0.85632
18220	0.855787
18221	0.855253
18222	0.85472
18223	0.854188
18224	0.853656
18225	0.853124
18226	0.852592
18227	0.852061
18228	0.85153
18229	0.850999
18230	0.850468
18231	0.849938
18232	0.849409
18233	0.848879
18234	0.84835
18235	0.847821
18236	0.847293
18237	0.846765
18238	0.846237
18239	0.84571
18240	0.845183
18241	0.844656
18242	0.844129
18243	0.843603
18244	0.843077
18245	0.842552
18246	0.842027
18247	0.841502
18248	0.840977
18249	0.840453
18250	0.839929
18251	0.839405
18252	0.838882
18253	0.838359
18254	0.837836
18255	0.837314
18256	0.836792
18257	0.83627
18258	0.835749
18259	0.835228
18260	0.834707
18261	0.834187
18262	0.833667
18263	0.833147
18264	0.832627
18265	0.832108
18266	0.831589
18267	0.831071
18268	0.830553
18269	0.830035
18270	0.829517
18271	0.829
18272	0.828483
18273	0.827967
18274	0.82745
18275	0.826934
18276	0.826419
18277	0.825903
18278	0.825388
18279	0.824873
18280	0.824359
18281	0.823845
18282	0.823331
18283	0.822818
18284	0.822305
18285	0.821792
18286	0.821279
18287	0.820767
18288	0.820255
18289	0.819743
18290	0.819232
18291	0.818721
18292	0.818211
18293	0.8177
18294	0.81719
18295	0.816681
18296	0.816171
18297	0.815662
18298	0.815153
18299	0.814645
18300	0.814137
18301	0.813629
18302	0.813121
18303	0.812614
18304	0.812107
18305	0.8116
18306	0.811094
18307	0.810588
18308	0.810082
18309	0.809577
18310	0.809072
18311	0.808567
18312	0.808063
18313	0.807559
18314	0.807055
18315	0.806551
18316	0.806048
18317	0.805545
18318	0.805043
18319	0.80454
18320	0.804038
18321	0.803537
18322	0.803035
18323	0.802534
18324	0.802034
18325	0.801533
18326	0.801033
18327	0.800533
18328	0.800034
18329	0.799534
18330	0.799035
18331	0.798537
18332	0.798038
18333	0.79754
18334	0.797043
18335	0.796545
18336	0.796048
18337	0.795552
18338	0.795055
18339	0.794559
18340	0.794063
18341	0.793567
18342	0.793072
18343	0.792577
18344	0.792082
18345	0.791588
18346	0.791094
18347	0.7906
18348	0.790107
18349	0.789614
18350	0.789121
18351	0.788628
18352	0.788136
18353	0.787644
18354	0.787152
18355	0.786661
18356	0.78617
18357	0.785679
18358	0.785189
18359	0.784699
18360	0.784209
18361	0.783719
18362	0.78323
18363	0.782741
18364	0.782252
18365	0.781764
18366	0.781276
18367	0.780788
18368	0.780301
18369	0.779814
18370	0.779327
18371	0.77884
18372	0.778354
18373	0.777868
18374	0.777382
18375	0.776897
18376	0.776412
18377	0.775927
18378	0.775443
18379	0.774958
18380	0.774475
18381	0.773991
18382	0.773508
18383	0.773025
18384	0.772542
18385	0.77206
18386	0.771577
18387	0.771096
18388	0.770614
18389	0.770133
18390	0.769652
18391	0.769171
18392	0.768691
18393	0.768211
18394	0.767731
18395	0.767252
18396	0.766772
18397	0.766294
18398	0.765815
18399	0.765337
18400	0.764859
18401	0.764381
18402	0.763904
18403	0.763426
18404	0.76295
18405	0.762473
18406	0.761997
18407	0.761521
18408	0.761045
18409	0.76057
18410	0.760095
18411	0.75962
18412	0.759146
18413	0.758671
18414	0.758197
18415	0.757724
18416	0.75725
18417	0.756777
18418	0.756305
18419	0.755832
18420	0.75536
18421	0.754888
18422	0.754416
18423	0.753945
18424	0.753474
18425	0.753003
18426	0.752533
18427	0.752063
18428	0.751593
18429	0.751123
18430	0.750654
18431	0.750185
18432	0.749716
18433	0.749248
18434	0.74878
18435	0.748312
18436	0.747844
18437	0.747377
18438	0.74691
18439	0.746443
18440	0.745977
18441	0.745511
18442	0.745045
18443	0.744579
18444	0.744114
18445	0.743649
18446	0.743184
18447	0.74272
18448	0.742256
18449	0.741792
18450	0.741328
18451	0.740865
18452	0.740402
18453	0.739939
18454	0.739477
18455	0.739015
18456	0.738553
18457	0.738091
18458	0.73763
18459	0.737169
18460	0.736708
18461	0.736248
18462	0.735787
18463	0.735327
18464	0.734868
18465	0.734408
18466	0.733949
18467	0.733491
18468	0.733032
18469	0.732574
18470	0.732116
18471	0.731658
18472	0.731201
18473	0.730744
18474	0.730287
18475	0.729831
18476	0.729374
18477	0.728918
18478	0.728463
18479	0.728007
18480	0.727552
18481	0.727097
18482	0.726643
18483	0.726188
18484	0.725734
18485	0.725281
18486	0.724827
18487	0.724374
18488	0.723921
18489	0.723468
18490	0.723016
18491	0.722564
18492	0.722112
18493	0.721661
18494	0.721209
18495	0.720758
18496	0.720308
18497	0.719857
18498	0.719407
18499	0.718957
18500	0.718508
18501	0.718058
18502	0.717609
18503	0.717161
18504	0.716712
18505	0.716264
18506	0.715816
18507	0.715368
18508	0.714921
18509	0.714474
18510	0.714027
18511	0.71358
18512	0.713134
18513	0.712688
18514	0.712242
18515	0.711797
18516	0.711352
18517	0.710907
18518	0.710462
18519	0.710018
18520	0.709574
18521	0.70913
18522	0.708686
18523	0.708243
18524	0.7078
18525	0.707357
18526	0.706915
18527	0.706473
18528	0.706031
18529	0.705589
18530	0.705148
18531	0.704706
18532	0.704266
18533	0.703825
18534	0.703385
18535	0.702945
18536	0.702505
18537	0.702065
18538	0.701626
18539	0.701187
18540	0.700749
18541	0.70031
18542	0.699872
18543	0.699434
18544	0.698996
18545	0.698559
18546	0.698122
18547	0.697685
18548	0.697249
18549	0.696812
18550	0.696376
18551	0.695941
18552	0.695505
18553	0.69507
18554	0.694635
18555	0.6942
18556	0.693766
18557	0.693332
18558	0.692898
18559	0.692464
18560	0.692031
18561	0.691598
18562	0.691165
18563	0.690733
18564	0.6903
18565	0.689868
18566	0.689437
18567	0.689005
18568	0.688574
18569	0.688143
18570	0.687712
18571	0.687282
18572	0.686852
18573	0.686422
18574	0.685992
18575	0.685563
18576	0.685134
18577	0.684705
18578	0.684276
18579	0.683848
18580	0.68342
18581	0.682992
18582	0.682565
18583	0.682137
18584	0.68171
18585	0.681284
18586	0.680857
18587	0.680431
18588	0.680005
18589	0.679579
18590	0.679154
18591	0.678729
18592	0.678304
18593	0.677879
18594	0.677455
18595	0.677031
18596	0.676607
18597	0.676183
18598	0.67576
18599	0.675337
18600	0.674914
18601	0.674491
18602	0.674069
18603	0.673647
18604	0.673225
18605	0.672804
18606	0.672382
18607	0.671961
18608	0.671541
18609	0.67112
18610	0.6707
18611	0.67028
18612	0.66986
18613	0.669441
18614	0.669022
18615	0.668603
18616	0.668184
18617	0.667766
18618	0.667347
18619	0.666929
18620	0.666512
18621	0.666094
18622	0.665677
18623	0.66526
18624	0.664844
18625	0.664427
18626	0.664011
18627	0.663595
18628	0.66318
18629	0.662764
18630	0.662349
18631	0.661934
18632	0.66152
18633	0.661105
18634	0.660691
18635	0.660278
18636	0.659864
18637	0.659451
18638	0.659038
18639	0.658625
18640	0.658212
18641	0.6578
18642	0.657388
18643	0.656976
18644	0.656565
18645	0.656153
18646	0.655742
18647	0.655331
18648	0.654921
18649	0.654511
18650	0.654101
18651	0.653691
18652	0.653281
18653	0.652872
18654	0.652463
18655	0.652054
18656	0.651646
18657	0.651237
18658	0.650829
18659	0.650422
18660	0.650014
18661	0.649607
18662	0.6492
18663	0.648793
18664	0.648386
18665	0.64798
18666	0.647574
18667	0.647168
18668	0.646763
18669	0.646358
18670	0.645953
18671	0.645548
18672	0.645143
18673	0.644739
18674	0.644335
18675	0.643931
18676	0.643528
18677	0.643124
18678	0.642721
18679	0.642319
18680	0.641916
18681	0.641514
18682	0.641112
18683	0.64071
18684	0.640308
18685	0.639907
18686	0.639506
18687	0.639105
18688	0.638705
18689	0.638304
18690	0.637904
18691	0.637504
18692	0.637105
18693	0.636706
18694	0.636306
18695	0.635908
18696	0.635509
18697	0.635111
18698	0.634713
18699	0.634315
18700	0.633917
18701	0.63352
18702	0.633123
18703	0.632726
18704	0.632329
18705	0.631933
18706	0.631537
18707	0.631141
18708	0.630745
18709	0.63035
18710	0.629954
18711	0.629559
18712	0.629165
18713	0.62877
18714	0.628376
18715	0.627982
18716	0.627588
18717	0.627195
18718	0.626802
18719	0.626409
18720	0.626016
18721	0.625623
18722	0.625231
18723	0.624839
18724	0.624447
18725	0.624056
18726	0.623664
18727	0.623273
18728	0.622883
18729	0.622492
18730	0.622102
18731	0.621712
18732	0.621322
18733	0.620932
18734	0.620543
18735	0.620153
18736	0.619765
18737	0.619376
18738	0.618987
18739	0.618599
18740	0.618211
18741	0.617824
18742	0.617436
18743	0.617049
18744	0.616662
18745	0.616275
18746	0.615889
18747	0.615502
18748	0.615116
18749	0.614731
18750	0.614345
18751	0.61396
18752	0.613575
18753	0.61319
18754	0.612805
18755	0.612421
18756	0.612037
18757	0.611653
18758	0.611269
18759	0.610885
18760	0.610502
18761	0.610119
18762	0.609737
18763	0.609354
18764	0.608972
18765	0.60859
18766	0.608208
18767	0.607826
18768	0.607445
18769	0.607064
18770	0.606683
18771	0.606303
18772	0.605922
18773	0.605542
18774	0.605162
18775	0.604782
18776	0.604403
18777	0.604024
18778	0.603645
18779	0.603266
18780	0.602888
18781	0.602509
18782	0.602131
18783	0.601753
18784	0.601376
18785	0.600998
18786	0.600621
18787	0.600244
18788	0.599868
18789	0.599491
18790	0.599115
18791	0.598739
18792	0.598364
18793	0.597988
18794	0.597613
18795	0.597238
18796	0.596863
18797	0.596488
18798	0.596114
18799	0.59574
18800	0.595366
18801	0.594992
18802	0.594619
18803	0.594246
18804	0.593873
18805	0.5935
18806	0.593128
18807	0.592755
18808	0.592383
18809	0.592011
18810	0.59164
18811	0.591269
18812	0.590897
18813	0.590527
18814	0.590156
18815	0.589785
18816	0.589415
18817	0.589045
18818	0.588675
18819	0.588306
18820	0.587937
18821	0.587568
18822	0.587199
18823	0.58683
18824	0.586462
18825	0.586094
18826	0.585726
18827	0.585358
18828	0.58499
18829	0.584623
18830	0.584256
18831	0.583889
18832	0.583523
18833	0.583156
18834	0.58279
18835	0.582424
18836	0.582059
18837	0.581693
18838	0.581328
18839	0.580963
18840	0.580598
18841	0.580234
18842	0.579869
18843	0.579505
18844	0.579141
18845	0.578778
18846	0.578414
18847	0.578051
18848	0.577688
18849	0.577325
18850	0.576963
18851	0.5766
18852	0.576238
18853	0.575877
18854	0.575515
18855	0.575153
18856	0.574792
18857	0.574431
18858	0.574071
18859	0.57371
18860	0.57335
18861	0.57299
18862	0.57263
18863	0.57227
18864	0.571911
18865	0.571552
18866	0.571193
18867	0.570834
18868	0.570475
18869	0.570117
18870	0.569759
18871	0.569401
18872	0.569043
18873	0.568686
18874	0.568329
18875	0.567972
18876	0.567615
18877	0.567258
18878	0.566902
18879	0.566546
18880	0.56619
18881	0.565834
18882	0.565479
18883	0.565124
18884	0.564769
18885	0.564414
18886	0.564059
18887	0.563705
18888	0.563351
18889	0.562997
18890	0.562643
18891	0.56229
18892	0.561936
18893	0.561583
18894	0.561231
18895	0.560878
18896	0.560526
18897	0.560173
18898	0.559821
18899	0.55947
18900	0.559118
18901	0.558767
18902	0.558416
18903	0.558065
18904	0.557714
18905	0.557364
18906	0.557014
18907	0.556664
18908	0.556314
18909	0.555964
18910	0.555615
18911	0.555266
18912	0.554917
18913	0.554568
18914	0.55422
18915	0.553871
18916	0.553523
18917	0.553175
18918	0.552828
18919	0.55248
18920	0.552133
18921	0.551786
18922	0.551439
18923	0.551093
18924	0.550746
18925	0.5504
18926	0.550054
18927	0.549709
18928	0.549363
18929	0.549018
18930	0.548673
18931	0.548328
18932	0.547983
18933	0.547639
18934	0.547294
18935	0.54695
18936	0.546607
18937	0.546263
18938	0.54592
18939	0.545576
18940	0.545234
18941	0.544891
18942	0.544548
18943	0.544206
18944	0.543864
18945	0.543522
18946	0.54318
18947	0.542839
18948	0.542497
18949	0.542156
18950	0.541816
18951	0.541475
18952	0.541135
18953	0.540794
18954	0.540454
18955	0.540115
18956	0.539775
18957	0.539436
18958	0.539096
18959	0.538757
18960	0.538419
18961	0.53808
18962	0.537742
18963	0.537404
18964	0.537066
18965	0.536728
18966	0.536391
18967	0.536053
18968	0.535716
18969	0.535379
18970	0.535043
18971	0.534706
18972	0.53437
18973	0.534034
18974	0.533698
18975	0.533363
18976	0.533027
18977	0.532692
18978	0.532357
18979	0.532022
18980	0.531688
18981	0.531353
18982	0.531019
18983	0.530685
18984	0.530351
18985	0.530018
18986	0.529684
18987	0.529351
18988	0.529018
18989	0.528685
18990	0.528353
18991	0.528021
18992	0.527689
18993	0.527357
18994	0.527025
18995	0.526693
18996	0.526362
18997	0.526031
18998	0.5257
18999	0.525369
19000	0.525039
19001	0.524709
19002	0.524379
19003	0.524049
19004	0.523719
19005	0.52339
19006	0.52306
19007	0.522731
19008	0.522402
19009	0.522074
19010	0.521745
19011	0.521417
19012	0.521089
19013	0.520761
19014	0.520434
19015	0.520106
19016	0.519779
19017	0.519452
19018	0.519125
19019	0.518798
19020	0.518472
19021	0.518146
19022	0.51782
19023	0.517494
19024	0.517168
19025	0.516843
19026	0.516518
19027	0.516193
19028	0.515868
19029	0.515543
19030	0.515219
19031	0.514895
19032	0.514571
19033	0.514247
19034	0.513923
19035	0.5136
19036	0.513277
19037	0.512954
19038	0.512631
19039	0.512308
19040	0.511986
19041	0.511664
19042	0.511342
19043	0.51102
19044	0.510698
19045	0.510377
19046	0.510056
19047	0.509734
19048	0.509414
19049	0.509093
19050	0.508773
19051	0.508452
19052	0.508132
19053	0.507813
19054	0.507493
19055	0.507173
19056	0.506854
19057	0.506535
19058	0.506216
19059	0.505898
19060	0.505579
19061	0.505261
19062	0.504943
19063	0.504625
19064	0.504307
19065	0.50399
19066	0.503673
19067	0.503356
19068	0.503039
19069	0.502722
19070	0.502406
19071	0.502089
19072	0.501773
19073	0.501457
19074	0.501142
19075	0.500826
19076	0.500511
19077	0.500196
19078	0.499881
19079	0.499566
19080	0.499251
19081	0.498937
19082	0.498623
19083	0.498309
19084	0.497995
19085	0.497682
19086	0.497368
19087	0.497055
19088	0.496742
19089	0.496429
19090	0.496117
19091	0.495804
19092	0.495492
19093	0.49518
19094	0.494868
19095	0.494557
19096	0.494245
19097	0.493934
19098	0.493623
19099	0.493312
19100	0.493001
19101	0.492691
19102	0.492381
19103	0.492071
19104	0.491761
19105	0.491451
19106	0.491141
19107	0.490832
19108	0.490523
19109	0.490214
19110	0.489905
19111	0.489597
19112	0.489288
19113	0.48898
19114	0.488672
19115	0.488364
19116	0.488057
19117	0.487749
19118	0.487442
19119	0.487135
19120	0.486828
19121	0.486522
19122	0.486215
19123	0.485909
19124	0.485603
19125	0.485297
19126	0.484991
19127	0.484686
19128	0.48438
19129	0.484075
19130	0.48377
19131	0.483465
19132	0.483161
19133	0.482856
19134	0.482552
19135	0.482248
19136	0.481944
19137	0.481641
19138	0.481337
19139	0.481034
19140	0.480731
19141	0.480428
19142	0.480125
19143	0.479823
19144	0.479521
19145	0.479218
19146	0.478917
19147	0.478615
19148	0.478313
19149	0.478012
19150	0.477711
19151	0.47741
19152	0.477109
19153	0.476808
19154	0.476508
19155	0.476207
19156	0.475907
19157	0.475607
19158	0.475308
19159	0.475008
19160	0.474709
19161	0.47441
19162	0.474111
19163	0.473812
19164	0.473513
19165	0.473215
19166	0.472917
19167	0.472619
19168	0.472321
19169	0.472023
19170	0.471726
19171	0.471428
19172	0.471131
19173	0.470834
19174	0.470537
19175	0.470241
19176	0.469944
19177	0.469648
19178	0.469352
19179	0.469056
19180	0.468761
19181	0.468465
19182	0.46817
19183	0.467875
19184	0.46758
19185	0.467285
19186	0.466991
19187	0.466696
19188	0.466402
19189	0.466108
19190	0.465814
19191	0.465521
19192	0.465227
19193	0.464934
19194	0.464641
19195	0.464348
19196	0.464055
19197	0.463762
19198	0.46347
19199	0.463178
19200	0.462886
19201	0.462594
19202	0.462302
19203	0.462011
19204	0.46172
19205	0.461429
19206	0.461138
19207	0.460847
19208	0.460556
19209	0.460266
19210	0.459976
19211	0.459686
19212	0.459396
19213	0.459106
19214	0.458817
19215	0.458527
19216	0.458238
19217	0.457949
19218	0.45766
19219	0.457372
19220	0.457083
19221	0.456795
19222	0.456507
19223	0.456219
19224	0.455931
19225	0.455644
19226	0.455357
19227	0.455069
19228	0.454782
19229	0.454496
19230	0.454209
19231	0.453923
19232	0.453636
19233	0.45335
19234	0.453064
19235	0.452778
19236	0.452493
19237	0.452207
19238	0.451922
19239	0.451637
19240	0.451352
19241	0.451068
19242	0.450783
19243	0.450499
19244	0.450215
19245	0.449931
19246	0.449647
19247	0.449363
19248	0.44908
19249	0.448796
19250	0.448513
19251	0.44823
19252	0.447948
19253	0.447665
19254	0.447383
19255	0.4471
19256	0.446818
19257	0.446537
19258	0.446255
19259	0.445973
19260	0.445692
19261	0.445411
19262	0.44513
19263	0.444849
19264	0.444568
19265	0.444288
19266	0.444007
19267	0.443727
19268	0.443447
19269	0.443168
19270	0.442888
19271	0.442608
19272	0.442329
19273	0.44205
19274	0.441771
19275	0.441492
19276	0.441214
19277	0.440935
19278	0.440657
19279	0.440379
19280	0.440101
19281	0.439824
19282	0.439546
19283	0.439269
19284	0.438991
19285	0.438714
19286	0.438438
19287	0.438161
19288	0.437884
19289	0.437608
19290	0.437332
19291	0.437056
19292	0.43678
19293	0.436504
19294	0.436229
19295	0.435954
19296	0.435678
19297	0.435403
19298	0.435129
19299	0.434854
19300	0.434579
19301	0.434305
19302	0.434031
19303	0.433757
19304	0.433483
19305	0.43321
19306	0.432936
19307	0.432663
19308	0.43239
19309	0.432117
19310	0.431844
19311	0.431572
19312	0.431299
19313	0.431027
19314	0.430755
19315	0.430483
19316	0.430211
19317	0.42994
19318	0.429668
19319	0.429397
19320	0.429126
19321	0.428855
19322	0.428584
19323	0.428314
19324	0.428043
19325	0.427773
19326	0.427503
19327	0.427233
19328	0.426963
19329	0.426694
19330	0.426424
19331	0.426155
19332	0.425886
19333	0.425617
19334	0.425348
19335	0.42508
19336	0.424811
19337	0.424543
19338	0.424275
19339	0.424007
19340	0.423739
19341	0.423472
19342	0.423204
19343	0.422937
19344	0.42267
19345	0.422403
19346	0.422137
19347	0.42187
19348	0.421604
19349	0.421337
19350	0.421071
19351	0.420805
19352	0.42054
19353	0.420274
19354	0.420009
19355	0.419743
19356	0.419478
19357	0.419213
19358	0.418949
19359	0.418684
19360	0.418419
19361	0.418155
19362	0.417891
19363	0.417627
19364	0.417363
19365	0.4171
19366	0.416836
19367	0.416573
19368	0.41631
19369	0.416047
19370	0.415784
19371	0.415522
19372	0.415259
19373	0.414997
19374	0.414735
19375	0.414473
19376	0.414211
19377	0.413949
19378	0.413688
19379	0.413426
19380	0.413165
19381	0.412904
19382	0.412643
19383	0.412383
19384	0.412122
19385	0.411862
19386	0.411602
19387	0.411342
19388	0.411082
19389	0.410822
19390	0.410562
19391	0.410303
19392	0.410044
19393	0.409785
19394	0.409526
19395	0.409267
19396	0.409009
19397	0.40875
19398	0.408492
19399	0.408234
19400	0.407976
19401	0.407718
19402	0.40746
19403	0.407203
19404	0.406946
19405	0.406688
19406	0.406431
19407	0.406175
19408	0.405918
19409	0.405661
19410	0.405405
19411	0.405149
19412	0.404893
19413	0.404637
19414	0.404381
19415	0.404126
19416	0.40387
19417	0.403615
19418	0.40336
19419	0.403105
19420	0.40285
19421	0.402596
19422	0.402341
19423	0.402087
19424	0.401833
19425	0.401579
19426	0.401325
19427	0.401072
19428	0.400818
19429	0.400565
19430	0.400312
19431	0.400059
19432	0.399806
19433	0.399553
19434	0.3993
19435	0.399048
19436	0.398796
19437	0.398544
19438	0.398292
19439	0.39804
19440	0.397788
19441	0.397537
19442	0.397286
19443	0.397034
19444	0.396784
19445	0.396533
19446	0.396282
19447	0.396031
19448	0.395781
19449	0.395531
19450	0.395281
19451	0.395031
19452	0.394781
19453	0.394532
19454	0.394282
19455	0.394033
19456	0.393784
19457	0.393535
19458	0.393286
19459	0.393037
19460	0.392789
19461	0.392541
19462	0.392292
19463	0.392044
19464	0.391796
19465	0.391549
19466	0.391301
19467	0.391054
19468	0.390806
19469	0.390559
19470	0.390312
19471	0.390066
19472	0.389819
19473	0.389572
19474	0.389326
19475	0.38908
19476	0.388834
19477	0.388588
19478	0.388342
19479	0.388097
19480	0.387851
19481	0.387606
19482	0.387361
19483	0.387116
19484	0.386871
19485	0.386626
19486	0.386382
19487	0.386137
19488	0.385893
19489	0.385649
19490	0.385405
19491	0.385161
19492	0.384918
19493	0.384674
19494	0.384431
19495	0.384188
19496	0.383945
19497	0.383702
19498	0.383459
19499	0.383217
19500	0.382974
19501	0.382732
19502	0.38249
19503	0.382248
19504	0.382006
19505	0.381765
19506	0.381523
19507	0.381282
19508	0.381041
19509	0.3808
19510	0.380559
19511	0.380318
19512	0.380077
19513	0.379837
19514	0.379597
19515	0.379357
19516	0.379117
19517	0.378877
19518	0.378637
19519	0.378397
19520	0.378158
19521	0.377919
19522	0.37768
19523	0.377441
19524	0.377202
19525	0.376963
19526	0.376725
19527	0.376486
19528	0.376248
19529	0.37601
19530	0.375772
19531	0.375534
19532	0.375297
19533	0.375059
19534	0.374822
19535	0.374585
19536	0.374348
19537	0.374111
19538	0.373874
19539	0.373638
19540	0.373401
19541	0.373165
19542	0.372929
19543	0.372693
19544	0.372457
19545	0.372221
19546	0.371986
19547	0.37175
19548	0.371515
19549	0.37128
19550	0.371045
19551	0.37081
19552	0.370575
19553	0.370341
19554	0.370106
19555	0.369872
19556	0.369638
19557	0.369404
19558	0.36917
19559	0.368937
19560	0.368703
19561	0.36847
19562	0.368237
19563	0.368004
19564	0.367771
19565	0.367538
19566	0.367305
19567	0.367073
19568	0.36684
19569	0.366608
19570	0.366376
19571	0.366144
19572	0.365912
19573	0.365681
19574	0.365449
19575	0.365218
19576	0.364987
19577	0.364756
19578	0.364525
19579	0.364294
19580	0.364063
19581	0.363833
19582	0.363603
19583	0.363372
19584	0.363142
19585	0.362912
19586	0.362683
19587	0.362453
19588	0.362223
19589	0.361994
19590	0.361765
19591	0.361536
19592	0.361307
19593	0.361078
19594	0.36085
19595	0.360621
19596	0.360393
19597	0.360165
19598	0.359937
19599	0.359709
19600	0.359481
19601	0.359253
19602	0.359026
19603	0.358798
19604	0.358571
19605	0.358344
19606	0.358117
19607	0.35789
19608	0.357664
19609	0.357437
19610	0.357211
19611	0.356985
19612	0.356759
19613	0.356533
19614	0.356307
19615	0.356081
19616	0.355856
19617	0.35563
19618	0.355405
19619	0.35518
19620	0.354955
19621	0.35473
19622	0.354506
19623	0.354281
19624	0.354057
19625	0.353833
19626	0.353608
19627	0.353384
19628	0.353161
19629	0.352937
19630	0.352713
19631	0.35249
19632	0.352267
19633	0.352044
19634	0.351821
19635	0.351598
19636	0.351375
19637	0.351152
19638	0.35093
19639	0.350708
19640	0.350485
19641	0.350263
19642	0.350042
19643	0.34982
19644	0.349598
19645	0.349377
19646	0.349155
19647	0.348934
19648	0.348713
19649	0.348492
19650	0.348271
19651	0.348051
19652	0.34783
19653	0.34761
19654	0.34739
19655	0.34717
19656	0.34695
19657	0.34673
19658	0.34651
19659	0.346291
19660	0.346071
19661	0.345852
19662	0.345633
19663	0.345414
19664	0.345195
19665	0.344976
19666	0.344758
19667	0.344539
19668	0.344321
19669	0.344103
19670	0.343885
19671	0.343667
19672	0.343449
19673	0.343231
19674	0.343014
19675	0.342796
19676	0.342579
19677	0.342362
19678	0.342145
19679	0.341928
19680	0.341712
19681	0.341495
19682	0.341279
19683	0.341062
19684	0.340846
19685	0.34063
19686	0.340414
19687	0.340198
19688	0.339983
19689	0.339767
19690	0.339552
19691	0.339337
19692	0.339122
19693	0.338907
19694	0.338692
19695	0.338477
19696	0.338263
19697	0.338048
19698	0.337834
19699	0.33762
19700	0.337406
19701	0.337192
19702	0.336978
19703	0.336765
19704	0.336551
19705	0.336338
19706	0.336125
19707	0.335912
19708	0.335699
19709	0.335486
19710	0.335273
19711	0.335061
19712	0.334848
19713	0.334636
19714	0.334424
19715	0.334212
19716	0.334
19717	0.333788
19718	0.333577
19719	0.333365
19720	0.333154
19721	0.332943
19722	0.332731
19723	0.33252
19724	0.33231
19725	0.332099
19726	0.331888
19727	0.331678
19728	0.331468
19729	0.331257
19730	0.331047
19731	0.330838
19732	0.330628
19733	0.330418
19734	0.330209
19735	0.329999
19736	0.32979
19737	0.329581
19738	0.329372
19739	0.329163
19740	0.328954
19741	0.328746
19742	0.328537
19743	0.328329
19744	0.328121
19745	0.327913
19746	0.327705
19747	0.327497
19748	0.327289
19749	0.327082
19750	0.326874
19751	0.326667
19752	0.32646
19753	0.326253
19754	0.326046
19755	0.325839
19756	0.325632
19757	0.325426
19758	0.325219
19759	0.325013
19760	0.324807
19761	0.324601
19762	0.324395
19763	0.324189
19764	0.323984
19765	0.323778
19766	0.323573
19767	0.323367
19768	0.323162
19769	0.322957
19770	0.322752
19771	0.322548
19772	0.322343
19773	0.322139
19774	0.321934
19775	0.32173
19776	0.321526
19777	0.321322
19778	0.321118
19779	0.320914
19780	0.320711
19781	0.320507
19782	0.320304
19783	0.320101
19784	0.319898
19785	0.319695
19786	0.319492
19787	0.319289
19788	0.319087
19789	0.318884
19790	0.318682
19791	0.31848
19792	0.318278
19793	0.318076
19794	0.317874
19795	0.317672
19796	0.317471
19797	0.317269
19798	0.317068
19799	0.316867
19800	0.316666
19801	0.316465
19802	0.316264
19803	0.316063
19804	0.315863
19805	0.315662
19806	0.315462
19807	0.315262
19808	0.315062
19809	0.314862
19810	0.314662
19811	0.314462
19812	0.314263
19813	0.314063
19814	0.313864
19815	0.313665
19816	0.313466
19817	0.313267
19818	0.313068
19819	0.312869
19820	0.312671
19821	0.312472
19822	0.312274
19823	0.312076
19824	0.311878
19825	0.31168
19826	0.311482
19827	0.311284
19828	0.311087
19829	0.310889
19830	0.310692
19831	0.310495
19832	0.310298
19833	0.310101
19834	0.309904
19835	0.309707
19836	0.309511
19837	0.309314
19838	0.309118
19839	0.308922
19840	0.308725
19841	0.308529
19842	0.308334
19843	0.308138
19844	0.307942
19845	0.307747
19846	0.307551
19847	0.307356
19848	0.307161
19849	0.306966
19850	0.306771
19851	0.306576
19852	0.306382
19853	0.306187
19854	0.305993
19855	0.305799
19856	0.305604
19857	0.30541
19858	0.305217
19859	0.305023
19860	0.304829
19861	0.304636
19862	0.304442
19863	0.304249
19864	0.304056
19865	0.303863
19866	0.30367
19867	0.303477
19868	0.303284
19869	0.303092
19870	0.302899
19871	0.302707
19872	0.302515
19873	0.302322
19874	0.30213
19875	0.301939
19876	0.301747
19877	0.301555
19878	0.301364
19879	0.301172
19880	0.300981
19881	0.30079
19882	0.300599
19883	0.300408
19884	0.300217
19885	0.300027
19886	0.299836
19887	0.299646
19888	0.299455
19889	0.299265
19890	0.299075
19891	0.298885
19892	0.298695
19893	0.298506
19894	0.298316
19895	0.298127
19896	0.297937
19897	0.297748
19898	0.297559
19899	0.29737
19900	0.297181
19901	0.296992
19902	0.296804
19903	0.296615
19904	0.296427
19905	0.296238
19906	0.29605
19907	0.295862
19908	0.295674
19909	0.295486
19910	0.295299
19911	0.295111
19912	0.294924
19913	0.294736
19914	0.294549
19915	0.294362
19916	0.294175
19917	0.293988
19918	0.293801
19919	0.293615
19920	0.293428
19921	0.293242
19922	0.293055
19923	0.292869
19924	0.292683
19925	0.292497
19926	0.292311
19927	0.292126
19928	0.29194
19929	0.291754
19930	0.291569
19931	0.291384
19932	0.291199
19933	0.291014
19934	0.290829
19935	0.290644
19936	0.290459
19937	0.290275
19938	0.29009
19939	0.289906
19940	0.289722
19941	0.289538
19942	0.289354
19943	0.28917
19944	0.288986
19945	0.288802
19946	0.288619
19947	0.288435
19948	0.288252
19949	0.288069
19950	0.287886
19951	0.287703
19952	0.28752
19953	0.287337
19954	0.287155
19955	0.286972
19956	0.28679
19957	0.286608
19958	0.286425
19959	0.286243
19960	0.286062
19961	0.28588
19962	0.285698
19963	0.285516
19964	0.285335
19965	0.285154
19966	0.284972
19967	0.284791
19968	0.28461
19969	0.284429
19970	0.284249
19971	0.284068
19972	0.283887
19973	0.283707
19974	0.283526
19975	0.283346
19976	0.283166
19977	0.282986
19978	0.282806
19979	0.282626
19980	0.282447
19981	0.282267
19982	0.282088
19983	0.281909
19984	0.281729
19985	0.28155
19986	0.281371
19987	0.281192
19988	0.281014
19989	0.280835
19990	0.280656
19991	0.280478
19992	0.2803
19993	0.280121
19994	0.279943
19995	0.279765
19996	0.279587
19997	0.27941
19998	0.279232
19999	0.279055
